DATE,TIME,CLASS_OF_ACCIDENT,IMPACT_TYPE,ENVIRONMENT,LIGHT,ROAD_SURFACE_CONDITION,TRAFFIC_CONTROL_CONDITION,NO_OF_PEDESTRIANS,X,Y,Highway,Month,categorical_TRAFFIC_CONTROL_01,categorical_TRAFFIC_CONTROL_02,categorical_TRAFFIC_CONTROL_03,categorical_TRAFFIC_CONTROL_04,categorical_TRAFFIC_CONTROL_07,categorical_TRAFFIC_CONTROL_08,categorical_TRAFFIC_CONTROL_09,categorical_TRAFFIC_CONTROL_11,categorical_ACCIDENT_LOCATION_01,categorical_ACCIDENT_LOCATION_02,categorical_ACCIDENT_LOCATION_03,categorical_ACCIDENT_LOCATION_04,categorical_ACCIDENT_LOCATION_05,categorical_ACCIDENT_LOCATION_06,categorical_ACCIDENT_LOCATION_07,categorical_Seasons_Fall,categorical_Seasons_Spring,categorical_Seasons_Summer,categorical_Seasons_Winter
2018-11-24,06:31:00,03,07,01,07,01,,0,341711.2053,5018025.968,True,November,0,0,0,0,0,0,0,0,1,0,0,0,0,0,0,1,0,0,0
2018-11-25,03:43:00,03,04,04,07,02,,0,368942.5575,5030694.142,True,November,0,0,0,0,0,0,0,0,1,0,0,0,0,0,0,1,0,0,0
2018-11-25,06:30:00,03,07,02,07,04,,0,385671.4225,5024498.085,True,November,0,0,0,0,0,0,0,0,1,0,0,0,0,0,0,1,0,0,0
2018-11-26,06:15:00,03,04,07,07,02,00,0,370802.201,5031016.024,True,November,1,0,0,0,0,0,0,0,0,1,0,0,0,0,0,1,0,0,0
2018-11-26,07:50:00,03,03,03,01,02,,0,368745.1229,5030615.727,True,November,0,0,0,0,0,0,0,0,1,0,0,0,0,0,0,1,0,0,0
2018-11-26,08:10:00,02,03,01,01,01,,0,375969.4477,5028329.151000001,True,November,0,0,0,0,0,0,0,0,1,0,0,0,0,0,0,1,0,0,0
2018-11-26,08:15:00,03,03,01,01,01,,0,370768.251,5031387.713,True,November,0,0,0,0,0,0,0,0,1,0,0,0,0,0,0,1,0,0,0
2018-11-26,17:43:00,03,03,01,07,01,,0,364837.4715,5028182.411,True,November,0,0,0,0,0,0,0,0,1,0,0,0,0,0,0,1,0,0,0
2018-11-26,18:15:00,03,03,02,07,02,,0,363508.8371,5026291.695,True,November,0,0,0,0,0,0,0,0,1,0,0,0,0,0,0,1,0,0,0
2018-12-11,07:26:00,03,03,01,03,00,,0,371027.6396,5031295.463,True,December,0,0,0,0,0,0,0,0,1,0,0,0,0,0,0,0,0,0,1
2018-11-07,07:15:00,03,03,01,01,01,,0,357960.4656,5022729.6280000005,True,November,0,0,0,0,0,0,0,0,1,0,0,0,0,0,0,1,0,0,0
2018-11-27,04:19:00,03,07,03,07,03,,0,375371.2112,5030157.625,True,November,0,0,0,0,0,0,0,0,1,0,0,0,0,0,0,1,0,0,0
2018-11-27,05:40:00,03,0,03,07,02,,0,372662.1899,5031525.827,True,November,0,0,0,0,0,0,0,0,1,0,0,0,0,0,0,1,0,0,0
2018-11-27,05:43:00,03,07,03,07,03,,0,395013.8634,5022472.484,True,November,0,0,0,0,0,0,0,0,1,0,0,0,0,0,0,1,0,0,0
2018-11-27,08:33:00,02,07,03,01,03,,0,359723.5408,5019143.68,True,November,0,0,0,0,0,0,0,0,1,0,0,0,0,0,0,1,0,0,0
2018-11-27,08:35:00,03,03,03,01,02,,0,347992.1036,5016349.02,True,November,0,0,0,0,0,0,0,0,1,0,0,0,0,0,0,1,0,0,0
2018-11-27,20:46:00,03,04,03,07,02,,0,347399.9861,5015864.591,True,November,0,0,0,0,0,0,0,0,1,0,0,0,0,0,0,1,0,0,0
2018-11-28,14:10:00,03,07,01,01,02,,0,374140.6595,5031372.411,True,November,0,0,0,0,0,0,0,0,1,0,0,0,0,0,0,1,0,0,0
2018-11-28,18:30:00,02,07,03,07,02,,0,334766.4532,5020547.84,True,November,0,0,0,0,0,0,0,0,1,0,0,0,0,0,0,1,0,0,0
2018-11-29,06:45:00,02,03,01,03,02,,0,371804.00700000004,5031449.3780000005,True,November,0,0,0,0,0,0,0,0,1,0,0,0,0,0,0,1,0,0,0
2018-11-29,07:30:00,02,03,01,01,02,,0,379103.9498,5026172.605,True,November,0,0,0,0,0,0,0,0,1,0,0,0,0,0,0,1,0,0,0
2018-11-29,07:45:00,03,03,01,01,01,,0,356221.4427,5022127.178,True,November,0,0,0,0,0,0,0,0,1,0,0,0,0,0,0,1,0,0,0
2018-11-29,15:25:00,03,03,01,01,01,,0,367233.7194,5029748.0819999995,True,November,0,0,0,0,0,0,0,0,1,0,0,0,0,0,0,1,0,0,0
2018-11-29,16:00:00,03,03,01,01,01,,0,364581.8483,5027710.585,True,November,0,0,0,0,0,0,0,0,1,0,0,0,0,0,0,1,0,0,0
2018-11-29,16:24:00,03,04,01,05,02,,0,364548.8282,5027665.712,True,November,0,0,0,0,0,0,0,0,1,0,0,0,0,0,0,1,0,0,0
2018-11-29,16:45:00,03,03,03,05,02,,0,373183.0251,5031656.166,True,November,0,0,0,0,0,0,0,0,1,0,0,0,0,0,0,1,0,0,0
2018-11-29,17:30:00,03,03,01,07,01,,0,362381.9922,5025053.465,True,November,0,0,0,0,0,0,0,0,1,0,0,0,0,0,0,1,0,0,0
2018-11-29,18:15:00,03,04,01,07,01,,0,370736.1112,5031020.487,True,November,0,0,0,0,0,0,0,0,1,0,0,0,0,0,0,1,0,0,0
2018-11-29,21:40:00,03,04,01,07,01,,0,371393.5492,5031402.927,True,November,0,0,0,0,0,0,0,0,1,0,0,0,0,0,0,1,0,0,0
2018-11-29,22:12:00,03,07,01,07,01,,0,341020.5495,5018738.7930000005,True,November,0,0,0,0,0,0,0,0,1,0,0,0,0,0,0,1,0,0,0
2018-11-30,05:45:00,03,07,01,07,01,,0,330655.38300000003,5021624.573,True,November,0,0,0,0,0,0,0,0,1,0,0,0,0,0,0,1,0,0,0
2018-11-30,06:35:00,03,07,01,07,01,,0,375806.74100000004,5028934.842,True,November,0,0,0,0,0,0,0,0,1,0,0,0,0,0,0,1,0,0,0
2018-11-30,17:10:00,03,03,01,07,01,,0,363686.2518,5026551.58,True,November,0,0,0,0,0,0,0,0,1,0,0,0,0,0,0,1,0,0,0
2018-11-30,17:00:00,03,03,01,07,01,,0,372135.3291,5031462.1,True,November,0,0,0,0,0,0,0,0,1,0,0,0,0,0,0,1,0,0,0
2018-11-30,17:15:00,03,03,01,07,01,,0,367676.4796,5029928.088,True,November,0,0,0,0,0,0,0,0,1,0,0,0,0,0,0,1,0,0,0
2018-11-30,17:35:00,03,03,01,07,01,,0,380657.20200000005,5025772.469,True,November,0,0,0,0,0,0,0,0,1,0,0,0,0,0,0,1,0,0,0
2018-11-30,18:00:00,03,04,01,07,01,,0,359386.2037,5016768.995,True,November,0,0,0,0,0,0,0,0,1,0,0,0,0,0,0,1,0,0,0
2018-11-30,18:30:00,03,03,01,07,01,,0,362522.0035,5025163.873,True,November,0,0,0,0,0,0,0,0,1,0,0,0,0,0,0,1,0,0,0
2018-12-01,13:15:00,03,04,01,01,01,,0,366518.8785,5029515.884,True,December,0,0,0,0,0,0,0,0,1,0,0,0,0,0,0,0,0,0,1
2018-12-01,17:30:00,03,07,01,07,01,,0,360776.0421,5013414.244,True,December,0,0,0,0,0,0,0,0,1,0,0,0,0,0,0,0,0,0,1
2018-12-02,03:00:00,03,03,03,07,04,,0,365686.1352,5029134.143,True,December,0,0,0,0,0,0,0,0,1,0,0,0,0,0,0,0,0,0,1
2018-12-02,04:10:00,03,07,02,07,02,,0,360997.1364,5023974.813999999,True,December,0,0,0,0,0,0,0,0,1,0,0,0,0,0,0,0,0,0,1
2018-12-02,05:50:00,03,07,02,07,02,,0,365234.1558,5028795.002,True,December,0,0,0,0,0,0,0,0,1,0,0,0,0,0,0,0,0,0,1
2018-12-03,06:00:00,03,04,07,07,02,,0,375148.9727,5030559.938,True,December,0,0,0,0,0,0,0,0,1,0,0,0,0,0,0,0,0,0,1
2018-12-03,07:30:00,03,07,03,03,03,,0,320059.7587,5030725.895,True,December,0,0,0,0,0,0,0,0,1,0,0,0,0,0,0,0,0,0,1
2018-12-03,07:30:00,03,07,03,03,03,,0,338845.8307,5019528.081,True,December,0,0,0,0,0,0,0,0,1,0,0,0,0,0,0,0,0,0,1
2018-12-03,10:30:00,03,04,02,01,02,,0,369948.8575,5031140.088,True,December,0,0,0,0,0,0,0,0,1,0,0,0,0,0,0,0,0,0,1
2018-12-03,14:15:00,03,0,01,01,01,,0,368901.4607,5030669.815,True,December,0,0,0,0,0,0,0,0,1,0,0,0,0,0,0,0,0,0,1
2018-12-03,15:40:00,03,03,01,01,01,,0,369296.0079,5030931.023,True,December,0,0,0,0,0,0,0,0,1,0,0,0,0,0,0,0,0,0,1
2018-12-03,16:59:00,03,03,01,07,01,,0,368659.7678,5030549.515,True,December,0,0,0,0,0,0,0,0,1,0,0,0,0,0,0,0,0,0,1
2018-12-04,07:30:00,03,03,01,03,01,,0,356944.031,5022494.719,True,December,0,0,0,0,0,0,0,0,1,0,0,0,0,0,0,0,0,0,1
2018-12-04,17:11:00,03,03,01,07,01,,0,363065.17100000003,5025734.787,True,December,0,0,0,0,0,0,0,0,1,0,0,0,0,0,0,0,0,0,1
2018-12-04,17:58:00,03,04,01,07,01,,0,366789.2129,5029577.992,True,December,0,0,0,0,0,0,0,0,1,0,0,0,0,0,0,0,0,0,1
2018-12-04,17:15:00,03,03,01,07,01,,0,359074.0079,5019185.478,True,December,0,0,0,0,0,0,0,0,1,0,0,0,0,0,0,0,0,0,1
2018-12-04,17:30:00,02,03,01,07,01,,0,355874.8802,5021971.91,True,December,0,0,0,0,0,0,0,0,1,0,0,0,0,0,0,0,0,0,1
2018-12-05,09:35:00,03,07,03,01,02,,0,347453.06700000004,5015960.465,True,December,0,0,0,0,0,0,0,0,1,0,0,0,0,0,0,0,0,0,1
2018-12-05,11:00:00,03,04,01,01,01,,0,366380.239,5029451.171,True,December,0,0,0,0,0,0,0,0,1,0,0,0,0,0,0,0,0,0,1
2018-12-05,13:10:00,03,07,03,01,02,,0,358472.348,5022797.466,True,December,0,0,0,0,0,0,0,0,1,0,0,0,0,0,0,0,0,0,1
2018-12-05,13:05:00,03,07,03,01,06,,0,360581.2763,5023713.51,True,December,0,0,0,0,0,0,0,0,1,0,0,0,0,0,0,0,0,0,1
2018-12-05,13:15:00,03,04,03,01,05,,0,369718.1335,5031153.319,True,December,0,0,0,0,0,0,0,0,1,0,0,0,0,0,0,0,0,0,1
2018-12-05,13:21:00,03,07,03,01,06,,0,364371.4572,5027431.424,True,December,0,0,0,0,0,0,0,0,1,0,0,0,0,0,0,0,0,0,1
2018-12-05,13:25:00,02,0,03,01,06,,0,357890.3953,5022805.416,True,December,0,0,0,0,0,0,0,0,1,0,0,0,0,0,0,0,0,0,1
2018-12-05,13:34:00,03,03,03,01,06,,0,365352.3397,5028908.575,True,December,0,0,0,0,0,0,0,0,1,0,0,0,0,0,0,0,0,0,1
2018-12-05,13:40:00,03,03,03,01,03,,0,371798.2805,5031448.523,True,December,0,0,0,0,0,0,0,0,1,0,0,0,0,0,0,0,0,0,1
2018-12-05,14:15:00,03,0,03,01,05,,0,375179.5311,5030584.145,True,December,0,0,0,0,0,0,0,0,1,0,0,0,0,0,0,0,0,0,1
2018-12-05,14:20:00,03,07,03,01,03,,0,379258.8536,5026136.839,True,December,0,0,0,0,0,0,0,0,1,0,0,0,0,0,0,0,0,0,1
2018-12-05,14:40:00,03,07,03,01,05,,0,374951.0548,5030708.598,True,December,0,0,0,0,0,0,0,0,1,0,0,0,0,0,0,0,0,0,1
2018-12-05,14:50:00,03,03,03,01,02,,0,363900.0391,5026808.922,True,December,0,0,0,0,0,0,0,0,1,0,0,0,0,0,0,0,0,0,1
2018-12-05,15:40:00,03,04,03,01,05,,0,379216.5385,5026088.961,True,December,0,0,0,0,0,0,0,0,1,0,0,0,0,0,0,0,0,0,1
2018-12-05,14:55:00,03,07,03,01,06,,0,360750.5513,5013398.201,True,December,0,0,0,0,0,0,0,0,1,0,0,0,0,0,0,0,0,0,1
2018-12-05,15:00:00,03,07,03,01,06,,0,360526.4574,5013933.726,True,December,0,0,0,0,0,0,0,0,1,0,0,0,0,0,0,0,0,0,1
2018-12-05,18:30:00,02,07,01,07,01,,0,382591.5579,5025425.072,True,December,0,0,0,0,0,0,0,0,1,0,0,0,0,0,0,0,0,0,1
2018-12-06,00:30:00,03,07,07,07,02,,0,393851.157,5022453.227,True,December,0,0,0,0,0,0,0,0,1,0,0,0,0,0,0,0,0,0,1
2018-12-06,16:22:00,03,04,01,05,01,,0,368640.9101,5030540.55,True,December,0,0,0,0,0,0,0,0,1,0,0,0,0,0,0,0,0,0,1
2018-12-06,16:35:00,03,03,01,05,01,,0,364442.7619,5027523.7360000005,True,December,0,0,0,0,0,0,0,0,1,0,0,0,0,0,0,0,0,0,1
2018-12-06,17:30:00,03,03,01,07,01,,0,355200.57399999996,5021575.948,True,December,0,0,0,0,0,0,0,0,1,0,0,0,0,0,0,0,0,0,1
2018-12-06,17:49:00,03,04,01,07,01,,0,356142.6231,5022128.073,True,December,0,0,0,0,0,0,0,0,1,0,0,0,0,0,0,0,0,0,1
2018-12-06,18:30:00,03,04,01,07,01,,0,348606.6622,5016964.541999999,True,December,0,0,0,0,0,0,0,0,1,0,0,0,0,0,0,0,0,0,1
2018-12-06,20:06:00,03,07,01,07,02,,0,342751.8962,5017177.383,True,December,0,0,0,0,0,0,0,0,1,0,0,0,0,0,0,0,0,0,1
2018-12-06,20:10:00,03,07,01,07,02,,0,341959.0572,5017764.318,True,December,0,0,0,0,0,0,0,0,1,0,0,0,0,0,0,0,0,0,1
2018-12-07,00:30:00,03,07,01,07,02,,0,347425.2928,5015624.136,True,December,0,0,0,0,0,0,0,0,1,0,0,0,0,0,0,0,0,0,1
2018-12-07,07:50:00,03,04,01,03,01,,0,369264.4186,5030929.664,True,December,0,0,0,0,0,0,0,0,1,0,0,0,0,0,0,0,0,0,1
2018-12-07,07:55:00,03,03,01,01,01,,0,369355.6069,5030990.159,True,December,0,0,0,0,0,0,0,0,1,0,0,0,0,0,0,0,0,0,1
2018-12-07,11:00:00,03,03,01,01,01,,0,374217.3843,5031212.458000001,True,December,0,0,0,0,0,0,0,0,1,0,0,0,0,0,0,0,0,0,1
2018-12-07,12:25:00,02,03,01,01,01,,0,365167.7688,5028722.443,True,December,0,0,0,0,0,0,0,0,1,0,0,0,0,0,0,0,0,0,1
2018-12-07,12:30:00,03,03,01,01,01,,0,365151.5383,5028701.886,True,December,0,0,0,0,0,0,0,0,1,0,0,0,0,0,0,0,0,0,1
2018-12-07,12:35:00,03,03,01,01,01,,0,363774.8224,5026642.717,True,December,0,0,0,0,0,0,0,0,1,0,0,0,0,0,0,0,0,0,1
2018-12-07,12:50:00,02,07,01,01,01,,0,341760.0013,5017910.7,True,December,0,0,0,0,0,0,0,0,1,0,0,0,0,0,0,0,0,0,1
2018-12-07,12:35:00,03,03,01,01,01,,0,363781.0993,5026650.985,True,December,0,0,0,0,0,0,0,0,1,0,0,0,0,0,0,0,0,0,1
2018-12-07,16:45:00,03,03,01,05,01,,0,364212.5126,5027257.313999999,True,December,0,0,0,0,0,0,0,0,1,0,0,0,0,0,0,0,0,0,1
2018-12-07,16:55:00,02,03,01,07,01,,0,369362.6143,5030975.3780000005,True,December,0,0,0,0,0,0,0,0,1,0,0,0,0,0,0,0,0,0,1
2018-12-07,18:00:00,03,03,01,07,01,,0,365185.4446,5028744.227,True,December,0,0,0,0,0,0,0,0,1,0,0,0,0,0,0,0,0,0,1
2018-12-07,18:50:00,03,07,01,07,01,,0,343596.5779,5016299.574,True,December,0,0,0,0,0,0,0,0,1,0,0,0,0,0,0,0,0,0,1
2018-12-08,01:35:00,03,07,01,07,01,,0,387484.8805,5023585.103999999,True,December,0,0,0,0,0,0,0,0,1,0,0,0,0,0,0,0,0,0,1
2018-12-08,07:47:00,02,07,01,03,01,,0,370937.6929,5031269.945,True,December,0,0,0,0,0,0,0,0,1,0,0,0,0,0,0,0,0,0,1
2018-12-08,13:00:00,03,03,05,01,01,,0,365084.7536,5028596.02,True,December,0,0,0,0,0,0,0,0,1,0,0,0,0,0,0,0,0,0,1
2018-12-08,16:40:00,03,03,03,05,03,,0,365756.20399999997,5029176.473999999,True,December,0,0,0,0,0,0,0,0,1,0,0,0,0,0,0,0,0,0,1
2018-12-08,17:18:00,03,03,01,07,01,,0,363387.6889,5026125.174,True,December,0,0,0,0,0,0,0,0,1,0,0,0,0,0,0,0,0,0,1
2018-12-08,17:40:00,03,03,03,07,03,,0,367757.2104,5030002.896000001,True,December,0,0,0,0,0,0,0,0,1,0,0,0,0,0,0,0,0,0,1
2018-12-08,17:50:00,03,03,03,07,03,,0,361459.2626,5024302.475,True,December,0,0,0,0,0,0,0,0,1,0,0,0,0,0,0,0,0,0,1
2018-12-08,18:16:00,03,04,03,07,02,,0,363130.5776,5025779.702,True,December,0,0,0,0,0,0,0,0,1,0,0,0,0,0,0,0,0,0,1
2018-12-08,20:00:00,03,04,03,07,00,,0,367446.9559,5029839.238,True,December,0,0,0,0,0,0,0,0,1,0,0,0,0,0,0,0,0,0,1
2018-12-08,20:27:00,02,07,03,07,06,,0,371597.0246,5031426.16,True,December,0,0,0,0,0,0,0,0,1,0,0,0,0,0,0,0,0,0,1
2018-12-08,20:40:00,03,07,03,07,06,,0,366534.3144,5029500.781,True,December,0,0,0,0,0,0,0,0,1,0,0,0,0,0,0,0,0,0,1
2018-12-08,20:55:00,03,03,03,07,06,,0,365732.7178,5029142.138,True,December,0,0,0,0,0,0,0,0,1,0,0,0,0,0,0,0,0,0,1
2018-12-08,21:15:00,03,07,01,07,03,,0,371954.0223,5031465.827,True,December,0,0,0,0,0,0,0,0,1,0,0,0,0,0,0,0,0,0,1
2018-12-08,21:05:00,03,04,03,07,06,,0,364912.0132,5028287.328,True,December,0,0,0,0,0,0,0,0,1,0,0,0,0,0,0,0,0,0,1
2018-12-08,21:35:00,02,07,03,07,06,,0,371650.6235,5031410.348999999,True,December,0,0,0,0,0,0,0,0,1,0,0,0,0,0,0,0,0,0,1
2018-12-08,21:45:00,03,03,03,07,06,,0,366594.5902,5029539.775,True,December,0,0,0,0,0,0,0,0,1,0,0,0,0,0,0,0,0,0,1
2018-12-08,20:55:00,03,03,03,07,06,,0,365681.8147,5029107.298,True,December,0,0,0,0,0,0,0,0,1,0,0,0,0,0,0,0,0,0,1
2018-12-08,21:55:00,03,07,03,07,03,,0,366357.7351,5029461.947,True,December,0,0,0,0,0,0,0,0,1,0,0,0,0,0,0,0,0,0,1
2018-12-08,21:55:00,03,03,03,07,03,,0,366204.6345,5029402.555,True,December,0,0,0,0,0,0,0,0,1,0,0,0,0,0,0,0,0,0,1
2018-12-08,22:00:00,03,04,03,07,06,,0,372287.6547,5031502.009,True,December,0,0,0,0,0,0,0,0,1,0,0,0,0,0,0,0,0,0,1
2018-12-08,21:00:00,03,03,03,07,06,,0,365326.1431,5028869.464,True,December,0,0,0,0,0,0,0,0,1,0,0,0,0,0,0,0,0,0,1
2018-12-09,14:25:00,03,03,01,01,01,,0,364639.8586,5027830.3719999995,True,December,0,0,0,0,0,0,0,0,1,0,0,0,0,0,0,0,0,0,1
2018-12-09,21:41:00,02,04,01,07,02,,0,371287.8188,5031390.45,True,December,0,0,0,0,0,0,0,0,1,0,0,0,0,0,0,0,0,0,1
2018-12-10,08:10:00,03,07,01,01,06,,0,351722.79600000003,5019153.438,True,December,0,0,0,0,0,0,0,0,1,0,0,0,0,0,0,0,0,0,1
2018-12-10,17:15:00,03,03,01,07,01,,0,370771.0114,5031184.393999999,True,December,0,0,0,0,0,0,0,0,1,0,0,0,0,0,0,0,0,0,1
2018-12-10,17:15:00,03,03,01,07,01,,0,370778.2678,5031186.2069999995,True,December,0,0,0,0,0,0,0,0,1,0,0,0,0,0,0,0,0,0,1
2018-12-10,17:15:00,03,03,01,07,01,,0,370769.4481,5031184.002,True,December,0,0,0,0,0,0,0,0,1,0,0,0,0,0,0,0,0,0,1
2018-12-10,18:40:00,03,04,01,07,01,,0,346708.9629,5015177.5819999995,True,December,0,0,0,0,0,0,0,0,1,0,0,0,0,0,0,0,0,0,1
2018-12-10,19:00:00,03,07,01,07,01,,0,344410.3371,5015387.561000001,True,December,0,0,0,0,0,0,0,0,1,0,0,0,0,0,0,0,0,0,1
2018-12-10,20:40:00,03,07,01,07,01,,0,333388.7394,5020957.391,True,December,0,0,0,0,0,0,0,0,1,0,0,0,0,0,0,0,0,0,1
2018-12-11,09:09:00,03,07,03,01,06,,0,366188.1778,5029395.9,True,December,0,0,0,0,0,0,0,0,1,0,0,0,0,0,0,0,0,0,1
2018-11-07,07:40:00,03,07,01,01,01,,0,346203.2869,5013828.938,True,November,0,0,0,0,0,0,0,0,1,0,0,0,0,0,0,1,0,0,0
2018-12-11,12:35:00,03,07,03,01,02,,0,362180.9824,5011971.219,True,December,0,0,0,0,0,0,0,0,1,0,0,0,0,0,0,0,0,0,1
2018-11-06,08:45:00,03,03,01,01,01,,0,361836.8489,5024599.999,True,November,0,0,0,0,0,0,0,0,1,0,0,0,0,0,0,1,0,0,0
2018-12-11,16:15:00,03,04,01,05,02,,0,367029.4525,5029673.152,True,December,0,0,0,0,0,0,0,0,1,0,0,0,0,0,0,0,0,0,1
2018-11-06,23:30:00,03,07,01,07,01,,0,391662.9114,5023031.795,True,November,0,0,0,0,0,0,0,0,1,0,0,0,0,0,0,1,0,0,0
2018-12-11,17:50:00,03,03,03,07,02,,0,364750.7575,5028019.935,True,December,0,0,0,0,0,0,0,0,1,0,0,0,0,0,0,0,0,0,1
2018-11-07,16:00:00,03,03,01,01,01,,0,368908.6569,5030695.625,True,November,0,0,0,0,0,0,0,0,1,0,0,0,0,0,0,1,0,0,0
2018-12-11,19:52:00,03,07,01,07,02,,0,369009.0276,5001676.359,True,December,0,0,0,0,0,0,0,0,1,0,0,0,0,0,0,0,0,0,1
2018-11-08,18:45:00,03,03,01,07,01,,0,367236.4587,5029749.268999999,True,November,0,0,0,0,0,0,0,0,1,0,0,0,0,0,0,1,0,0,0
2018-12-12,,03,07,01,07,02,,0,364254.109,5008823.371,True,December,0,0,0,0,0,0,0,0,1,0,0,0,0,0,0,0,0,0,1
2018-11-09,14:32:00,03,03,03,01,02,,0,363808.0332,5026687.197,True,November,0,0,0,0,0,0,0,0,1,0,0,0,0,0,0,1,0,0,0
2018-12-12,07:00:00,03,03,01,03,01,,0,360453.6725,5023522.783,True,December,0,0,0,0,0,0,0,0,1,0,0,0,0,0,0,0,0,0,1
2018-11-09,16:30:00,03,07,03,05,03,,0,384906.3076,5025042.681,True,November,0,0,0,0,0,0,0,0,1,0,0,0,0,0,0,1,0,0,0
2018-12-12,08:44:00,03,07,01,01,01,,0,360204.89,5018329.521000001,True,December,0,0,0,0,0,0,0,0,1,0,0,0,0,0,0,0,0,0,1
2018-11-09,17:05:00,03,07,03,07,03,,0,338421.1031,5019637.984,True,November,0,0,0,0,0,0,0,0,1,0,0,0,0,0,0,1,0,0,0
2018-12-12,09:21:00,03,03,01,01,01,,0,367226.0994,5029744.9969999995,True,December,0,0,0,0,0,0,0,0,1,0,0,0,0,0,0,0,0,0,1
2018-12-12,13:25:00,03,03,01,01,01,,0,363220.8712,5025820.033,True,December,0,0,0,0,0,0,0,0,1,0,0,0,0,0,0,0,0,0,1
2018-12-12,14:40:00,03,04,01,01,01,,0,369133.9545,5030840.299,True,December,0,0,0,0,0,0,0,0,1,0,0,0,0,0,0,0,0,0,1
2018-12-12,14:55:00,03,03,01,01,01,,0,363832.0661,5026718.105,True,December,0,0,0,0,0,0,0,0,1,0,0,0,0,0,0,0,0,0,1
2018-12-12,16:49:00,03,03,01,05,01,,0,374007.1489,5031637.533,True,December,0,0,0,0,0,0,0,0,1,0,0,0,0,0,0,0,0,0,1
2018-12-12,16:50:00,03,04,01,07,01,,0,374697.4615,5030851.978,True,December,0,0,0,0,0,0,0,0,1,0,0,0,0,0,0,0,0,0,1
2018-12-12,18:29:00,03,03,01,07,01,,0,361870.0107,5024658.395,True,December,0,0,0,0,0,0,0,0,1,0,0,0,0,0,0,0,0,0,1
2018-12-12,19:16:00,03,04,01,07,01,,0,358881.299,5021590.998,True,December,0,0,0,0,0,0,0,0,1,0,0,0,0,0,0,0,0,0,1
2018-12-12,19:50:00,03,04,01,07,01,,0,364739.9758,5027999.591,True,December,0,0,0,0,0,0,0,0,1,0,0,0,0,0,0,0,0,0,1
2018-12-13,12:15:00,03,03,01,01,01,,0,368978.9056,5030717.303,True,December,0,0,0,0,0,0,0,0,1,0,0,0,0,0,0,0,0,0,1
2018-12-13,19:02:00,03,07,01,07,01,,0,337417.0076,5019899.771000001,True,December,0,0,0,0,0,0,0,0,1,0,0,0,0,0,0,0,0,0,1
2018-12-13,22:47:00,03,07,01,07,01,,0,354685.5486,5021225.447,True,December,0,0,0,0,0,0,0,0,1,0,0,0,0,0,0,0,0,0,1
2018-12-14,07:15:00,03,03,01,03,01,,0,393405.6651,5022633.743,True,December,0,0,0,0,0,0,0,0,1,0,0,0,0,0,0,0,0,0,1
2018-12-14,07:30:00,03,03,01,03,01,,0,364586.0123,5027716.103,True,December,0,0,0,0,0,0,0,0,1,0,0,0,0,0,0,0,0,0,1
2018-12-14,11:20:00,03,03,02,01,06,,0,351081.6148,5018401.467,True,December,0,0,0,0,0,0,0,0,0,1,0,0,0,0,0,0,0,0,1
2018-12-14,12:00:00,03,03,02,01,06,01,0,359823.4802,5014725.691000001,True,December,1,0,0,0,0,0,0,0,0,1,0,0,0,0,0,0,0,0,1
2018-12-14,12:20:00,03,03,02,01,02,,0,359839.1714,5015070.424,True,December,0,0,0,0,0,0,0,0,1,0,0,0,0,0,0,0,0,0,1
2018-12-14,12:30:00,03,07,04,01,06,,0,376620.0322,5027708.962,True,December,0,0,0,0,0,0,0,0,1,0,0,0,0,0,0,0,0,0,1
2018-12-14,13:52:00,03,0,04,01,06,,0,358031.4022,5022783.481000001,True,December,0,0,0,0,0,0,0,0,1,0,0,0,0,0,0,0,0,0,1
2018-12-14,14:10:00,02,07,04,01,06,,0,375140.1063,5030618.234,True,December,0,0,0,0,0,0,0,0,1,0,0,0,0,0,0,0,0,0,1
2018-12-14,14:20:00,03,04,04,01,06,,0,374197.1813,5031143.141,True,December,0,0,0,0,0,0,0,0,1,0,0,0,0,0,0,0,0,0,1
2018-12-14,14:00:00,03,07,02,01,02,,0,378350.1872,5026349.586,True,December,0,0,0,0,0,0,0,0,1,0,0,0,0,0,0,0,0,0,1
2018-12-14,14:45:00,03,07,02,01,04,,0,351662.4718,5019215.574,True,December,0,0,0,0,0,0,0,0,1,0,0,0,0,0,0,0,0,0,1
2018-12-14,15:00:00,03,07,02,01,04,,0,349967.8887,5018013.06,True,December,0,0,0,0,0,0,0,0,1,0,0,0,0,0,0,0,0,0,1
2018-12-14,17:00:00,03,07,02,07,06,,0,348845.9783,5017037.883,True,December,0,0,0,0,0,0,0,0,1,0,0,0,0,0,0,0,0,0,1
2018-12-14,17:15:00,03,04,02,07,02,,0,359531.4886,5019535.183999999,True,December,0,0,0,0,0,0,0,0,1,0,0,0,0,0,0,0,0,0,1
2018-12-14,17:35:00,03,03,02,07,02,,0,363221.0768,5025819.85,True,December,0,0,0,0,0,0,0,0,1,0,0,0,0,0,0,0,0,0,1