DATE,TIME,CLASS_OF_ACCIDENT,IMPACT_TYPE,ENVIRONMENT,LIGHT,ROAD_SURFACE_CONDITION,TRAFFIC_CONTROL_CONDITION,NO_OF_PEDESTRIANS,X,Y,Highway,Month,categorical_TRAFFIC_CONTROL_01,categorical_TRAFFIC_CONTROL_02,categorical_TRAFFIC_CONTROL_03,categorical_TRAFFIC_CONTROL_04,categorical_TRAFFIC_CONTROL_07,categorical_TRAFFIC_CONTROL_08,categorical_TRAFFIC_CONTROL_09,categorical_TRAFFIC_CONTROL_11,categorical_ACCIDENT_LOCATION_01,categorical_ACCIDENT_LOCATION_02,categorical_ACCIDENT_LOCATION_03,categorical_ACCIDENT_LOCATION_04,categorical_ACCIDENT_LOCATION_05,categorical_ACCIDENT_LOCATION_06,categorical_ACCIDENT_LOCATION_07,categorical_Seasons_Fall,categorical_Seasons_Spring,categorical_Seasons_Summer,categorical_Seasons_Winter
2018-11-19,11:35:00,03,07,01,01,02,,0,342358.278,5008431.156,True,November,0,0,0,0,0,0,0,0,1,0,0,0,0,0,0,1,0,0,0
2018-11-19,13:22:00,03,03,01,01,01,,0,361381.6355,5024277.951,True,November,0,0,0,0,0,0,0,0,1,0,0,0,0,0,0,1,0,0,0
2018-11-19,13:45:00,03,03,01,01,01,,0,362507.7044,5025152.518,True,November,0,0,0,0,0,0,0,0,1,0,0,0,0,0,0,1,0,0,0
2018-11-19,15:15:00,03,03,01,01,01,,0,364710.8343,5027946.468,True,November,0,0,0,0,0,0,0,0,1,0,0,0,0,0,0,1,0,0,0
2018-11-18,19:05:00,02,03,01,07,02,01,0,367288.7913,5029710.385,True,November,1,0,0,0,0,0,0,0,0,1,0,0,0,0,0,1,0,0,0
2018-11-19,16:45:00,03,03,03,05,02,,0,373282.7958,5031705.009,True,November,0,0,0,0,0,0,0,0,1,0,0,0,0,0,0,1,0,0,0
2018-11-20,09:00:00,02,07,03,01,04,,0,319440.9746,5030925.502,True,November,0,0,0,0,0,0,0,0,0,0,0,0,0,0,0,1,0,0,0
2018-11-20,15:40:00,03,03,01,01,02,,0,362587.6317,5025215.839,True,November,0,0,0,0,0,0,0,0,1,0,0,0,0,0,0,1,0,0,0
2018-11-20,16:25:00,02,03,01,05,01,,0,367541.6682,5029886.041,True,November,0,0,0,0,0,0,0,0,1,0,0,0,0,0,0,1,0,0,0
2018-11-20,21:25:00,03,07,01,07,01,,0,339321.8224,5019367.227,True,November,0,0,0,0,0,0,0,0,1,0,0,0,0,0,0,1,0,0,0
2018-11-21,06:20:00,03,04,03,07,04,,0,385832.4798,5024383.155,True,November,0,0,0,0,0,0,0,0,1,0,0,0,0,0,0,1,0,0,0
2018-11-21,06:30:00,03,07,03,03,05,,0,400071.3876,5024230.404,False,November,0,0,0,0,0,0,0,0,1,0,0,0,0,0,0,1,0,0,0
2018-11-21,09:04:00,03,03,03,01,02,,0,357437.8088,5022638.117,True,November,0,0,0,0,0,0,0,0,1,0,0,0,0,0,0,1,0,0,0
2018-11-21,14:05:00,03,04,01,01,01,00,0,362179.7372,5024694.371,True,November,1,0,0,0,0,0,0,0,0,1,0,0,0,0,0,1,0,0,0
2018-11-21,18:05:00,03,04,01,07,01,,0,367939.4104,5030119.399,True,November,0,0,0,0,0,0,0,0,1,0,0,0,0,0,0,1,0,0,0
2018-11-21,18:30:00,03,03,01,07,01,,0,366563.7606,5029530.964,True,November,0,0,0,0,0,0,0,0,1,0,0,0,0,0,0,1,0,0,0
2018-11-21,19:40:00,03,07,01,07,06,,0,352840.3406,5020108.704,True,November,0,0,0,0,0,0,0,0,1,0,0,0,0,0,0,1,0,0,0
2018-11-22,08:40:00,03,03,01,01,01,01,0,364911.6936,5008139.375,True,November,0,1,0,0,0,0,0,0,0,1,0,0,0,0,0,1,0,0,0
2018-01-01,00:15:00,03,07,01,07,06,,0,369351.3405,5031006.629,True,January,0,0,0,0,0,0,0,0,1,0,0,0,0,0,0,0,0,0,1
2018-11-22,14:20:00,03,03,01,01,01,,0,364668.7421,5027839.908,True,November,0,0,0,0,0,0,0,0,1,0,0,0,0,0,0,1,0,0,0
2018-11-22,16:45:00,03,04,01,05,01,,0,369327.3866,5030951.838,True,November,0,0,0,0,0,0,0,0,1,0,0,0,0,0,0,1,0,0,0
2018-11-22,17:25:00,02,03,01,07,01,,0,360334.1388,5023431.856000001,True,November,0,0,0,0,0,0,0,0,1,0,0,0,0,0,0,1,0,0,0
2018-11-22,18:00:00,03,03,01,07,01,,0,364886.6957,5028239.536,True,November,0,0,0,0,0,0,0,0,1,0,0,0,0,0,0,1,0,0,0
2018-11-22,19:07:00,03,07,01,07,01,,0,341144.3422,5007336.717,True,November,0,0,0,0,0,0,0,0,1,0,0,0,0,0,0,1,0,0,0
2018-11-23,06:00:00,02,07,01,07,01,,0,365532.5289,5029029.802,True,November,0,0,0,0,0,0,0,0,1,0,0,0,0,0,0,1,0,0,0
2018-11-23,06:45:00,03,03,01,07,01,,0,365117.4709,5028651.595,True,November,0,0,0,0,0,0,0,0,1,0,0,0,0,0,0,1,0,0,0
2018-11-23,08:45:00,03,04,01,01,01,,0,367514.4737,5029872.067,True,November,0,0,0,0,0,0,0,0,1,0,0,0,0,0,0,1,0,0,0
2018-11-23,09:55:00,02,03,01,01,01,,0,373251.8795,5031716.619,True,November,0,0,0,0,0,0,0,0,1,0,0,0,0,0,0,1,0,0,0
2018-11-23,10:04:00,03,03,01,01,01,,0,367507.0611,5029868.359,True,November,0,0,0,0,0,0,0,0,1,0,0,0,0,0,0,1,0,0,0
2018-11-22,18:00:00,03,03,01,07,01,,0,365175.9583,5028732.966,True,November,0,0,0,0,0,0,0,0,1,0,0,0,0,0,0,1,0,0,0
2018-11-23,14:37:00,03,07,01,01,01,,0,359351.0563,5019700.807,True,November,0,0,0,0,0,0,0,0,1,0,0,0,0,0,0,1,0,0,0
2018-11-23,14:53:00,03,04,01,01,01,,0,345786.1592,5011346.074,True,November,0,0,0,0,0,0,0,0,1,0,0,0,0,0,0,1,0,0,0
2018-11-23,14:55:00,03,03,01,01,01,,0,369722.4333,5031154.657,True,November,0,0,0,0,0,0,0,0,1,0,0,0,0,0,0,1,0,0,0
2018-11-23,16:50:00,03,03,01,05,01,,0,364900.7417,5028299.035,True,November,0,0,0,0,0,0,0,0,1,0,0,0,0,0,0,1,0,0,0
2018-11-23,17:30:00,03,03,01,07,01,,0,363365.4144,5026094.768999999,True,November,0,0,0,0,0,0,0,0,1,0,0,0,0,0,0,1,0,0,0
2018-11-23,17:44:00,03,04,01,07,01,,0,371169.525,5031372.811000001,True,November,0,0,0,0,0,0,0,0,1,0,0,0,0,0,0,1,0,0,0
2018-11-23,18:35:00,03,03,01,07,01,,0,366917.5036,5029634.061000001,True,November,0,0,0,0,0,0,0,0,1,0,0,0,0,0,0,1,0,0,0
2018-11-23,19:00:00,03,03,01,07,01,,0,363680.3877,5026518.5819999995,True,November,0,0,0,0,0,0,0,0,1,0,0,0,0,0,0,1,0,0,0
2018-11-23,23:30:00,03,04,01,07,01,,0,391980.8703,5022999.828,True,November,0,0,0,0,0,0,0,0,1,0,0,0,0,0,0,1,0,0,0
2018-10-15,16:40:00,03,03,02,01,02,,0,364675.8312,5027887.188,True,October,0,0,0,0,0,0,0,0,1,0,0,0,0,0,0,1,0,0,0
2018-10-15,16:50:00,03,03,02,01,02,,0,364891.0966,5028247.149,True,October,0,0,0,0,0,0,0,0,1,0,0,0,0,0,0,1,0,0,0
2018-10-15,17:28:00,02,03,02,01,02,,0,363948.6489,5026874.284,True,October,0,0,0,0,0,0,0,0,1,0,0,0,0,0,0,1,0,0,0
2018-10-15,16:25:00,03,03,01,01,01,,0,369792.5709,5031136.827,True,October,0,0,0,0,0,0,0,0,1,0,0,0,0,0,0,1,0,0,0
2018-10-16,05:30:00,03,04,01,07,01,,0,370130.8149,5031112.146000001,True,October,0,0,0,0,0,0,0,0,1,0,0,0,0,0,0,1,0,0,0
2018-10-16,07:00:00,03,03,01,03,01,,0,364514.2216,5027619.674,True,October,0,0,0,0,0,0,0,0,1,0,0,0,0,0,0,1,0,0,0
2018-10-16,08:00:00,03,03,01,01,01,,0,355251.899,5021557.952,True,October,0,0,0,0,0,0,0,0,1,0,0,0,0,0,0,1,0,0,0
2018-10-16,16:55:00,03,07,01,01,01,,0,359758.4501,5015235.397,True,October,0,0,0,0,0,0,0,0,1,0,0,0,0,0,0,1,0,0,0
2018-10-17,06:42:00,02,03,01,07,01,,0,368180.7895,5030284.927,True,October,0,0,0,0,0,0,0,0,1,0,0,0,0,0,0,1,0,0,0
2018-10-17,07:35:00,03,03,01,01,01,00,0,363205.8015,5025833.7069999995,True,October,0,0,1,0,0,0,0,0,0,1,0,0,0,0,0,1,0,0,0
2018-10-17,08:40:00,03,03,01,01,01,,0,372559.7653,5031531.827,True,October,0,0,0,0,0,0,0,0,1,0,0,0,0,0,0,1,0,0,0
2018-10-17,23:15:00,03,07,01,07,01,,0,349342.2879,5017632.369,True,October,0,0,0,0,0,0,0,0,1,0,0,0,0,0,0,1,0,0,0
2018-10-18,09:30:00,03,03,01,01,01,,0,363701.3431,5026545.348,True,October,0,0,0,0,0,0,0,0,1,0,0,0,0,0,0,1,0,0,0
2018-10-17,17:00:00,02,03,01,05,01,,0,367801.2076,5030005.268999999,True,October,0,0,0,0,0,0,0,0,1,0,0,0,0,0,0,1,0,0,0
2018-10-18,14:00:00,02,04,01,01,01,,0,375806.2029,5028990.156,True,October,0,0,0,0,0,0,0,0,1,0,0,0,0,0,0,1,0,0,0
2018-10-18,15:45:00,03,03,01,01,01,,0,373312.6747,5031717.3319999995,True,October,0,0,0,0,0,0,0,0,1,0,0,0,0,0,0,1,0,0,0
2018-10-18,15:50:00,03,03,01,01,01,,0,362659.5018,5025243.653,True,October,0,0,0,0,0,0,0,0,1,0,0,0,0,0,0,1,0,0,0
2018-10-18,16:00:00,03,04,01,01,01,,0,360957.7322,5023918.432,True,October,0,0,0,0,0,0,0,0,1,0,0,0,0,0,0,1,0,0,0
2018-10-18,16:30:00,03,03,01,01,01,,0,363591.7598,5026425.82,True,October,0,0,0,0,0,0,0,0,1,0,0,0,0,0,0,1,0,0,0
2018-10-18,17:03:00,03,03,01,01,01,,0,370144.3168,5031112.404,True,October,0,0,0,0,0,0,0,0,1,0,0,0,0,0,0,1,0,0,0
2018-10-19,09:20:00,03,03,01,01,01,,0,362551.4478,5025160.925,True,October,0,0,0,0,0,0,0,0,1,0,0,0,0,0,0,1,0,0,0
2018-10-19,09:31:00,03,03,01,01,01,,0,362304.1148,5024967.038,True,October,0,0,0,0,0,0,0,0,1,0,0,0,0,0,0,1,0,0,0
2018-10-19,15:55:00,03,03,01,01,01,,0,368624.1343,5030552.509,True,October,0,0,0,0,0,0,0,0,1,0,0,0,0,0,0,1,0,0,0
2018-10-19,18:59:00,03,03,01,07,01,,0,363101.7399,5025738.535,True,October,0,0,0,0,0,0,0,0,1,0,0,0,0,0,0,1,0,0,0
2018-10-19,20:32:00,03,0,01,07,01,,0,376321.7594,5027661.158,True,October,0,0,0,0,0,0,0,0,1,0,0,0,0,0,0,1,0,0,0
2018-10-20,14:49:00,03,03,01,01,01,,0,365767.2446,5029182.551,True,October,0,0,0,0,0,0,0,0,1,0,0,0,0,0,0,1,0,0,0
2018-10-20,18:05:00,03,03,01,01,01,01,0,367288.9687,5029710.695,True,October,1,0,0,0,0,0,0,0,0,1,0,0,0,0,0,1,0,0,0
2018-10-20,18:34:00,03,03,01,07,01,,0,365610.4063,5029084.118,True,October,0,0,0,0,0,0,0,0,1,0,0,0,0,0,0,1,0,0,0
2018-10-22,05:02:00,03,07,01,07,01,,0,364761.2561,5008025.176,True,October,0,0,0,0,0,0,0,0,1,0,0,0,0,0,0,1,0,0,0
2018-10-22,14:40:00,03,07,01,01,01,,0,370328.785,5031118.303,True,October,0,0,0,0,0,0,0,0,1,0,0,0,0,0,0,1,0,0,0
2018-10-23,07:30:00,02,03,01,01,01,,0,371731.6439,5031441.18,True,October,0,0,0,0,0,0,0,0,1,0,0,0,0,0,0,1,0,0,0
2018-10-23,07:30:00,03,03,01,01,01,,0,370751.6606,5031195.388,True,October,0,0,0,0,0,0,0,0,1,0,0,0,0,0,0,1,0,0,0
2018-10-23,14:30:00,02,03,01,01,01,,0,364341.7884,5027420.454,True,October,0,0,0,0,0,0,0,0,1,0,0,0,0,0,0,1,0,0,0
2018-10-23,15:31:00,03,03,01,01,01,,0,369015.1861,5030740.463,True,October,0,0,0,0,0,0,0,0,1,0,0,0,0,0,0,1,0,0,0
2018-10-23,17:30:00,03,04,01,05,01,,0,360333.5687,5023458.999,True,October,0,0,0,0,0,0,0,0,1,0,0,0,0,0,0,1,0,0,0
2018-10-23,22:50:00,03,03,01,07,01,,0,367002.5129,5029641.613,True,October,0,0,0,0,0,0,0,0,1,0,0,0,0,0,0,1,0,0,0
2018-10-23,23:09:00,02,03,01,07,01,,0,366774.7697,5029573.949,True,October,0,0,0,0,0,0,0,0,1,0,0,0,0,0,0,1,0,0,0
2018-10-24,06:40:00,03,03,01,07,01,,0,358541.5549,5022829.177,True,October,0,0,0,0,0,0,0,0,1,0,0,0,0,0,0,1,0,0,0
2018-10-24,07:30:00,02,03,01,01,01,,0,357352.3647,5022613.196,True,October,0,0,0,0,0,0,0,0,1,0,0,0,0,0,0,1,0,0,0
2018-10-24,07:30:00,03,04,01,01,01,01,0,362179.7707,5024694.395,True,October,1,0,0,0,0,0,0,0,0,1,0,0,0,0,0,1,0,0,0
2018-10-24,18:30:00,03,03,01,07,01,,0,366911.1228,5029631.812,True,October,0,0,0,0,0,0,0,0,1,0,0,0,0,0,0,1,0,0,0
2018-10-24,19:35:00,02,03,01,07,01,,0,364969.3736,5028423.574,True,October,0,0,0,0,0,0,0,0,1,0,0,0,0,0,0,1,0,0,0
2018-10-25,07:05:00,03,03,01,03,01,,0,358388.3856,5022703.498,True,October,0,0,0,0,0,0,0,0,1,0,0,0,0,0,0,1,0,0,0
2018-10-25,09:30:00,03,03,01,01,01,,0,364480.362,5027573.101,True,October,0,0,0,0,0,0,0,0,1,0,0,0,0,0,0,1,0,0,0
2018-10-25,09:59:00,03,03,01,01,01,,0,361799.4713,5024571.228999999,True,October,0,0,0,0,0,0,0,0,1,0,0,0,0,0,0,1,0,0,0
2018-12-04,06:51:00,03,03,01,07,01,,0,373296.6561,5031737.674,True,December,0,0,0,0,0,0,0,0,1,0,0,0,0,0,0,0,0,0,1
2018-10-25,16:00:00,03,03,01,01,01,,0,364970.0961,5028391.365,True,October,0,0,0,0,0,0,0,0,1,0,0,0,0,0,0,1,0,0,0
2018-10-25,18:25:00,03,07,01,07,01,,0,369108.0048,5001453.313,True,October,0,0,0,0,0,0,0,0,1,0,0,0,0,0,0,1,0,0,0
2018-10-25,18:40:00,03,03,01,05,01,,0,370056.7814,5031118.828,True,October,0,0,0,0,0,0,0,0,1,0,0,0,0,0,0,1,0,0,0
2018-10-26,06:28:00,03,03,01,07,01,,0,363917.9913,5026833.478999999,True,October,0,0,0,0,0,0,0,0,1,0,0,0,0,0,0,1,0,0,0
2018-10-26,16:45:00,03,03,01,01,01,,0,367508.4352,5029869.216,True,October,0,0,0,0,0,0,0,0,1,0,0,0,0,0,0,1,0,0,0
2018-10-26,17:15:00,03,03,01,01,01,,0,364912.4019,5028288.147,True,October,0,0,0,0,0,0,0,0,1,0,0,0,0,0,0,1,0,0,0
2018-10-26,19:00:00,03,07,01,07,01,,0,341085.9216,5018666.268999999,True,October,0,0,0,0,0,0,0,0,1,0,0,0,0,0,0,1,0,0,0
2018-10-26,22:40:00,03,07,01,07,01,,0,358420.0169,5022778.114,True,October,0,0,0,0,0,0,0,0,1,0,0,0,0,0,0,1,0,0,0
2018-10-26,19:00:00,03,03,01,07,01,,0,365175.8378,5028732.732,True,October,0,0,0,0,0,0,0,0,1,0,0,0,0,0,0,1,0,0,0
2018-10-27,16:30:00,03,04,01,01,01,,0,358928.3566,5023039.819,True,October,0,0,0,0,0,0,0,0,1,0,0,0,0,0,0,1,0,0,0
2018-10-28,03:40:00,03,07,02,07,02,,0,364196.814,5027123.561000001,True,October,0,0,0,0,0,0,0,0,1,0,0,0,0,0,0,1,0,0,0
2018-10-28,09:57:00,03,07,03,01,04,,0,360413.039,5014231.935,True,October,0,0,0,0,0,0,0,0,1,0,0,0,0,0,0,1,0,0,0
2018-10-28,11:00:00,03,07,03,01,04,,0,365282.3451,5007148.782,True,October,0,0,0,0,0,0,0,0,1,0,0,0,0,0,0,1,0,0,0
2018-10-28,10:40:00,03,07,03,01,04,,0,347137.2983,5015626.984,True,October,0,0,0,0,0,0,0,0,1,0,0,0,0,0,0,1,0,0,0
2018-10-28,10:40:00,03,07,03,01,04,,0,359837.3881,5015107.368,True,October,0,0,0,0,0,0,0,0,1,0,0,0,0,0,0,1,0,0,0
2018-10-28,10:15:00,03,04,03,01,03,,0,352178.3979,5019658.33,True,October,0,0,0,0,0,0,0,0,1,0,0,0,0,0,0,1,0,0,0
2018-10-28,11:29:00,02,07,03,01,04,,0,352010.5459,5019519.9,True,October,0,0,0,0,0,0,0,0,1,0,0,0,0,0,0,1,0,0,0
2018-10-28,15:40:00,03,04,01,01,02,,0,361993.7122,5024804.492,True,October,0,0,0,0,0,0,0,0,1,0,0,0,0,0,0,1,0,0,0
2018-10-28,19:00:00,03,07,03,07,04,,0,361338.7338,5012284.728999999,True,October,0,0,0,0,0,0,0,0,1,0,0,0,0,0,0,1,0,0,0
2018-10-28,19:03:00,03,04,02,05,02,,0,369279.0034,5030939.17,True,October,0,0,0,0,0,0,0,0,1,0,0,0,0,0,0,1,0,0,0
2018-10-29,05:50:00,03,04,02,07,02,,0,346807.8325,5015268.259,True,October,0,0,0,0,0,0,0,0,1,0,0,0,0,0,0,1,0,0,0
2018-10-29,07:20:00,03,07,01,01,02,,0,360321.6544,5018004.226,True,October,0,0,0,0,0,0,0,0,1,0,0,0,0,0,0,1,0,0,0
2018-10-29,07:30:00,03,03,02,01,02,,0,370125.82,5031111.659,True,October,0,0,0,0,0,0,0,0,1,0,0,0,0,0,0,1,0,0,0
2018-10-29,17:15:00,03,03,01,01,01,,0,364972.3746,5028396.383,True,October,0,0,0,0,0,0,0,0,1,0,0,0,0,0,0,1,0,0,0
2018-10-29,18:15:00,03,03,02,07,02,,0,362775.7887,5025365.311000001,True,October,0,0,0,0,0,0,0,0,1,0,0,0,0,0,0,1,0,0,0
2018-10-30,07:44:00,02,03,01,01,01,,0,375608.83,5029610.366,True,October,0,0,0,0,0,0,0,0,1,0,0,0,0,0,0,1,0,0,0
2018-10-30,10:00:00,03,03,01,01,01,,0,366935.0301,5029639.936000001,True,October,0,0,0,0,0,0,0,0,1,0,0,0,0,0,0,1,0,0,0
2018-10-30,10:45:00,03,03,01,01,01,,0,367013.5163,5029668.0030000005,True,October,0,0,0,0,0,0,0,0,1,0,0,0,0,0,0,1,0,0,0
2018-10-30,11:49:00,03,04,01,01,01,,0,367263.3258,5029760.078,True,October,0,0,0,0,0,0,0,0,1,0,0,0,0,0,0,1,0,0,0
2018-10-30,17:10:00,03,03,01,01,01,,0,372762.2251,5031538.336,True,October,0,0,0,0,0,0,0,0,1,0,0,0,0,0,0,1,0,0,0
2018-10-31,04:36:00,03,07,01,07,02,,0,319339.9845,5030894.1110000005,True,October,0,0,0,0,0,0,0,0,1,0,0,0,0,0,0,1,0,0,0
2018-10-31,06:45:00,03,03,02,07,02,,0,357449.3058,5022641.367,True,October,0,0,0,0,0,0,0,0,1,0,0,0,0,0,0,1,0,0,0
2018-10-31,06:45:00,03,03,02,03,02,,0,352989.2192,5020231.341,True,October,0,0,0,0,0,0,0,0,1,0,0,0,0,0,0,1,0,0,0
2018-10-31,10:40:00,03,07,02,01,02,,0,350952.7701,5018558.874,True,October,0,0,0,0,0,0,0,0,1,0,0,0,0,0,0,1,0,0,0
2018-10-31,14:19:00,02,03,02,01,02,01,0,363229.7323,5025774.521000001,True,October,1,0,0,0,0,0,0,0,0,1,0,0,0,0,0,1,0,0,0
2018-10-31,15:45:00,03,07,02,01,02,,0,381027.2318,5025691.206,True,October,0,0,0,0,0,0,0,0,1,0,0,0,0,0,0,1,0,0,0
2018-10-31,18:12:00,03,03,02,05,02,,0,365081.2757,5028589.096,True,October,0,0,0,0,0,0,0,0,1,0,0,0,0,0,0,1,0,0,0
2018-10-31,18:20:00,03,04,02,07,02,,0,364672.7794,5027846.843,True,October,0,0,0,0,0,0,0,0,1,0,0,0,0,0,0,1,0,0,0
2018-11-01,07:04:00,03,03,02,03,02,,0,358015.0027,5022730.722,True,November,0,0,0,0,0,0,0,0,1,0,0,0,0,0,0,1,0,0,0
2018-11-01,07:15:00,03,04,01,01,01,,0,373207.9231,5031698.217,True,November,0,0,0,0,0,0,0,0,1,0,0,0,0,0,0,1,0,0,0
2018-11-01,10:20:00,03,03,01,01,01,,0,352966.1041,5020170.436000001,True,November,0,0,0,0,0,0,0,0,1,0,0,0,0,0,0,1,0,0,0
2018-11-01,15:10:00,02,03,01,01,01,00,0,365336.5638,5028845.591,True,November,1,0,0,0,0,0,0,0,0,1,0,0,0,0,0,1,0,0,0
2018-11-01,14:30:00,03,04,01,01,01,,0,367382.4638,5029811.629,True,November,0,0,0,0,0,0,0,0,1,0,0,0,0,0,0,1,0,0,0
2018-11-01,16:45:00,03,03,01,05,01,,0,368715.2468,5030600.215,True,November,0,0,0,0,0,0,0,0,1,0,0,0,0,0,0,1,0,0,0
2018-11-01,17:30:00,03,04,01,07,01,,0,369895.4708,5031131.034,True,November,0,0,0,0,0,0,0,0,1,0,0,0,0,0,0,1,0,0,0
2018-11-01,17:35:00,03,03,01,07,01,,0,369437.9206,5031224.951,True,November,0,0,0,0,0,0,0,0,1,0,0,0,0,0,0,1,0,0,0
2018-11-01,18:25:00,03,03,01,07,01,,0,367535.8378,5029882.368,True,November,0,0,0,0,0,0,0,0,1,0,0,0,0,0,0,1,0,0,0
2018-11-01,18:48:00,02,03,01,07,02,,0,367544.6008,5029887.575,True,November,0,0,0,0,0,0,0,0,1,0,0,0,0,0,0,1,0,0,0
2018-11-02,08:50:00,03,03,02,01,02,,0,365635.3478,5029076.943,True,November,0,0,0,0,0,0,0,0,1,0,0,0,0,0,0,1,0,0,0
2018-11-02,16:40:00,03,03,02,05,02,,0,362889.0943,5025485.545,True,November,0,0,0,0,0,0,0,0,1,0,0,0,0,0,0,1,0,0,0
2018-11-02,19:15:00,03,04,02,07,02,,0,374362.9887,5030890.76,True,November,0,0,0,0,0,0,0,0,1,0,0,0,0,0,0,1,0,0,0
2018-11-02,22:42:00,03,03,01,07,01,,0,363922.065,5026838.923,True,November,0,0,0,0,0,0,0,0,1,0,0,0,0,0,0,1,0,0,0
2018-11-03,19:30:00,03,03,01,07,01,,0,349305.6975,5017599.676,True,November,0,0,0,0,0,0,0,0,1,0,0,0,0,0,0,1,0,0,0
2018-11-04,14:11:00,03,03,01,01,01,,0,365606.74100000004,5029080.726,True,November,0,0,0,0,0,0,0,0,1,0,0,0,0,0,0,1,0,0,0
2018-11-04,14:15:00,03,04,01,01,01,,0,365577.3404,5029080.218,True,November,0,0,0,0,0,0,0,0,1,0,0,0,0,0,0,1,0,0,0
2018-11-04,14:36:00,03,04,01,01,01,,0,366920.42100000003,5029634.617,True,November,0,0,0,0,0,0,0,0,1,0,0,0,0,0,0,1,0,0,0
2018-11-03,13:30:00,03,03,01,01,02,,0,364746.8117,5028011.829,True,November,0,0,0,0,0,0,0,0,1,0,0,0,0,0,0,1,0,0,0
2018-11-05,07:40:00,03,03,01,01,01,,0,364449.9133,5027533.101,True,November,0,0,0,0,0,0,0,0,1,0,0,0,0,0,0,1,0,0,0
2018-11-05,07:10:00,03,07,01,03,01,,0,365034.5696,5007566.216,True,November,0,0,0,0,0,0,0,0,1,0,0,0,0,0,0,1,0,0,0
2018-11-05,12:15:00,03,07,02,01,02,,0,359796.1901,5015242.328,True,November,0,0,0,0,0,0,0,0,1,0,0,0,0,0,0,1,0,0,0
2018-11-05,16:45:00,03,04,01,05,02,,0,366935.0331,5029621.339,True,November,0,0,0,0,0,0,0,0,1,0,0,0,0,0,0,1,0,0,0
2018-11-05,17:18:00,03,03,01,07,02,,0,364768.6458,5028012.694,True,November,0,0,0,0,0,0,0,0,1,0,0,0,0,0,0,1,0,0,0
2018-11-05,22:15:00,03,04,01,07,01,,0,368639.7618,5030540.211,True,November,0,0,0,0,0,0,0,0,1,0,0,0,0,0,0,1,0,0,0
2018-11-06,09:55:00,03,03,02,01,02,,0,372677.0152,5031543.767,True,November,0,0,0,0,0,0,0,0,1,0,0,0,0,0,0,1,0,0,0
2018-11-05,18:00:00,03,07,01,07,01,,0,362616.6407,5011872.899,True,November,0,0,0,0,0,0,0,0,1,0,0,0,0,0,0,1,0,0,0
2018-11-06,20:25:00,03,04,01,07,01,,0,365629.891,5029073.496,True,November,0,0,0,0,0,0,0,0,1,0,0,0,0,0,0,1,0,0,0
2018-11-06,21:23:00,03,07,01,07,01,,0,359274.0151,5016472.213,True,November,0,0,0,0,0,0,0,0,1,0,0,0,0,0,0,1,0,0,0
2018-05-16,23:09:00,03,03,01,07,01,01,0,365625.6732,5028173.012,False,May,1,0,0,0,0,0,0,0,0,1,0,0,0,0,0,0,1,0,0
2018-05-10,17:45:00,03,05,01,01,01,01,0,372694.7664,5022332.634,False,May,1,0,0,0,0,0,0,0,0,0,1,0,0,0,0,0,1,0,0
2018-05-17,03:24:00,03,05,01,07,01,01,0,372595.7136,5031241.576,False,May,1,0,0,0,0,0,0,0,0,0,1,0,0,0,0,0,1,0,0
2018-05-17,07:35:00,03,05,01,01,01,01,0,349661.5549,5023617.666,False,May,1,0,0,0,0,0,0,0,0,0,1,0,0,0,0,0,1,0,0
2018-05-17,07:41:00,03,03,01,01,01,,0,383633.2109,5010288.947,False,May,0,0,0,0,0,0,0,0,1,0,0,0,0,0,0,0,1,0,0
2018-05-24,11:00:00,03,06,01,01,01,,0,366645.96,5030123.045,False,May,0,0,0,0,0,0,0,0,1,0,0,0,0,0,0,0,1,0,0
2018-05-13,18:23:00,03,05,01,01,01,,0,359228.7649,5023517.888,False,May,0,0,0,0,0,0,0,0,1,0,0,0,0,0,0,0,1,0,0
2018-05-17,07:47:00,03,03,01,01,01,01,0,372391.6126,5031742.518,False,May,1,0,0,0,0,0,0,0,0,1,0,0,0,0,0,0,1,0,0
2018-05-13,19:10:00,03,07,01,01,01,,0,368618.8966,5029362.723,False,May,0,0,0,0,0,0,0,0,0,0,0,1,0,0,0,0,1,0,0
2018-05-24,15:56:00,03,05,01,01,01,01,0,369128.6278,5032787.546,False,May,1,0,0,0,0,0,0,0,0,0,1,0,0,0,0,0,1,0,0
2018-05-20,22:27:00,03,07,01,07,01,,0,375549.5301,5015622.547,False,May,0,0,0,0,0,0,0,0,0,0,0,1,0,0,0,0,1,0,0
2018-05-17,07:51:00,02,02,01,01,01,01,0,365398.1245,5029998.887,False,May,0,1,0,0,0,0,0,0,0,0,1,0,0,0,0,0,1,0,0
2018-05-13,20:01:00,03,07,01,05,01,,0,344109.4452,5027389.949,False,May,0,0,0,0,0,0,0,0,1,0,0,0,0,0,0,0,1,0,0
2018-05-24,16:23:00,03,06,01,01,01,,0,377564.7702,5014438.926,False,May,0,0,0,0,0,0,0,0,1,0,0,0,0,0,0,0,1,0,0
2018-05-20,22:34:00,02,07,01,07,01,01,1,364934.617,5012032.691000001,False,May,0,1,0,0,0,0,0,0,0,0,1,0,0,0,0,0,1,0,0
2018-05-03,12:30:00,02,07,02,01,02,01,1,368650.9157,5032498.68,False,May,1,0,0,0,0,0,0,0,0,0,1,0,0,0,0,0,1,0,0