DATE,TIME,CLASS_OF_ACCIDENT,IMPACT_TYPE,ENVIRONMENT,LIGHT,ROAD_SURFACE_CONDITION,TRAFFIC_CONTROL_CONDITION,NO_OF_PEDESTRIANS,X,Y,Highway,Month,categorical_TRAFFIC_CONTROL_01,categorical_TRAFFIC_CONTROL_02,categorical_TRAFFIC_CONTROL_03,categorical_TRAFFIC_CONTROL_04,categorical_TRAFFIC_CONTROL_07,categorical_TRAFFIC_CONTROL_08,categorical_TRAFFIC_CONTROL_09,categorical_TRAFFIC_CONTROL_11,categorical_ACCIDENT_LOCATION_01,categorical_ACCIDENT_LOCATION_02,categorical_ACCIDENT_LOCATION_03,categorical_ACCIDENT_LOCATION_04,categorical_ACCIDENT_LOCATION_05,categorical_ACCIDENT_LOCATION_06,categorical_ACCIDENT_LOCATION_07,categorical_Seasons_Fall,categorical_Seasons_Spring,categorical_Seasons_Summer,categorical_Seasons_Winter
2018-05-17,08:30:00,03,03,01,01,01,01,0,360531.1625,5023312.761,True,May,1,0,0,0,0,0,0,0,0,1,0,0,0,0,0,0,1,0,0
2018-05-13,21:25:00,03,02,01,07,01,01,0,367356.8566,5029551.527,False,May,0,1,0,0,0,0,0,0,0,0,1,0,0,0,0,0,1,0,0
2018-05-24,16:40:00,02,02,01,01,01,01,0,384682.7539,5039285.5819999995,False,May,0,0,0,0,0,0,0,1,0,0,1,0,0,0,0,0,1,0,0
2018-04-26,08:20:00,03,03,02,01,02,00,0,357145.1915,5018152.78,False,April,1,0,0,0,0,0,0,0,0,1,0,0,0,0,0,0,1,0,0
2018-05-21,09:40:00,03,0,01,01,01,01,0,373110.7521,5032376.63,False,May,1,0,0,0,0,0,0,0,0,1,0,0,0,0,0,0,1,0,0
2018-05-21,12:19:00,02,03,01,01,01,,0,399971.3963,5029475.7530000005,False,May,0,0,0,0,0,0,0,0,1,0,0,0,0,0,0,0,1,0,0
2018-04-13,08:44:00,03,07,01,01,01,,0,368542.3083,5026696.234,False,April,0,0,0,0,0,0,0,0,1,0,0,0,0,0,0,0,1,0,0
2018-05-21,15:08:00,03,05,01,01,01,,0,367753.5724,5032975.609,False,May,0,0,0,0,0,0,0,0,1,0,0,0,0,0,0,0,1,0,0
2018-05-21,16:30:00,03,07,01,01,01,01,0,373676.7302,5028604.552,False,May,0,1,0,0,0,0,0,0,0,0,1,0,0,0,0,0,1,0,0
2018-05-21,16:35:00,02,02,01,01,01,01,0,382637.7539,5035567.554,False,May,1,0,0,0,0,0,0,0,0,0,1,0,0,0,0,0,1,0,0
2018-05-21,16:35:00,03,04,01,01,01,01,0,381375.8293,5037514.636,False,May,0,1,0,0,0,0,0,0,0,1,0,0,0,0,0,0,1,0,0
2018-05-21,17:52:00,02,05,01,01,01,,0,338033.4835,5035925.702,False,May,0,0,0,0,0,0,0,0,0,0,0,1,0,0,0,0,1,0,0
2018-05-21,18:31:00,02,02,01,01,01,01,0,366724.8285,5028870.656,False,May,1,0,0,0,0,0,0,0,0,0,1,0,0,0,0,0,1,0,0
2018-05-21,20:18:00,02,07,01,05,01,,0,382170.0593,5011490.507,False,May,0,0,0,0,0,0,0,0,1,0,0,0,0,0,0,0,1,0,0
2018-05-22,06:50:00,03,05,01,01,01,,0,355900.35,5023979.306,False,May,0,0,0,0,0,0,0,0,1,0,0,0,0,0,0,0,1,0,0
2018-05-22,06:10:00,03,06,01,01,01,,0,352006.9353,5019089.491,False,May,0,0,0,0,0,0,0,0,0,0,0,1,0,0,0,0,1,0,0
2018-05-22,07:30:00,03,05,01,01,01,,0,385948.3477,5031364.617,False,May,0,0,0,0,0,0,0,0,0,0,0,1,0,0,0,0,1,0,0
2018-05-22,07:49:00,03,03,01,01,01,00,0,369390.8212,5032432.598999999,False,May,0,1,0,0,0,0,0,0,0,1,0,0,0,0,0,0,1,0,0
2018-05-22,07:54:00,02,03,01,01,01,,0,374324.2894,5028708.109,False,May,0,0,0,0,0,0,0,0,1,0,0,0,0,0,0,0,1,0,0
2018-05-22,08:18:00,03,05,01,01,01,01,0,361294.5291,5015664.767,False,May,1,0,0,0,0,0,0,0,0,0,1,0,0,0,0,0,1,0,0
2018-05-03,15:26:00,03,03,01,01,01,01,0,367667.5544,5032462.311000001,False,May,1,0,0,0,0,0,0,0,0,1,0,0,0,0,0,0,1,0,0
2018-04-28,,03,06,01,00,01,,0,389378.5805,5041956.375,False,April,0,0,0,0,0,0,0,0,1,0,0,0,0,0,0,0,1,0,0
2018-05-22,10:37:00,03,02,01,01,01,01,0,375988.7864,5029175.726,True,May,0,1,0,0,0,0,0,0,0,0,1,0,0,0,0,0,1,0,0
2018-05-22,10:36:00,03,05,01,01,01,01,0,380028.9664,5038105.808999999,False,May,1,0,0,0,0,0,0,0,0,0,1,0,0,0,0,0,1,0,0
2018-05-22,11:15:00,03,03,02,01,02,01,0,365084.9305,5017903.416,False,May,1,0,0,0,0,0,0,0,0,1,0,0,0,0,0,0,1,0,0
2018-05-22,11:19:00,03,02,01,01,01,01,0,371333.721,5032067.586,False,May,0,1,0,0,0,0,0,0,0,0,1,0,0,0,0,0,1,0,0
2018-05-22,11:15:00,03,02,02,01,02,01,0,361184.6758,5022932.504,False,May,0,1,0,0,0,0,0,0,0,1,0,0,0,0,0,0,1,0,0
2018-05-19,18:00:00,03,06,01,01,01,,0,323942.6951,5031736.847,False,May,0,0,0,0,0,0,0,0,1,0,0,0,0,0,0,0,1,0,0
2018-05-21,19:20:00,03,05,01,01,01,01,0,371291.6698,5023864.449,False,May,1,0,0,0,0,0,0,0,0,1,0,0,0,0,0,0,1,0,0
2018-05-22,12:40:00,03,03,02,01,02,01,0,380567.7111,5036174.82,False,May,1,0,0,0,0,0,0,0,0,1,0,0,0,0,0,0,1,0,0
2018-05-22,12:10:00,03,04,02,01,02,01,0,380631.7868,5036980.828,False,May,1,0,0,0,0,0,0,0,0,1,0,0,0,0,0,0,1,0,0
2018-05-22,14:59:00,03,06,01,01,01,,0,367799.0364,5031455.738,False,May,0,0,0,0,0,0,0,0,1,0,0,0,0,0,0,0,1,0,0
2018-05-22,14:59:00,03,05,01,01,01,01,0,363778.6439,5028641.511,False,May,1,0,0,0,0,0,0,0,0,0,1,0,0,0,0,0,1,0,0
2018-05-22,15:11:00,02,03,01,01,01,01,0,373763.8298,5025404.579,False,May,1,0,0,0,0,0,0,0,0,1,0,0,0,0,0,0,1,0,0
2018-05-22,15:12:00,03,03,01,01,01,01,0,374298.8177,5030754.339,True,May,1,0,0,0,0,0,0,0,0,1,0,0,0,0,0,0,1,0,0
2018-05-22,15:20:00,03,03,01,01,01,01,0,373110.6007,5032376.453,False,May,1,0,0,0,0,0,0,0,0,1,0,0,0,0,0,0,1,0,0
2018-05-22,15:50:00,02,03,01,01,01,,0,354759.4063,5015685.1,False,May,0,0,0,0,0,0,0,0,1,0,0,0,0,0,0,0,1,0,0
2018-05-22,15:52:00,03,02,02,01,02,01,0,351950.3845,5018943.455,False,May,1,0,0,0,0,0,0,0,0,0,1,0,0,0,0,0,1,0,0
2018-05-22,15:52:00,03,02,01,01,01,01,0,376683.4132,5028863.768,False,May,0,1,0,0,0,0,0,0,0,0,1,0,0,0,0,0,1,0,0
2018-05-22,16:01:00,02,07,01,01,01,,1,370843.0164,5034234.175,False,May,0,0,0,0,0,0,0,0,1,0,0,0,0,0,0,0,1,0,0
2018-05-22,13:15:00,03,03,01,01,01,01,0,365612.4574,5021942.57,False,May,1,0,0,0,0,0,0,0,0,1,0,0,0,0,0,0,1,0,0
2018-05-22,16:44:00,03,02,02,01,02,,0,370850.0028,5030830.436000001,False,May,0,0,0,0,0,0,0,0,0,0,0,1,0,0,0,0,1,0,0
2018-05-22,16:47:00,03,04,01,01,01,,0,373485.9911,5029317.978999999,False,May,0,0,0,0,0,0,0,0,1,0,0,0,0,0,0,0,1,0,0
2018-05-22,17:01:00,03,04,02,01,02,,0,369961.5061,5026944.319,False,May,0,0,0,0,0,0,0,0,1,0,0,0,0,0,0,0,1,0,0
2018-05-22,17:16:00,03,03,02,01,02,01,0,362457.9796,5024005.589,False,May,0,1,0,0,0,0,0,0,0,1,0,0,0,0,0,0,1,0,0
2018-05-22,17:42:00,03,03,02,01,02,,0,360945.6379,5025748.817,False,May,0,0,0,0,0,0,0,0,1,0,0,0,0,0,0,0,1,0,0
2018-05-22,18:00:00,02,07,01,01,01,,0,385440.7583,5039839.584,False,May,0,0,0,0,0,0,0,0,0,0,0,1,0,0,0,0,1,0,0
2018-05-22,18:07:00,03,03,01,01,01,,0,363521.8605,5021585.148,False,May,0,0,0,0,0,0,0,0,1,0,0,0,0,0,0,0,1,0,0
2018-05-22,18:46:00,03,03,02,01,02,,0,369077.477,5027847.756,False,May,0,0,0,0,0,0,0,0,1,0,0,0,0,0,0,0,1,0,0
2018-05-22,18:52:00,03,04,01,01,01,01,0,375194.7751,5032311.649,False,May,1,0,0,0,0,0,0,0,0,1,0,0,0,0,0,0,1,0,0
2018-05-22,19:00:00,03,03,01,01,01,01,0,363670.8332,5021246.472,False,May,1,0,0,0,0,0,0,0,0,1,0,0,0,0,0,0,1,0,0
2018-05-22,19:54:00,02,07,01,05,01,01,1,373637.737,5026421.529,False,May,0,1,0,0,0,0,0,0,0,0,1,0,0,0,0,0,1,0,0
2018-05-23,08:00:00,03,03,01,01,01,01,0,367062.9884,5031219.657,False,May,1,0,0,0,0,0,0,0,0,1,0,0,0,0,0,0,1,0,0
2018-05-23,07:15:00,03,04,01,01,01,,0,365511.8681,5021863.087,False,May,0,0,0,0,0,0,0,0,1,0,0,0,0,0,0,0,1,0,0
2018-05-23,08:00:00,03,03,01,01,01,01,0,370156.7272,5023121.492,False,May,1,0,0,0,0,0,0,0,0,1,0,0,0,0,0,0,1,0,0
2018-05-23,10:12:00,03,07,01,01,01,,0,357359.4474,5019128.541999999,False,May,0,0,0,0,0,0,0,0,1,0,0,0,0,0,0,0,1,0,0
2018-05-23,11:52:00,03,07,01,01,01,,0,379408.6166,5027582.576,False,May,0,0,0,0,0,0,0,0,1,0,0,0,0,0,0,0,1,0,0
2018-05-23,13:25:00,03,05,01,01,01,01,0,372860.9227,5030578.783,False,May,1,0,0,0,0,0,0,0,0,0,1,0,0,0,0,0,1,0,0
2018-05-23,14:34:00,03,0,01,01,01,,0,359422.0247,5014820.142,False,May,0,0,0,0,0,0,0,0,1,0,0,0,0,0,0,0,1,0,0
2018-05-23,15:15:00,03,03,01,01,01,01,0,351715.44700000004,5019145.433,True,May,1,0,0,0,0,0,0,0,0,1,0,0,0,0,0,0,1,0,0
2018-05-23,15:42:00,03,03,01,01,01,01,0,368248.4415,5032823.976,False,May,1,0,0,0,0,0,0,0,0,1,0,0,0,0,0,0,1,0,0
2018-05-23,16:00:00,03,03,01,01,01,01,0,363311.8547,5016194.409,False,May,1,0,0,0,0,0,0,0,0,1,0,0,0,0,0,0,1,0,0
2018-05-23,16:02:00,03,0,01,01,01,,0,361723.3859,5026320.135,False,May,0,0,0,0,0,0,0,0,1,0,0,0,0,0,0,0,1,0,0
2018-05-23,15:40:00,03,05,01,01,01,01,0,367943.8391,5030868.685,False,May,1,0,0,0,0,0,0,0,0,0,1,0,0,0,0,0,1,0,0
2018-05-23,16:15:00,03,02,01,01,01,,0,371681.1302,5027358.317,False,May,0,0,0,0,0,0,0,0,0,0,0,1,0,0,0,0,1,0,0
2018-05-23,16:23:00,03,05,01,01,01,,0,362883.2345,5026361.96,False,May,0,0,0,0,0,0,0,0,1,0,0,0,0,0,0,0,1,0,0
2018-05-23,16:27:00,03,02,01,01,01,01,0,373568.186,5025878.183,False,May,1,0,0,0,0,0,0,0,0,1,0,0,0,0,0,0,1,0,0
2018-05-23,16:39:00,02,03,01,01,01,,0,373920.3884,5013536.757,False,May,0,0,0,0,0,0,0,0,1,0,0,0,0,0,0,0,1,0,0
2018-05-23,16:53:00,02,05,01,01,01,,0,369557.1512,5033874.107,False,May,0,0,0,0,0,0,0,0,0,0,0,1,0,0,0,0,1,0,0
2018-05-23,17:05:00,02,03,01,01,01,01,0,360006.56299999997,5024632.703,False,May,1,0,0,0,0,0,0,0,0,1,0,0,0,0,0,0,1,0,0
2018-05-23,17:00:00,03,04,01,01,01,01,0,375578.8124,5031439.528,False,May,1,0,0,0,0,0,0,0,0,1,0,0,0,0,0,0,1,0,0
2018-05-23,17:42:00,02,03,01,01,01,,0,368017.3537,5026619.498,False,May,0,0,0,0,0,0,0,0,1,0,0,0,0,0,0,0,1,0,0
2018-05-23,18:15:00,03,03,01,01,01,,0,376427.5779,5034890.533,False,May,0,0,0,0,0,0,0,0,1,0,0,0,0,0,0,0,1,0,0
2018-05-23,18:34:00,03,03,01,01,01,,0,369970.22,5026920.536,False,May,0,0,0,0,0,0,0,0,1,0,0,0,0,0,0,0,1,0,0
2018-05-23,18:31:00,03,03,01,01,01,,0,364304.9702,5027432.261,False,May,0,0,0,0,0,0,0,0,1,0,0,0,0,0,0,0,1,0,0
2018-05-23,18:57:00,03,03,01,01,01,01,0,366575.1828,5025045.625,False,May,1,0,0,0,0,0,0,0,0,1,0,0,0,0,0,0,1,0,0
2018-05-23,18:30:00,03,04,01,01,01,,0,361791.1489,5025757.682,False,May,0,0,0,0,0,0,0,0,1,0,0,0,0,0,0,0,1,0,0
2018-05-23,19:28:00,03,04,01,01,01,,0,382839.8051,5038967.131,False,May,0,0,0,0,0,0,0,0,1,0,0,0,0,0,0,0,1,0,0
2018-05-23,19:47:00,03,05,01,01,01,,0,370464.4042,5025641.913,False,May,0,0,0,0,0,0,0,0,0,0,0,1,0,0,0,0,1,0,0
2018-05-23,20:29:00,03,02,01,05,01,01,0,361909.539,5025370.429,False,May,1,0,0,0,0,0,0,0,0,0,1,0,0,0,0,0,1,0,0
2018-05-23,17:30:00,03,07,01,01,01,01,0,348404.5238,4998730.348,False,May,0,1,0,0,0,0,0,0,0,1,0,0,0,0,0,0,1,0,0
2018-05-23,22:29:00,03,03,01,07,01,01,0,367916.6929,5030562.782,False,May,1,0,0,0,0,0,0,0,0,1,0,0,0,0,0,0,1,0,0
2018-05-24,05:55:00,03,04,01,01,01,,0,375499.3502,5026427.158,False,May,0,0,0,0,0,0,0,0,1,0,0,0,0,0,0,0,1,0,0
2018-05-24,07:14:00,02,03,01,01,01,,0,381586.6131,5035877.732,False,May,0,0,0,0,0,0,0,0,1,0,0,0,0,0,0,0,1,0,0
2018-05-24,08:00:00,03,07,01,01,01,,0,337060.7491,5036940.913,False,May,0,0,0,0,0,0,0,0,1,0,0,0,0,0,0,0,1,0,0
2018-05-13,17:35:00,03,03,01,01,01,01,0,364351.9443,5027337.073,False,May,1,0,0,0,0,0,0,0,0,1,0,0,0,0,0,0,1,0,0
2018-05-24,09:36:00,03,03,01,01,01,00,0,369304.87,5027894.246,False,May,1,0,0,0,0,0,0,0,0,1,0,0,0,0,0,0,1,0,0
2018-05-24,09:50:00,03,02,01,01,01,,0,368315.6963,5029350.222,False,May,0,0,0,0,0,0,0,0,0,0,0,1,0,0,0,0,1,0,0
2018-05-24,10:09:00,02,03,01,01,01,01,0,364172.0394,5014944.82,False,May,1,0,0,0,0,0,0,0,0,1,0,0,0,0,0,0,1,0,0
2018-05-24,11:03:00,02,02,01,01,01,01,0,380940.7444,5036250.58,False,May,1,0,0,0,0,0,0,0,0,0,1,0,0,0,0,0,1,0,0
2018-05-24,11:07:00,03,07,01,01,01,,0,371750.81,5011933.089,False,May,0,0,0,0,0,0,0,0,0,0,0,1,0,0,0,0,1,0,0
2018-05-24,11:13:00,03,04,01,01,01,01,0,376029.4952,5035093.276000001,False,May,1,0,0,0,0,0,0,0,0,0,1,0,0,0,0,0,1,0,0
2018-05-24,11:14:00,03,0,01,01,01,01,0,369012.8809,5032717.183999999,False,May,1,0,0,0,0,0,0,0,0,1,0,0,0,0,0,0,1,0,0
2018-05-24,11:55:00,03,04,01,01,01,01,0,357873.8013,5020928.453,False,May,1,0,0,0,0,0,0,0,0,1,0,0,0,0,0,0,1,0,0
2018-05-24,12:03:00,03,04,01,01,01,,0,373020.6464,5030193.108,False,May,0,0,0,0,0,0,0,0,1,0,0,0,0,0,0,0,1,0,0
2018-05-24,12:11:00,02,05,01,01,01,,0,367909.6124,5030924.766,False,May,0,0,0,0,0,0,0,0,0,0,0,1,0,0,0,0,1,0,0
2018-03-30,,03,06,01,00,01,,0,364545.6288,5028988.925,False,March,0,0,0,0,0,0,0,0,1,0,0,0,0,0,0,0,1,0,0
2018-05-24,13:01:00,03,04,01,01,01,,0,368337.1798,5032129.239,False,May,0,0,0,0,0,0,0,0,1,0,0,0,0,0,0,0,1,0,0
2018-05-24,13:13:00,03,06,01,01,01,,0,350250.1335,5020081.182,False,May,0,0,0,0,0,0,0,0,0,0,0,1,0,0,0,0,1,0,0
2018-05-24,13:46:00,03,03,01,01,01,01,0,349384.9637,5022955.958000001,False,May,1,0,0,0,0,0,0,0,0,1,0,0,0,0,0,0,1,0,0
2018-05-24,14:27:00,03,04,01,01,01,01,0,369995.7788,5026851.751,False,May,1,0,0,0,0,0,0,0,0,1,0,0,0,0,0,0,1,0,0
2018-05-24,15:28:00,03,04,01,01,01,,0,371110.1909,5023757.545,False,May,0,0,0,0,0,0,0,0,1,0,0,0,0,0,0,0,1,0,0
2018-05-24,15:52:00,03,03,01,01,01,01,0,363670.4776,5021246.873,False,May,1,0,0,0,0,0,0,0,0,1,0,0,0,0,0,0,1,0,0
2018-05-24,15:56:00,03,03,01,01,01,01,0,351414.5389,5021779.352,False,May,1,0,0,0,0,0,0,0,0,1,0,0,0,0,0,0,1,0,0
2018-05-17,10:04:00,02,03,01,01,01,,0,358929.0562,5014336.91,False,May,0,0,0,0,0,0,0,0,1,0,0,0,0,0,0,0,1,0,0
2018-05-24,16:38:00,03,02,01,01,01,01,0,372541.7183,5031688.643,True,May,0,1,0,0,0,0,0,0,0,1,0,0,0,0,0,0,1,0,0
2018-05-17,10:05:00,02,03,01,01,01,01,0,370072.5978,5033065.619,False,May,1,0,0,0,0,0,0,0,0,1,0,0,0,0,0,0,1,0,0
2018-05-03,12:50:00,03,05,02,01,02,01,0,369547.8058,5026787.313999999,False,May,1,0,0,0,0,0,0,0,0,1,0,0,0,0,0,0,1,0,0
2018-05-13,21:45:00,03,07,01,07,01,,0,343423.448,5034382.755,False,May,0,0,0,0,0,0,0,0,1,0,0,0,0,0,0,0,1,0,0
2018-05-24,17:14:00,03,02,01,01,01,01,0,350176.5362,5023444.597,False,May,0,1,0,0,0,0,0,0,0,0,1,0,0,0,0,0,1,0,0
2018-05-07,16:15:00,02,03,01,01,01,01,0,373110.529,5032376.943,False,May,1,0,0,0,0,0,0,0,0,1,0,0,0,0,0,0,1,0,0
2018-05-03,13:00:00,03,05,02,01,02,01,0,373569.4129,5029260.274,False,May,1,0,0,0,0,0,0,0,0,0,1,0,0,0,0,0,1,0,0
2018-04-30,09:27:00,02,03,01,01,01,01,0,352207.5719,5017242.847,False,April,1,0,0,0,0,0,0,0,0,1,0,0,0,0,0,0,1,0,0
2018-05-14,00:30:00,02,05,01,07,01,01,0,370492.3285,5026903.006,False,May,1,0,0,0,0,0,0,0,0,0,1,0,0,0,0,0,1,0,0
2018-05-24,17:19:00,03,05,01,01,01,01,0,363723.6551,5015276.614,False,May,1,0,0,0,0,0,0,0,0,0,1,0,0,0,0,0,1,0,0
2018-05-07,16:52:00,03,06,01,01,01,,0,371553.0109,5024524.535,False,May,0,0,0,0,0,0,0,0,0,0,0,1,0,0,0,0,1,0,0
2018-05-17,10:13:00,02,03,01,01,01,,0,364875.9814,5025059.05,False,May,0,0,0,0,0,0,0,0,1,0,0,0,0,0,0,0,1,0,0
2018-05-03,14:11:00,03,03,02,01,02,01,0,368248.8643,5032823.58,False,May,1,0,0,0,0,0,0,0,0,1,0,0,0,0,0,0,1,0,0
2018-04-28,17:32:00,03,03,01,01,01,01,0,373763.6805,5025404.515,False,April,1,0,0,0,0,0,0,0,0,1,0,0,0,0,0,0,1,0,0
2018-05-14,05:04:00,02,07,01,03,01,,0,400729.2678,5029885.054,False,May,0,0,0,0,0,0,0,0,1,0,0,0,0,0,0,0,1,0,0
2018-05-24,09:00:00,03,03,01,01,01,01,0,364351.7009,5027337.549,False,May,1,0,0,0,0,0,0,0,0,1,0,0,0,0,0,0,1,0,0
2018-05-07,17:09:00,03,05,01,01,01,01,0,362073.0031,5025919.133,False,May,1,0,0,0,0,0,0,0,0,0,1,0,0,0,0,0,1,0,0
2018-05-17,10:30:00,03,06,01,01,01,,0,364830.9326,5030211.03,False,May,0,0,0,0,0,0,0,0,1,0,0,0,0,0,0,0,1,0,0
2018-04-26,10:00:00,02,03,02,01,02,01,0,368291.9341,5032754.187,False,April,1,0,0,0,0,0,0,0,0,1,0,0,0,0,0,0,1,0,0
2018-05-03,14:41:00,03,03,02,01,02,01,0,365612.0364,5021942.893999999,False,May,1,0,0,0,0,0,0,0,0,1,0,0,0,0,0,0,1,0,0
2018-05-03,15:11:00,03,07,02,01,02,,0,373080.5674,5020143.932,False,May,0,0,0,0,0,0,0,0,1,0,0,0,0,0,0,0,1,0,0
2018-05-03,15:58:00,03,05,02,01,02,01,0,342336.9579,5031477.73,False,May,1,0,0,0,0,0,0,0,0,0,1,0,0,0,0,0,1,0,0
2018-05-03,16:47:00,03,07,01,01,01,,0,386920.7594,5040469.577,False,May,0,0,0,0,0,0,0,0,0,1,0,0,0,0,0,0,1,0,0
2018-05-03,16:51:00,03,04,01,01,01,01,0,367252.7082,5029796.566000001,False,May,1,0,0,0,0,0,0,0,0,1,0,0,0,0,0,0,1,0,0
2018-05-03,16:59:00,03,05,01,01,01,01,0,374709.6847,5017554.915,False,May,1,0,0,0,0,0,0,0,0,0,1,0,0,0,0,0,1,0,0
2018-05-03,17:02:00,03,02,01,01,01,01,0,362072.8653,5025919.5,False,May,1,0,0,0,0,0,0,0,0,0,1,0,0,0,0,0,1,0,0
2018-05-03,17:07:00,03,02,01,01,02,00,0,372542.1225,5031688.239,True,May,0,1,0,0,0,0,0,0,0,1,0,0,0,0,0,0,1,0,0
2018-05-02,17:19:00,03,04,01,01,01,,0,376216.4141,5034896.822,False,May,0,0,0,0,0,0,0,0,1,0,0,0,0,0,0,0,1,0,0
2018-05-03,17:21:00,02,02,02,01,02,01,0,381250.8832,5022943.4,False,May,0,1,0,0,0,0,0,0,0,0,1,0,0,0,0,0,1,0,0
2018-05-03,17:20:00,03,0,01,01,02,,0,349270.03799999994,5015773.73,False,May,0,0,0,0,0,0,0,0,1,0,0,0,0,0,0,0,1,0,0
2018-05-03,17:45:00,03,02,02,01,02,01,0,360496.7958,5024942.646000001,False,May,1,0,0,0,0,0,0,0,0,0,1,0,0,0,0,0,1,0,0
2018-05-03,18:20:00,03,05,02,01,02,,0,370042.7126,5033047.5,False,May,0,0,0,0,0,0,0,0,0,0,0,1,0,0,0,0,1,0,0
2018-05-03,19:59:00,03,03,01,01,01,00,0,367869.0321,5032130.745,False,May,1,0,0,0,0,0,0,0,0,1,0,0,0,0,0,0,1,0,0
2018-05-04,00:59:00,03,02,01,07,01,,0,368017.7127,5032583.455,False,May,0,0,0,0,0,0,0,0,0,0,0,1,0,0,0,0,1,0,0
2018-05-04,01:23:00,03,06,01,07,01,,0,365524.7368,5028410.885,False,May,0,0,0,0,0,0,0,0,1,0,0,0,0,0,0,0,1,0,0
2018-05-04,07:58:00,03,03,01,01,01,01,0,373763.5697,5025404.539,False,May,1,0,0,0,0,0,0,0,0,1,0,0,0,0,0,0,1,0,0
2018-05-03,22:30:00,03,06,01,07,01,,0,356010.67799999996,5015570.635,False,May,0,0,0,0,0,0,0,0,0,0,0,1,0,0,0,0,1,0,0
2018-05-03,22:00:00,03,06,02,07,02,,0,370768.6021,5032148.848999999,False,May,0,0,0,0,0,0,0,0,1,0,0,0,0,0,0,0,1,0,0
2018-05-04,10:22:00,03,04,01,01,01,,0,369691.902,5034089.978,False,May,0,0,0,0,0,0,0,0,1,0,0,0,0,0,0,0,1,0,0
2018-05-04,11:05:00,03,07,01,01,01,,0,365296.0456,5013172.419,False,May,0,0,0,0,0,0,0,0,1,0,0,0,0,0,0,0,1,0,0
2018-05-04,12:13:00,02,03,02,01,02,01,0,366873.3802,5026438.761,False,May,1,0,0,0,0,0,0,0,0,1,0,0,0,0,0,0,1,0,0
2018-05-03,14:30:00,03,03,02,01,02,01,0,361479.3976,5020502.509,False,May,1,0,0,0,0,0,0,0,0,1,0,0,0,0,0,0,1,0,0
2018-05-04,13:20:00,02,03,02,01,02,01,0,351269.6747,5018181.502,False,May,1,0,0,0,0,0,0,0,0,1,0,0,0,0,0,0,1,0,0
2018-05-04,13:23:00,02,07,02,01,02,01,1,364631.8301,5014953.584,False,May,1,0,0,0,0,0,0,0,0,1,0,0,0,0,0,0,1,0,0
2018-05-04,13:29:00,03,02,02,01,02,01,0,373630.7377,5020104.491,False,May,0,1,0,0,0,0,0,0,0,0,1,0,0,0,0,0,1,0,0
2018-05-04,13:30:00,02,02,02,01,02,,0,370083.9703,5026614.447,False,May,0,0,0,0,0,0,0,0,0,0,0,1,0,0,0,0,1,0,0
2018-05-04,13:35:00,03,03,01,01,01,01,0,369225.3447,5027983.699,False,May,1,0,0,0,0,0,0,0,0,1,0,0,0,0,0,0,1,0,0
2018-05-04,13:43:00,03,03,02,01,02,,0,333932.7868,5014449.748,False,May,0,0,0,0,0,0,0,0,0,0,0,1,0,0,0,0,1,0,0
2018-05-04,14:00:00,03,05,02,01,02,00,0,363078.6733,5026146.091,False,May,0,1,0,0,0,0,0,0,0,1,0,0,0,0,0,0,1,0,0
2018-05-04,14:35:00,02,05,02,01,02,01,0,351107.3737,5022026.784,False,May,1,0,0,0,0,0,0,0,0,0,1,0,0,0,0,0,1,0,0
2018-05-04,16:33:00,03,04,01,01,01,,0,363017.2532,5026302.548,False,May,0,0,0,0,0,0,0,0,1,0,0,0,0,0,0,0,1,0,0
2018-05-04,15:48:00,03,03,02,01,02,,0,355601.219,5013538.509,False,May,0,0,0,0,0,0,0,0,1,0,0,0,0,0,0,0,1,0,0
2018-05-04,16:06:00,03,07,01,01,01,,0,359025.0564,5008473.901000001,False,May,0,0,0,0,0,0,0,0,1,0,0,0,0,0,0,0,1,0,0
2018-05-04,16:12:00,03,03,01,01,02,01,0,375357.8716,5021618.825,False,May,1,0,0,0,0,0,0,0,0,1,0,0,0,0,0,0,1,0,0
2018-05-04,16:53:00,03,03,02,01,02,00,0,353891.0318,5023314.117,False,May,0,1,0,0,0,0,0,0,0,1,0,0,0,0,0,0,1,0,0
2018-05-04,17:07:00,02,05,01,01,01,01,0,367601.7633,5033361.459,False,May,1,0,0,0,0,0,0,0,0,0,1,0,0,0,0,0,1,0,0
2018-05-04,17:10:00,03,03,01,01,02,01,0,383951.5535,5036159.6389999995,False,May,1,0,0,0,0,0,0,0,0,1,0,0,0,0,0,0,1,0,0
2018-05-04,17:17:00,02,07,01,01,01,01,1,370332.7134,5033213.586,False,May,1,0,0,0,0,0,0,0,0,0,1,0,0,0,0,0,1,0,0
2018-05-04,14:00:00,03,05,02,01,02,01,0,352323.9522,5017351.117,False,May,1,0,0,0,0,0,0,0,0,0,1,0,0,0,0,0,1,0,0
2018-05-04,17:10:00,03,03,02,01,02,,0,376488.5394,5035018.7360000005,False,May,0,0,0,0,0,0,0,0,1,0,0,0,0,0,0,0,1,0,0
2018-05-04,18:25:00,03,03,06,01,01,01,0,349262.7164,5024061.7360000005,False,May,1,0,0,0,0,0,0,0,0,1,0,0,0,0,0,0,1,0,0
2018-05-04,19:06:00,03,03,01,01,02,,0,376427.8477,5034888.739,False,May,0,0,0,0,0,0,0,0,1,0,0,0,0,0,0,0,1,0,0
2018-05-04,19:16:00,03,05,01,01,01,,0,350820.239,5018927.858,False,May,0,0,0,0,0,0,0,0,0,0,0,1,0,0,0,0,1,0,0
2018-05-04,21:32:00,03,07,06,07,01,,0,366128.3397,5026121.299,False,May,0,0,0,0,0,0,0,0,1,0,0,0,0,0,0,0,1,0,0
2018-05-04,21:46:00,03,07,06,07,01,,0,377553.469,5016404.164,False,May,0,0,0,0,0,0,0,0,1,0,0,0,0,0,0,0,1,0,0
2018-05-04,22:21:00,02,07,06,07,01,,0,380314.5263,5020050.621,False,May,0,0,0,0,0,0,0,0,1,0,0,0,0,0,0,0,1,0,0