DATE,TIME,CLASS_OF_ACCIDENT,IMPACT_TYPE,ENVIRONMENT,LIGHT,ROAD_SURFACE_CONDITION,TRAFFIC_CONTROL_CONDITION,NO_OF_PEDESTRIANS,X,Y,Highway,Month,categorical_TRAFFIC_CONTROL_01,categorical_TRAFFIC_CONTROL_02,categorical_TRAFFIC_CONTROL_03,categorical_TRAFFIC_CONTROL_04,categorical_TRAFFIC_CONTROL_07,categorical_TRAFFIC_CONTROL_08,categorical_TRAFFIC_CONTROL_09,categorical_TRAFFIC_CONTROL_11,categorical_ACCIDENT_LOCATION_01,categorical_ACCIDENT_LOCATION_02,categorical_ACCIDENT_LOCATION_03,categorical_ACCIDENT_LOCATION_04,categorical_ACCIDENT_LOCATION_05,categorical_ACCIDENT_LOCATION_06,categorical_ACCIDENT_LOCATION_07,categorical_Seasons_Fall,categorical_Seasons_Spring,categorical_Seasons_Summer,categorical_Seasons_Winter
2018-05-04,22:55:00,02,02,01,07,01,02,0,383696.7885,5010121.407,False,May,1,0,0,0,0,0,0,0,0,1,0,0,0,0,0,0,1,0,0
2018-05-04,23:21:00,02,03,01,07,01,,0,351027.6728,5019292.454,False,May,0,0,0,0,0,0,0,0,1,0,0,0,0,0,0,0,1,0,0
2018-05-05,00:12:00,03,07,06,07,01,,0,395996.8407,5028492.911,False,May,0,0,0,0,0,0,0,0,1,0,0,0,0,0,0,0,1,0,0
2018-05-05,01:38:00,02,05,01,07,01,01,0,376683.7476,5028863.71,False,May,0,1,0,0,0,0,0,0,0,0,1,0,0,0,0,0,1,0,0
2018-05-05,02:37:00,03,07,01,07,01,,0,367754.7068,5032323.952,False,May,0,0,0,0,0,0,0,0,1,0,0,0,0,0,0,0,1,0,0
2018-05-05,08:02:00,02,03,01,01,01,02,0,368840.1969,5015287.91,False,May,1,0,0,0,0,0,0,0,0,1,0,0,0,0,0,0,1,0,0
2018-05-05,08:03:00,03,02,01,01,01,01,0,385690.0813,5038071.501,False,May,1,0,0,0,0,0,0,0,0,0,1,0,0,0,0,0,1,0,0
2018-05-05,08:15:00,02,03,01,01,01,02,0,368217.41799999995,5024423.965,False,May,1,0,0,0,0,0,0,0,0,0,1,0,0,0,0,0,1,0,0
2018-05-05,09:11:00,03,05,01,01,01,01,0,367850.5048,5031711.846,False,May,1,0,0,0,0,0,0,0,0,0,1,0,0,0,0,0,1,0,0
2018-05-05,09:15:00,03,07,06,01,02,,0,363734.1684,5010179.725,False,May,0,0,0,0,0,0,0,0,1,0,0,0,0,0,0,0,1,0,0
2018-05-05,01:30:00,03,04,06,07,02,,0,363016.9836,5022822.815,False,May,0,0,0,0,0,0,0,0,1,0,0,0,0,0,0,0,1,0,0
2018-05-05,11:44:00,02,02,01,01,01,01,0,351615.2901,5019224.522,True,May,1,0,0,0,0,0,0,0,0,0,1,0,0,0,0,0,1,0,0
2018-05-05,12:37:00,03,03,01,01,01,01,0,365626.8789,5027296.924,False,May,1,0,0,0,0,0,0,0,0,1,0,0,0,0,0,0,1,0,0
2018-05-05,12:36:00,03,03,01,01,01,,0,364530.6842,5024485.862,False,May,0,0,0,0,0,0,0,0,1,0,0,0,0,0,0,0,1,0,0
2018-05-05,13:16:00,03,03,01,01,01,02,0,367161.4719,5023942.608,False,May,1,0,0,0,0,0,0,0,0,1,0,0,0,0,0,0,1,0,0
2018-05-05,14:20:00,03,03,01,01,01,,0,352334.4071,5017360.698,False,May,0,0,0,0,0,0,0,0,1,0,0,0,0,0,0,0,1,0,0
2018-05-05,15:43:00,02,03,01,01,01,,0,353901.2289,5015375.196,False,May,0,0,0,0,0,0,0,0,1,0,0,0,0,0,0,0,1,0,0
2018-05-05,15:13:00,02,05,01,01,01,00,0,367526.3037,5030815.202,False,May,1,0,0,0,0,0,0,0,0,0,1,0,0,0,0,0,1,0,0
2018-05-05,15:15:00,03,03,01,01,01,01,0,351314.8617,5019659.034,False,May,0,1,0,0,0,0,0,0,0,1,0,0,0,0,0,0,1,0,0
2018-05-05,15:13:00,03,04,01,01,01,01,0,380969.7369,5037201.591,False,May,1,0,0,0,0,0,0,0,0,1,0,0,0,0,0,0,1,0,0
2018-05-05,16:05:00,03,02,01,01,01,,0,382627.9281,5035592.142,False,May,0,0,0,0,0,0,0,0,0,0,0,1,0,0,0,0,1,0,0
2018-05-05,11:51:00,03,03,01,01,01,01,0,367700.5381,5028729.606000001,False,May,1,0,0,0,0,0,0,0,0,1,0,0,0,0,0,0,1,0,0
2018-05-05,18:03:00,03,04,01,01,01,01,0,368448.7065,5030399.565,True,May,1,0,0,0,0,0,0,0,0,1,0,0,0,0,0,0,1,0,0
2018-05-05,18:14:00,03,02,01,01,01,01,0,372748.7196,5032170.586,False,May,1,0,0,0,0,0,0,0,0,1,0,0,0,0,0,0,1,0,0
2018-05-05,18:21:00,02,03,01,01,01,,0,372304.9733,5024480.548,False,May,0,0,0,0,0,0,0,0,0,0,0,1,0,0,0,0,1,0,0
2018-05-05,21:26:00,03,02,01,07,01,,0,364955.1791,5023503.024,False,May,0,0,0,0,0,0,0,0,0,0,0,1,0,0,0,0,1,0,0
2018-05-05,22:25:00,03,07,01,07,01,,0,371555.3628,5033822.258,False,May,0,0,0,0,0,0,0,0,0,0,0,1,0,0,0,0,1,0,0
2018-05-06,11:01:00,03,03,01,01,01,01,0,361107.1303,5021364.495,False,May,1,0,0,0,0,0,0,0,0,1,0,0,0,0,0,0,1,0,0
2018-05-06,11:52:00,02,07,01,01,01,,0,362811.9163,5009331.58,False,May,0,0,0,0,0,0,0,0,1,0,0,0,0,0,0,0,1,0,0
2018-05-06,12:20:00,03,03,01,01,01,01,0,369324.7836,5029412.193,False,May,0,1,0,0,0,0,0,0,0,1,0,0,0,0,0,0,1,0,0
2018-05-05,21:00:00,03,03,01,07,01,,0,368599.9186,5031585.405,False,May,0,0,0,0,0,0,0,0,1,0,0,0,0,0,0,0,1,0,0
2018-05-06,12:40:00,03,03,01,01,01,01,0,359058.7644,5022748.867,False,May,1,0,0,0,0,0,0,0,0,1,0,0,0,0,0,0,1,0,0
2018-05-06,13:58:00,02,07,01,01,01,,0,370548.7591,5030440.451,False,May,0,0,0,0,0,0,0,0,1,0,0,0,0,0,0,0,1,0,0
2018-05-06,13:30:00,03,03,01,01,01,01,0,372093.2041,5032472.92,False,May,1,0,0,0,0,0,0,0,0,1,0,0,0,0,0,0,1,0,0
2018-05-06,16:07:00,02,01,01,01,01,,0,365863.23600000003,5021618.795,False,May,0,0,0,0,0,0,0,0,1,0,0,0,0,0,0,0,1,0,0
2018-05-06,20:37:00,03,07,01,05,01,,0,359358.2653,4982549.428,False,May,0,0,0,0,0,0,0,0,0,0,0,1,0,0,0,0,1,0,0
2018-05-07,07:45:00,03,02,01,01,01,01,0,368494.0512,5030671.686000001,False,May,1,0,0,0,0,0,0,0,0,0,1,0,0,0,0,0,1,0,0
2018-05-07,07:52:00,02,02,01,01,01,01,0,341929.9075,5002318.073,False,May,0,1,0,0,0,0,0,0,0,0,1,0,0,0,0,0,1,0,0
2018-05-07,08:25:00,03,03,01,01,01,01,0,375357.0858,5021619.4860000005,False,May,1,0,0,0,0,0,0,0,0,1,0,0,0,0,0,0,1,0,0
2018-05-07,08:44:00,03,04,01,01,01,01,0,370363.7107,5031957.585,False,May,1,0,0,0,0,0,0,0,0,1,0,0,0,0,0,0,1,0,0
2018-05-07,09:44:00,03,07,01,01,01,,0,347833.5697,4998220.148,False,May,0,0,0,0,0,0,0,0,1,0,0,0,0,0,0,0,1,0,0
2018-05-05,,03,06,01,00,01,,0,385664.13200000004,5034910.594,False,May,0,0,0,0,0,0,0,0,1,0,0,0,0,0,0,0,1,0,0
2018-05-07,10:54:00,03,05,01,01,01,00,0,370882.5865,5024858.977,False,May,0,1,0,0,0,0,0,0,0,1,0,0,0,0,0,0,1,0,0
2018-04-21,,03,06,01,00,01,,0,361639.4941,5024040.953,False,April,0,0,0,0,0,0,0,0,1,0,0,0,0,0,0,0,1,0,0
2018-05-07,11:45:00,03,03,01,01,01,01,0,376125.1264,5034853.739,False,May,1,0,0,0,0,0,0,0,0,1,0,0,0,0,0,0,1,0,0
2018-05-07,12:13:00,03,03,01,01,01,01,0,380940.4345,5036250.913,False,May,1,0,0,0,0,0,0,0,0,0,1,0,0,0,0,0,1,0,0
2018-05-07,14:45:00,03,04,01,01,01,,0,368414.8302,5031829.194,False,May,0,0,0,0,0,0,0,0,1,0,0,0,0,0,0,0,1,0,0
2018-05-07,12:50:00,03,02,01,01,01,01,0,365336.1191,5028846.039,True,May,1,0,0,0,0,0,0,0,0,0,1,0,0,0,0,0,1,0,0
2018-05-07,15:22:00,03,04,01,01,01,,0,362545.7931,5023780.52,False,May,0,0,0,0,0,0,0,0,1,0,0,0,0,0,0,0,1,0,0
2018-05-10,12:58:00,03,03,02,01,02,01,0,381117.04799999995,5036287.37,False,May,1,0,0,0,0,0,0,0,0,1,0,0,0,0,0,0,1,0,0
2018-05-14,06:18:00,03,05,01,01,01,01,0,374709.6579,5017555.397,False,May,1,0,0,0,0,0,0,0,0,1,0,0,0,0,0,0,1,0,0
2018-05-10,13:19:00,03,02,01,01,01,01,0,373829.8557,5031519.151000001,False,May,1,0,0,0,0,0,0,0,0,0,1,0,0,0,0,0,1,0,0
2018-04-25,11:12:00,03,04,02,01,02,01,0,369225.7158,5027983.545,False,April,1,0,0,0,0,0,0,0,0,1,0,0,0,0,0,0,1,0,0
2018-05-07,17:21:00,03,03,01,01,01,,0,352674.4281,5020848.151000001,True,May,0,0,0,0,0,0,0,0,1,0,0,0,0,0,0,0,1,0,0
2018-05-17,08:35:00,02,02,01,01,01,01,0,365176.5582,5016074.595,False,May,0,1,0,0,0,0,0,0,0,0,1,0,0,0,0,0,1,0,0
2018-05-24,17:37:00,02,02,01,01,01,01,0,364894.70399999997,5027700.544,False,May,1,0,0,0,0,0,0,0,0,0,1,0,0,0,0,0,1,0,0
2018-04-26,11:51:00,03,02,01,01,01,01,0,366918.7484,5024209.63,False,April,1,0,0,0,0,0,0,0,0,0,1,0,0,0,0,0,1,0,0
2018-04-30,10:18:00,03,05,01,01,01,,0,364542.8583,5014902.898,False,April,0,0,0,0,0,0,0,0,0,0,0,1,0,0,0,0,1,0,0
2018-05-14,07:49:00,03,07,01,01,01,,0,332194.7961,5016315.094,False,May,0,0,0,0,0,0,0,0,1,0,0,0,0,0,0,0,1,0,0
2018-05-07,17:44:00,03,03,01,01,01,,0,374621.1426,5032687.855,True,May,0,0,0,0,0,0,0,0,1,0,0,0,0,0,0,0,1,0,0
2018-05-24,18:47:00,03,05,01,01,01,01,0,364535.5022,5025001.277,False,May,1,0,0,0,0,0,0,0,0,1,0,0,0,0,0,0,1,0,0
2018-05-17,11:21:00,03,07,01,01,01,01,0,375257.7356,5028784.538,False,May,1,0,0,0,0,0,0,0,0,1,0,0,0,0,0,0,1,0,0
2018-04-26,12:11:00,02,02,01,01,01,01,0,350724.0811,5012792.03,False,April,0,1,0,0,0,0,0,0,0,0,1,0,0,0,0,0,1,0,0
2018-04-30,11:31:00,02,07,01,01,01,01,2,363593.68799999997,5024409.526000001,False,April,1,0,0,0,0,0,0,0,0,1,0,0,0,0,0,0,1,0,0
2018-05-13,,03,06,01,00,01,,0,365829.1003,5014675.16,False,May,0,0,0,0,0,0,0,0,1,0,0,0,0,0,0,0,1,0,0
2018-05-07,,03,06,01,00,01,,0,367713.1156,5031128.808999999,False,May,0,0,0,0,0,0,0,0,1,0,0,0,0,0,0,0,1,0,0
2018-05-24,18:53:00,03,05,01,01,01,,0,371929.2308,5024171.181,False,May,0,0,0,0,0,0,0,0,0,0,0,1,0,0,0,0,1,0,0
2018-05-17,11:33:00,02,03,01,01,01,01,0,352207.571,5017242.569,False,May,1,0,0,0,0,0,0,0,0,1,0,0,0,0,0,0,1,0,0
2018-04-26,12:16:00,03,04,02,01,02,01,0,375047.7244,5031119.563999999,False,April,1,0,0,0,0,0,0,0,0,1,0,0,0,0,0,0,1,0,0
2018-04-30,05:00:00,03,07,01,07,01,,0,335203.3743,5027251.326,False,April,0,0,0,0,0,0,0,0,1,0,0,0,0,0,0,0,1,0,0
2018-05-14,10:18:00,03,02,01,01,01,01,0,368184.7104,5030485.573,False,May,1,0,0,0,0,0,0,0,0,0,1,0,0,0,0,0,1,0,0
2018-05-07,17:45:00,03,05,01,01,01,,0,367162.6719,5023983.018999999,False,May,0,0,0,0,0,0,0,0,0,0,0,1,0,0,0,0,1,0,0
2018-05-07,17:49:00,03,03,01,01,01,01,0,373099.8358,5030005.799,False,May,1,0,0,0,0,0,0,0,0,1,0,0,0,0,0,0,1,0,0
2018-05-07,17:53:00,03,03,01,01,01,01,0,366166.2908,5026029.09,False,May,1,0,0,0,0,0,0,0,0,1,0,0,0,0,0,0,1,0,0
2018-05-07,18:21:00,03,02,01,01,01,,0,371909.4346,5024125.596,False,May,0,0,0,0,0,0,0,0,0,0,0,1,0,0,0,0,1,0,0
2018-05-07,19:00:00,02,05,01,01,01,01,0,366813.9289,5015028.041,False,May,1,0,0,0,0,0,0,0,0,1,0,0,0,0,0,0,1,0,0
2018-05-07,22:04:00,03,07,01,07,01,,0,366969.273,5029843.421,False,May,0,0,0,0,0,0,0,0,1,0,0,0,0,0,0,0,1,0,0
2018-05-07,22:09:00,03,04,01,07,01,,0,365111.8315,5017918.351,False,May,0,0,0,0,0,0,0,0,1,0,0,0,0,0,0,0,1,0,0
2018-05-07,22:29:00,02,05,01,07,01,01,0,363934.203,5014784.495,False,May,1,0,0,0,0,0,0,0,0,0,1,0,0,0,0,0,1,0,0
2018-05-08,00:14:00,03,03,01,07,01,01,0,368442.222,5027266.376,False,May,0,0,1,0,0,0,0,0,0,1,0,0,0,0,0,0,1,0,0
2018-05-08,01:49:00,03,07,01,07,01,,0,385691.5157,5035881.978,False,May,0,0,0,0,0,0,0,0,1,0,0,0,0,0,0,0,1,0,0
2018-05-08,05:33:00,02,07,01,03,01,,0,364374.5856,5001658.4,False,May,0,0,0,0,0,0,0,0,1,0,0,0,0,0,0,0,1,0,0
2018-05-08,06:07:00,02,06,01,01,01,,0,350241.7026,5011945.491,False,May,0,0,0,0,0,0,0,0,1,0,0,0,0,0,0,0,1,0,0
2018-05-08,07:44:00,03,03,01,01,01,01,0,368108.6036,5027766.199,False,May,1,0,0,0,0,0,0,0,0,1,0,0,0,0,0,0,1,0,0
2018-05-08,08:00:00,03,04,01,01,01,01,0,365090.6441,5012122.311000001,False,May,0,1,0,0,0,0,0,0,0,1,0,0,0,0,0,0,1,0,0
2018-05-08,07:30:00,03,03,01,01,01,00,0,376954.77200000006,5017844.496,False,May,1,0,0,0,0,0,0,0,0,1,0,0,0,0,0,0,1,0,0
2018-05-08,09:21:00,03,03,01,01,01,,0,361374.41,5020428.186000001,False,May,0,0,0,0,0,0,0,0,1,0,0,0,0,0,0,0,1,0,0
2018-05-10,13:28:00,03,02,01,01,01,01,0,367102.7041,5031152.587,False,May,1,0,0,0,0,0,0,0,0,0,1,0,0,0,0,0,1,0,0
2018-05-08,10:20:00,03,04,01,01,01,01,0,368372.092,5031992.7069999995,False,May,1,0,0,0,0,0,0,0,0,1,0,0,0,0,0,0,1,0,0
2018-05-08,10:09:00,02,06,01,01,01,,0,383660.8977,5037718.074,False,May,0,0,0,0,0,0,0,0,1,0,0,0,0,0,0,0,1,0,0
2018-05-08,10:26:00,02,03,01,01,01,01,0,364008.1663,5014602.4969999995,False,May,1,0,0,0,0,0,0,0,0,1,0,0,0,0,0,0,1,0,0
2018-05-08,10:28:00,03,06,01,01,01,,0,350231.2586,5024235.633,False,May,0,0,0,0,0,0,0,0,0,0,0,1,0,0,0,0,1,0,0
2018-05-07,17:25:00,03,0,01,01,01,01,0,363670.3161,5021246.952,False,May,1,0,0,0,0,0,0,0,0,1,0,0,0,0,0,0,1,0,0
2018-05-08,11:30:00,03,04,01,01,01,01,0,367948.7101,5030487.573,False,May,0,1,0,0,0,0,0,0,0,0,1,0,0,0,0,0,1,0,0
2018-05-08,12:15:00,03,03,01,01,01,01,0,383951.3614,5036159.43,False,May,1,0,0,0,0,0,0,0,0,1,0,0,0,0,0,0,1,0,0
2018-05-08,12:16:00,02,03,01,01,01,01,0,367916.4947,5030562.337,False,May,1,0,0,0,0,0,0,0,0,0,1,0,0,0,0,0,1,0,0
2018-05-07,22:00:00,03,06,01,07,01,,0,350242.7224,5020084.415,False,May,0,0,0,0,0,0,0,0,1,0,0,0,0,0,0,0,1,0,0
2018-05-08,12:37:00,03,03,01,01,01,01,0,357066.56,5020455.885,False,May,1,0,0,0,0,0,0,0,0,1,0,0,0,0,0,0,1,0,0
2018-05-07,17:45:00,03,03,01,01,01,01,0,361584.7857,5026654.57,False,May,1,0,0,0,0,0,0,0,0,1,0,0,0,0,0,0,1,0,0
2018-05-08,13:30:00,03,05,01,01,01,01,0,372465.6209,5030279.972,False,May,1,0,0,0,0,0,0,0,0,0,1,0,0,0,0,0,1,0,0
2018-05-08,14:56:00,03,05,01,01,01,,0,353656.364,5023167.633,False,May,0,0,0,0,0,0,0,0,0,0,0,1,0,0,0,0,1,0,0
2018-05-08,15:22:00,03,05,01,01,01,01,0,380155.6516,5036667.037,False,May,1,0,0,0,0,0,0,0,0,0,1,0,0,0,0,0,1,0,0
2018-05-08,16:14:00,03,03,01,01,01,01,0,366153.1628,5020632.731000001,False,May,0,1,0,0,0,0,0,0,0,1,0,0,0,0,0,0,1,0,0
2018-05-08,16:21:00,02,05,01,01,01,01,0,368597.7823,5031948.89,False,May,1,0,0,0,0,0,0,0,0,0,1,0,0,0,0,0,1,0,0
2018-05-08,16:30:00,03,05,01,01,01,00,0,389107.9462,5038303.56,False,May,0,1,0,0,0,0,0,0,0,1,0,0,0,0,0,0,1,0,0
2018-05-08,16:49:00,03,03,01,01,01,01,0,364858.4765,5023725.587,False,May,1,0,0,0,0,0,0,0,0,1,0,0,0,0,0,0,1,0,0
2018-05-08,17:01:00,03,04,01,01,01,01,0,375507.7494,5026406.529,False,May,1,0,0,0,0,0,0,0,0,1,0,0,0,0,0,0,1,0,0
2018-05-08,17:37:00,03,03,01,01,01,01,0,367035.0292,5030997.867,False,May,1,0,0,0,0,0,0,0,0,1,0,0,0,0,0,0,1,0,0
2018-05-08,16:10:00,03,03,01,01,01,01,0,372222.5394,5034143.824,False,May,1,0,0,0,0,0,0,0,0,1,0,0,0,0,0,0,1,0,0
2018-05-08,18:30:00,03,05,01,01,01,01,0,375399.7565,5014484.455,False,May,1,0,0,0,0,0,0,0,0,0,1,0,0,0,0,0,1,0,0
2018-05-08,19:08:00,02,07,01,01,01,01,1,368739.7072,5032034.5819999995,False,May,1,0,0,0,0,0,0,0,0,0,1,0,0,0,0,0,1,0,0
2018-05-08,19:15:00,02,07,01,01,01,01,1,371033.7298,5026354.534,False,May,1,0,0,0,0,0,0,0,0,0,1,0,0,0,0,0,1,0,0
2018-05-08,19:30:00,03,04,01,01,01,01,0,366106.1543,5015395.149,False,May,1,0,0,0,0,0,0,0,0,1,0,0,0,0,0,0,1,0,0
2018-05-08,20:00:00,03,04,01,01,01,01,0,365612.6954,5021942.499,False,May,1,0,0,0,0,0,0,0,0,1,0,0,0,0,0,0,1,0,0
2018-05-08,20:42:00,03,03,01,07,01,01,0,368194.4745,5022793.7930000005,False,May,1,0,0,0,0,0,0,0,0,1,0,0,0,0,0,0,1,0,0
2018-05-08,21:30:00,03,04,01,07,01,01,0,364275.6919,5027493.533,False,May,1,0,0,0,0,0,0,0,0,1,0,0,0,0,0,0,1,0,0
2018-05-09,02:42:00,02,07,01,07,01,,0,367967.9729,5017424.677,False,May,0,0,0,0,0,0,0,0,1,0,0,0,0,0,0,0,1,0,0
2018-05-09,05:07:00,03,07,01,03,01,,0,370470.5022,5029656.054,False,May,0,0,0,0,0,0,0,0,1,0,0,0,0,0,0,0,1,0,0
2018-05-09,05:27:00,03,07,01,03,01,01,0,358137.6649,5021086.476,False,May,1,0,0,0,0,0,0,0,0,0,1,0,0,0,0,0,1,0,0
2018-05-09,07:00:00,03,04,01,01,01,01,0,364929.7014,5029153.555,False,May,1,0,0,0,0,0,0,0,0,1,0,0,0,0,0,0,1,0,0
2018-05-09,07:22:00,02,07,01,01,01,01,0,389860.7737,5042617.563999999,False,May,1,0,0,0,0,0,0,0,0,0,1,0,0,0,0,0,1,0,0
2018-05-09,07:58:00,02,06,01,01,01,,0,374833.3599,5020171.357,False,May,0,0,0,0,0,0,0,0,1,0,0,0,0,0,0,0,1,0,0
2018-05-09,08:27:00,03,07,01,01,01,,0,370933.0808,5032033.02,False,May,0,0,0,0,0,0,0,0,1,0,0,0,0,0,0,0,1,0,0
2018-05-09,08:00:00,03,03,01,01,01,01,0,368970.5706,5030632.947,False,May,1,0,0,0,0,0,0,0,0,1,0,0,0,0,0,0,1,0,0
2018-05-09,08:43:00,03,03,01,01,01,01,0,371696.5633,5032427.05,False,May,1,0,0,0,0,0,0,0,0,1,0,0,0,0,0,0,1,0,0
2018-05-09,09:02:00,03,05,01,01,01,00,0,372560.7731,5017440.522,False,May,0,1,0,0,0,0,0,0,0,1,0,0,0,0,0,0,1,0,0
2018-05-09,09:12:00,03,05,01,01,01,,0,370808.1325,5030447.859,False,May,0,0,0,0,0,0,0,0,0,0,0,1,0,0,0,0,1,0,0
2018-05-08,10:45:00,03,0,01,01,01,,0,373021.2112,5030638.286,False,May,0,0,0,0,0,0,0,0,1,0,0,0,0,0,0,0,1,0,0
2018-05-09,09:21:00,03,05,01,01,01,01,0,365507.95200000005,5028451.506,False,May,1,0,0,0,0,0,0,0,0,1,0,0,0,0,0,0,1,0,0
2018-05-09,08:30:00,03,03,01,01,01,01,0,362206.0428,5024626.2,True,May,0,0,1,0,0,0,0,0,0,1,0,0,0,0,0,0,1,0,0
2018-05-09,11:01:00,03,03,01,01,01,01,0,362550.2955,5023770.59,False,May,1,0,0,0,0,0,0,0,0,1,0,0,0,0,0,0,1,0,0
2018-05-09,,03,06,01,00,01,,0,365034.862,5029329.24,False,May,0,0,0,0,0,0,0,0,1,0,0,0,0,0,0,0,1,0,0
2018-05-09,13:11:00,03,0,01,01,01,01,0,363056.7287,5022731.12,False,May,1,0,0,0,0,0,0,0,0,0,1,0,0,0,0,0,1,0,0
2018-05-09,13:21:00,03,04,01,01,01,01,0,364275.6922,5027493.534,False,May,1,0,0,0,0,0,0,0,0,1,0,0,0,0,0,0,1,0,0
2018-05-09,13:24:00,03,0,01,01,01,,0,352790.8154,5002590.501,False,May,0,0,0,0,0,0,0,0,1,0,0,0,0,0,0,0,1,0,0
2018-05-09,14:55:00,03,06,01,01,01,01,0,364929.6022,5029153.575,False,May,1,0,0,0,0,0,0,0,0,0,1,0,0,0,0,0,1,0,0
2018-05-09,14:56:00,03,04,01,01,01,01,0,375194.7346,5032311.569,False,May,1,0,0,0,0,0,0,0,0,1,0,0,0,0,0,0,1,0,0
2018-05-09,15:06:00,02,02,01,01,01,01,0,369558.9153,5034076.72,False,May,0,1,0,0,0,0,0,0,0,0,1,0,0,0,0,0,1,0,0
2018-05-09,15:10:00,03,04,01,01,01,01,0,368970.7092,5030632.567,False,May,1,0,0,0,0,0,0,0,0,1,0,0,0,0,0,0,1,0,0
2018-05-09,12:40:00,03,03,01,01,01,,0,371575.2486,5033831.794,False,May,0,0,0,0,0,0,0,0,0,0,0,1,0,0,0,0,1,0,0
2018-05-09,16:03:00,02,05,01,01,01,01,0,372146.1693,5034108.97,False,May,1,0,0,0,0,0,0,0,0,0,1,0,0,0,0,0,1,0,0
2018-05-09,16:06:00,02,07,01,01,01,,0,370585.3859,5025356.187,False,May,0,0,0,0,0,0,0,0,0,0,0,0,0,1,0,0,1,0,0
2018-05-09,16:18:00,03,03,01,01,01,01,0,362495.6048,5023913.225,False,May,1,0,0,0,0,0,0,0,0,1,0,0,0,0,0,0,1,0,0
2018-05-09,16:24:00,03,03,01,01,01,01,0,381470.8068,5033199.085,False,May,1,0,0,0,0,0,0,0,0,1,0,0,0,0,0,0,1,0,0
2018-05-09,17:24:00,03,03,01,01,01,01,0,359058.5486,5022748.858,False,May,1,0,0,0,0,0,0,0,0,1,0,0,0,0,0,0,1,0,0
2018-05-09,17:45:00,02,03,01,01,01,01,0,372243.6239,5029261.473,False,May,1,0,0,0,0,0,0,0,0,1,0,0,0,0,0,0,1,0,0
2018-05-09,18:42:00,02,05,01,01,01,01,0,367948.4509,5031549.663,False,May,1,0,0,0,0,0,0,0,0,0,1,0,0,0,0,0,1,0,0
2018-05-09,22:27:00,03,05,01,07,01,01,0,378320.3917,5033037.081,False,May,1,0,0,0,0,0,0,0,0,0,1,0,0,0,0,0,1,0,0
2018-05-10,05:40:00,03,07,01,03,08,,0,373455.6733,5023310.415,False,May,0,0,0,0,0,0,0,0,1,0,0,0,0,0,0,0,1,0,0
2018-05-10,06:00:00,03,06,01,03,01,,0,361424.226,5023187.534,False,May,0,0,0,0,0,0,0,0,0,1,0,0,0,0,0,0,1,0,0
2018-05-07,08:00:00,02,03,01,01,01,01,0,357907.5098,5018499.165,False,May,1,0,0,0,0,0,0,0,0,1,0,0,0,0,0,0,1,0,0
2018-05-09,07:26:00,03,02,01,01,01,01,0,378320.5502,5033036.498,False,May,1,0,0,0,0,0,0,0,0,0,1,0,0,0,0,0,1,0,0
2018-05-10,08:15:00,03,02,02,01,02,01,0,360469.6287,5003123.311000001,False,May,0,1,0,0,0,0,0,0,0,0,1,0,0,0,0,0,1,0,0
2018-05-10,08:14:00,02,03,02,01,02,,0,364990.7793,5025568.475,False,May,0,0,0,0,0,0,0,0,1,0,0,0,0,0,0,0,1,0,0
2018-05-09,08:48:00,03,03,02,01,02,01,0,358234.6229,5023497.531,False,May,1,0,0,0,0,0,0,0,0,1,0,0,0,0,0,0,1,0,0
2018-05-10,09:17:00,03,02,02,01,02,,0,366959.7913,5030471.291,False,May,0,0,0,0,0,0,0,0,0,0,0,1,0,0,0,0,1,0,0
2018-05-10,09:25:00,03,05,01,01,01,01,0,369001.2818,5030560.41,False,May,1,0,0,0,0,0,0,0,0,0,1,0,0,0,0,0,1,0,0
2018-05-10,09:45:00,03,03,02,01,02,00,0,369671.4431,5034012.45,False,May,0,1,0,0,0,0,0,0,0,1,0,0,0,0,0,0,1,0,0
2018-05-09,21:20:00,03,06,01,07,01,,0,370698.3609,5008933.218,False,May,0,0,0,0,0,0,0,0,0,0,0,1,0,0,0,0,1,0,0
2018-05-10,11:14:00,03,07,01,01,01,01,0,365812.7004,5029911.567,False,May,1,0,0,0,0,0,0,0,0,0,1,0,0,0,0,0,1,0,0
2018-05-10,11:28:00,02,02,02,01,02,01,0,366891.2941,5018844.563999999,False,May,1,0,0,0,0,0,0,0,0,0,1,0,0,0,0,0,1,0,0
2018-05-10,12:03:00,03,07,02,01,02,01,0,380567.7472,5036174.573,False,May,1,0,0,0,0,0,0,0,0,0,1,0,0,0,0,0,1,0,0
2018-05-10,12:11:00,03,03,02,01,02,01,0,360531.1224,5023312.737,True,May,1,0,0,0,0,0,0,0,0,1,0,0,0,0,0,0,1,0,0
2018-05-10,12:12:00,02,03,02,01,02,01,0,370801.9808,5031016.432,True,May,1,0,0,0,0,0,0,0,0,1,0,0,0,0,0,0,1,0,0
2018-05-10,,03,06,02,00,02,,0,367319.5566,5031076.255,False,May,0,0,0,0,0,0,0,0,1,0,0,0,0,0,0,0,1,0,0
2018-05-28,09:16:00,03,03,01,01,01,01,0,373099.72,5030005.592,False,May,1,0,0,0,0,0,0,0,0,1,0,0,0,0,0,0,1,0,0
2018-05-17,12:21:00,03,04,01,01,01,01,0,379860.6812,5036471.59,False,May,0,0,0,0,0,0,0,1,0,0,1,0,0,0,0,0,1,0,0
2018-05-28,08:30:00,03,04,01,01,01,01,0,363866.6599,5028431.398,False,May,1,0,0,0,0,0,0,0,0,1,0,0,0,0,0,0,1,0,0
2018-04-30,12:27:00,03,07,01,01,01,,0,382280.6278,5036009.51,False,April,0,0,0,0,0,0,0,0,1,0,0,0,0,0,0,0,1,0,0
2018-05-24,19:46:00,03,06,01,01,01,,0,363031.5743,5021606.324,False,May,0,0,0,0,0,0,0,0,1,0,0,0,0,0,0,0,1,0,0
2018-05-14,10:24:00,02,04,01,01,01,01,0,364886.7373,5016801.687,False,May,0,0,0,0,0,0,0,1,0,0,1,0,0,0,0,0,1,0,0
2018-05-17,13:53:00,03,03,01,01,01,01,0,363342.6476,5025562.551,False,May,1,0,0,0,0,0,0,0,0,1,0,0,0,0,0,0,1,0,0