DATE,TIME,CLASS_OF_ACCIDENT,IMPACT_TYPE,ENVIRONMENT,LIGHT,ROAD_SURFACE_CONDITION,TRAFFIC_CONTROL_CONDITION,NO_OF_PEDESTRIANS,X,Y,Highway,Month,categorical_TRAFFIC_CONTROL_01,categorical_TRAFFIC_CONTROL_02,categorical_TRAFFIC_CONTROL_03,categorical_TRAFFIC_CONTROL_04,categorical_TRAFFIC_CONTROL_07,categorical_TRAFFIC_CONTROL_08,categorical_TRAFFIC_CONTROL_09,categorical_TRAFFIC_CONTROL_11,categorical_ACCIDENT_LOCATION_01,categorical_ACCIDENT_LOCATION_02,categorical_ACCIDENT_LOCATION_03,categorical_ACCIDENT_LOCATION_04,categorical_ACCIDENT_LOCATION_05,categorical_ACCIDENT_LOCATION_06,categorical_ACCIDENT_LOCATION_07,categorical_Seasons_Fall,categorical_Seasons_Spring,categorical_Seasons_Summer,categorical_Seasons_Winter
2018-05-10,08:45:00,03,04,01,01,01,01,0,364949.7034,5029726.561000001,False,May,1,0,0,0,0,0,0,0,0,1,0,0,0,0,0,0,1,0,0
2018-05-28,09:37:00,02,03,01,01,01,01,0,363056.347,5022730.739,False,May,1,0,0,0,0,0,0,0,0,1,0,0,0,0,0,0,1,0,0
2018-05-28,10:22:00,02,03,01,01,01,01,0,351269.5633,5018181.526000001,False,May,1,0,0,0,0,0,0,0,0,1,0,0,0,0,0,0,1,0,0
2018-05-28,10:35:00,03,05,01,01,01,,0,378995.9904,5033269.763,False,May,0,0,0,0,0,0,0,0,0,0,0,1,0,0,0,0,1,0,0
2018-05-28,10:57:00,03,03,01,01,01,01,0,346209.5246,5017160.386,False,May,1,0,0,0,0,0,0,0,0,1,0,0,0,0,0,0,1,0,0
2018-05-25,19:45:00,03,03,02,01,02,01,0,365382.5631,5013223.492,False,May,0,0,0,0,0,0,0,1,0,1,0,0,0,0,0,0,1,0,0
2018-05-28,11:59:00,02,02,01,01,01,01,0,366891.7125,5018844.469,False,May,1,0,0,0,0,0,0,0,0,0,1,0,0,0,0,0,1,0,0
2018-05-28,12:27:00,03,02,01,01,01,00,0,381301.0054,5034781.288,False,May,1,0,0,0,0,0,0,0,0,0,1,0,0,0,0,0,1,0,0
2018-05-28,12:31:00,03,06,01,01,01,,0,369995.898,5027024.35,False,May,0,0,0,0,0,0,0,0,0,0,0,1,0,0,0,0,1,0,0
2018-05-28,13:06:00,02,05,01,01,01,01,0,349558.3542,5014878.806,False,May,1,0,0,0,0,0,0,0,0,0,1,0,0,0,0,0,1,0,0
2018-05-28,13:00:00,03,02,01,01,01,,0,368681.0921,5028712.845,False,May,0,0,0,0,0,0,0,0,0,0,0,1,0,0,0,0,1,0,0
2018-05-25,,03,06,01,00,01,,0,369161.922,5032012.589,False,May,0,0,0,0,0,0,0,0,1,0,0,0,0,0,0,0,1,0,0
2018-05-28,14:45:00,03,03,01,01,01,,0,374243.6866,5033874.092,False,May,0,0,0,0,0,0,0,0,1,0,0,0,0,0,0,0,1,0,0
2018-05-28,15:10:00,03,04,01,01,01,,0,367585.665,5029004.888,False,May,0,0,0,0,0,0,0,0,1,0,0,0,0,0,0,0,1,0,0
2018-05-28,15:40:00,03,03,01,01,01,01,0,369561.351,5028414.964,False,May,1,0,0,0,0,0,0,0,0,1,0,0,0,0,0,0,1,0,0
2018-05-28,15:58:00,03,05,01,01,01,01,0,360496.6656,5024942.501,False,May,1,0,0,0,0,0,0,0,0,0,1,0,0,0,0,0,1,0,0
2018-05-28,15:40:00,03,03,01,01,01,01,0,368121.1518,5026647.214,False,May,1,0,0,0,0,0,0,0,0,1,0,0,0,0,0,0,1,0,0
2018-05-28,16:08:00,03,03,01,01,01,00,0,381488.8145,5038765.48,False,May,0,1,0,0,0,0,0,0,0,1,0,0,0,0,0,0,1,0,0
2018-05-28,16:18:00,03,03,01,01,01,01,0,375721.2322,5026539.337,False,May,1,0,0,0,0,0,0,0,0,1,0,0,0,0,0,0,1,0,0
2018-05-28,16:35:00,02,05,01,01,01,01,0,367636.8799,5031358.398,False,May,1,0,0,0,0,0,0,0,0,0,1,0,0,0,0,0,1,0,0
2018-05-28,16:58:00,02,04,01,01,01,00,0,368337.7741,5032681.715,False,May,0,1,0,0,0,0,0,0,0,0,1,0,0,0,0,0,1,0,0
2018-05-25,17:00:00,03,03,02,01,02,01,0,365612.6204,5021942.778,False,May,1,0,0,0,0,0,0,0,0,1,0,0,0,0,0,0,1,0,0
2018-05-28,17:42:00,03,05,01,01,01,01,0,367869.7682,5032009.5,False,May,1,0,0,0,0,0,0,0,0,0,1,0,0,0,0,0,1,0,0
2018-05-28,17:43:00,03,04,01,01,01,01,0,372093.7526,5032472.672,False,May,1,0,0,0,0,0,0,0,0,1,0,0,0,0,0,0,1,0,0
2018-05-28,17:49:00,03,07,01,01,01,,0,371015.5706,5033045.8610000005,False,May,0,0,0,0,0,0,0,0,1,0,0,0,0,0,0,0,1,0,0
2018-05-28,18:02:00,02,01,01,01,01,00,0,377405.7249,4998957.308,False,May,0,1,0,0,0,0,0,0,0,1,0,0,0,0,0,0,1,0,0
2018-05-28,17:05:00,03,03,01,01,01,01,0,351051.6441,5017887.487,False,May,1,0,0,0,0,0,0,0,0,1,0,0,0,0,0,0,1,0,0
2018-05-28,,03,06,01,00,01,,0,368036.8645,5032512.742,False,May,0,0,0,0,0,0,0,0,1,0,0,0,0,0,0,0,1,0,0
2018-05-28,18:41:00,03,07,01,01,01,,0,374933.0335,5017041.507,False,May,0,0,0,0,0,0,0,0,1,0,0,0,0,0,0,0,1,0,0
2018-05-28,21:23:00,02,02,01,07,01,01,0,367458.7099,5021891.5030000005,False,May,1,0,0,0,0,0,0,0,0,0,1,0,0,0,0,0,1,0,0
2018-05-28,18:52:00,03,02,01,01,01,,0,374862.1901,5028582.054,False,May,0,0,0,0,0,0,0,0,0,0,0,1,0,0,0,0,1,0,0
2018-05-28,18:40:00,03,03,01,01,01,01,0,367700.3018,5028729.703,False,May,1,0,0,0,0,0,0,0,0,1,0,0,0,0,0,0,1,0,0
2018-05-28,17:20:00,03,03,01,01,01,01,0,370155.6016,5015960.632,False,May,1,0,0,0,0,0,0,0,0,1,0,0,0,0,0,0,1,0,0
2018-05-28,19:37:00,03,02,01,01,01,,0,354226.0491,5016487.893999999,False,May,0,0,0,0,0,0,0,0,0,0,0,1,0,0,0,0,1,0,0
2018-05-28,20:33:00,03,06,01,05,01,,0,379181.5019,5013816.25,False,May,0,0,0,0,0,0,0,0,1,0,0,0,0,0,0,0,1,0,0
2018-05-28,20:50:00,03,03,01,05,01,01,0,350489.6562,5022710.463,False,May,1,0,0,0,0,0,0,0,0,1,0,0,0,0,0,0,1,0,0
2018-05-28,20:56:00,02,07,01,07,01,,0,373467.1065,5032586.83,False,May,0,0,0,0,0,0,0,0,1,0,0,0,0,0,0,0,1,0,0
2018-05-28,23:44:00,03,03,01,07,01,,0,364928.5258,5026065.333000001,False,May,0,0,0,0,0,0,0,0,0,0,0,1,0,0,0,0,1,0,0
2018-05-29,08:52:00,02,07,01,01,01,01,1,367731.6966,5031549.576,False,May,1,0,0,0,0,0,0,0,0,1,0,0,0,0,0,0,1,0,0
2018-05-29,08:52:00,03,02,01,01,01,,0,373697.1387,5026234.1389999995,False,May,0,0,0,0,0,0,0,0,0,0,0,1,0,0,0,0,1,0,0
2018-05-29,09:03:00,02,03,01,01,01,01,0,369225.7242,5027983.554,False,May,1,0,0,0,0,0,0,0,0,1,0,0,0,0,0,0,1,0,0
2018-05-29,09:07:00,03,04,01,01,01,,0,371473.539,5027014.806,False,May,0,0,0,0,0,0,0,0,1,0,0,0,0,0,0,0,1,0,0
2018-05-29,09:11:00,03,0,01,01,01,,0,362628.5357,5020781.824,False,May,0,0,0,0,0,0,0,0,1,0,0,0,0,0,0,0,1,0,0
2018-05-29,09:47:00,03,03,01,01,01,01,0,365235.6898,5021732.544,False,May,1,0,0,0,0,0,0,0,0,1,0,0,0,0,0,0,1,0,0
2018-05-29,10:51:00,02,05,01,01,01,,0,369814.5434,5029147.195,False,May,0,0,0,0,0,0,0,0,0,0,0,0,0,0,1,0,1,0,0
2018-05-29,10:51:00,03,04,01,01,01,01,0,367458.7635,5021891.556,False,May,1,0,0,0,0,0,0,0,0,1,0,0,0,0,0,0,1,0,0
2018-05-29,11:00:00,02,05,01,01,01,,0,362326.9547,5013553.513,False,May,0,0,0,0,0,0,0,0,1,0,0,0,0,0,0,0,1,0,0
2018-05-29,11:44:00,03,07,01,01,01,01,0,367890.7074,5031646.575,False,May,1,0,0,0,0,0,0,0,0,0,1,0,0,0,0,0,1,0,0
2018-05-29,12:34:00,03,05,01,01,01,01,0,366575.1155,5025045.568,False,May,1,0,0,0,0,0,0,0,0,0,1,0,0,0,0,0,1,0,0
2018-05-29,12:33:00,03,03,01,01,01,01,0,374674.5971,5028499.587,False,May,1,0,0,0,0,0,0,0,0,1,0,0,0,0,0,0,1,0,0
2018-05-29,13:15:00,02,02,01,01,01,01,0,370371.5721,5026294.568,False,May,0,1,0,0,0,0,0,0,0,0,1,0,0,0,0,0,1,0,0
2018-05-29,13:40:00,03,04,01,01,01,01,0,364849.6495,5026995.016,False,May,0,1,0,0,0,0,0,0,0,1,0,0,0,0,0,0,1,0,0
2018-05-29,15:35:00,03,05,01,01,01,,0,385119.7683,5011412.289,False,May,0,0,0,0,0,0,0,0,0,0,0,1,0,0,0,0,1,0,0
2018-05-28,17:55:00,02,07,01,01,01,01,0,369304.7167,5027894.553,False,May,1,0,0,0,0,0,0,0,0,1,0,0,0,0,0,0,1,0,0
2018-05-29,14:20:00,03,04,01,01,01,01,0,369355.5115,5017877.494,False,May,1,0,0,0,0,0,0,0,0,1,0,0,0,0,0,0,1,0,0
2018-05-29,14:37:00,03,03,01,01,01,,0,374142.7645,5030663.666999999,False,May,0,0,0,0,0,0,0,0,1,0,0,0,0,0,0,0,1,0,0
2018-05-29,14:39:00,03,02,01,01,01,,0,381991.48,5038014.892,False,May,0,0,0,0,0,0,0,0,0,0,0,1,0,0,0,0,1,0,0
2018-05-29,14:56:00,03,04,01,01,01,01,0,364130.6904,5028867.563999999,False,May,1,0,0,0,0,0,0,0,0,1,0,0,0,0,0,0,1,0,0
2018-05-29,15:09:00,03,03,01,01,01,01,0,361767.6838,5025725.513,False,May,1,0,0,0,0,0,0,0,0,1,0,0,0,0,0,0,1,0,0
2018-05-29,15:44:00,02,03,01,01,01,01,0,366166.6393,5026028.718,False,May,1,0,0,0,0,0,0,0,0,1,0,0,0,0,0,0,1,0,0
2018-05-29,15:40:00,03,03,01,01,01,01,0,370944.7055,5033530.597,False,May,0,1,0,0,0,0,0,0,0,1,0,0,0,0,0,0,1,0,0
2018-05-29,15:42:00,03,05,01,01,01,01,0,374247.4495,5028249.718,False,May,1,0,0,0,0,0,0,0,0,0,1,0,0,0,0,0,1,0,0
2018-05-29,15:48:00,03,0,01,01,01,01,0,367962.9145,5031178.978999999,False,May,0,1,0,0,0,0,0,0,0,1,0,0,0,0,0,0,1,0,0
2018-05-29,16:20:00,03,03,01,01,01,,0,365273.6698,5022759.18,False,May,0,0,0,0,0,0,0,0,1,0,0,0,0,0,0,0,1,0,0
2018-05-29,16:36:00,03,03,01,01,01,,0,368919.0769,5026730.45,False,May,0,0,0,0,0,0,0,0,1,0,0,0,0,0,0,0,1,0,0
2018-05-29,16:47:00,03,03,01,01,01,00,0,368029.7241,5031411.949,False,May,1,0,0,0,0,0,0,0,0,1,0,0,0,0,0,0,1,0,0
2018-05-29,16:51:00,03,03,01,01,01,01,0,367948.5113,5031549.703,False,May,1,0,0,0,0,0,0,0,0,1,0,0,0,0,0,0,1,0,0
2018-05-29,17:04:00,03,03,01,01,01,01,0,373763.5338,5025404.709,False,May,1,0,0,0,0,0,0,0,0,1,0,0,0,0,0,0,1,0,0
2018-05-29,17:09:00,02,05,01,01,01,,0,364916.7785,5008142.092,True,May,0,0,0,0,0,0,0,0,1,0,0,0,0,0,0,0,1,0,0
2018-05-29,17:14:00,03,03,01,01,01,01,0,372292.6682,5023293.544,False,May,0,1,0,0,0,0,0,0,0,1,0,0,0,0,0,0,1,0,0
2018-05-29,17:17:00,02,05,01,01,01,,0,367170.1249,5031077.928,False,May,0,0,0,0,0,0,0,0,1,0,0,0,0,0,0,0,1,0,0
2018-05-29,17:20:00,03,03,01,01,01,01,0,350653.4694,5022879.737,False,May,1,0,0,0,0,0,0,0,0,1,0,0,0,0,0,0,1,0,0
2018-05-29,17:56:00,02,03,01,01,01,01,0,367572.598,5014684.651000001,False,May,1,0,0,0,0,0,0,0,0,1,0,0,0,0,0,0,1,0,0
2018-05-29,18:10:00,03,04,01,01,01,,0,368171.961,5022016.469,False,May,0,0,0,0,0,0,0,0,1,0,0,0,0,0,0,0,1,0,0
2018-05-29,18:19:00,03,05,01,01,01,,0,361801.2345,5025638.487,False,May,0,0,0,0,0,0,0,0,1,0,0,0,0,0,0,0,1,0,0
2018-05-29,18:31:00,03,02,01,01,01,01,0,369871.684,5032504.647,False,May,0,1,0,0,0,0,0,0,0,1,0,0,0,0,0,0,1,0,0
2018-05-29,18:34:00,03,03,01,01,01,01,0,374634.7549,5032991.396000001,False,May,1,0,0,0,0,0,0,0,0,1,0,0,0,0,0,0,1,0,0
2018-05-29,18:45:00,03,04,01,01,01,,0,381859.2962,5037885.2930000005,False,May,0,0,0,0,0,0,0,0,1,0,0,0,0,0,0,0,1,0,0
2018-05-29,19:05:00,03,02,01,01,01,01,0,334869.5314,5037291.8319999995,False,May,0,1,0,0,0,0,0,0,0,0,1,0,0,0,0,0,1,0,0
2018-05-29,19:06:00,02,05,01,01,01,01,0,364632.1442,5014953.534,False,May,1,0,0,0,0,0,0,0,0,0,1,0,0,0,0,0,1,0,0
2018-05-29,19:06:00,03,06,01,01,01,,0,365388.2674,5024900.978999999,False,May,0,0,0,0,0,0,0,0,1,0,0,0,0,0,0,0,1,0,0
2018-05-29,19:09:00,03,03,01,01,01,,0,364958.7953,5017830.384,False,May,0,0,0,0,0,0,0,0,1,0,0,0,0,0,0,0,1,0,0
2018-05-29,19:20:00,03,03,01,01,01,01,0,383540.9601,5035988.493,False,May,1,0,0,0,0,0,0,0,0,1,0,0,0,0,0,0,1,0,0
2018-05-29,19:20:00,03,04,01,01,01,,0,372590.1935,5023965.271000001,False,May,0,0,0,0,0,0,0,0,1,0,0,0,0,0,0,0,1,0,0
2018-05-29,21:09:00,02,03,01,07,01,01,0,368373.4367,5031798.545,False,May,1,0,0,0,0,0,0,0,0,1,0,0,0,0,0,0,1,0,0
2018-05-29,22:16:00,03,07,01,07,01,01,0,364764.6861,5012872.423,False,May,0,0,0,0,0,0,0,1,0,0,1,0,0,0,0,0,1,0,0
2018-05-30,04:39:00,03,07,01,07,01,,0,375898.6391,5021923.877,False,May,0,0,0,0,0,0,0,0,1,0,0,0,0,0,0,0,1,0,0
2018-05-30,06:06:00,02,05,01,03,01,01,0,366428.6235,5030626.715,False,May,1,0,0,0,0,0,0,0,0,0,1,0,0,0,0,0,1,0,0
2018-05-30,06:45:00,03,04,01,01,02,01,0,352207.6911,5017242.646000001,False,May,1,0,0,0,0,0,0,0,0,1,0,0,0,0,0,0,1,0,0
2018-05-30,07:35:00,03,03,01,01,01,01,0,362050.7352,5025019.496,True,May,0,0,1,0,0,0,0,0,0,1,0,0,0,0,0,0,1,0,0
2018-05-30,08:09:00,03,07,01,01,01,,0,354374.1665,4989385.232,False,May,0,0,0,0,0,0,0,0,1,0,0,0,0,0,0,0,1,0,0
2018-05-30,08:30:00,02,02,01,01,01,,0,372045.0435,5029239.047,False,May,0,0,0,0,0,0,0,0,0,0,0,1,0,0,0,0,1,0,0
2018-05-30,08:30:00,02,03,01,01,01,,0,345129.3459,5026331.005,False,May,0,0,0,0,0,0,0,0,1,0,0,0,0,0,0,0,1,0,0
2018-05-30,06:55:00,03,03,01,01,01,01,0,372146.7673,5034108.492,False,May,1,0,0,0,0,0,0,0,0,1,0,0,0,0,0,0,1,0,0
2018-05-30,10:45:00,03,04,01,01,01,01,0,370311.6504,5032270.723999999,False,May,1,0,0,0,0,0,0,0,0,1,0,0,0,0,0,0,1,0,0
2018-05-30,11:06:00,02,03,01,01,01,,0,373351.3612,5023431.78,False,May,0,0,0,0,0,0,0,0,1,0,0,0,0,0,0,0,1,0,0
2018-05-30,11:09:00,02,04,01,01,01,01,0,365054.6406,5025325.525,False,May,1,0,0,0,0,0,0,0,0,1,0,0,0,0,0,0,1,0,0
2018-05-30,12:29:00,03,07,01,01,01,,0,346371.744,5011948.039,False,May,0,0,0,0,0,0,0,0,1,0,0,0,0,0,0,0,1,0,0
2018-05-30,12:38:00,03,04,01,01,01,01,0,350945.9948,5012292.742,False,May,0,1,0,0,0,0,0,0,0,1,0,0,0,0,0,0,1,0,0
2018-04-30,12:30:00,02,02,01,01,01,01,0,372595.7137,5031241.576,False,April,1,0,0,0,0,0,0,0,0,0,1,0,0,0,0,0,1,0,0
2018-05-24,19:54:00,03,04,01,01,01,01,0,371875.1442,5026501.702,False,May,0,1,0,0,0,0,0,0,0,1,0,0,0,0,0,0,1,0,0
2018-05-17,14:08:00,03,05,01,01,01,01,0,363229.4217,5025774.856000001,True,May,1,0,0,0,0,0,0,0,0,0,1,0,0,0,0,0,1,0,0
2018-05-24,21:14:00,03,07,01,07,01,,0,346671.8526,5024717.852,False,May,0,0,0,0,0,0,0,0,1,0,0,0,0,0,0,0,1,0,0
2018-05-14,10:32:00,02,02,01,01,01,01,0,368082.7117,5030166.562,False,May,1,0,0,0,0,0,0,0,0,0,1,0,0,0,0,0,1,0,0
2018-04-30,13:05:00,03,06,01,01,01,00,0,368892.3116,5032643.404,False,April,1,0,0,0,0,0,0,0,0,1,0,0,0,0,0,0,1,0,0
2018-05-10,13:47:00,03,03,01,01,01,,0,370209.0728,5032686.41,False,May,0,0,0,0,0,0,0,0,1,0,0,0,0,0,0,0,1,0,0
2018-05-17,15:25:00,03,02,01,01,00,,0,375188.9373,5032318.19,False,May,0,0,0,0,0,0,0,0,0,0,0,1,0,0,0,0,1,0,0
2018-05-24,21:26:00,03,02,01,07,01,,0,367662.7228,5030896.4,False,May,0,0,0,0,0,0,0,0,0,0,0,1,0,0,0,0,1,0,0
2018-05-14,10:54:00,03,03,01,01,01,01,0,363273.7305,5025662.553,False,May,1,0,0,0,0,0,0,0,0,1,0,0,0,0,0,0,1,0,0
2018-04-30,13:00:00,03,02,01,01,01,,0,368937.0792,5032671.027,False,April,0,0,0,0,0,0,0,0,0,0,0,1,0,0,0,0,1,0,0
2018-05-10,13:47:00,03,03,01,01,01,,0,370211.1048,5032670.324,False,May,0,0,0,0,0,0,0,0,1,0,0,0,0,0,0,0,1,0,0
2018-05-17,15:52:00,03,04,01,01,01,00,0,361263.0872,5025424.485,False,May,1,0,0,0,0,0,0,0,0,1,0,0,0,0,0,0,1,0,0
2018-05-24,23:50:00,02,03,01,07,01,,0,379394.1254,5036993.81,False,May,0,0,0,0,0,0,0,0,1,0,0,0,0,0,0,0,1,0,0
2018-05-14,12:08:00,02,04,01,01,01,01,0,373364.7294,5029424.551,False,May,1,0,0,0,0,0,0,0,0,1,0,0,0,0,0,0,1,0,0
2018-04-30,13:16:00,02,07,01,01,01,,0,368028.2987,5023878.819,False,April,0,0,0,0,0,0,0,0,1,0,0,0,0,0,0,0,1,0,0
2018-05-10,14:16:00,02,05,01,01,01,01,0,365625.3987,5028173.593,False,May,1,0,0,0,0,0,0,0,0,0,1,0,0,0,0,0,1,0,0
2018-05-17,16:42:00,02,02,01,01,01,01,0,360174.6776,5024738.528,False,May,0,1,0,0,0,0,0,0,0,1,0,0,0,0,0,0,1,0,0
2018-05-24,23:54:00,03,02,01,07,01,01,0,366855.7007,5029922.568,False,May,0,1,0,0,0,0,0,0,0,1,0,0,0,0,0,0,1,0,0
2018-05-25,00:13:00,03,07,01,07,01,,0,391721.1211,5042809.829,False,May,0,0,0,0,0,0,0,0,1,0,0,0,0,0,0,0,1,0,0
2018-05-25,06:32:00,03,04,01,01,01,01,0,372093.6988,5032472.551,False,May,1,0,0,0,0,0,0,0,0,1,0,0,0,0,0,0,1,0,0
2018-05-25,06:46:00,02,02,01,01,01,01,0,368039.7057,5030267.572,False,May,1,0,0,0,0,0,0,0,0,0,1,0,0,0,0,0,1,0,0
2018-05-25,07:52:00,03,03,01,01,01,,0,381627.94899999996,5038281.671,False,May,0,0,0,0,0,0,0,0,1,0,0,0,0,0,0,0,1,0,0
2018-05-25,09:31:00,03,04,01,01,01,,0,368129.4466,5027728.998,False,May,0,0,0,0,0,0,0,0,1,0,0,0,0,0,0,0,1,0,0
2018-05-22,15:00:00,03,04,01,01,01,,0,366903.0882,5031119.0430000005,False,May,0,0,0,0,0,0,0,0,1,0,0,0,0,0,0,0,1,0,0
2018-05-25,,03,06,01,00,01,,0,366429.5316,5029849.226,False,May,0,0,0,0,0,0,0,0,1,0,0,0,0,0,0,0,1,0,0
2018-05-25,11:36:00,02,02,01,01,01,01,0,363229.5894,5025774.625,True,May,1,0,0,0,0,0,0,0,0,0,1,0,0,0,0,0,1,0,0
2018-05-25,12:21:00,03,07,01,01,01,,0,370444.1349,5026366.945,False,May,0,0,0,0,0,0,0,0,1,0,0,0,0,0,0,0,1,0,0
2018-05-23,15:30:00,03,03,01,01,01,01,0,372332.5706,5023198.538,False,May,0,1,0,0,0,0,0,0,0,1,0,0,0,0,0,0,1,0,0
2018-05-25,13:34:00,03,03,01,01,01,01,0,350942.6471,5016079.155,False,May,1,0,0,0,0,0,0,0,0,1,0,0,0,0,0,0,1,0,0
2018-05-25,11:30:00,03,03,01,01,01,01,0,374507.765,5033198.683999999,False,May,1,0,0,0,0,0,0,0,0,1,0,0,0,0,0,0,1,0,0
2018-05-25,15:18:00,03,04,01,01,01,,0,374219.9675,5030707.993,True,May,0,0,0,0,0,0,0,0,1,0,0,0,0,0,0,0,1,0,0
2018-05-25,15:30:00,02,05,01,01,01,01,0,359058.3812,5022748.531,False,May,1,0,0,0,0,0,0,0,0,0,1,0,0,0,0,0,1,0,0
2018-05-25,16:02:00,03,03,01,01,01,01,0,368897.5082,5027671.848,False,May,1,0,0,0,0,0,0,0,0,1,0,0,0,0,0,0,1,0,0
2018-05-25,16:08:00,03,04,01,01,01,01,0,373099.5459,5030005.732,False,May,1,0,0,0,0,0,0,0,0,1,0,0,0,0,0,0,1,0,0
2018-05-25,16:23:00,03,03,02,01,02,00,0,352464.6484,5017480.527,False,May,0,1,0,0,0,0,0,0,0,1,0,0,0,0,0,0,1,0,0
2018-05-25,15:00:00,03,04,01,01,01,01,0,372748.9379,5032170.712,False,May,1,0,0,0,0,0,0,0,0,1,0,0,0,0,0,0,1,0,0
2018-05-25,16:30:00,02,07,01,01,01,01,1,359233.6691,5023509.507,False,May,1,0,0,0,0,0,0,0,0,1,0,0,0,0,0,0,1,0,0
2018-05-25,16:35:00,03,02,02,01,02,00,0,367735.6971,5009762.392,False,May,0,1,0,0,0,0,0,0,0,0,1,0,0,0,0,0,1,0,0
2018-05-25,16:38:00,03,03,02,01,02,,0,367450.1113,5017593.358,False,May,0,0,0,0,0,0,0,0,1,0,0,0,0,0,0,0,1,0,0
2018-05-25,16:42:00,03,04,01,01,01,,0,365021.3432,5017865.873,False,May,0,0,0,0,0,0,0,0,0,0,0,1,0,0,0,0,1,0,0
2018-05-25,16:41:00,03,03,01,01,01,01,0,381798.6612,5035073.541999999,False,May,1,0,0,0,0,0,0,0,0,1,0,0,0,0,0,0,1,0,0
2018-05-25,17:24:00,03,02,02,01,02,01,0,355961.5667,5012594.297,False,May,1,0,0,0,0,0,0,0,0,1,0,0,0,0,0,0,1,0,0
2018-05-25,17:46:00,03,04,02,01,02,01,0,349661.6689,5023617.289,False,May,1,0,0,0,0,0,0,0,0,1,0,0,0,0,0,0,1,0,0
2018-05-25,17:53:00,03,03,02,01,02,,0,366124.6996,5026128.771000001,False,May,0,0,0,0,0,0,0,0,1,0,0,0,0,0,0,0,1,0,0
2018-05-25,17:57:00,03,04,02,01,02,01,0,362082.8078,5024939.596,True,May,1,0,0,0,0,0,0,0,0,1,0,0,0,0,0,0,1,0,0
2018-05-25,18:08:00,02,05,02,01,02,00,0,380448.7327,5038399.538,False,May,1,0,0,0,0,0,0,0,0,0,1,0,0,0,0,0,1,0,0
2018-05-25,19:06:00,02,03,01,01,01,01,0,370540.7983,5025499.842,False,May,1,0,0,0,0,0,0,0,0,1,0,0,0,0,0,0,1,0,0
2018-05-25,20:12:00,02,05,01,05,02,01,0,384697.1996,5034388.902,False,May,1,0,0,0,0,0,0,0,0,1,0,0,0,0,0,0,1,0,0
2018-05-25,20:55:00,03,03,01,05,01,01,0,382637.8553,5035567.647,False,May,1,0,0,0,0,0,0,0,0,1,0,0,0,0,0,0,1,0,0
2018-05-25,21:48:00,03,05,01,07,01,00,0,367356.8585,5029551.181,False,May,0,1,0,0,0,0,0,0,0,0,1,0,0,0,0,0,1,0,0
2018-05-26,00:11:00,03,02,01,07,01,01,0,351615.9266,5019224.505,True,May,1,0,0,0,0,0,0,0,0,0,1,0,0,0,0,0,1,0,0
2018-05-26,06:15:00,03,07,01,03,02,,0,350008.0387,5023474.145,False,May,0,0,0,0,0,0,0,0,1,0,0,0,0,0,0,0,1,0,0
2018-05-18,17:15:00,03,03,01,01,01,,0,376527.2135,5035110.953,False,May,0,0,0,0,0,0,0,0,1,0,0,0,0,0,0,0,1,0,0
2018-05-26,09:48:00,03,05,02,01,02,01,0,370247.7534,5026200.762,False,May,1,0,0,0,0,0,0,0,0,1,0,0,0,0,0,0,1,0,0
2018-05-26,10:14:00,03,05,01,01,02,01,0,368128.5214,5032748.621,False,May,1,0,0,0,0,0,0,0,0,0,1,0,0,0,0,0,1,0,0
2018-05-26,10:15:00,03,06,01,01,01,,0,369193.7498,5029202.723999999,False,May,0,0,0,0,0,0,0,0,1,0,0,0,0,0,0,0,1,0,0
2018-05-26,10:34:00,03,03,02,01,02,01,0,353381.7128,5019151.53,False,May,1,0,0,0,0,0,0,0,0,1,0,0,0,0,0,0,1,0,0
2018-05-26,10:46:00,03,04,01,01,01,,0,368270.7269,5031980.272,False,May,0,0,0,0,0,0,0,0,1,0,0,0,0,0,0,0,1,0,0
2018-05-26,10:54:00,03,03,01,01,01,01,0,368185.8074,5032111.568,False,May,1,0,0,0,0,0,0,0,0,1,0,0,0,0,0,0,1,0,0
2018-05-26,11:13:00,03,05,01,01,02,01,0,370432.7594,5029081.42,False,May,1,0,0,0,0,0,0,0,0,0,1,0,0,0,0,0,1,0,0
2018-05-24,19:20:00,03,06,01,01,01,,0,369542.6121,5026765.768999999,False,May,0,0,0,0,0,0,0,0,1,0,0,0,0,0,0,0,1,0,0
2018-05-26,11:40:00,02,02,01,01,01,01,0,368082.7123,5030166.562,False,May,1,0,0,0,0,0,0,0,0,0,1,0,0,0,0,0,1,0,0
2018-05-26,12:37:00,03,02,01,01,01,01,0,370418.7195,5023606.366,False,May,0,1,0,0,0,0,0,0,0,0,1,0,0,0,0,0,1,0,0
2018-05-26,12:46:00,03,02,01,01,02,01,0,370181.7196,5028446.536,False,May,0,1,0,0,0,0,0,0,0,0,1,0,0,0,0,0,1,0,0
2018-05-26,14:21:00,03,07,01,01,01,01,1,367720.7098,5031226.585,False,May,0,1,0,0,0,0,0,0,0,0,1,0,0,0,0,0,1,0,0
2018-05-25,18:00:00,03,06,01,01,01,,0,357417.7592,5020975.356000001,False,May,0,0,0,0,0,0,0,0,1,0,0,0,0,0,0,0,1,0,0
2018-05-26,16:12:00,03,07,01,01,01,,0,373277.1578,5027686.949,False,May,0,0,0,0,0,0,0,0,1,0,0,0,0,0,0,0,1,0,0
2018-05-26,18:34:00,03,07,01,01,01,,0,387441.1468,5038760.333000001,False,May,0,0,0,0,0,0,0,0,1,0,0,0,0,0,0,0,1,0,0
2018-05-26,19:21:00,03,06,01,01,01,,0,364972.0333,5015685.268999999,False,May,0,0,0,0,0,0,0,0,1,0,0,0,0,0,0,0,1,0,0
2018-05-26,19:26:00,03,03,01,01,01,01,0,370802.0055,5031016.153,True,May,1,0,0,0,0,0,0,0,0,1,0,0,0,0,0,0,1,0,0