DATE,TIME,CLASS_OF_ACCIDENT,IMPACT_TYPE,ENVIRONMENT,LIGHT,ROAD_SURFACE_CONDITION,TRAFFIC_CONTROL_CONDITION,NO_OF_PEDESTRIANS,X,Y,Highway,Month,categorical_TRAFFIC_CONTROL_01,categorical_TRAFFIC_CONTROL_02,categorical_TRAFFIC_CONTROL_03,categorical_TRAFFIC_CONTROL_04,categorical_TRAFFIC_CONTROL_07,categorical_TRAFFIC_CONTROL_08,categorical_TRAFFIC_CONTROL_09,categorical_TRAFFIC_CONTROL_11,categorical_ACCIDENT_LOCATION_01,categorical_ACCIDENT_LOCATION_02,categorical_ACCIDENT_LOCATION_03,categorical_ACCIDENT_LOCATION_04,categorical_ACCIDENT_LOCATION_05,categorical_ACCIDENT_LOCATION_06,categorical_ACCIDENT_LOCATION_07,categorical_Seasons_Fall,categorical_Seasons_Spring,categorical_Seasons_Summer,categorical_Seasons_Winter
2018-05-12,12:49:00,03,03,01,01,01,01,0,375048.2229,5031119.734,False,May,1,0,0,0,0,0,0,0,0,1,0,0,0,0,0,0,1,0,0
2018-05-12,10:45:00,03,03,01,01,01,01,0,350225.1683,5016207.083000001,False,May,0,1,0,0,0,0,0,0,0,1,0,0,0,0,0,0,1,0,0
2018-05-12,13:10:00,02,03,01,01,01,01,0,363080.6552,5016732.245,False,May,1,0,0,0,0,0,0,0,0,1,0,0,0,0,0,0,1,0,0
2018-05-12,13:15:00,03,03,01,01,01,01,0,371291.6945,5023864.375,False,May,1,0,0,0,0,0,0,0,0,1,0,0,0,0,0,0,1,0,0
2018-05-12,12:30:00,03,03,01,01,01,01,0,365054.7384,5025325.743,False,May,1,0,0,0,0,0,0,0,0,1,0,0,0,0,0,0,1,0,0
2018-05-12,14:30:00,03,05,01,01,01,01,0,363521.1352,5026850.451,False,May,1,0,0,0,0,0,0,0,0,0,1,0,0,0,0,0,1,0,0
2018-05-12,14:50:00,03,04,01,01,01,01,0,364357.1859,5012611.708000001,False,May,0,1,0,0,0,0,0,0,0,1,0,0,0,0,0,0,1,0,0
2018-05-12,15:00:00,02,02,01,01,01,01,0,330192.5078,5028920.592,False,May,0,1,0,0,0,0,0,0,0,0,1,0,0,0,0,0,1,0,0
2018-05-12,15:30:00,03,03,01,01,01,01,0,365612.9848,5021942.094,False,May,1,0,0,0,0,0,0,0,0,1,0,0,0,0,0,0,1,0,0
2018-05-12,16:39:00,03,05,01,01,01,01,0,363145.9597,5025983.69,True,May,1,0,0,0,0,0,0,0,0,0,1,0,0,0,0,0,1,0,0
2018-05-12,16:53:00,03,06,01,01,01,,0,366345.6769,5031093.295,False,May,0,0,0,0,0,0,0,0,1,0,0,0,0,0,0,0,1,0,0
2018-05-12,19:31:00,03,06,01,01,01,,0,351215.2731,5020204.403,False,May,0,0,0,0,0,0,0,0,1,0,0,0,0,0,0,0,1,0,0
2018-05-12,20:00:00,03,02,01,05,01,01,0,374193.9088,5025653.4180000005,False,May,0,1,0,0,0,0,0,0,0,0,1,0,0,0,0,0,1,0,0
2018-05-12,21:46:00,03,05,01,07,01,,0,362225.5457,5024579.45,True,May,0,0,0,0,0,0,0,0,0,0,0,1,0,0,0,0,1,0,0
2018-05-12,22:47:00,03,01,01,07,01,,0,370931.8138,5032625.829,False,May,0,0,0,0,0,0,0,0,1,0,0,0,0,0,0,0,1,0,0
2018-05-12,23:19:00,02,03,01,07,01,01,0,367385.9118,5031423.665,False,May,1,0,0,0,0,0,0,0,0,1,0,0,0,0,0,0,1,0,0
2018-05-12,16:15:00,03,06,01,01,01,,0,371048.732,5027826.307,False,May,0,0,0,0,0,0,0,0,1,0,0,0,0,0,0,0,1,0,0
2018-05-13,09:42:00,03,06,01,01,01,,0,366621.1789,5029411.594,False,May,0,0,0,0,0,0,0,0,1,0,0,0,0,0,0,0,1,0,0
2018-05-13,10:44:00,03,05,01,01,01,01,0,354382.3125,5016623.731000001,False,May,1,0,0,0,0,0,0,0,0,1,0,0,0,0,0,0,1,0,0
2018-05-13,11:17:00,02,03,01,01,01,01,0,364358.6558,5024890.302,False,May,1,0,0,0,0,0,0,0,0,1,0,0,0,0,0,0,1,0,0
2018-05-13,13:29:00,03,03,01,01,01,01,0,351553.6301,5017864.626,False,May,1,0,0,0,0,0,0,0,0,1,0,0,0,0,0,0,1,0,0
2018-05-13,14:14:00,03,05,01,01,01,,0,372864.2489,5028055.183999999,False,May,0,0,0,0,0,0,0,0,1,0,0,0,0,0,0,0,1,0,0
2018-05-13,14:25:00,03,03,01,01,01,,0,390058.58200000005,5042648.077,False,May,0,0,0,0,0,0,0,0,1,0,0,0,0,0,0,0,1,0,0
2018-05-13,14:40:00,03,03,01,01,01,01,0,363934.1307,5014784.363,False,May,1,0,0,0,0,0,0,0,0,1,0,0,0,0,0,0,1,0,0
2018-05-12,19:00:00,03,04,01,01,01,01,0,367869.1748,5032009.816000001,False,May,1,0,0,0,0,0,0,0,0,1,0,0,0,0,0,0,1,0,0
2018-05-13,,03,06,01,00,01,,0,351265.3108,5014397.995,False,May,0,0,0,0,0,0,0,0,1,0,0,0,0,0,0,0,1,0,0
2018-05-13,15:17:00,01,02,01,01,01,01,0,364681.6417,4998309.266,False,May,0,1,0,0,0,0,0,0,0,0,1,0,0,0,0,0,1,0,0
2018-05-13,15:24:00,02,05,01,01,01,01,0,377758.6883,5015947.579,False,May,1,0,0,0,0,0,0,0,0,0,1,0,0,0,0,0,1,0,0
2018-05-13,15:42:00,03,07,01,01,01,,0,367210.5294,5029896.235,False,May,0,0,0,0,0,0,0,0,1,0,0,0,0,0,0,0,1,0,0
2018-05-13,16:12:00,03,04,01,01,01,,0,377671.325,5015897.39,False,May,0,0,0,0,0,0,0,0,1,0,0,0,0,0,0,0,1,0,0
2018-05-13,,03,06,01,00,01,,0,354587.1314,5015143.147,False,May,0,0,0,0,0,0,0,0,1,0,0,0,0,0,0,0,1,0,0
2018-05-13,16:25:00,03,03,01,01,01,00,0,370363.3845,5031957.937,False,May,1,0,0,0,0,0,0,0,0,1,0,0,0,0,0,0,1,0,0
2018-05-13,16:29:00,03,02,01,01,01,,0,369965.2745,5026933.181,False,May,0,0,0,0,0,0,0,0,0,0,0,1,0,0,0,0,1,0,0
2018-05-13,15:10:00,03,05,01,01,01,01,0,367907.7501,5030188.67,False,May,1,0,0,0,0,0,0,0,0,1,0,0,0,0,0,0,1,0,0
2018-05-13,17:11:00,03,04,01,01,01,01,0,367707.5289,5032394.498,False,May,1,0,0,0,0,0,0,0,0,1,0,0,0,0,0,0,1,0,0
2018-04-18,,03,06,01,00,01,,0,360624.2757,5025557.436000001,False,April,0,0,0,0,0,0,0,0,1,0,0,0,0,0,0,0,1,0,0
2018-04-26,13:49:00,02,03,01,01,01,01,0,365363.6465,5022544.398,False,April,1,0,0,0,0,0,0,0,0,1,0,0,0,0,0,0,1,0,0
2018-04-26,14:07:00,03,03,01,01,01,01,0,363372.0655,5024271.745,False,April,0,1,0,0,0,0,0,0,0,1,0,0,0,0,0,0,1,0,0
2018-04-26,14:27:00,03,03,01,01,01,01,0,371608.4869,5024096.419,False,April,1,0,0,0,0,0,0,0,0,1,0,0,0,0,0,0,1,0,0
2018-04-26,15:31:00,03,03,02,01,02,01,0,370311.7593,5032271.16,False,April,1,0,0,0,0,0,0,0,0,1,0,0,0,0,0,0,1,0,0
2018-04-26,16:11:00,03,03,01,01,01,,0,373558.4621,5027851.943,False,April,0,0,0,0,0,0,0,0,1,0,0,0,0,0,0,0,1,0,0
2018-04-26,16:11:00,03,03,01,01,01,01,0,360751.9006,5014962.31,False,April,1,0,0,0,0,0,0,0,0,1,0,0,0,0,0,0,1,0,0
2018-04-26,16:17:00,03,03,02,01,02,01,0,367175.3071,5014824.242,False,April,1,0,0,0,0,0,0,0,0,1,0,0,0,0,0,0,1,0,0
2018-04-26,16:31:00,03,05,01,01,01,01,0,366983.9318,5031078.671,False,April,1,0,0,0,0,0,0,0,0,0,1,0,0,0,0,0,1,0,0
2018-04-26,16:56:00,02,07,01,01,01,,0,383195.9925,5039180.711,False,April,0,0,0,0,0,0,0,0,1,0,0,0,0,0,0,0,1,0,0
2018-04-26,16:45:00,03,03,01,01,01,,0,363889.9021,5014890.0,False,April,0,0,0,0,0,0,0,0,1,0,0,0,0,0,0,0,1,0,0
2018-04-26,17:13:00,03,05,01,01,01,01,0,383191.1457,5035796.716,False,April,1,0,0,0,0,0,0,0,0,0,1,0,0,0,0,0,1,0,0
2018-04-26,18:06:00,03,05,01,01,01,,0,381126.5927,5034678.92,False,April,0,0,0,0,0,0,0,0,1,0,0,0,0,0,0,0,1,0,0
2018-04-26,18:11:00,02,05,01,01,01,01,0,361584.5442,5026654.735,False,April,1,0,0,0,0,0,0,0,0,0,1,0,0,0,0,0,1,0,0
2018-04-26,18:28:00,03,02,01,01,01,01,0,365263.6324,5029013.268,False,April,0,1,0,0,0,0,0,0,0,0,1,0,0,0,0,0,1,0,0
2018-04-26,18:36:00,03,07,01,01,01,01,0,371078.7165,5032784.575,False,April,1,0,0,0,0,0,0,0,0,1,0,0,0,0,0,0,1,0,0
2018-04-26,21:07:00,03,03,01,07,01,01,0,370119.0881,5029601.063999999,False,April,1,0,0,0,0,0,0,0,0,1,0,0,0,0,0,0,1,0,0
2018-04-27,01:49:00,02,02,01,07,01,01,0,367731.6966,5031549.576,False,April,1,0,0,0,0,0,0,0,0,0,1,0,0,0,0,0,1,0,0
2018-04-27,08:01:00,02,03,01,01,01,01,0,363194.7067,5022396.981000001,False,April,1,0,0,0,0,0,0,0,0,1,0,0,0,0,0,0,1,0,0
2018-04-27,08:11:00,03,03,01,01,01,,0,374078.9899,5032299.999,False,April,0,0,0,0,0,0,0,0,1,0,0,0,0,0,0,0,1,0,0
2018-04-27,08:15:00,03,03,01,01,01,00,0,373401.5099,5031681.66,False,April,0,1,0,0,0,0,0,0,0,0,1,0,0,0,0,0,1,0,0
2018-04-27,08:42:00,03,03,01,01,01,00,0,358399.3064,5013996.777,False,April,0,1,0,0,0,0,0,0,0,0,1,0,0,0,0,0,1,0,0
2018-04-24,17:50:00,03,03,01,01,01,00,0,366019.4145,5020955.268999999,False,April,1,0,0,0,0,0,0,0,0,1,0,0,0,0,0,0,1,0,0
2018-04-27,09:00:00,03,02,01,01,01,01,0,370949.7126,5032771.573,False,April,1,0,0,0,0,0,0,0,0,0,1,0,0,0,0,0,1,0,0
2018-04-27,10:50:00,03,07,01,01,01,01,0,367678.7098,5031292.581,False,April,1,0,0,0,0,0,0,0,0,1,0,0,0,0,0,0,1,0,0
2018-04-24,07:20:00,03,07,01,01,01,,0,392516.3411,5040941.249,False,April,0,0,0,0,0,0,0,0,1,0,0,0,0,0,0,0,1,0,0
2018-04-27,12:08:00,03,04,01,01,01,,0,364893.1468,5027703.063999999,False,April,0,0,0,0,0,0,0,0,1,0,0,0,0,0,0,0,1,0,0
2018-04-27,11:30:00,02,03,01,01,01,01,0,365771.3551,5021558.985,False,April,1,0,0,0,0,0,0,0,0,1,0,0,0,0,0,0,1,0,0
2018-04-27,12:50:00,03,06,01,01,01,,0,366505.0517,5029086.893999999,False,April,0,0,0,0,0,0,0,0,1,0,0,0,0,0,0,0,1,0,0
2018-04-27,13:26:00,03,03,01,01,01,01,0,367108.0949,5022080.995,False,April,1,0,0,0,0,0,0,0,0,1,0,0,0,0,0,0,1,0,0
2018-04-20,10:45:00,03,06,01,01,01,,0,350522.5347,5014465.868,False,April,0,0,0,0,0,0,0,0,0,0,0,1,0,0,0,0,1,0,0
2018-04-26,,03,06,01,00,01,,0,381996.17799999996,5032101.572,False,April,0,0,0,0,0,0,0,0,1,0,0,0,0,0,0,0,1,0,0
2018-04-27,14:03:00,03,03,01,01,01,01,0,363933.2626,5014785.153,False,April,1,0,0,0,0,0,0,0,0,1,0,0,0,0,0,0,1,0,0
2018-04-27,14:00:00,03,04,01,01,01,,0,369075.3181,5033398.432,False,April,0,0,0,0,0,0,0,0,1,0,0,0,0,0,0,0,1,0,0
2018-04-26,11:00:00,03,04,01,01,01,01,0,352207.6108,5017242.451,False,April,1,0,0,0,0,0,0,0,0,1,0,0,0,0,0,0,1,0,0
2018-04-27,14:34:00,03,04,01,01,01,01,0,368206.709,5032227.581,False,April,1,0,0,0,0,0,0,0,0,1,0,0,0,0,0,0,1,0,0
2018-04-27,14:49:00,03,06,01,01,01,,0,369157.3896,5030335.201,False,April,0,0,0,0,0,0,0,0,1,0,0,0,0,0,0,0,1,0,0
2018-04-27,14:45:00,03,03,01,01,01,01,0,382701.5394,5039063.993,False,April,0,1,0,0,0,0,0,0,0,0,1,0,0,0,0,0,1,0,0
2018-04-27,14:50:00,03,03,01,01,01,,0,370927.7642,5033523.26,False,April,0,0,0,0,0,0,0,0,1,0,0,0,0,0,0,0,1,0,0
2018-04-23,19:50:00,03,03,01,05,01,01,0,366105.9919,5015395.218,False,April,1,0,0,0,0,0,0,0,0,1,0,0,0,0,0,0,1,0,0
2018-04-27,14:00:00,03,0,01,01,01,,0,371042.0445,5033183.786,False,April,0,0,0,0,0,0,0,0,1,0,0,0,0,0,0,0,1,0,0
2018-04-27,14:30:00,03,04,01,01,01,01,0,350455.6005,5019010.455,False,April,1,0,0,0,0,0,0,0,0,1,0,0,0,0,0,0,1,0,0
2018-04-20,22:00:00,02,07,01,07,01,01,1,370345.7129,5034855.615,False,April,0,1,0,0,0,0,0,0,0,0,1,0,0,0,0,0,1,0,0
2018-04-27,15:46:00,03,03,01,01,01,,0,368355.4036,5032689.768,False,April,0,0,0,0,0,0,0,0,1,0,0,0,0,0,0,0,1,0,0
2018-04-27,16:29:00,03,05,01,01,01,01,0,365791.5382,5028277.78,False,April,1,0,0,0,0,0,0,0,0,0,1,0,0,0,0,0,1,0,0
2018-04-26,20:45:00,03,03,01,07,01,01,0,369916.9489,5029120.75,False,April,0,0,1,0,0,0,0,0,0,1,0,0,0,0,0,0,1,0,0
2018-04-27,17:20:00,03,04,01,01,01,01,0,352207.6105,5017242.451,False,April,1,0,0,0,0,0,0,0,0,1,0,0,0,0,0,0,1,0,0
2018-04-27,19:45:00,03,04,01,05,01,,0,362516.7781,5023855.131,False,April,0,0,0,0,0,0,0,0,1,0,0,0,0,0,0,0,1,0,0
2018-04-27,20:22:00,02,07,01,05,01,,0,375103.8414,5033054.398,False,April,0,0,0,0,0,0,0,0,1,0,0,0,0,0,0,0,1,0,0
2018-04-27,21:29:00,03,07,02,07,02,,0,388228.0169,5040481.62,False,April,0,0,0,0,0,0,0,0,1,0,0,0,0,0,0,0,1,0,0
2018-04-28,01:59:00,03,07,01,07,01,,0,361852.3756,4995798.134,False,April,0,0,0,0,0,0,0,0,1,0,0,0,0,0,0,0,1,0,0
2018-04-28,06:56:00,03,07,02,01,02,,0,364166.5232,5016411.643,False,April,0,0,0,0,0,0,0,0,1,0,0,0,0,0,0,0,1,0,0
2018-04-28,07:01:00,03,05,02,01,02,01,0,362705.8018,5023492.677,False,April,1,0,0,0,0,0,0,0,0,0,1,0,0,0,0,0,1,0,0
2018-04-28,06:35:00,03,03,02,03,02,,0,352667.4689,5017665.981000001,False,April,0,0,0,0,0,0,0,0,0,0,0,1,0,0,0,0,1,0,0
2018-04-28,07:44:00,03,07,02,01,02,01,0,356389.6474,5022479.5,True,April,1,0,0,0,0,0,0,0,0,0,1,0,0,0,0,0,1,0,0
2018-04-27,09:36:00,02,03,01,01,01,01,0,379791.2828,5033781.573,False,April,1,0,0,0,0,0,0,0,0,1,0,0,0,0,0,0,1,0,0
2018-04-28,10:14:00,03,07,02,01,02,,0,375637.4666,5035262.246,False,April,0,0,0,0,0,0,0,0,1,0,0,0,0,0,0,0,1,0,0
2018-04-28,10:22:00,03,02,01,01,01,01,0,368110.0352,5014834.153,False,April,0,1,0,0,0,0,0,0,0,0,1,0,0,0,0,0,1,0,0
2018-04-28,11:45:00,03,02,01,01,01,,0,371095.1039,5032364.903,False,April,0,0,0,0,0,0,0,0,0,0,0,1,0,0,0,0,1,0,0
2018-04-28,12:07:00,02,03,01,01,01,01,0,349524.2184,5014330.569,False,April,1,0,0,0,0,0,0,0,0,1,0,0,0,0,0,0,1,0,0
2018-04-28,12:20:00,03,05,01,01,01,,0,374123.4057,5030721.892,False,April,0,0,0,0,0,0,0,0,0,0,0,1,0,0,0,0,1,0,0
2018-04-27,14:25:00,03,04,01,01,01,01,0,366856.6988,5031279.59,False,April,1,0,0,0,0,0,0,0,0,1,0,0,0,0,0,0,1,0,0
2018-04-28,13:10:00,03,03,01,01,01,01,0,367371.6405,5025694.275,False,April,1,0,0,0,0,0,0,0,0,1,0,0,0,0,0,0,1,0,0
2018-04-28,14:01:00,02,03,01,01,01,01,0,379671.2876,5036700.422,False,April,1,0,0,0,0,0,0,0,0,1,0,0,0,0,0,0,1,0,0
2018-04-27,,03,06,02,00,02,,0,362330.4393,5023022.2069999995,False,April,0,0,0,0,0,0,0,0,1,0,0,0,0,0,0,0,1,0,0
2018-04-27,16:00:00,03,03,01,01,01,01,0,372007.5914,5034041.037,False,April,1,0,0,0,0,0,0,0,0,1,0,0,0,0,0,0,1,0,0
2018-04-28,15:29:00,03,03,01,01,01,01,0,372241.5894,5032111.585,False,April,1,0,0,0,0,0,0,0,0,1,0,0,0,0,0,0,1,0,0
2018-04-28,15:43:00,03,04,01,01,01,,0,367201.16,5031352.405,False,April,0,0,0,0,0,0,0,0,1,0,0,0,0,0,0,0,1,0,0
2018-04-28,,03,06,02,00,02,,0,355224.7014,5017198.142,False,April,0,0,0,0,0,0,0,0,1,0,0,0,0,0,0,0,1,0,0
2018-04-28,16:30:00,02,01,01,01,01,,0,395677.2548,5043379.385,False,April,0,0,0,0,0,0,0,0,1,0,0,0,0,0,0,0,1,0,0
2018-04-28,19:06:00,03,07,01,01,01,,0,330948.8648,5037774.654,False,April,0,0,0,0,0,0,0,0,1,0,0,0,0,0,0,0,1,0,0
2018-04-28,20:04:00,03,04,01,07,01,01,0,366592.7031,5030254.571,False,April,1,0,0,0,0,0,0,0,0,1,0,0,0,0,0,0,1,0,0
2018-04-28,20:59:00,03,06,01,07,01,,0,372264.8132,5033389.242,False,April,0,0,0,0,0,0,0,0,0,0,0,1,0,0,0,0,1,0,0
2018-04-28,22:49:00,03,07,01,07,01,,0,390348.5737,5016054.298,False,April,0,0,0,0,0,0,0,0,1,0,0,0,0,0,0,0,1,0,0
2018-04-28,22:57:00,02,02,01,07,01,01,0,367572.719,5014684.398,False,April,1,0,0,0,0,0,0,0,0,0,1,0,0,0,0,0,1,0,0
2018-04-29,08:15:00,03,05,01,01,01,00,0,364913.6397,5027526.641,False,April,0,1,0,0,0,0,0,0,0,1,0,0,0,0,0,0,1,0,0
2018-04-29,11:08:00,03,07,01,01,01,,0,334191.4746,5033897.3780000005,False,April,0,0,0,0,0,0,0,0,1,0,0,0,0,0,0,0,1,0,0
2018-04-29,12:11:00,03,02,01,01,01,01,0,375047.7249,5031119.563999999,False,April,1,0,0,0,0,0,0,0,0,0,1,0,0,0,0,0,1,0,0
2018-04-28,14:35:00,02,03,01,01,01,01,0,372305.7802,5031952.079,False,April,1,0,0,0,0,0,0,0,0,1,0,0,0,0,0,0,1,0,0
2018-04-29,12:30:00,03,03,01,01,01,01,0,367050.3896,5030281.221,False,April,1,0,0,0,0,0,0,0,0,0,1,0,0,0,0,0,1,0,0
2018-04-29,12:46:00,03,03,01,01,01,,0,370140.3805,5032926.824,False,April,0,0,0,0,0,0,0,0,1,0,0,0,0,0,0,0,1,0,0
2018-04-29,13:09:00,02,03,01,01,01,01,0,366966.9601,5030476.573,False,April,1,0,0,0,0,0,0,0,0,1,0,0,0,0,0,0,1,0,0
2018-04-29,14:04:00,03,03,01,01,01,01,0,366967.4893,5030476.308,False,April,1,0,0,0,0,0,0,0,0,1,0,0,0,0,0,0,1,0,0
2018-04-29,14:28:00,03,03,01,01,01,01,0,359501.9655,5014636.429,False,April,1,0,0,0,0,0,0,0,0,1,0,0,0,0,0,0,1,0,0
2018-04-27,16:45:00,03,03,01,01,01,01,0,370166.9661,5030205.492,False,April,1,0,0,0,0,0,0,0,0,1,0,0,0,0,0,0,1,0,0
2018-04-29,15:23:00,03,02,01,01,01,02,0,366632.5703,5029861.898,False,April,0,1,0,0,0,0,0,0,0,0,1,0,0,0,0,0,1,0,0
2018-04-29,15:38:00,03,03,02,01,02,,0,366177.6284,5020641.897,False,April,0,0,0,0,0,0,0,0,1,0,0,0,0,0,0,0,1,0,0
2018-04-29,16:26:00,01,05,01,01,01,01,0,373798.7312,5029097.549,False,April,1,0,0,0,0,0,0,0,0,0,1,0,0,0,0,0,1,0,0
2018-04-29,17:03:00,03,05,01,01,01,01,0,371306.4347,5024316.706,False,April,1,0,0,0,0,0,0,0,0,0,1,0,0,0,0,0,1,0,0
2018-04-29,17:35:00,03,03,01,01,02,01,0,350942.4891,5016079.279,False,April,1,0,0,0,0,0,0,0,0,0,1,0,0,0,0,0,1,0,0
2018-04-29,19:33:00,03,02,01,05,02,01,0,362815.2834,5022618.406,False,April,0,1,0,0,0,0,0,0,0,0,1,0,0,0,0,0,1,0,0
2018-04-29,20:17:00,02,02,01,07,02,01,0,363698.4153,5025212.188,False,April,1,0,0,0,0,0,0,0,0,0,1,0,0,0,0,0,1,0,0
2018-04-30,07:44:00,02,04,01,01,01,,0,375345.9579,5031303.17,False,April,0,0,0,0,0,0,0,0,1,0,0,0,0,0,0,0,1,0,0
2018-04-30,07:50:00,02,03,01,01,01,,0,359708.1346,5023869.899,False,April,0,0,0,0,0,0,0,0,1,0,0,0,0,0,0,0,1,0,0
2018-06-07,16:45:00,03,03,01,01,01,,0,357823.4502,5018446.51,False,June,0,0,0,0,0,0,0,0,1,0,0,0,0,0,0,0,0,1,0
2018-06-07,16:52:00,03,07,01,01,01,,0,341276.4809,5002295.07,False,June,0,0,0,0,0,0,0,0,1,0,0,0,0,0,0,0,0,1,0
2018-06-07,16:51:00,03,03,01,01,01,01,0,366829.8722,5028935.787,False,June,1,0,0,0,0,0,0,0,0,1,0,0,0,0,0,0,0,1,0
2018-06-07,17:24:00,03,03,01,01,01,01,0,368802.5881,5033234.302,False,June,1,0,0,0,0,0,0,0,0,1,0,0,0,0,0,0,0,1,0
2018-05-31,15:10:00,03,0,01,01,01,,0,372377.55799999996,5025355.041999999,False,May,0,0,0,0,0,0,0,0,0,0,0,1,0,0,0,0,1,0,0
2018-06-07,19:20:00,03,03,01,01,01,01,0,364847.1706,5017766.129,False,June,1,0,0,0,0,0,0,0,0,1,0,0,0,0,0,0,0,1,0
2018-06-07,21:04:00,03,03,01,05,01,00,0,371052.3592,5032782.735,False,June,0,1,0,0,0,0,0,0,0,1,0,0,0,0,0,0,0,1,0
2018-06-07,21:14:00,03,05,02,07,02,01,0,352180.2261,5018499.544,False,June,1,0,0,0,0,0,0,0,0,0,1,0,0,0,0,0,0,1,0
2018-06-07,22:04:00,03,06,01,07,01,,0,372350.5993,5033173.277,False,June,0,0,0,0,0,0,0,0,1,0,0,0,0,0,0,0,0,1,0
2018-06-07,22:15:00,03,04,01,07,01,01,0,367390.7454,5021523.699,False,June,1,0,0,0,0,0,0,0,0,1,0,0,0,0,0,0,0,1,0
2018-06-07,21:45:00,03,03,01,07,01,01,0,379791.6711,5033781.655,False,June,1,0,0,0,0,0,0,0,0,1,0,0,0,0,0,0,0,1,0
2018-06-08,08:00:00,03,02,01,01,01,,0,373402.2779,5023382.7639999995,False,June,0,0,0,0,0,0,0,0,0,0,0,1,0,0,0,0,0,1,0
2018-06-11,,03,06,01,00,01,,0,366496.3524,5030663.76,False,June,0,0,0,0,0,0,0,0,1,0,0,0,0,0,0,0,0,1,0
2018-06-01,23:05:00,02,03,01,07,01,01,0,373099.7861,5030005.5,False,June,1,0,0,0,0,0,0,0,0,0,1,0,0,0,0,0,0,1,0
2018-06-05,08:48:00,02,03,02,01,02,,0,365324.1774,5020575.909,False,June,0,0,0,0,0,0,0,0,1,0,0,0,0,0,0,0,0,1,0
2018-06-08,08:03:00,02,03,01,01,01,01,0,372217.4721,5023470.635,False,June,1,0,0,0,0,0,0,0,0,1,0,0,0,0,0,0,0,1,0
2018-06-08,08:36:00,03,02,01,01,01,,0,371065.57899999997,5026373.726,False,June,0,0,0,0,0,0,0,0,0,0,0,1,0,0,0,0,0,1,0
2018-06-08,09:08:00,03,02,01,01,01,01,0,370155.7051,5033390.593,False,June,0,1,0,0,0,0,0,0,0,0,1,0,0,0,0,0,0,1,0
2018-06-08,10:27:00,03,07,01,01,01,,0,344802.0274,5010515.006,False,June,0,0,0,0,0,0,0,0,1,0,0,0,0,0,0,0,0,1,0
2018-06-08,11:00:00,02,03,01,01,01,01,0,385631.7175,5036892.702,False,June,1,0,0,0,0,0,0,0,0,1,0,0,0,0,0,0,0,1,0
2018-06-08,11:17:00,02,07,01,01,01,01,1,351616.0627,5019224.795,True,June,1,0,0,0,0,0,0,0,0,0,1,0,0,0,0,0,0,1,0
2018-06-08,11:55:00,03,03,01,01,01,01,0,375578.7277,5031439.6219999995,False,June,1,0,0,0,0,0,0,0,0,1,0,0,0,0,0,0,0,1,0
2018-06-26,07:10:00,03,03,01,01,01,01,0,371018.5029,5023702.99,False,June,1,0,0,0,0,0,0,0,0,1,0,0,0,0,0,0,0,1,0
2018-06-08,11:56:00,03,03,01,01,01,,0,372551.8037,5030235.203,False,June,0,0,0,0,0,0,0,0,1,0,0,0,0,0,0,0,0,1,0
2018-06-05,08:30:00,03,07,01,01,01,,0,349816.1163,5029478.297,False,June,0,0,0,0,0,0,0,0,1,0,0,0,0,0,0,0,0,1,0
2018-06-08,12:17:00,03,02,01,01,01,01,0,364681.6419,4998309.267,False,June,0,1,0,0,0,0,0,0,0,0,1,0,0,0,0,0,0,1,0
2018-06-07,,03,06,01,00,01,,0,368812.2525,5030551.162,False,June,0,0,0,0,0,0,0,0,1,0,0,0,0,0,0,0,0,1,0
2018-06-08,12:15:00,03,04,01,01,01,01,0,365462.5336,5022298.495,False,June,1,0,0,0,0,0,0,0,0,1,0,0,0,0,0,0,0,1,0
2018-06-08,12:38:00,03,05,01,01,01,01,0,364642.2814,5024227.7930000005,False,June,1,0,0,0,0,0,0,0,0,0,1,0,0,0,0,0,0,1,0
2018-06-08,13:51:00,03,02,01,01,01,01,0,376058.56200000003,5001706.468,False,June,0,1,0,0,0,0,0,0,0,0,1,0,0,0,0,0,0,1,0
2018-06-08,02:15:00,03,04,01,07,01,01,0,370218.8869,5032690.468,False,June,1,0,0,0,0,0,0,0,0,1,0,0,0,0,0,0,0,1,0
2018-06-08,14:37:00,03,02,01,01,01,02,0,364858.8072,5023725.642,False,June,1,0,0,0,0,0,0,0,0,0,1,0,0,0,0,0,0,1,0
2018-06-08,15:16:00,02,05,01,01,01,01,0,367786.7197,5030774.637,False,June,1,0,0,0,0,0,0,0,0,0,1,0,0,0,0,0,0,1,0
2018-06-08,15:32:00,02,02,01,01,01,01,0,365083.2871,5030222.539,False,June,0,1,0,0,0,0,0,0,0,0,1,0,0,0,0,0,0,1,0
2018-06-08,15:51:00,03,03,01,01,01,,0,370819.2483,5031137.318,True,June,0,0,0,0,0,0,0,0,0,0,0,0,0,0,1,0,0,1,0
2018-06-08,15:50:00,03,03,01,01,01,01,0,366967.7922,5030476.664,False,June,1,0,0,0,0,0,0,0,0,1,0,0,0,0,0,0,0,1,0
2018-06-08,15:58:00,02,02,01,01,01,03,0,366456.705,5029788.566000001,False,June,0,1,0,0,0,0,0,0,0,1,0,0,0,0,0,0,0,1,0
2018-06-08,16:03:00,03,05,01,01,01,,0,373833.2594,5022782.05,False,June,0,0,0,0,0,0,0,0,1,0,0,0,0,0,0,0,0,1,0
2018-06-08,16:40:00,02,03,01,01,01,01,0,373902.6198,5028046.716,False,June,1,0,0,0,0,0,0,0,0,1,0,0,0,0,0,0,0,1,0
2018-06-08,16:55:00,03,03,01,01,01,,0,360660.8484,5022621.948,False,June,0,0,0,0,0,0,0,0,1,0,0,0,0,0,0,0,0,1,0
2018-06-08,17:08:00,03,05,01,01,01,01,0,371306.4997,5021353.701,False,June,1,0,0,0,0,0,0,0,0,0,1,0,0,0,0,0,0,1,0