DATE,TIME,CLASS_OF_ACCIDENT,IMPACT_TYPE,ENVIRONMENT,LIGHT,ROAD_SURFACE_CONDITION,TRAFFIC_CONTROL_CONDITION,NO_OF_PEDESTRIANS,X,Y,Highway,Month,categorical_TRAFFIC_CONTROL_01,categorical_TRAFFIC_CONTROL_02,categorical_TRAFFIC_CONTROL_03,categorical_TRAFFIC_CONTROL_04,categorical_TRAFFIC_CONTROL_07,categorical_TRAFFIC_CONTROL_08,categorical_TRAFFIC_CONTROL_09,categorical_TRAFFIC_CONTROL_11,categorical_ACCIDENT_LOCATION_01,categorical_ACCIDENT_LOCATION_02,categorical_ACCIDENT_LOCATION_03,categorical_ACCIDENT_LOCATION_04,categorical_ACCIDENT_LOCATION_05,categorical_ACCIDENT_LOCATION_06,categorical_ACCIDENT_LOCATION_07,categorical_Seasons_Fall,categorical_Seasons_Spring,categorical_Seasons_Summer,categorical_Seasons_Winter
2018-06-08,17:38:00,02,07,01,01,01,01,1,359979.6709,5025185.522,False,June,0,1,0,0,0,0,0,0,0,1,0,0,0,0,0,0,0,1,0
2018-06-08,17:41:00,03,02,01,01,01,01,0,379860.7424,5036471.581,False,June,0,0,0,0,0,0,0,1,0,0,1,0,0,0,0,0,0,1,0
2018-06-08,17:44:00,03,04,01,01,01,00,0,367868.7835,5030257.473,False,June,1,0,0,0,0,0,0,0,0,1,0,0,0,0,0,0,0,1,0
2018-06-08,18:41:00,03,03,01,01,01,01,0,381870.5062,5035883.442,False,June,1,0,0,0,0,0,0,0,0,1,0,0,0,0,0,0,0,1,0
2018-06-08,19:07:00,03,02,01,01,01,,0,369847.3406,5034045.283,False,June,0,0,0,0,0,0,0,0,0,0,0,1,0,0,0,0,0,1,0
2018-06-08,19:42:00,02,02,01,01,01,,0,371428.508,5024195.029,False,June,0,0,0,0,0,0,0,0,0,0,0,1,0,0,0,0,0,1,0
2018-06-08,22:26:00,03,04,01,07,01,,0,371399.2631,5034359.469,False,June,0,0,0,0,0,0,0,0,1,0,0,0,0,0,0,0,0,1,0
2018-06-08,22:31:00,03,05,01,07,01,01,0,371946.87200000003,5024129.465,False,June,1,0,0,0,0,0,0,0,0,0,1,0,0,0,0,0,0,1,0
2018-06-08,23:54:00,02,07,01,07,01,,0,358137.87200000003,5023465.533,False,June,0,0,0,0,0,0,0,0,1,0,0,0,0,0,0,0,0,1,0
2018-06-09,08:31:00,03,07,01,01,01,01,0,350508.5849,5019177.484,False,June,1,0,0,0,0,0,0,0,0,1,0,0,0,0,0,0,0,1,0
2018-06-09,08:00:00,03,06,01,01,01,,0,383438.8748,5037175.138,False,June,0,0,0,0,0,0,0,0,1,0,0,0,0,0,0,0,0,1,0
2018-06-09,09:53:00,02,02,01,01,01,01,0,367257.7067,5031628.574,False,June,1,0,0,0,0,0,0,0,0,0,1,0,0,0,0,0,0,1,0
2018-06-09,08:30:00,02,07,01,01,01,01,1,369128.7065,5031547.576,False,June,0,1,0,0,0,0,0,0,0,1,0,0,0,0,0,0,0,1,0
2018-06-08,16:45:00,03,03,01,01,01,01,0,362050.7517,5025019.477,True,June,0,0,1,0,0,0,0,0,0,1,0,0,0,0,0,0,0,1,0
2018-06-09,10:48:00,03,02,01,01,01,01,0,363227.8588,5028292.283,False,June,1,0,0,0,0,0,0,0,0,1,0,0,0,0,0,0,0,1,0
2018-06-09,11:14:00,03,04,01,01,01,,0,361293.289,5025427.697,False,June,0,0,0,0,0,0,0,0,1,0,0,0,0,0,0,0,0,1,0
2018-06-09,11:29:00,03,02,01,01,01,01,0,370826.7137,5033474.591,False,June,1,0,0,0,0,0,0,0,0,0,1,0,0,0,0,0,0,1,0
2018-06-09,11:29:00,03,04,01,01,01,00,0,367063.0708,5031219.802,False,June,1,0,0,0,0,0,0,0,0,1,0,0,0,0,0,0,0,1,0
2018-06-09,12:17:00,03,03,01,01,01,01,0,351553.6629,5017864.819,False,June,1,0,0,0,0,0,0,0,0,1,0,0,0,0,0,0,0,1,0
2018-06-09,12:55:00,03,02,01,01,01,01,0,365087.9937,5029808.782,False,June,0,1,0,0,0,0,0,0,0,0,1,0,0,0,0,0,0,1,0
2018-06-09,13:08:00,03,05,01,01,01,,0,369390.826,5027801.03,False,June,0,0,0,0,0,0,0,0,0,0,0,1,0,0,0,0,0,1,0
2018-06-09,13:17:00,03,02,01,01,01,01,0,363778.6895,5028641.555,False,June,1,0,0,0,0,0,0,0,0,1,0,0,0,0,0,0,0,1,0
2018-06-08,17:15:00,03,03,01,01,01,01,0,366873.6822,5026438.565,False,June,1,0,0,0,0,0,0,0,0,1,0,0,0,0,0,0,0,1,0
2018-06-09,07:45:00,03,05,01,01,01,00,0,359353.7032,5024620.286,False,June,0,1,0,0,0,0,0,0,0,1,0,0,0,0,0,0,0,1,0
2018-06-09,12:00:00,03,03,01,01,01,01,0,359072.5776,5023875.368,False,June,1,0,0,0,0,0,0,0,0,1,0,0,0,0,0,0,0,1,0
2018-06-09,14:46:00,03,05,01,01,01,01,0,363778.4932,5028641.5819999995,False,June,1,0,0,0,0,0,0,0,0,0,1,0,0,0,0,0,0,1,0
2018-06-09,15:14:00,02,05,01,01,01,01,0,372823.7701,5024807.467,False,June,1,0,0,0,0,0,0,0,0,0,1,0,0,0,0,0,0,1,0
2018-06-09,15:45:00,03,05,01,01,01,01,0,356789.6099,5020289.29,False,June,1,0,0,0,0,0,0,0,0,0,1,0,0,0,0,0,0,1,0
2018-06-09,15:12:00,03,03,01,01,01,,0,367993.5346,5027969.922,False,June,0,0,0,0,0,0,0,0,1,0,0,0,0,0,0,0,0,1,0
2018-06-09,16:39:00,02,03,01,01,01,01,0,353827.6722,5018034.714,False,June,1,0,0,0,0,0,0,0,0,1,0,0,0,0,0,0,0,1,0
2018-06-09,19:06:00,02,05,01,01,01,01,0,375507.7959,5026406.839,False,June,1,0,0,0,0,0,0,0,0,0,1,0,0,0,0,0,0,1,0
2018-06-09,17:11:00,03,07,01,01,01,01,0,349864.609,5023399.509,False,June,1,0,0,0,0,0,0,0,0,1,0,0,0,0,0,0,0,1,0
2018-06-09,17:22:00,03,04,01,01,01,,0,357016.0809,5005950.581,False,June,0,0,0,0,0,0,0,0,1,0,0,0,0,0,0,0,0,1,0
2018-06-09,18:46:00,03,03,01,01,01,01,0,366106.0054,5015395.28,False,June,1,0,0,0,0,0,0,0,0,1,0,0,0,0,0,0,0,1,0
2018-06-09,19:17:00,03,06,01,01,01,,0,372832.81899999996,5028469.067,False,June,0,0,0,0,0,0,0,0,1,0,0,0,0,0,0,0,0,1,0
2018-06-09,20:44:00,03,03,01,05,01,01,0,374507.5448,5033198.624,False,June,1,0,0,0,0,0,0,0,0,1,0,0,0,0,0,0,0,1,0
2018-06-09,21:17:00,03,03,01,05,01,01,0,367639.7827,5032383.612,False,June,1,0,0,0,0,0,0,0,0,1,0,0,0,0,0,0,0,1,0
2018-06-09,21:35:00,02,04,01,07,01,01,0,364233.6034,5019974.401000001,False,June,1,0,0,0,0,0,0,0,0,0,1,0,0,0,0,0,0,1,0
2018-06-09,22:31:00,03,02,01,07,01,01,0,366855.7,5029922.568,False,June,0,1,0,0,0,0,0,0,0,1,0,0,0,0,0,0,0,1,0
2018-06-09,22:38:00,02,02,01,07,01,01,0,369457.7235,5023575.516,False,June,0,1,0,0,0,0,0,0,0,0,1,0,0,0,0,0,0,1,0
2018-06-09,23:21:00,03,07,01,07,01,,0,371992.6944,5030467.771000001,False,June,0,0,0,0,0,0,0,0,0,0,0,1,0,0,0,0,0,1,0
2018-06-10,02:27:00,02,06,01,07,01,,0,357195.7423,5019579.198,False,June,0,0,0,0,0,0,0,0,1,0,0,0,0,0,0,0,0,1,0
2018-06-10,02:42:00,03,07,01,07,01,,0,386484.723,5037468.202,False,June,0,0,0,0,0,0,0,0,1,0,0,0,0,0,0,0,0,1,0
2018-06-10,04:49:00,03,06,01,03,01,,0,374183.9499,5032628.972,False,June,0,0,0,0,0,0,0,0,1,0,0,0,0,0,0,0,0,1,0
2018-06-10,06:51:00,02,07,01,01,01,,0,381220.4816,5005675.766,False,June,0,0,0,0,0,0,0,0,1,0,0,0,0,0,0,0,0,1,0
2018-06-10,09:26:00,03,07,01,01,01,,0,345417.87,5034218.438,False,June,0,0,0,0,0,0,0,0,1,0,0,0,0,0,0,0,0,1,0
2018-06-10,10:34:00,02,03,01,01,01,01,0,367257.7041,5031628.614,False,June,1,0,0,0,0,0,0,0,0,1,0,0,0,0,0,0,0,1,0
2018-06-10,10:00:00,03,05,01,01,01,,0,378837.2192,5033229.98,False,June,0,0,0,0,0,0,0,0,0,0,0,1,0,0,0,0,0,1,0
2018-06-09,,03,06,01,00,01,,0,368198.6245,5030157.181,False,June,0,0,0,0,0,0,0,0,1,0,0,0,0,0,0,0,0,1,0
2018-06-19,08:30:00,03,04,01,01,01,00,0,367458.7555,5021891.511,False,June,1,0,0,0,0,0,0,0,0,1,0,0,0,0,0,0,0,1,0
2018-06-10,14:02:00,03,03,01,01,01,01,0,348774.0564,5017374.317,True,June,1,0,0,0,0,0,0,0,0,0,1,0,0,0,0,0,0,1,0
2018-06-10,14:00:00,03,03,01,01,01,,0,351201.7911,5018265.468,True,June,0,0,0,0,0,0,0,0,1,0,0,0,0,0,0,0,0,1,0
2018-06-09,18:00:00,03,03,01,01,01,,0,370807.4489,5031292.432,True,June,0,0,0,0,0,0,0,0,1,0,0,0,0,0,0,0,0,1,0
2018-06-10,15:29:00,03,03,01,01,01,01,0,364186.2637,5012513.461,False,June,0,1,0,0,0,0,0,0,0,1,0,0,0,0,0,0,0,1,0
2018-06-16,14:51:00,02,03,01,01,01,01,0,358137.6533,5021086.553,False,June,1,0,0,0,0,0,0,0,0,1,0,0,0,0,0,0,0,1,0
2018-06-10,,03,06,01,00,01,,0,349063.49,5018483.783,False,June,0,0,0,0,0,0,0,0,0,0,0,1,0,0,0,0,0,1,0
2018-06-10,,03,06,01,00,01,,0,364227.3887,5027806.445,False,June,0,0,0,0,0,0,0,0,1,0,0,0,0,0,0,0,0,1,0
2018-06-10,17:37:00,02,03,01,01,01,01,0,365627.041,5027297.938999999,False,June,1,0,0,0,0,0,0,0,0,1,0,0,0,0,0,0,0,1,0
2018-06-10,18:28:00,03,07,01,01,02,,0,383438.9802,5036275.055,False,June,0,0,0,0,0,0,0,0,0,0,0,1,0,0,0,0,0,1,0
2018-06-10,18:50:00,03,02,01,01,01,01,0,387133.2087,5012213.84,False,June,0,1,0,0,0,0,0,0,0,1,0,0,0,0,0,0,0,1,0
2018-06-10,19:45:00,03,03,01,01,01,,0,376635.2865,5018598.63,False,June,0,0,0,0,0,0,0,0,1,0,0,0,0,0,0,0,0,1,0
2018-06-10,20:17:00,03,04,01,01,01,01,0,360363.8986,5024838.273,False,June,0,1,0,0,0,0,0,0,0,1,0,0,0,0,0,0,0,1,0
2018-06-10,,03,06,01,00,01,,0,366591.4378,5029481.552,False,June,0,0,0,0,0,0,0,0,1,0,0,0,0,0,0,0,0,1,0
2018-06-10,,03,06,01,00,01,,0,367452.4416,5031658.47,False,June,0,0,0,0,0,0,0,0,1,0,0,0,0,0,0,0,0,1,0
2018-06-10,23:56:00,03,02,01,07,01,,0,375334.6087,5034329.63,False,June,0,0,0,0,0,0,0,0,0,0,0,1,0,0,0,0,0,1,0
2018-06-13,12:15:00,03,07,02,01,02,01,0,358496.6754,5022986.456,False,June,1,0,0,0,0,0,0,0,0,1,0,0,0,0,0,0,0,1,0
2018-06-22,11:10:00,03,07,01,01,01,,0,377789.138,5035726.549,False,June,0,0,0,0,0,0,0,0,1,0,0,0,0,0,0,0,0,1,0
2018-06-01,23:32:00,03,05,01,07,01,01,0,364858.4529,5023725.529,False,June,1,0,0,0,0,0,0,0,0,0,1,0,0,0,0,0,0,1,0
2018-06-26,07:52:00,02,02,01,01,01,00,0,370136.7182,5033101.583000001,False,June,0,1,0,0,0,0,0,0,0,0,1,0,0,0,0,0,0,1,0
2018-06-13,17:55:00,03,04,01,01,01,,0,367171.6471,5023809.6110000005,False,June,0,0,0,0,0,0,0,0,1,0,0,0,0,0,0,0,0,1,0
2018-06-11,07:56:00,03,03,01,01,01,,0,374987.3336,5031078.026000001,True,June,0,0,0,0,0,0,0,0,1,0,0,0,0,0,0,0,0,1,0
2018-06-22,12:58:00,03,04,01,01,01,01,0,367869.6988,5032009.614,False,June,1,0,0,0,0,0,0,0,0,1,0,0,0,0,0,0,0,1,0
2018-06-05,11:20:00,02,02,02,01,02,01,0,361106.33,5021364.648,False,June,1,0,0,0,0,0,0,0,0,0,1,0,0,0,0,0,0,1,0
2018-06-26,07:56:00,02,07,01,01,08,,0,346183.5745,5001308.081,False,June,0,0,0,0,0,0,0,0,1,0,0,0,0,0,0,0,0,1,0
2018-06-10,20:00:00,03,06,01,01,01,,0,366900.8204,5030428.692,False,June,0,0,0,0,0,0,0,0,1,0,0,0,0,0,0,0,0,1,0
2018-06-11,09:30:00,03,03,01,01,01,01,0,364358.8083,5024890.178,False,June,1,0,0,0,0,0,0,0,0,1,0,0,0,0,0,0,0,1,0
2018-06-02,00:06:00,03,02,01,07,01,01,0,356781.606,5015891.485,False,June,1,0,0,0,0,0,0,0,0,0,1,0,0,0,0,0,0,1,0
2018-06-16,15:42:00,02,05,01,01,01,01,0,366955.7256,5016122.102,False,June,0,1,0,0,0,0,0,0,0,0,1,0,0,0,0,0,0,1,0
2018-06-26,08:04:00,03,02,01,01,01,01,0,365871.6953,5021315.3780000005,False,June,0,1,0,0,0,0,0,0,0,0,1,0,0,0,0,0,0,1,0
2018-06-19,15:35:00,03,03,01,01,01,,0,375471.9088,5021349.088,False,June,0,0,0,0,0,0,0,0,1,0,0,0,0,0,0,0,0,1,0
2018-06-05,,03,06,01,00,01,,0,384592.4037,5036013.776000001,False,June,0,0,0,0,0,0,0,0,1,0,0,0,0,0,0,0,0,1,0
2018-06-13,18:53:00,02,07,02,01,02,01,1,365507.7023,5028451.557,False,June,1,0,0,0,0,0,0,0,0,0,1,0,0,0,0,0,0,1,0
2018-06-13,19:16:00,02,05,01,01,01,01,0,368336.6445,5029551.892,False,June,1,0,0,0,0,0,0,0,0,0,1,0,0,0,0,0,0,1,0
2018-06-13,,03,06,01,00,02,,0,367249.1929,5031125.288,False,June,0,0,0,0,0,0,0,0,1,0,0,0,0,0,0,0,0,1,0
2018-06-13,21:19:00,03,03,01,07,01,,0,359284.5485,5020735.682,True,June,0,0,0,0,0,0,0,0,1,0,0,0,0,0,0,0,0,1,0
2018-06-14,00:20:00,03,07,01,07,01,,0,371875.0864,5031680.838,False,June,0,0,0,0,0,0,0,0,1,0,0,0,0,0,0,0,0,1,0
2018-06-14,00:26:00,03,02,01,07,01,,0,369017.029,5027427.141,False,June,0,0,0,0,0,0,0,0,0,0,0,1,0,0,0,0,0,1,0
2018-06-14,06:57:00,03,03,01,01,01,01,0,366829.8442,5028935.755,False,June,1,0,0,0,0,0,0,0,0,0,1,0,0,0,0,0,0,1,0
2018-06-14,18:45:00,03,04,01,01,01,00,0,364465.708,5028109.538,False,June,0,1,0,0,0,0,0,0,0,1,0,0,0,0,0,0,0,1,0
2018-06-14,08:02:00,02,05,01,01,01,,0,367318.5693,5029643.789,False,June,0,0,0,0,0,0,0,0,0,0,1,0,0,0,0,0,0,1,0
2018-06-14,08:35:00,03,03,02,01,02,01,0,361294.6767,5015664.477,False,June,1,0,0,0,0,0,0,0,0,1,0,0,0,0,0,0,0,1,0
2018-06-14,09:34:00,03,05,01,01,01,01,0,380631.80600000004,5036980.658,False,June,1,0,0,0,0,0,0,0,0,0,1,0,0,0,0,0,0,1,0
2018-06-14,09:47:00,03,03,02,01,02,01,0,363176.7776,5016506.359,False,June,1,0,0,0,0,0,0,0,0,1,0,0,0,0,0,0,0,1,0
2018-06-14,12:29:00,02,07,01,01,01,01,3,371921.7191,5032887.575,False,June,1,0,0,0,0,0,0,0,0,0,1,0,0,0,0,0,0,1,0
2018-06-14,10:23:00,02,07,01,01,01,,0,373273.0444,5030108.852,False,June,0,0,0,0,0,0,0,0,1,0,0,0,0,0,0,0,0,1,0
2018-06-14,10:45:00,03,06,01,01,01,,0,366382.6304,5030015.739,False,June,0,0,0,0,0,0,0,0,1,0,0,0,0,0,0,0,0,1,0
2018-06-22,12:17:00,03,03,01,01,01,01,0,380631.5895,5036980.653,False,June,1,0,0,0,0,0,0,0,0,1,0,0,0,0,0,0,0,1,0
2018-06-05,12:35:00,02,04,02,01,02,01,0,368203.6638,5030793.688999999,False,June,0,1,0,0,0,0,0,0,0,0,1,0,0,0,0,0,0,1,0
2018-06-14,12:09:00,03,07,01,01,01,,0,368891.1591,5026402.73,False,June,0,0,0,0,0,0,0,0,1,0,0,0,0,0,0,0,0,1,0
2018-06-14,07:30:00,03,03,02,01,02,,0,363513.8945,5025368.182,False,June,0,0,0,0,0,0,0,0,1,0,0,0,0,0,0,0,0,1,0
2018-06-14,15:10:00,03,03,02,01,02,00,0,365690.8254,5006092.011,False,June,0,1,0,0,0,0,0,0,0,1,0,0,0,0,0,0,0,1,0
2018-06-14,15:18:00,03,03,01,01,01,,0,368357.7386,5032686.383,False,June,0,0,0,0,0,0,0,0,1,0,0,0,0,0,0,0,0,1,0
2018-06-14,15:30:00,03,04,01,01,01,01,0,373643.5744,5027899.662,False,June,1,0,0,0,0,0,0,0,0,1,0,0,0,0,0,0,0,1,0
2018-06-14,15:30:00,03,06,01,01,01,,0,369711.7198,5028265.823,False,June,0,0,0,0,0,0,0,0,0,0,0,1,0,0,0,0,0,1,0
2018-06-14,15:52:00,03,03,02,01,02,,0,367461.7847,5024895.921,False,June,0,0,0,0,0,0,0,0,1,0,0,0,0,0,0,0,0,1,0
2018-06-14,16:15:00,03,02,01,01,01,01,0,369178.5664,5031334.739,False,June,1,0,0,0,0,0,0,0,0,1,0,0,0,0,0,0,0,1,0
2018-06-14,,03,06,01,00,01,,0,367758.14200000005,5033012.981000001,False,June,0,0,0,0,0,0,0,0,1,0,0,0,0,0,0,0,0,1,0
2018-06-14,16:41:00,03,02,01,01,01,01,0,368463.5949,5031378.539,False,June,0,1,0,0,0,0,0,0,0,0,1,0,0,0,0,0,0,1,0
2018-06-14,01:41:00,03,05,01,07,01,01,0,365149.7629,5029270.509,False,June,1,0,0,0,0,0,0,0,0,0,1,0,0,0,0,0,0,1,0
2018-06-14,16:59:00,02,03,02,01,02,,0,361625.6871,5023202.268,False,June,0,0,0,0,0,0,0,0,1,0,0,0,0,0,0,0,0,1,0
2018-06-14,17:12:00,02,05,01,01,01,01,0,358967.6677,5021674.541,False,June,1,0,0,0,0,0,0,0,0,0,1,0,0,0,0,0,0,1,0
2018-06-14,17:25:00,03,03,01,01,01,01,0,367833.7299,5031386.759,False,June,1,0,0,0,0,0,0,0,0,1,0,0,0,0,0,0,0,1,0
2018-06-14,17:32:00,03,03,02,01,02,,0,349498.52200000006,5023060.795,False,June,0,0,0,0,0,0,0,0,1,0,0,0,0,0,0,0,0,1,0
2018-06-14,18:47:00,03,03,02,01,02,,0,367305.6077,5025654.436000001,False,June,0,0,0,0,0,0,0,0,0,0,0,1,0,0,0,0,0,1,0
2018-06-14,18:59:00,03,05,02,01,02,,0,364543.656,5024519.774,False,June,0,0,0,0,0,0,0,0,0,0,0,1,0,0,0,0,0,1,0
2018-06-14,19:32:00,02,02,02,01,02,02,0,372093.6714,5032472.572,False,June,1,0,0,0,0,0,0,0,0,0,1,0,0,0,0,0,0,1,0
2018-06-14,20:42:00,03,07,02,05,02,,0,379641.3403,5037179.352,False,June,0,0,0,0,0,0,0,0,1,0,0,0,0,0,0,0,0,1,0
2018-06-14,20:19:00,03,02,01,05,02,,0,362957.0819,5026452.687,False,June,0,0,0,0,0,0,0,0,0,0,0,1,0,0,0,0,0,1,0
2018-06-14,22:17:00,03,07,02,07,02,,0,359315.1472,5023286.2469999995,True,June,0,0,0,0,0,0,0,0,1,0,0,0,0,0,0,0,0,1,0
2018-06-15,00:17:00,03,02,01,07,02,01,0,357326.5896,5019854.382,False,June,1,0,0,0,0,0,0,0,0,1,0,0,0,0,0,0,0,1,0
2018-06-15,01:11:00,03,02,01,07,01,01,0,371333.7189,5032067.581,False,June,0,1,0,0,0,0,0,0,0,0,1,0,0,0,0,0,0,1,0
2018-06-14,,03,06,02,00,02,,0,368045.3754,5028936.959,False,June,0,0,0,0,0,0,0,0,1,0,0,0,0,0,0,0,0,1,0
2018-06-15,02:11:00,02,07,01,07,02,,0,359088.4195,5004717.188999999,False,June,0,0,0,0,0,0,0,0,1,0,0,0,0,0,0,0,0,1,0
2018-06-15,03:31:00,03,07,01,07,01,01,0,366918.7097,5024209.507,False,June,1,0,0,0,0,0,0,0,0,1,0,0,0,0,0,0,0,1,0
2018-06-15,08:29:00,02,03,01,01,01,,0,371776.161,5033929.209,False,June,0,0,0,0,0,0,0,0,1,0,0,0,0,0,0,0,0,1,0
2018-06-15,07:21:00,03,04,01,01,01,01,0,381055.7424,5035895.528,False,June,1,0,0,0,0,0,0,0,0,1,0,0,0,0,0,0,0,1,0
2018-06-15,07:22:00,03,05,01,01,01,01,0,368868.7311,5030872.587,False,June,0,1,0,0,0,0,0,0,0,0,1,0,0,0,0,0,0,1,0
2018-06-15,08:03:00,03,03,01,01,01,,0,367190.01200000005,5009448.685,False,June,0,0,0,0,0,0,0,0,1,0,0,0,0,0,0,0,0,1,0
2018-06-15,09:02:00,03,02,01,01,01,,0,371460.07399999996,5026962.576,False,June,0,0,0,0,0,0,0,0,0,0,0,1,0,0,0,0,0,1,0
2018-06-15,09:11:00,03,03,01,01,01,01,0,352813.5819,5016976.488,False,June,0,1,0,0,0,0,0,0,0,1,0,0,0,0,0,0,0,1,0
2018-06-13,18:00:00,03,03,02,01,02,,0,351641.6788,5017765.944,False,June,0,0,0,0,0,0,0,0,1,0,0,0,0,0,0,0,0,1,0
2018-06-15,10:45:00,03,06,01,01,01,,0,354367.2672,5015612.407,False,June,0,0,0,0,0,0,0,0,0,0,0,1,0,0,0,0,0,1,0
2018-06-15,11:05:00,03,04,01,01,01,01,0,368416.6599,5032256.688999999,False,June,1,0,0,0,0,0,0,0,0,1,0,0,0,0,0,0,0,1,0
2018-06-15,11:08:00,03,03,01,01,01,01,0,364121.7105,5014330.581,False,June,1,0,0,0,0,0,0,0,0,1,0,0,0,0,0,0,0,1,0
2018-06-15,11:07:00,03,04,01,01,01,,0,355458.0494,5015931.143999999,False,June,0,0,0,0,0,0,0,0,1,0,0,0,0,0,0,0,0,1,0
2018-06-15,11:37:00,03,03,01,01,01,01,0,364642.3709,5024227.727,False,June,1,0,0,0,0,0,0,0,0,1,0,0,0,0,0,0,0,1,0
2018-06-15,10:30:00,03,03,01,01,01,00,0,366153.2069,5020632.366,False,June,0,1,0,0,0,0,0,0,0,1,0,0,0,0,0,0,0,1,0
2018-06-15,12:34:00,03,03,01,01,01,,0,367446.7169,5029338.431,False,June,0,0,0,0,0,0,0,0,1,0,0,0,0,0,0,0,0,1,0
2018-06-15,,03,06,01,00,01,,0,355434.8093,5015409.6110000005,False,June,0,0,0,0,0,0,0,0,0,0,0,1,0,0,0,0,0,1,0
2018-06-15,12:56:00,03,02,01,01,01,01,0,370831.7887,5021555.787,False,June,1,0,0,0,0,0,0,0,0,1,0,0,0,0,0,0,0,1,0
2018-06-15,12:59:00,03,03,01,01,01,01,0,367664.7342,5031877.562,False,June,1,0,0,0,0,0,0,0,0,1,0,0,0,0,0,0,0,1,0
2018-06-15,13:04:00,03,07,01,01,01,,0,354505.9017,5014908.597,False,June,0,0,0,0,0,0,0,0,1,0,0,0,0,0,0,0,0,1,0
2018-06-14,13:00:00,03,02,01,01,01,,0,368758.276,5030564.779,False,June,0,0,0,0,0,0,0,0,0,0,0,1,0,0,0,0,0,1,0
2018-06-15,14:10:00,03,03,01,01,01,,0,371965.1563,5024335.948,False,June,0,0,0,0,0,0,0,0,1,0,0,0,0,0,0,0,0,1,0
2018-06-15,14:13:00,03,05,01,01,01,01,0,367579.5598,5031450.649,False,June,1,0,0,0,0,0,0,0,0,1,0,0,0,0,0,0,0,1,0
2018-06-15,08:55:00,03,04,01,01,01,00,0,368315.896,5032192.056,False,June,1,0,0,0,0,0,0,0,0,1,0,0,0,0,0,0,0,1,0
2018-06-15,07:20:00,03,04,01,01,01,,0,361835.3169,5025769.235,False,June,0,0,0,0,0,0,0,0,1,0,0,0,0,0,0,0,0,1,0
2018-06-15,14:34:00,03,03,01,01,01,,0,371970.5852,5024336.752,False,June,0,0,0,0,0,0,0,0,1,0,0,0,0,0,0,0,0,1,0
2018-06-15,14:34:00,03,03,01,01,01,01,0,360006.6488,5024632.45,False,June,1,0,0,0,0,0,0,0,0,1,0,0,0,0,0,0,0,1,0
2018-05-01,,03,06,01,00,01,,0,383958.8803,5035026.944,False,May,0,0,0,0,0,0,0,0,1,0,0,0,0,0,0,0,1,0,0
2018-06-15,15:13:00,02,03,01,01,01,01,0,368374.4712,5032330.028,False,June,1,0,0,0,0,0,0,0,0,1,0,0,0,0,0,0,0,1,0
2018-06-15,,03,06,01,00,01,,0,369052.2978,5032373.326,False,June,0,0,0,0,0,0,0,0,1,0,0,0,0,0,0,0,0,1,0
2018-06-15,15:36:00,03,03,01,01,01,01,0,349305.9699,5019211.634,False,June,1,0,0,0,0,0,0,0,0,1,0,0,0,0,0,0,0,1,0
2018-06-15,15:55:00,02,03,01,01,01,,0,348363.0006,5019117.82,False,June,0,0,0,0,0,0,0,0,1,0,0,0,0,0,0,0,0,1,0
2018-06-14,16:00:00,03,02,01,01,01,00,0,380169.5996,5025656.5139999995,True,June,0,1,0,0,0,0,0,0,0,1,0,0,0,0,0,0,0,1,0
2018-06-15,16:08:00,03,02,01,01,01,,0,375485.5978,5021316.473,False,June,0,0,0,0,0,0,0,0,0,0,0,1,0,0,0,0,0,1,0
2018-06-15,16:03:00,03,03,01,01,01,01,0,380460.7959,5034296.442,False,June,1,0,0,0,0,0,0,0,0,1,0,0,0,0,0,0,0,1,0
2018-06-15,16:20:00,03,03,01,01,01,01,0,369499.7078,5010770.411,False,June,1,0,0,0,0,0,0,0,0,1,0,0,0,0,0,0,0,1,0
2018-06-15,16:45:00,03,06,01,01,01,,0,349283.7589,5014961.164,False,June,0,0,0,0,0,0,0,0,0,0,0,1,0,0,0,0,0,1,0
2018-06-15,13:30:00,03,03,01,01,01,01,0,366883.7219,5028137.588,False,June,0,0,0,0,0,0,0,1,0,1,0,0,0,0,0,0,0,1,0
2018-06-15,,03,06,01,00,01,,0,362965.041,5028332.565,False,June,0,0,0,0,0,0,0,0,1,0,0,0,0,0,0,0,0,1,0
2018-06-15,17:15:00,03,03,01,01,01,,0,379306.7702,5036981.672,False,June,0,0,0,0,0,0,0,0,1,0,0,0,0,0,0,0,0,1,0
2018-06-15,17:15:00,03,03,01,01,01,01,0,365085.1253,5017903.172,False,June,1,0,0,0,0,0,0,0,0,1,0,0,0,0,0,0,0,1,0
2018-06-15,16:50:00,03,05,01,01,01,01,0,361934.6841,5025830.528,False,June,1,0,0,0,0,0,0,0,0,0,1,0,0,0,0,0,0,1,0
2018-06-15,18:47:00,02,02,01,01,01,01,0,385062.7389,5039589.796,False,June,0,1,0,0,0,0,0,0,0,0,1,0,0,0,0,0,0,1,0
2018-06-14,19:51:00,03,06,01,01,01,,0,366996.3164,5029858.618,False,June,0,0,0,0,0,0,0,0,1,0,0,0,0,0,0,0,0,1,0
2018-06-15,22:14:00,02,07,01,07,01,01,1,366196.7008,5029567.563999999,False,June,0,1,0,0,0,0,0,0,0,0,1,0,0,0,0,0,0,1,0
2018-06-15,22:43:00,03,05,01,07,01,,0,360595.2746,5022591.38,False,June,0,0,0,0,0,0,0,0,0,0,0,1,0,0,0,0,0,1,0
2018-06-15,23:06:00,03,02,01,07,01,,0,372125.9867,5024141.551,False,June,0,0,0,0,0,0,0,0,0,0,0,1,0,0,0,0,0,1,0
2018-06-16,02:08:00,03,07,01,07,01,,0,342973.7822,5028518.214,False,June,0,0,0,0,0,0,0,0,0,0,0,1,0,0,0,0,0,1,0