DATE,TIME,CLASS_OF_ACCIDENT,IMPACT_TYPE,ENVIRONMENT,LIGHT,ROAD_SURFACE_CONDITION,TRAFFIC_CONTROL_CONDITION,NO_OF_PEDESTRIANS,X,Y,Highway,Month,categorical_TRAFFIC_CONTROL_01,categorical_TRAFFIC_CONTROL_02,categorical_TRAFFIC_CONTROL_03,categorical_TRAFFIC_CONTROL_04,categorical_TRAFFIC_CONTROL_07,categorical_TRAFFIC_CONTROL_08,categorical_TRAFFIC_CONTROL_09,categorical_TRAFFIC_CONTROL_11,categorical_ACCIDENT_LOCATION_01,categorical_ACCIDENT_LOCATION_02,categorical_ACCIDENT_LOCATION_03,categorical_ACCIDENT_LOCATION_04,categorical_ACCIDENT_LOCATION_05,categorical_ACCIDENT_LOCATION_06,categorical_ACCIDENT_LOCATION_07,categorical_Seasons_Fall,categorical_Seasons_Spring,categorical_Seasons_Summer,categorical_Seasons_Winter
2018-06-16,08:45:00,02,03,01,01,01,,0,382771.1678,5038919.771000001,False,June,0,0,0,0,0,0,0,0,0,0,0,0,0,0,1,0,0,1,0
2018-06-13,06:50:00,03,04,01,01,01,01,0,373763.6998,5025404.518999999,False,June,1,0,0,0,0,0,0,0,0,1,0,0,0,0,0,0,0,1,0
2018-06-16,11:26:00,03,05,01,01,01,00,0,364858.5563,5023725.555,False,June,1,0,0,0,0,0,0,0,0,0,1,0,0,0,0,0,0,1,0
2018-06-16,12:06:00,03,03,01,01,01,01,0,370337.7677,5025947.845,False,June,1,0,0,0,0,0,0,0,0,1,0,0,0,0,0,0,0,1,0
2018-06-16,12:34:00,03,07,01,01,01,,0,383941.973,5032284.011,False,June,0,0,0,0,0,0,0,0,1,0,0,0,0,0,0,0,0,1,0
2018-06-16,12:46:00,03,03,01,01,01,01,0,359210.7498,5024119.535,False,June,1,0,0,0,0,0,0,0,0,1,0,0,0,0,0,0,0,1,0
2018-06-16,13:14:00,03,04,01,01,01,00,0,361479.6649,5020502.5819999995,False,June,1,0,0,0,0,0,0,0,0,1,0,0,0,0,0,0,0,1,0
2018-06-16,14:41:00,03,02,01,01,01,01,0,368462.7104,5032481.653,False,June,0,1,0,0,0,0,0,0,0,1,0,0,0,0,0,0,0,1,0
2018-06-16,14:44:00,03,02,01,01,01,,0,372743.9131,5032179.529,False,June,0,0,0,0,0,0,0,0,0,0,0,1,0,0,0,0,0,1,0
2018-05-30,12:42:00,03,03,01,01,01,01,0,370218.5556,5032690.545,False,May,1,0,0,0,0,0,0,0,0,1,0,0,0,0,0,0,1,0,0
2018-06-26,08:25:00,02,05,01,01,01,01,0,363180.645,5026638.666999999,False,June,1,0,0,0,0,0,0,0,0,0,1,0,0,0,0,0,0,1,0
2018-06-19,16:36:00,03,04,01,01,01,01,0,366307.6428,5030127.646000001,False,June,1,0,0,0,0,0,0,0,0,1,0,0,0,0,0,0,0,1,0
2018-06-11,09:30:00,03,04,01,01,01,01,0,368392.6614,5030486.563,False,June,1,0,0,0,0,0,0,0,0,1,0,0,0,0,0,0,0,1,0
2018-06-16,15:55:00,03,02,01,01,01,01,0,369360.7065,5031686.579,False,June,0,1,0,0,0,0,0,0,0,0,1,0,0,0,0,0,0,1,0
2018-06-02,01:35:00,03,06,01,07,01,,0,351148.159,5011526.2360000005,False,June,0,0,0,0,0,0,0,0,1,0,0,0,0,0,0,0,0,1,0
2018-06-19,16:41:00,03,02,01,01,01,01,0,374629.7492,5031242.551,False,June,1,0,0,0,0,0,0,0,0,0,1,0,0,0,0,0,0,1,0
2018-06-11,09:55:00,03,04,01,01,01,,0,359539.2462,5014547.808,False,June,0,0,0,0,0,0,0,0,0,0,0,1,0,0,0,0,0,1,0
2018-06-26,08:32:00,03,03,01,01,01,01,0,368036.65,5021945.563,False,June,1,0,0,0,0,0,0,0,0,1,0,0,0,0,0,0,0,1,0
2018-06-22,13:07:00,02,02,01,01,01,01,0,366967.6611,5030476.577,False,June,1,0,0,0,0,0,0,0,0,1,0,0,0,0,0,0,0,1,0
2018-06-11,10:34:00,03,06,01,01,01,,0,364922.2149,5016740.62,False,June,0,0,0,0,0,0,0,0,1,0,0,0,0,0,0,0,0,1,0
2018-06-05,12:52:00,03,03,01,01,02,01,0,370213.2261,5025873.551,False,June,1,0,0,0,0,0,0,0,0,1,0,0,0,0,0,0,0,1,0
2018-06-19,16:44:00,02,05,01,01,01,,0,378006.648,5032849.767,False,June,0,0,0,0,0,0,0,0,0,0,0,1,0,0,0,0,0,1,0
2018-06-26,08:50:00,03,05,01,01,01,01,0,370432.7483,5029081.62,False,June,1,0,0,0,0,0,0,0,0,0,1,0,0,0,0,0,0,1,0
2018-06-16,16:04:00,03,03,01,01,01,,0,381380.4724,5038721.969,False,June,0,0,0,0,0,0,0,0,1,0,0,0,0,0,0,0,0,1,0
2018-06-22,13:12:00,03,06,01,01,01,,0,365663.2261,5029309.109,False,June,0,0,0,0,0,0,0,0,1,0,0,0,0,0,0,0,0,1,0
2018-06-02,03:34:00,03,06,01,07,01,,0,374026.48600000003,5023946.002,False,June,0,0,0,0,0,0,0,0,1,0,0,0,0,0,0,0,0,1,0
2018-06-11,12:19:00,03,03,01,01,01,01,0,374674.5257,5028499.652,False,June,1,0,0,0,0,0,0,0,0,1,0,0,0,0,0,0,0,1,0
2018-06-03,23:15:00,03,02,02,07,02,01,0,368019.6112,5017177.464,False,June,0,1,0,0,0,0,0,0,0,0,1,0,0,0,0,0,0,1,0
2018-06-19,17:15:00,03,0,01,01,01,,0,367834.8288,5031986.158,False,June,0,0,0,0,0,0,0,0,1,0,0,0,0,0,0,0,0,1,0
2018-06-26,09:16:00,03,07,01,01,01,,0,370914.8807,5029114.321,False,June,0,0,0,0,0,0,0,0,1,0,0,0,0,0,0,0,0,1,0
2018-06-16,16:21:00,03,06,01,01,01,,0,378993.3033,5033275.588,False,June,0,0,0,0,0,0,0,0,1,0,0,0,0,0,0,0,0,1,0
2018-06-22,13:35:00,03,02,01,01,01,,0,368509.0303,5029465.7069999995,False,June,0,0,0,0,0,0,0,0,0,0,0,1,0,0,0,0,0,1,0
2018-06-22,13:15:00,03,03,01,01,01,01,0,382890.7077,5038666.546,False,June,1,0,0,0,0,0,0,0,0,1,0,0,0,0,0,0,0,1,0
2018-06-22,13:56:00,03,05,01,01,01,01,0,382226.7531,5035958.515,False,June,1,0,0,0,0,0,0,0,0,0,1,0,0,0,0,0,0,1,0
2018-06-22,13:00:00,03,03,01,01,01,00,0,358398.5718,5013997.375,False,June,0,1,0,0,0,0,0,0,0,1,0,0,0,0,0,0,0,1,0
2018-06-22,14:50:00,02,02,01,01,01,01,0,366856.6982,5031279.59,False,June,1,0,0,0,0,0,0,0,0,0,1,0,0,0,0,0,0,1,0
2018-06-22,14:30:00,03,04,01,01,01,00,0,360531.3334,5023312.515,True,June,1,0,0,0,0,0,0,0,0,1,0,0,0,0,0,0,0,1,0
2018-06-22,14:55:00,02,03,01,01,01,01,0,366346.8848,5015471.206,False,June,1,0,0,0,0,0,0,0,0,1,0,0,0,0,0,0,0,1,0
2018-06-22,15:11:00,03,04,01,01,01,01,0,361526.04600000003,5014725.228,False,June,0,1,0,0,0,0,0,0,0,1,0,0,0,0,0,0,0,1,0
2018-06-22,15:38:00,03,03,01,01,01,01,0,349864.6113,5023399.493,False,June,1,0,0,0,0,0,0,0,0,1,0,0,0,0,0,0,0,1,0
2018-06-22,15:50:00,03,04,01,01,01,01,0,366873.6831,5026438.5819999995,False,June,1,0,0,0,0,0,0,0,0,1,0,0,0,0,0,0,0,1,0
2018-06-22,16:35:00,03,02,01,01,01,,0,382671.3654,5035582.175,False,June,0,0,0,0,0,0,0,0,0,0,0,1,0,0,0,0,0,1,0
2018-06-22,16:43:00,03,04,01,01,01,01,0,366737.8178,5029618.688999999,True,June,1,0,0,0,0,0,0,0,0,1,0,0,0,0,0,0,0,1,0
2018-06-22,16:52:00,03,03,01,01,01,01,0,360531.278,5023312.521000001,True,June,1,0,0,0,0,0,0,0,0,1,0,0,0,0,0,0,0,1,0
2018-06-22,17:03:00,02,05,01,01,01,01,0,347737.58,5015442.459,False,June,1,0,0,0,0,0,0,0,0,0,1,0,0,0,0,0,0,1,0
2018-06-22,15:40:00,03,03,01,01,01,01,0,364841.334,5014200.437,False,June,0,1,0,0,0,0,0,0,0,1,0,0,0,0,0,0,0,1,0
2018-06-22,18:07:00,03,03,01,01,01,00,0,368157.66299999994,5032315.646000001,False,June,1,0,0,0,0,0,0,0,0,1,0,0,0,0,0,0,0,1,0
2018-05-30,13:00:00,03,05,01,01,01,01,0,370432.6454,5029081.598999999,False,May,1,0,0,0,0,0,0,0,0,0,1,0,0,0,0,0,1,0,0
2018-06-22,18:12:00,03,0,01,01,01,01,0,350344.6025,5020366.476,False,June,0,1,0,0,0,0,0,0,0,1,0,0,0,0,0,0,0,1,0
2018-06-22,18:53:00,03,03,01,01,01,,0,375620.4421,5034289.381,False,June,0,0,0,0,0,0,0,0,0,0,0,1,0,0,0,0,0,1,0
2018-06-22,22:06:00,03,04,01,07,01,,0,359285.3152,5019310.424,True,June,0,0,0,0,0,0,0,0,1,0,0,0,0,0,0,0,0,1,0
2018-06-23,03:26:00,03,04,01,07,01,01,0,371946.7881,5024129.49,False,June,1,0,0,0,0,0,0,0,0,1,0,0,0,0,0,0,0,1,0
2018-06-23,02:05:00,02,07,01,07,01,01,1,368511.7072,5032413.589,False,June,1,0,0,0,0,0,0,0,0,1,0,0,0,0,0,0,0,1,0
2018-06-22,,03,06,01,00,01,,0,365394.0331,5026887.0,False,June,0,0,0,0,0,0,0,0,1,0,0,0,0,0,0,0,0,1,0
2018-06-23,09:56:00,03,04,01,01,01,01,0,369185.8704,5033592.351,False,June,1,0,0,0,0,0,0,0,0,1,0,0,0,0,0,0,0,1,0
2018-06-23,11:41:00,03,05,01,01,01,01,0,347174.6372,5026065.458000001,False,June,1,0,0,0,0,0,0,0,0,0,1,0,0,0,0,0,0,1,0
2018-06-22,16:00:00,03,03,01,01,01,01,0,371608.7393,5024096.487,False,June,1,0,0,0,0,0,0,0,0,1,0,0,0,0,0,0,0,1,0
2018-06-23,12:02:00,03,01,01,01,01,,0,373036.44299999997,5023269.727,False,June,0,0,0,0,0,0,0,0,1,0,0,0,0,0,0,0,0,1,0
2018-06-23,12:50:00,03,03,01,01,01,00,0,364439.2312,5023493.562,False,June,1,0,0,0,0,0,0,0,0,1,0,0,0,0,0,0,0,1,0
2018-06-23,13:16:00,03,02,01,01,01,01,0,361934.6841,5025830.528,False,June,1,0,0,0,0,0,0,0,0,0,1,0,0,0,0,0,0,1,0
2018-06-23,14:01:00,02,06,01,01,01,,0,369416.5721,5023436.581,False,June,0,0,0,0,0,0,0,0,1,0,0,0,0,0,0,0,0,1,0
2018-06-23,,03,06,01,00,01,,0,368356.1703,5030976.125,False,June,0,0,0,0,0,0,0,0,1,0,0,0,0,0,0,0,0,1,0
2018-06-23,15:55:00,02,02,01,01,01,01,0,368601.6634,5032846.408,False,June,0,1,0,0,0,0,0,0,0,0,1,0,0,0,0,0,0,1,0
2018-06-23,16:35:00,03,03,01,01,01,01,0,372465.7963,5030279.521000001,False,June,1,0,0,0,0,0,0,0,0,1,0,0,0,0,0,0,0,1,0
2018-06-23,16:49:00,03,03,01,01,01,01,0,364521.6981,5024507.527,False,June,1,0,0,0,0,0,0,0,0,1,0,0,0,0,0,0,0,1,0
2018-06-23,19:12:00,03,07,02,01,02,,0,376624.0666,5031618.485,False,June,0,0,0,0,0,0,0,0,1,0,0,0,0,0,0,0,0,1,0
2018-06-23,18:18:00,02,03,02,01,02,01,0,365612.6951,5021942.498,False,June,1,0,0,0,0,0,0,0,0,1,0,0,0,0,0,0,0,1,0
2018-06-23,18:56:00,03,05,02,01,02,01,0,375363.766,5031313.623,False,June,1,0,0,0,0,0,0,0,0,0,1,0,0,0,0,0,0,1,0
2018-06-23,19:00:00,03,03,02,01,02,,0,360745.91299999994,5022233.549,False,June,0,0,0,0,0,0,0,0,1,0,0,0,0,0,0,0,0,1,0
2018-06-23,20:51:00,03,05,02,05,02,01,0,364130.6586,5028867.603,False,June,1,0,0,0,0,0,0,0,0,0,1,0,0,0,0,0,0,1,0
2018-06-23,20:53:00,02,05,01,05,01,01,0,354571.7967,5016744.291,False,June,1,0,0,0,0,0,0,0,0,0,1,0,0,0,0,0,0,1,0
2018-06-24,00:15:00,03,07,02,07,02,01,0,384844.7645,5036560.558999999,False,June,1,0,0,0,0,0,0,0,0,1,0,0,0,0,0,0,0,1,0
2018-06-24,00:41:00,03,02,01,07,02,01,0,360531.294,5023312.52,True,June,1,0,0,0,0,0,0,0,0,0,1,0,0,0,0,0,0,1,0
2018-06-24,07:21:00,03,03,01,01,01,00,0,371084.758,5021380.507,False,June,0,0,1,0,0,0,0,0,0,1,0,0,0,0,0,0,0,1,0
2018-06-24,07:28:00,02,02,01,01,01,01,0,318994.4753,5027166.697,True,June,0,1,0,0,0,0,0,0,0,0,1,0,0,0,0,0,0,1,0
2018-06-23,12:17:00,03,03,01,01,01,01,0,375047.7534,5031119.556,False,June,1,0,0,0,0,0,0,0,0,1,0,0,0,0,0,0,0,1,0
2018-06-24,11:19:00,03,03,01,01,01,01,0,364929.6784,5029153.583000001,False,June,1,0,0,0,0,0,0,0,0,1,0,0,0,0,0,0,0,1,0
2018-06-24,12:40:00,03,06,01,01,01,,0,367223.1049,5029960.223,False,June,0,0,0,0,0,0,0,0,1,0,0,0,0,0,0,0,0,1,0
2018-06-22,16:45:00,03,05,01,01,01,01,0,379670.7291,5036700.636,False,June,1,0,0,0,0,0,0,0,0,1,0,0,0,0,0,0,0,1,0
2018-06-24,13:31:00,03,03,01,01,01,,0,351335.1086,5018113.183,False,June,0,0,0,0,0,0,0,0,1,0,0,0,0,0,0,0,0,1,0
2018-06-24,13:30:00,02,02,01,01,01,01,0,368876.7122,5028466.558,False,June,0,1,0,0,0,0,0,0,0,0,1,0,0,0,0,0,0,1,0
2018-06-24,13:38:00,02,04,01,01,01,01,0,367753.1928,5028446.51,False,June,0,0,1,0,0,0,0,0,0,1,0,0,0,0,0,0,0,1,0
2018-06-24,13:38:00,03,03,01,01,01,00,0,368418.7263,5024853.535,False,June,1,0,0,0,0,0,0,0,0,1,0,0,0,0,0,0,0,1,0
2018-06-20,10:30:00,03,04,01,01,01,01,0,366935.2784,5031426.173,False,June,1,0,0,0,0,0,0,0,0,0,1,0,0,0,0,0,0,1,0
2018-06-24,14:01:00,03,03,01,01,01,01,0,360752.2237,5014962.079,False,June,1,0,0,0,0,0,0,0,0,1,0,0,0,0,0,0,0,1,0
2018-06-24,14:45:00,02,03,01,01,01,01,0,370802.0524,5031015.947,True,June,1,0,0,0,0,0,0,0,0,1,0,0,0,0,0,0,0,1,0
2018-06-24,11:00:00,03,06,01,01,01,,0,352548.036,5020174.304,False,June,0,0,0,0,0,0,0,0,0,0,0,1,0,0,0,0,0,1,0
2018-06-24,17:28:00,02,03,01,01,01,,0,363480.6335,5029388.151000001,False,June,0,0,0,0,0,0,0,0,1,0,0,0,0,0,0,0,0,1,0
2018-06-24,17:47:00,02,07,01,01,01,,0,355901.0239,5014880.647,False,June,0,0,0,0,0,0,0,0,1,0,0,0,0,0,0,0,0,1,0
2018-06-24,18:08:00,03,03,01,01,02,,0,360208.8353,5024122.531,False,June,0,0,0,0,0,0,0,0,1,0,0,0,0,0,0,0,0,1,0
2018-06-24,16:30:00,03,06,01,01,01,,0,368045.5136,5032231.411,False,June,0,0,0,0,0,0,0,0,1,0,0,0,0,0,0,0,0,1,0
2018-06-24,20:26:00,03,02,01,05,02,,0,369977.3746,5026850.262,False,June,0,0,0,0,0,0,0,0,0,0,0,1,0,0,0,0,0,1,0
2018-06-24,20:47:00,03,03,02,05,02,,0,374377.9483,5031323.235,False,June,0,0,0,0,0,0,0,0,0,0,0,1,0,0,0,0,0,1,0
2018-06-24,21:24:00,03,07,01,07,01,01,0,384428.3389,5035022.308,False,June,1,0,0,0,0,0,0,0,0,1,0,0,0,0,0,0,0,1,0
2018-06-25,03:14:00,03,07,01,07,01,,0,380151.1851,5034112.205,False,June,0,0,0,0,0,0,0,0,1,0,0,0,0,0,0,0,0,1,0
2018-06-25,07:14:00,03,03,01,01,01,01,0,368699.677,5009932.334,False,June,1,0,0,0,0,0,0,0,0,1,0,0,0,0,0,0,0,1,0
2018-06-25,08:14:00,03,06,01,01,01,,0,375105.9573,5020649.249,False,June,0,0,0,0,0,0,0,0,1,0,0,0,0,0,0,0,0,1,0
2018-06-25,09:52:00,03,06,01,01,01,,0,368070.3354,5031349.944,False,June,0,0,0,0,0,0,0,0,1,0,0,0,0,0,0,0,0,1,0
2018-06-25,10:08:00,03,03,01,01,01,01,0,384351.8308,5039990.405,False,June,1,0,0,0,0,0,0,0,0,1,0,0,0,0,0,0,0,1,0
2018-06-25,11:16:00,03,03,01,01,01,,0,374848.2181,5030993.464,True,June,0,0,0,0,0,0,0,0,1,0,0,0,0,0,0,0,0,1,0
2018-06-25,11:41:00,02,03,01,01,01,01,0,370676.3854,5031611.703,False,June,1,0,0,0,0,0,0,0,0,1,0,0,0,0,0,0,0,1,0
2018-06-25,08:30:00,03,02,01,01,01,01,0,369457.7576,5023575.511,False,June,0,1,0,0,0,0,0,0,0,0,1,0,0,0,0,0,0,1,0
2018-06-25,11:58:00,02,03,01,01,01,,0,379470.8344,5037036.214,False,June,0,0,0,0,0,0,0,0,1,0,0,0,0,0,0,0,0,1,0
2018-06-25,12:49:00,03,03,01,01,01,01,0,365462.6226,5022298.5,False,June,1,0,0,0,0,0,0,0,0,1,0,0,0,0,0,0,0,1,0
2018-06-25,17:08:00,03,05,01,01,01,01,0,373099.7509,5030005.655,False,June,1,0,0,0,0,0,0,0,0,1,0,0,0,0,0,0,0,1,0
2018-06-25,13:44:00,02,07,01,01,01,,0,345854.0654,5011355.987,False,June,0,0,0,0,0,0,0,0,0,0,0,1,0,0,0,0,0,1,0
2018-06-25,15:43:00,03,02,01,01,01,,0,356225.33200000005,5016274.306,False,June,0,0,0,0,0,0,0,0,0,0,0,1,0,0,0,0,0,1,0
2018-06-25,15:50:00,03,03,01,01,01,01,0,372903.75399999996,5027463.536,False,June,1,0,0,0,0,0,0,0,0,1,0,0,0,0,0,0,0,1,0
2018-06-25,16:02:00,03,05,01,01,01,01,0,351051.6084,5017887.454,False,June,1,0,0,0,0,0,0,0,0,1,0,0,0,0,0,0,0,1,0
2018-06-25,16:09:00,03,03,01,01,01,01,0,348804.571,5014360.455,False,June,1,0,0,0,0,0,0,0,0,1,0,0,0,0,0,0,0,1,0
2018-06-25,16:11:00,02,03,01,01,01,01,0,364358.6627,5024890.518,False,June,1,0,0,0,0,0,0,0,0,1,0,0,0,0,0,0,0,1,0
2018-06-25,16:30:00,03,03,01,01,01,01,0,369178.9705,5031334.732,False,June,1,0,0,0,0,0,0,0,0,1,0,0,0,0,0,0,0,1,0
2018-06-25,17:05:00,03,07,01,01,01,,0,382761.7929,5038939.722,False,June,0,0,0,0,0,0,0,0,0,1,0,0,0,0,0,0,0,1,0
2018-06-25,17:08:00,03,06,01,01,01,,0,364411.2115,5026493.658,False,June,0,0,0,0,0,0,0,0,1,0,0,0,0,0,0,0,0,1,0
2018-06-25,,03,06,01,00,01,,0,361927.5217,5021565.146000001,False,June,0,0,0,0,0,0,0,0,1,0,0,0,0,0,0,0,0,1,0
2018-06-15,15:15:00,03,07,01,01,01,01,0,373763.74,5025404.523,False,June,1,0,0,0,0,0,0,0,0,1,0,0,0,0,0,0,0,1,0
2018-06-25,18:15:00,03,03,01,01,01,,0,372087.8013,5032489.121,False,June,0,0,0,0,0,0,0,0,1,0,0,0,0,0,0,0,0,1,0
2018-06-25,18:37:00,03,03,01,01,01,00,0,350950.5423,5012496.395,False,June,0,1,0,0,0,0,0,0,0,1,0,0,0,0,0,0,0,1,0
2018-06-25,18:58:00,02,04,01,01,01,01,0,376762.7389,5032132.563999999,False,June,1,0,0,0,0,0,0,0,0,1,0,0,0,0,0,0,0,1,0
2018-06-24,,03,06,01,00,01,,0,349023.5427,5024063.468,False,June,0,0,0,0,0,0,0,0,1,0,0,0,0,0,0,0,0,1,0
2018-06-25,19:32:00,02,03,01,01,01,01,0,365005.2264,5015977.654,False,June,0,1,0,0,0,0,0,0,0,1,0,0,0,0,0,0,0,1,0
2018-06-25,11:17:00,03,02,01,01,01,,0,386855.2353,5036180.874,False,June,0,0,0,0,0,0,0,0,0,0,0,1,0,0,0,0,0,1,0
2018-06-25,20:20:00,03,02,01,01,01,,0,362957.9488,5026450.669,False,June,0,0,0,0,0,0,0,0,0,0,0,1,0,0,0,0,0,1,0
2018-06-25,21:19:00,03,05,01,05,01,,0,371183.0849,5026870.024,False,June,0,0,0,0,0,0,0,0,1,0,0,0,0,0,0,0,0,1,0
2018-06-25,23:23:00,03,03,01,07,01,01,0,349053.6082,5018056.464,False,June,0,0,0,0,0,0,0,1,0,1,0,0,0,0,0,0,0,1,0
2018-06-26,06:48:00,03,03,01,01,01,01,0,383190.8011,5035796.625,False,June,1,0,0,0,0,0,0,0,0,1,0,0,0,0,0,0,0,1,0
2018-06-26,06:57:00,03,03,01,01,01,01,0,371033.7102,5026354.5430000005,False,June,1,0,0,0,0,0,0,0,0,1,0,0,0,0,0,0,0,1,0
2018-06-19,17:23:00,03,02,01,01,01,01,0,368591.7071,5032273.586,False,June,0,1,0,0,0,0,0,0,0,0,1,0,0,0,0,0,0,1,0
2018-06-26,09:35:00,02,05,01,01,01,01,0,371867.7466,5024320.4860000005,False,June,1,0,0,0,0,0,0,0,0,0,1,0,0,0,0,0,0,1,0
2018-06-05,14:39:00,03,02,01,01,01,,0,367848.4411,5031486.591,False,June,0,0,0,0,0,0,0,0,0,0,0,1,0,0,0,0,0,1,0
2018-06-10,18:30:00,03,0,01,01,01,,0,371010.8797,5013639.933999999,False,June,0,0,0,0,0,0,0,0,1,0,0,0,0,0,0,0,0,1,0
2018-06-16,16:00:00,03,06,01,01,01,,0,382812.7541,5038192.048,False,June,0,0,0,0,0,0,0,0,0,0,0,1,0,0,0,0,0,1,0
2018-06-02,08:28:00,02,02,01,01,01,,0,364015.3165,5014834.295,False,June,0,0,0,0,0,0,0,0,0,0,0,1,0,0,0,0,0,1,0
2018-06-19,17:58:00,03,02,01,01,01,01,0,365341.6962,5028208.554,False,June,0,1,0,0,0,0,0,0,0,0,1,0,0,0,0,0,0,1,0
2018-06-19,15:18:00,03,03,01,01,01,,0,352138.5702,5022316.594,False,June,0,0,0,0,0,0,0,0,1,0,0,0,0,0,0,0,0,1,0
2018-06-19,16:50:00,03,02,01,01,01,01,0,367869.232,5032130.704,False,June,1,0,0,0,0,0,0,0,0,0,1,0,0,0,0,0,0,1,0
2018-06-19,19:33:00,03,05,01,01,01,01,0,363229.6448,5025774.563,True,June,1,0,0,0,0,0,0,0,0,0,1,0,0,0,0,0,0,1,0
2018-06-19,19:56:00,03,05,01,01,01,,0,383328.2858,5010780.431,False,June,0,0,0,0,0,0,0,0,0,0,0,1,0,0,0,0,0,1,0
2018-06-19,19:58:00,03,03,01,01,01,01,0,369128.6778,5032787.541999999,False,June,1,0,0,0,0,0,0,0,0,1,0,0,0,0,0,0,0,1,0
2018-06-19,20:27:00,03,07,01,05,01,,0,335594.1211,5015817.8719999995,False,June,0,0,0,0,0,0,0,0,1,0,0,0,0,0,0,0,0,1,0
2018-06-19,21:05:00,02,02,01,05,01,01,0,360752.2251,5014962.154,False,June,1,0,0,0,0,0,0,0,0,0,1,0,0,0,0,0,0,1,0
2018-06-20,06:43:00,03,03,01,01,01,,0,379498.1989,5033177.155,False,June,0,0,0,0,0,0,0,0,1,0,0,0,0,0,0,0,0,1,0
2018-06-20,07:11:00,02,02,01,01,01,01,0,370799.7252,5031397.561000001,True,June,1,0,0,0,0,0,0,0,0,0,1,0,0,0,0,0,0,1,0
2018-06-20,07:26:00,02,05,01,01,01,00,0,374626.7326,5017746.476,False,June,0,1,0,0,0,0,0,0,0,0,1,0,0,0,0,0,0,1,0
2018-06-20,08:07:00,03,03,01,01,01,01,0,375257.7807,5028784.493,False,June,1,0,0,0,0,0,0,0,0,1,0,0,0,0,0,0,0,1,0
2018-06-20,,03,06,01,00,01,,0,371150.9951,5026934.483,False,June,0,0,0,0,0,0,0,0,1,0,0,0,0,0,0,0,0,1,0
2018-06-20,08:48:00,03,0,01,01,01,01,0,372241.7211,5032111.58,False,June,1,0,0,0,0,0,0,0,0,1,0,0,0,0,0,0,0,1,0
2018-06-20,09:13:00,03,03,01,01,01,01,0,365336.6775,5028845.67,True,June,1,0,0,0,0,0,0,0,0,1,0,0,0,0,0,0,0,1,0
2018-06-18,07:09:00,03,04,01,01,01,,0,379236.7086,5036939.836,False,June,0,0,0,0,0,0,0,0,1,0,0,0,0,0,0,0,0,1,0
2018-05-30,12:59:00,03,04,01,01,01,,0,372546.9631,5030238.829,False,May,0,0,0,0,0,0,0,0,1,0,0,0,0,0,0,0,1,0,0
2018-06-20,09:24:00,03,05,01,01,01,,0,368442.7239,5030641.549,False,June,0,0,0,0,0,0,0,0,0,1,0,0,0,0,0,0,0,1,0
2018-06-20,09:42:00,03,03,01,01,01,01,0,369788.4594,5028997.992,False,June,1,0,0,0,0,0,0,0,0,1,0,0,0,0,0,0,0,1,0
2018-06-20,09:59:00,03,03,01,01,01,01,0,350907.6602,5022246.482,False,June,1,0,0,0,0,0,0,0,0,1,0,0,0,0,0,0,0,1,0
2018-06-20,10:13:00,03,03,01,01,01,00,0,374641.7831,5030921.633,True,June,1,0,0,0,0,0,0,0,0,1,0,0,0,0,0,0,0,1,0
2018-06-20,10:22:00,03,03,01,01,01,01,0,374641.7249,5030921.591,True,June,1,0,0,0,0,0,0,0,0,1,0,0,0,0,0,0,0,1,0
2018-06-19,23:30:00,03,06,01,07,01,,0,365017.5168,5015888.407,False,June,0,0,0,0,0,0,0,0,0,0,0,1,0,0,0,0,0,1,0
2018-06-19,11:59:00,03,03,01,01,01,01,0,365101.6634,5024009.529,False,June,1,0,0,0,0,0,0,0,0,1,0,0,0,0,0,0,0,1,0
2018-06-19,,03,06,01,00,01,,0,366768.6229,5024006.311000001,False,June,0,0,0,0,0,0,0,0,1,0,0,0,0,0,0,0,0,1,0
2018-06-20,12:30:00,02,03,01,01,01,,0,370026.6735,5029426.109,False,June,0,0,0,0,0,0,0,0,1,0,0,0,0,0,0,0,0,1,0
2018-06-20,13:33:00,02,04,01,01,01,01,0,365651.7018,5029845.561000001,False,June,1,0,0,0,0,0,0,0,0,1,0,0,0,0,0,0,0,1,0
2018-06-19,,03,06,01,00,01,,0,368371.1756,5032013.699,False,June,0,0,0,0,0,0,0,0,1,0,0,0,0,0,0,0,0,1,0
2018-06-20,15:29:00,03,03,01,01,01,00,0,369561.1753,5028415.04,False,June,1,0,0,0,0,0,0,0,0,1,0,0,0,0,0,0,0,1,0
2018-06-20,15:32:00,03,06,01,01,01,,0,373707.963,5031564.865,False,June,0,0,0,0,0,0,0,0,1,0,0,0,0,0,0,0,0,1,0
2018-06-20,16:36:00,02,07,01,01,01,01,1,367948.7098,5031549.576,False,June,1,0,0,0,0,0,0,0,0,0,1,0,0,0,0,0,0,1,0
2018-06-20,16:47:00,03,04,01,01,01,01,0,367583.7795,5029009.513,False,June,0,1,0,0,0,0,0,0,0,1,0,0,0,0,0,0,0,1,0
2018-06-19,23:00:00,03,04,01,07,01,01,0,372267.1359,5027083.557,False,June,1,0,0,0,0,0,0,0,0,1,0,0,0,0,0,0,0,1,0
2018-06-20,17:31:00,02,07,01,01,01,01,1,372222.4251,5034144.245,False,June,1,0,0,0,0,0,0,0,0,0,1,0,0,0,0,0,0,1,0
2018-06-20,18:10:00,02,05,01,01,01,01,0,372860.7771,5030578.58,False,June,1,0,0,0,0,0,0,0,0,0,1,0,0,0,0,0,0,1,0
2018-06-20,18:10:00,03,05,01,01,01,00,0,375988.7505,5029175.6280000005,True,June,0,1,0,0,0,0,0,0,0,1,0,0,0,0,0,0,0,1,0