DATE,TIME,CLASS_OF_ACCIDENT,IMPACT_TYPE,ENVIRONMENT,LIGHT,ROAD_SURFACE_CONDITION,TRAFFIC_CONTROL_CONDITION,NO_OF_PEDESTRIANS,X,Y,Highway,Month,categorical_TRAFFIC_CONTROL_01,categorical_TRAFFIC_CONTROL_02,categorical_TRAFFIC_CONTROL_03,categorical_TRAFFIC_CONTROL_04,categorical_TRAFFIC_CONTROL_07,categorical_TRAFFIC_CONTROL_08,categorical_TRAFFIC_CONTROL_09,categorical_TRAFFIC_CONTROL_11,categorical_ACCIDENT_LOCATION_01,categorical_ACCIDENT_LOCATION_02,categorical_ACCIDENT_LOCATION_03,categorical_ACCIDENT_LOCATION_04,categorical_ACCIDENT_LOCATION_05,categorical_ACCIDENT_LOCATION_06,categorical_ACCIDENT_LOCATION_07,categorical_Seasons_Fall,categorical_Seasons_Spring,categorical_Seasons_Summer,categorical_Seasons_Winter
2018-06-19,,03,06,01,00,01,,0,369492.7261,5031517.856000001,False,June,0,0,0,0,0,0,0,0,1,0,0,0,0,0,0,0,0,1,0
2018-06-20,19:33:00,02,04,02,01,02,01,0,370363.7014,5031957.57,False,June,1,0,0,0,0,0,0,0,0,1,0,0,0,0,0,0,0,1,0
2018-06-20,20:23:00,03,04,01,01,01,00,0,370337.9425,5025947.94,False,June,1,0,0,0,0,0,0,0,0,1,0,0,0,0,0,0,0,1,0
2018-06-20,21:30:00,03,02,01,07,01,01,0,360545.6866,5025272.52,False,June,1,0,0,0,0,0,0,0,0,0,1,0,0,0,0,0,0,1,0
2018-06-21,00:05:00,03,06,01,07,01,,0,372402.7596,5024551.011,False,June,0,0,0,0,0,0,0,0,1,0,0,0,0,0,0,0,0,1,0
2018-06-21,02:13:00,03,07,01,07,01,01,0,368217.7117,5024423.518,False,June,1,0,0,0,0,0,0,0,0,0,1,0,0,0,0,0,0,1,0
2018-06-21,04:55:00,03,07,01,03,01,,0,347687.6129,5025783.034,False,June,0,0,0,0,0,0,0,0,1,0,0,0,0,0,0,0,0,1,0
2018-06-21,07:16:00,03,03,01,01,01,00,0,371419.5819,5030901.185,False,June,0,1,0,0,0,0,0,0,0,1,0,0,0,0,0,0,0,1,0
2018-06-21,07:42:00,03,06,01,01,01,,0,357525.6473,5019892.33,False,June,0,0,0,0,0,0,0,0,1,0,0,0,0,0,0,0,0,1,0
2018-06-21,07:45:00,03,03,01,01,01,,0,375903.0318,5014802.0139999995,False,June,0,0,0,0,0,0,0,0,1,0,0,0,0,0,0,0,0,1,0
2018-06-21,07:54:00,03,07,01,01,01,01,0,371263.718,5031614.571,False,June,1,0,0,0,0,0,0,0,0,1,0,0,0,0,0,0,0,1,0
2018-06-21,08:55:00,03,03,01,01,01,,0,351580.8942,5021525.403,False,June,0,0,0,0,0,0,0,0,1,0,0,0,0,0,0,0,0,1,0
2018-06-21,07:15:00,03,02,01,01,01,01,0,366918.7095,5024209.507,False,June,1,0,0,0,0,0,0,0,0,0,1,0,0,0,0,0,0,1,0
2018-06-21,11:00:00,03,03,01,01,01,01,0,382637.7145,5035567.546,False,June,1,0,0,0,0,0,0,0,0,1,0,0,0,0,0,0,0,1,0
2018-06-21,11:58:00,03,05,01,01,01,00,0,369944.7568,5026989.572,False,June,0,1,0,0,0,0,0,0,0,0,1,0,0,0,0,0,0,1,0
2018-06-20,,03,06,01,00,01,,0,385866.2558,5038248.609,False,June,0,0,0,0,0,0,0,0,1,0,0,0,0,0,0,0,0,1,0
2018-06-21,12:20:00,03,03,01,01,01,00,0,360765.6251,5022186.493,False,June,0,1,0,0,0,0,0,0,0,1,0,0,0,0,0,0,0,1,0
2018-06-21,12:36:00,03,03,01,01,01,01,0,368291.7137,5032753.526000001,False,June,1,0,0,0,0,0,0,0,0,1,0,0,0,0,0,0,0,1,0
2018-06-21,12:51:00,03,04,01,01,01,01,0,367458.7267,5021891.552,False,June,1,0,0,0,0,0,0,0,0,1,0,0,0,0,0,0,0,1,0
2018-06-21,14:15:00,03,02,01,01,01,,0,377143.8662,5017391.225,False,June,0,0,0,0,0,0,0,0,0,0,0,1,0,0,0,0,0,1,0
2018-06-21,15:12:00,03,03,01,01,01,01,0,360545.6235,5025272.536,False,June,1,0,0,0,0,0,0,0,0,1,0,0,0,0,0,0,0,1,0
2018-06-21,15:23:00,03,03,01,01,01,,0,375158.3335,5032355.586,False,June,0,0,0,0,0,0,0,0,1,0,0,0,0,0,0,0,0,1,0
2018-06-15,,03,06,01,00,01,,0,363585.4956,5027412.655,False,June,0,0,0,0,0,0,0,0,1,0,0,0,0,0,0,0,0,1,0
2018-06-21,15:33:00,03,06,01,01,01,,0,368527.7263,5029470.521000001,False,June,0,0,0,0,0,0,0,0,0,0,0,1,0,0,0,0,0,1,0
2018-06-21,15:47:00,03,05,01,01,01,,0,392490.6186,5037698.244,False,June,0,0,0,0,0,0,0,0,0,0,0,1,0,0,0,0,0,1,0
2018-06-21,15:48:00,02,03,01,01,01,01,0,367094.708,5029106.598,False,June,1,0,0,0,0,0,0,0,0,1,0,0,0,0,0,0,0,1,0
2018-05-31,,03,06,01,00,01,,0,367377.8271,5022638.391,False,May,0,0,0,0,0,0,0,0,1,0,0,0,0,0,0,0,1,0,0
2018-06-21,16:26:00,03,07,01,01,01,,0,354778.2444,5004440.914,False,June,0,0,0,0,0,0,0,0,1,0,0,0,0,0,0,0,0,1,0
2018-06-21,16:25:00,03,05,01,01,01,01,0,367371.982,5025693.441000001,False,June,1,0,0,0,0,0,0,0,0,0,1,0,0,0,0,0,0,1,0
2018-06-21,16:34:00,02,02,01,01,01,01,0,373597.7274,5028795.55,False,June,1,0,0,0,0,0,0,0,0,0,1,0,0,0,0,0,0,1,0
2018-06-21,,03,06,01,00,01,,0,367581.5992,5030949.679,False,June,0,0,0,0,0,0,0,0,1,0,0,0,0,0,0,0,0,1,0
2018-06-21,16:51:00,03,03,01,01,01,,0,380283.8896,5036752.252,False,June,0,0,0,0,0,0,0,0,1,0,0,0,0,0,0,0,0,1,0
2018-06-21,17:12:00,03,02,01,01,01,01,0,379029.7582,5028508.532,False,June,0,1,0,0,0,0,0,0,0,0,1,0,0,0,0,0,0,1,0
2018-06-21,17:16:00,03,05,01,01,01,01,0,362072.8821,5025919.132,False,June,1,0,0,0,0,0,0,0,0,0,1,0,0,0,0,0,0,1,0
2018-06-21,17:27:00,03,06,01,01,01,,0,357685.0546,5020218.509,False,June,0,0,0,0,0,0,0,0,0,0,0,1,0,0,0,0,0,1,0
2018-06-21,17:34:00,03,04,01,01,01,,0,366784.1578,5026411.683,False,June,0,0,0,0,0,0,0,0,1,0,0,0,0,0,0,0,0,1,0
2018-06-21,11:59:00,03,04,01,01,01,01,0,371545.6725,5033817.633,False,June,1,0,0,0,0,0,0,0,0,1,0,0,0,0,0,0,0,1,0
2018-06-21,18:20:00,03,03,01,01,01,01,0,360856.6499,5025170.54,False,June,0,0,1,0,0,0,0,0,0,1,0,0,0,0,0,0,0,1,0
2018-06-21,19:21:00,02,05,01,01,01,01,0,371145.68700000003,5034781.674,False,June,1,0,0,0,0,0,0,0,0,0,1,0,0,0,0,0,0,1,0
2018-06-21,19:47:00,03,05,01,01,01,01,0,359718.7176,5019554.529,False,June,1,0,0,0,0,0,0,0,0,0,1,0,0,0,0,0,0,1,0
2018-06-21,22:00:00,03,02,01,07,01,01,0,385350.7661,5037697.569,False,June,0,1,0,0,0,0,0,0,0,0,1,0,0,0,0,0,0,1,0
2018-06-21,23:00:00,03,07,01,07,01,,0,327701.9407,5040206.116,False,June,0,0,0,0,0,0,0,0,1,0,0,0,0,0,0,0,0,1,0
2018-06-21,23:30:00,01,07,01,07,01,,0,368806.9157,5026876.837,False,June,0,0,0,0,0,0,0,0,1,0,0,0,0,0,0,0,0,1,0
2018-06-21,23:31:00,03,01,01,07,01,,0,368004.5316,5015876.654,False,June,0,0,0,0,0,0,0,0,1,0,0,0,0,0,0,0,0,1,0
2018-06-21,,03,06,01,00,01,,0,371134.8825,5026109.113,False,June,0,0,0,0,0,0,0,0,1,0,0,0,0,0,0,0,0,1,0
2018-06-22,00:34:00,03,06,01,07,01,,0,374499.1371,5029849.098999999,False,June,0,0,0,0,0,0,0,0,1,0,0,0,0,0,0,0,0,1,0
2018-06-22,06:04:00,03,03,01,01,01,00,0,360738.5913,5005671.351,False,June,0,1,0,0,0,0,0,0,0,1,0,0,0,0,0,0,0,1,0
2018-06-20,18:40:00,03,04,01,01,01,01,0,368047.9827,5032233.47,False,June,1,0,0,0,0,0,0,0,0,1,0,0,0,0,0,0,0,1,0
2018-06-21,15:30:00,03,05,01,01,01,01,0,367664.6673,5031877.6110000005,False,June,1,0,0,0,0,0,0,0,0,0,1,0,0,0,0,0,0,1,0
2018-06-22,08:06:00,03,03,01,01,01,,0,367367.5413,5031081.987,False,June,0,0,0,0,0,0,0,0,1,0,0,0,0,0,0,0,0,1,0
2018-06-22,08:35:00,03,05,01,01,01,01,0,361294.6295,5015664.435,False,June,1,0,0,0,0,0,0,0,0,0,1,0,0,0,0,0,0,1,0
2018-06-22,08:48:00,02,04,01,01,01,01,0,349349.0951,5019618.393,False,June,1,0,0,0,0,0,0,0,0,1,0,0,0,0,0,0,0,1,0
2018-06-22,08:51:00,03,03,01,01,01,01,0,364233.6127,5019974.432,False,June,1,0,0,0,0,0,0,0,0,1,0,0,0,0,0,0,0,1,0
2018-06-18,18:20:00,03,03,01,01,01,01,0,362273.3081,5023596.307,False,June,1,0,0,0,0,0,0,0,0,1,0,0,0,0,0,0,0,1,0
2018-06-22,10:34:00,03,06,01,01,01,,0,368829.5169,5032041.387,False,June,0,0,0,0,0,0,0,0,1,0,0,0,0,0,0,0,0,1,0
2018-06-22,10:17:00,03,03,01,01,01,01,0,383150.8189,5034441.164,False,June,0,0,0,0,0,0,0,1,0,1,0,0,0,0,0,0,0,1,0
2018-06-19,10:14:00,03,02,01,01,01,01,0,364800.3164,5027659.258,False,June,1,0,0,0,0,0,0,0,0,0,1,0,0,0,0,0,0,1,0
2018-06-22,10:59:00,03,03,01,01,01,01,0,379791.7629,5033781.547,False,June,1,0,0,0,0,0,0,0,0,1,0,0,0,0,0,0,0,1,0
2018-06-05,11:40:00,03,06,02,01,02,,0,367813.1199,5032223.267,False,June,0,0,0,0,0,0,0,0,1,0,0,0,0,0,0,0,0,1,0
2018-06-02,08:42:00,02,03,01,01,01,,0,365304.761,5015105.42,False,June,0,0,0,0,0,0,0,0,1,0,0,0,0,0,0,0,0,1,0
2018-06-26,10:22:00,03,04,01,01,01,,0,360627.0705,5014948.096,True,June,0,0,0,0,0,0,0,0,1,0,0,0,0,0,0,0,0,1,0
2018-06-11,12:48:00,03,03,01,01,01,01,0,364684.0285,5030331.416999999,False,June,0,0,1,0,0,0,0,0,0,1,0,0,0,0,0,0,0,1,0
2018-06-05,15:53:00,02,03,01,01,02,01,0,368297.7098,5030309.645,True,June,1,0,0,0,0,0,0,0,0,1,0,0,0,0,0,0,0,1,0
2018-06-16,17:17:00,03,04,01,01,01,,0,351810.1577,5017583.672,False,June,0,0,0,0,0,0,0,0,1,0,0,0,0,0,0,0,0,1,0
2018-06-02,09:05:00,02,07,01,01,01,01,1,372362.7239,5028793.55,False,June,0,1,0,0,0,0,0,0,0,0,1,0,0,0,0,0,0,1,0
2018-06-11,13:19:00,03,06,01,01,01,,0,369191.3361,5030036.828,False,June,0,0,0,0,0,0,0,0,0,0,0,1,0,0,0,0,0,1,0
2018-06-11,13:32:00,03,02,01,01,01,,0,352714.1187,5017633.773,False,June,0,0,0,0,0,0,0,0,0,0,0,1,0,0,0,0,0,1,0
2018-06-11,12:08:00,03,02,01,01,01,01,0,370676.3094,5031611.808999999,False,June,1,0,0,0,0,0,0,0,0,0,1,0,0,0,0,0,0,1,0
2018-06-11,14:25:00,02,07,01,01,01,,1,369201.6946,5030090.42,False,June,0,0,0,0,0,0,0,0,1,0,0,0,0,0,0,0,0,1,0
2018-06-06,07:00:00,03,06,01,01,01,,0,363426.4478,5028422.998,False,June,0,0,0,0,0,0,0,0,1,0,0,0,0,0,0,0,0,1,0
2018-06-11,14:47:00,02,03,01,01,01,01,0,360099.6852,5022309.508,False,June,1,0,0,0,0,0,0,0,0,1,0,0,0,0,0,0,0,1,0
2018-05-09,23:00:00,03,03,01,07,01,01,0,372305.5041,5031951.7530000005,False,May,1,0,0,0,0,0,0,0,0,1,0,0,0,0,0,0,1,0,0
2018-06-11,15:57:00,03,05,01,01,01,01,0,363419.6899,5021826.409,False,June,1,0,0,0,0,0,0,0,0,0,1,0,0,0,0,0,0,1,0
2018-06-11,15:36:00,02,03,01,01,01,01,0,372768.6572,5027383.602,False,June,1,0,0,0,0,0,0,0,0,1,0,0,0,0,0,0,0,1,0
2018-06-11,15:40:00,03,04,01,01,01,,0,367748.8433,5028477.79,False,June,0,0,0,0,0,0,0,0,0,1,0,0,0,0,0,0,0,1,0
2018-06-11,16:08:00,03,03,01,01,01,01,0,362549.6831,5023770.5819999995,False,June,1,0,0,0,0,0,0,0,0,1,0,0,0,0,0,0,0,1,0
2018-06-11,16:30:00,02,03,01,01,01,01,0,361633.8137,5023207.643,False,June,1,0,0,0,0,0,0,0,0,0,1,0,0,0,0,0,0,1,0
2018-06-11,16:30:00,02,03,01,01,01,01,0,359718.8552,5019554.549,False,June,1,0,0,0,0,0,0,0,0,1,0,0,0,0,0,0,0,1,0
2018-06-11,16:33:00,03,03,01,01,01,,0,363119.30600000004,5022765.585,False,June,0,0,0,0,0,0,0,0,1,0,0,0,0,0,0,0,0,1,0
2018-06-11,16:36:00,02,05,01,01,01,01,0,373569.3992,5029260.677,False,June,1,0,0,0,0,0,0,0,0,0,1,0,0,0,0,0,0,1,0
2018-06-11,16:53:00,03,02,01,01,01,01,0,386131.2701,5035613.092,False,June,0,1,0,0,0,0,0,0,0,0,1,0,0,0,0,0,0,1,0
2018-05-30,14:08:00,03,05,01,01,01,01,0,368194.7161,5022793.5,False,May,1,0,0,0,0,0,0,0,0,0,1,0,0,0,0,0,1,0,0
2018-06-11,19:28:00,03,07,01,01,01,01,0,380352.7796,5019957.477,False,June,0,1,0,0,0,0,0,0,0,1,0,0,0,0,0,0,0,1,0
2018-06-11,17:24:00,02,07,01,01,01,,0,371432.4361,5030432.673,False,June,0,0,0,0,0,0,0,0,1,0,0,0,0,0,0,0,0,1,0
2018-06-11,17:37:00,03,02,01,01,01,01,0,363002.5316,5026339.596,False,June,0,1,0,0,0,0,0,0,0,0,1,0,0,0,0,0,0,1,0
2018-06-11,18:00:00,03,05,01,01,01,01,0,372748.7422,5032170.681,False,June,1,0,0,0,0,0,0,0,0,0,1,0,0,0,0,0,0,1,0
2018-06-11,18:06:00,03,05,01,01,01,,0,366532.2634,5029615.427,False,June,0,0,0,0,0,0,0,0,1,0,0,0,0,0,0,0,0,1,0
2018-06-11,18:44:00,02,07,01,01,01,01,1,371766.7249,5026794.527,False,June,1,0,0,0,0,0,0,0,0,0,1,0,0,0,0,0,0,1,0
2018-06-11,19:42:00,03,03,01,01,01,03,0,369499.7214,5010770.415,False,June,1,0,0,0,0,0,0,0,0,1,0,0,0,0,0,0,0,1,0
2018-06-11,,03,06,01,00,01,,0,362249.9855,5021309.627,False,June,0,0,0,0,0,0,0,0,1,0,0,0,0,0,0,0,0,1,0
2018-06-11,23:04:00,03,0,01,07,01,,0,367904.282,5032326.502,False,June,0,0,0,0,0,0,0,0,1,0,0,0,0,0,0,0,0,1,0
2018-06-12,06:25:00,03,07,01,01,01,,0,354335.0228,5023590.21,False,June,0,0,0,0,0,0,0,0,1,0,0,0,0,0,0,0,0,1,0
2018-06-12,09:25:00,03,05,01,01,01,,0,367788.2579,5030116.602,True,June,0,0,0,0,0,0,0,0,0,0,0,1,0,0,0,0,0,1,0
2018-06-12,07:22:00,03,03,01,01,01,,0,367761.6483,5032181.169,False,June,0,0,0,0,0,0,0,0,1,0,0,0,0,0,0,0,0,1,0
2018-06-12,07:49:00,03,05,01,01,01,01,0,369820.5303,5032646.886,False,June,1,0,0,0,0,0,0,0,0,0,1,0,0,0,0,0,0,1,0
2018-06-12,08:13:00,03,04,01,01,01,01,0,360982.3112,5014901.733,False,June,1,0,0,0,0,0,0,0,0,1,0,0,0,0,0,0,0,1,0
2018-06-12,08:23:00,03,07,01,01,01,,0,377735.0821,5026785.927,False,June,0,0,0,0,0,0,0,0,1,0,0,0,0,0,0,0,0,1,0
2018-06-11,,03,06,01,00,01,,0,370282.8102,5033542.946,False,June,0,0,0,0,0,0,0,0,1,0,0,0,0,0,0,0,0,1,0
2018-06-12,09:37:00,03,03,01,01,01,,0,363754.7774,5021086.946,False,June,0,0,0,0,0,0,0,0,1,0,0,0,0,0,0,0,0,1,0
2018-06-12,09:54:00,03,06,01,01,01,,0,370708.2533,5033212.907,False,June,0,0,0,0,0,0,0,0,1,0,0,0,0,0,0,0,0,1,0
2018-06-12,09:56:00,03,07,01,01,08,01,0,383900.0005,5032642.0,False,June,0,1,0,0,0,0,0,0,0,1,0,0,0,0,0,0,0,1,0
2018-06-12,11:16:00,03,06,01,01,01,,0,362638.44200000004,5024553.102,False,June,0,0,0,0,0,0,0,0,1,0,0,0,0,0,0,0,0,1,0
2018-06-12,07:50:00,03,03,01,01,01,01,0,375363.8207,5031313.572,False,June,1,0,0,0,0,0,0,0,0,1,0,0,0,0,0,0,0,1,0
2018-06-12,12:18:00,03,02,01,01,01,,0,349287.7631,5013701.805,False,June,0,0,0,0,0,0,0,0,0,0,0,1,0,0,0,0,0,1,0
2018-06-12,12:20:00,03,05,01,01,01,01,0,373099.6032,5030005.523,False,June,1,0,0,0,0,0,0,0,0,0,1,0,0,0,0,0,0,1,0
2018-06-12,12:33:00,03,07,01,01,01,,0,370249.3166,5017028.984,False,June,0,0,0,0,0,0,0,0,1,0,0,0,0,0,0,0,0,1,0
2018-06-12,14:02:00,02,05,01,01,01,01,0,372768.6675,5027383.6219999995,False,June,1,0,0,0,0,0,0,0,0,0,1,0,0,0,0,0,0,1,0
2018-06-12,14:34:00,03,03,01,01,01,,0,387965.5753,5033838.921,False,June,0,0,0,0,0,0,0,0,0,0,0,1,0,0,0,0,0,1,0
2018-06-12,14:40:00,03,05,01,01,01,01,0,350455.7635,5019010.143,False,June,1,0,0,0,0,0,0,0,0,0,1,0,0,0,0,0,0,1,0
2018-06-12,14:42:00,02,02,01,01,01,,0,383910.8096,5036142.54,False,June,0,0,0,0,0,0,0,0,0,0,0,1,0,0,0,0,0,1,0
2018-06-12,15:36:00,03,03,01,01,01,,0,361264.1315,5021000.705,False,June,0,0,0,0,0,0,0,0,1,0,0,0,0,0,0,0,0,1,0
2018-06-12,15:37:00,03,03,01,01,01,01,0,350622.9763,5018915.605,False,June,1,0,0,0,0,0,0,0,0,0,1,0,0,0,0,0,0,1,0
2018-06-12,15:50:00,02,05,01,01,01,,0,379723.0984,5036383.75,False,June,0,0,0,0,0,0,0,0,0,0,0,1,0,0,0,0,0,1,0
2018-06-12,16:05:00,02,05,01,01,01,01,0,353997.2084,5015345.366,False,June,1,0,0,0,0,0,0,0,0,0,1,0,0,0,0,0,0,1,0
2018-06-12,16:15:00,03,03,01,01,01,,0,366180.7117,5015209.198,False,June,0,0,0,0,0,0,0,0,1,0,0,0,0,0,0,0,0,1,0
2018-06-12,16:38:00,03,03,01,01,01,,0,351854.0347,5017548.808,False,June,0,0,0,0,0,0,0,0,1,0,0,0,0,0,0,0,0,1,0
2018-05-24,17:00:00,03,02,01,01,01,01,0,371331.7009,5034336.901000001,False,May,1,0,0,0,0,0,0,0,0,0,1,0,0,0,0,0,1,0,0
2018-06-12,16:53:00,03,03,01,01,01,01,0,365085.2978,5017903.163,False,June,1,0,0,0,0,0,0,0,0,1,0,0,0,0,0,0,0,1,0
2018-06-12,16:55:00,03,05,01,01,01,01,0,349675.6317,5017365.262,False,June,1,0,0,0,0,0,0,0,0,0,1,0,0,0,0,0,0,1,0
2018-06-12,17:04:00,03,04,01,01,01,01,0,367097.7759,5031526.731000001,False,June,1,0,0,0,0,0,0,0,0,0,1,0,0,0,0,0,0,1,0
2018-06-12,18:00:00,03,05,01,01,01,01,0,364172.035,5014944.708000001,False,June,1,0,0,0,0,0,0,0,0,0,1,0,0,0,0,0,0,1,0
2018-06-12,17:15:00,03,03,01,01,01,,0,387562.2364,5023349.643999999,False,June,0,0,0,0,0,0,0,0,1,0,0,0,0,0,0,0,0,1,0
2018-06-11,16:00:00,03,03,01,01,01,01,0,371608.6607,5024096.583000001,False,June,1,0,0,0,0,0,0,0,0,1,0,0,0,0,0,0,0,1,0
2018-06-12,18:36:00,03,05,01,01,01,01,0,380940.4922,5036250.706,False,June,1,0,0,0,0,0,0,0,0,0,1,0,0,0,0,0,0,1,0
2018-06-12,19:02:00,02,02,01,01,01,01,0,352207.6386,5017242.473,False,June,1,0,0,0,0,0,0,0,0,1,0,0,0,0,0,0,0,1,0
2018-06-12,19:08:00,03,03,01,01,01,01,0,374507.7346,5033198.632,False,June,1,0,0,0,0,0,0,0,0,1,0,0,0,0,0,0,0,1,0
2018-06-12,19:55:00,03,06,01,01,01,,0,371936.4729,5029478.812,False,June,0,0,0,0,0,0,0,0,1,0,0,0,0,0,0,0,0,1,0
2018-06-12,19:59:00,03,07,01,01,01,,0,377495.5509,5016541.869,False,June,0,0,0,0,0,0,0,0,0,0,0,1,0,0,0,0,0,1,0
2018-06-12,20:35:00,03,05,01,05,01,01,0,372407.7577,5024542.647,False,June,1,0,0,0,0,0,0,0,0,0,1,0,0,0,0,0,0,1,0
2018-06-12,21:14:00,03,07,01,07,01,,0,350552.8018,4996191.653,False,June,0,0,0,0,0,0,0,0,1,0,0,0,0,0,0,0,0,1,0
2018-06-12,21:20:00,03,06,01,07,01,,0,383512.7086,5036445.4,False,June,0,0,0,0,0,0,0,0,0,0,0,1,0,0,0,0,0,1,0
2018-06-13,01:18:00,03,07,01,07,01,01,0,352180.4031,5018499.723999999,False,June,1,0,0,0,0,0,0,0,0,1,0,0,0,0,0,0,0,1,0
2018-06-13,05:56:00,03,07,01,01,01,01,0,367664.7038,5031877.577,False,June,1,0,0,0,0,0,0,0,0,0,1,0,0,0,0,0,0,1,0
2018-06-13,07:26:00,02,02,01,01,01,01,0,366632.5993,5029861.612,False,June,0,1,0,0,0,0,0,0,0,0,1,0,0,0,0,0,0,1,0
2018-06-13,07:26:00,03,06,01,01,01,,0,359858.1471,5024976.008,False,June,0,0,0,0,0,0,0,0,1,0,0,0,0,0,0,0,0,1,0
2018-06-12,15:20:00,03,05,01,01,01,01,0,362679.4417,5027865.66,False,June,0,1,0,0,0,0,0,0,0,0,1,0,0,0,0,0,0,1,0
2018-06-13,08:13:00,03,03,01,01,01,02,0,382890.6899,5038666.575,False,June,1,0,0,0,0,0,0,0,0,0,1,0,0,0,0,0,0,1,0
2018-06-13,07:00:00,03,03,01,01,01,01,0,382936.7411,5035690.673,False,June,1,0,0,0,0,0,0,0,0,1,0,0,0,0,0,0,0,1,0
2018-06-13,09:30:00,03,02,02,01,02,01,0,375906.8342,5014804.533,False,June,1,0,0,0,0,0,0,0,0,1,0,0,0,0,0,0,0,1,0
2018-06-13,10:00:00,03,03,01,01,02,01,0,361721.465,5015913.216,False,June,1,0,0,0,0,0,0,0,0,1,0,0,0,0,0,0,0,1,0
2018-06-13,,03,06,02,00,02,,0,371070.9775,5032446.991,False,June,0,0,0,0,0,0,0,0,1,0,0,0,0,0,0,0,0,1,0
2018-06-13,10:19:00,03,03,02,01,02,00,0,369560.9015,5028415.181,False,June,1,0,0,0,0,0,0,0,0,1,0,0,0,0,0,0,0,1,0
2018-06-13,10:26:00,03,02,02,01,02,01,0,370311.2826,5032270.755,False,June,1,0,0,0,0,0,0,0,0,0,1,0,0,0,0,0,0,1,0
2018-06-12,16:30:00,03,03,01,01,01,01,0,366428.3247,5030626.7360000005,False,June,1,0,0,0,0,0,0,0,0,1,0,0,0,0,0,0,0,1,0
2018-06-13,10:47:00,02,07,01,01,01,01,1,363953.6858,5028753.556,False,June,1,0,0,0,0,0,0,0,0,0,1,0,0,0,0,0,0,1,0
2018-06-13,12:28:00,03,02,01,01,01,01,0,369974.7294,5032664.579,False,June,0,1,0,0,0,0,0,0,0,0,1,0,0,0,0,0,0,1,0
2018-06-13,12:50:00,03,04,01,01,01,,0,368221.3233,5032042.56,False,June,0,0,0,0,0,0,0,0,1,0,0,0,0,0,0,0,0,1,0
2018-06-13,14:40:00,03,07,02,01,02,01,0,374907.8894,5032661.54,False,June,1,0,0,0,0,0,0,0,0,1,0,0,0,0,0,0,0,1,0
2018-06-13,10:00:00,03,05,02,01,02,01,0,374188.4774,5033010.821,False,June,1,0,0,0,0,0,0,0,0,0,1,0,0,0,0,0,0,1,0
2018-06-13,14:57:00,02,03,01,01,01,01,0,349305.8709,5019211.569,False,June,1,0,0,0,0,0,0,0,0,1,0,0,0,0,0,0,0,1,0
2018-06-13,15:04:00,02,03,01,01,01,,0,340121.7014,5019852.174,True,June,0,0,0,0,0,0,0,0,1,0,0,0,0,0,0,0,0,1,0
2018-06-13,15:05:00,02,03,01,01,01,01,0,369033.76700000005,5031064.429,False,June,0,1,0,0,0,0,0,0,0,1,0,0,0,0,0,0,0,1,0
2018-06-13,15:42:00,03,0,01,01,01,01,0,370155.7208,5015960.451,False,June,1,0,0,0,0,0,0,0,0,1,0,0,0,0,0,0,0,1,0
2018-06-13,16:01:00,03,04,02,01,02,,0,369788.7089,5032907.083000001,False,June,0,0,0,0,0,0,0,0,1,0,0,0,0,0,0,0,0,1,0
2018-06-13,16:27:00,03,04,01,01,01,01,0,382637.7555,5035567.718,False,June,1,0,0,0,0,0,0,0,0,1,0,0,0,0,0,0,0,1,0
2018-06-13,16:30:00,03,02,01,01,01,01,0,368855.8668,5010077.487,False,June,1,0,0,0,0,0,0,0,0,0,1,0,0,0,0,0,0,1,0
2018-06-13,17:06:00,02,07,01,01,01,,2,370318.4258,5032703.162,False,June,0,0,0,0,0,0,0,0,0,0,0,1,0,0,0,0,0,1,0
2018-06-26,,03,06,01,00,01,,0,369672.0281,5033817.897,False,June,0,0,0,0,0,0,0,0,1,0,0,0,0,0,0,0,0,1,0
2018-06-16,17:24:00,03,03,01,01,01,01,0,360245.6447,5024781.587,False,June,1,0,0,0,0,0,0,0,0,1,0,0,0,0,0,0,0,1,0
2018-06-02,09:11:00,03,04,01,01,01,,0,368179.7309,5022021.388,False,June,0,0,0,0,0,0,0,0,1,0,0,0,0,0,0,0,0,1,0
2018-06-26,11:49:00,03,03,01,01,01,,0,349716.2794,5013973.228999999,False,June,0,0,0,0,0,0,0,0,1,0,0,0,0,0,0,0,0,1,0
2018-06-08,19:04:00,03,03,01,01,01,01,0,370072.7169,5033065.648,False,June,1,0,0,0,0,0,0,0,0,1,0,0,0,0,0,0,0,1,0
2018-06-02,09:15:00,03,02,01,01,01,00,0,367356.8314,5029551.573,False,June,0,1,0,0,0,0,0,0,0,1,0,0,0,0,0,0,0,1,0
2018-06-05,15:58:00,03,03,01,01,01,,0,376389.1071,5019180.695,False,June,0,0,0,0,0,0,0,0,1,0,0,0,0,0,0,0,0,1,0
2018-06-26,11:51:00,02,07,01,01,08,01,0,363002.6713,5011834.403,False,June,0,1,0,0,0,0,0,0,0,0,1,0,0,0,0,0,0,1,0
2018-06-16,19:38:00,03,03,01,01,01,01,0,360099.534,5022309.565,False,June,1,0,0,0,0,0,0,0,0,1,0,0,0,0,0,0,0,1,0
2018-06-02,09:56:00,02,02,01,01,01,01,0,377758.6218,5015947.337,False,June,1,0,0,0,0,0,0,0,0,0,1,0,0,0,0,0,0,1,0
2018-06-02,10:31:00,03,03,01,01,01,01,0,352993.917,5016304.743,False,June,1,0,0,0,0,0,0,0,0,1,0,0,0,0,0,0,0,1,0
2018-06-01,,03,06,01,00,01,,0,372305.8154,5024677.886,False,June,0,0,0,0,0,0,0,0,1,0,0,0,0,0,0,0,0,1,0
2018-06-02,11:57:00,02,07,01,01,01,,0,344843.7392,5018712.266,False,June,0,0,0,0,0,0,0,0,1,0,0,0,0,0,0,0,0,1,0
2018-02-22,,03,06,02,00,06,,0,370220.34,5023372.357,False,February,0,0,0,0,0,0,0,0,1,0,0,0,0,0,0,0,0,0,1