DATE,TIME,CLASS_OF_ACCIDENT,IMPACT_TYPE,ENVIRONMENT,LIGHT,ROAD_SURFACE_CONDITION,TRAFFIC_CONTROL_CONDITION,NO_OF_PEDESTRIANS,X,Y,Highway,Month,categorical_TRAFFIC_CONTROL_01,categorical_TRAFFIC_CONTROL_02,categorical_TRAFFIC_CONTROL_03,categorical_TRAFFIC_CONTROL_04,categorical_TRAFFIC_CONTROL_07,categorical_TRAFFIC_CONTROL_08,categorical_TRAFFIC_CONTROL_09,categorical_TRAFFIC_CONTROL_11,categorical_ACCIDENT_LOCATION_01,categorical_ACCIDENT_LOCATION_02,categorical_ACCIDENT_LOCATION_03,categorical_ACCIDENT_LOCATION_04,categorical_ACCIDENT_LOCATION_05,categorical_ACCIDENT_LOCATION_06,categorical_ACCIDENT_LOCATION_07,categorical_Seasons_Fall,categorical_Seasons_Spring,categorical_Seasons_Summer,categorical_Seasons_Winter
2018-06-02,12:02:00,03,0,01,01,01,,0,349926.1375,5020089.459,False,June,0,0,0,0,0,0,0,0,0,0,0,1,0,0,0,0,0,1,0
2018-06-02,13:02:00,03,02,01,01,01,01,0,367261.7073,5031252.587,False,June,1,0,0,0,0,0,0,0,0,0,1,0,0,0,0,0,0,1,0
2018-06-02,13:05:00,03,03,01,01,01,01,0,352994.0703,5016304.752,False,June,1,0,0,0,0,0,0,0,0,1,0,0,0,0,0,0,0,1,0
2018-06-02,,03,06,01,00,01,,0,367048.4898,5030975.4,False,June,0,0,0,0,0,0,0,0,1,0,0,0,0,0,0,0,0,1,0
2018-06-02,13:16:00,02,03,01,01,01,01,0,370882.4366,5014019.53,False,June,0,1,0,0,0,0,0,0,0,1,0,0,0,0,0,0,0,1,0
2018-06-02,13:28:00,02,04,01,01,01,01,0,365216.8232,5029118.53,False,June,1,0,0,0,0,0,0,0,0,0,1,0,0,0,0,0,0,1,0
2018-06-02,13:55:00,03,03,01,01,01,01,0,351777.6409,5017613.673,False,June,1,0,0,0,0,0,0,0,0,1,0,0,0,0,0,0,0,1,0
2018-06-01,19:00:00,03,03,01,01,01,01,0,362549.6683,5023770.551,False,June,1,0,0,0,0,0,0,0,0,1,0,0,0,0,0,0,0,1,0
2018-06-02,14:11:00,03,03,01,01,01,01,0,365193.761,5022948.643,False,June,1,0,0,0,0,0,0,0,0,1,0,0,0,0,0,0,0,1,0
2018-06-02,14:57:00,03,02,01,01,01,01,0,373828.7225,5032800.577,False,June,1,0,0,0,0,0,0,0,0,0,1,0,0,0,0,0,0,1,0
2018-06-01,,03,06,01,00,02,,0,360265.2966,5021860.24,False,June,0,0,0,0,0,0,0,0,1,0,0,0,0,0,0,0,0,1,0
2018-06-02,15:45:00,03,06,01,01,01,,0,364575.6995,5027092.637,False,June,0,0,0,0,0,0,0,0,0,0,0,1,0,0,0,0,0,1,0
2018-06-02,15:54:00,03,03,01,01,01,,0,368163.1875,5027666.9,False,June,0,0,0,0,0,0,0,0,1,0,0,0,0,0,0,0,0,1,0
2018-06-02,16:55:00,03,03,01,01,01,,0,369379.28,5015619.294,False,June,0,0,0,0,0,0,0,0,1,0,0,0,0,0,0,0,0,1,0
2018-06-02,17:32:00,02,02,01,01,01,01,0,371942.711,5034009.583000001,False,June,0,1,0,0,0,0,0,0,0,1,0,0,0,0,0,0,0,1,0
2018-06-02,17:38:00,02,02,01,01,01,01,0,364519.6483,5026958.587,False,June,1,0,0,0,0,0,0,0,0,1,0,0,0,0,0,0,0,1,0
2018-06-02,19:10:00,03,03,01,01,01,00,0,381798.6111,5035073.421,False,June,1,0,0,0,0,0,0,0,0,1,0,0,0,0,0,0,0,1,0
2018-06-02,19:45:00,02,03,01,01,01,,0,368538.7937,5031676.301,True,June,0,0,0,0,0,0,0,0,1,0,0,0,0,0,0,0,0,1,0
2018-06-02,19:55:00,03,03,01,01,01,,0,368534.7297,5031679.413,True,June,0,0,0,0,0,0,0,0,1,0,0,0,0,0,0,0,0,1,0
2018-06-02,20:18:00,03,03,01,01,01,01,0,375578.7225,5031439.76,False,June,1,0,0,0,0,0,0,0,0,1,0,0,0,0,0,0,0,1,0
2018-06-02,21:36:00,03,05,01,07,01,01,0,367371.8517,5025693.352,False,June,1,0,0,0,0,0,0,0,0,0,1,0,0,0,0,0,0,1,0
2018-06-02,22:16:00,03,07,01,07,01,01,0,379455.7416,5036917.584,False,June,1,0,0,0,0,0,0,0,0,0,1,0,0,0,0,0,0,1,0
2018-06-02,23:55:00,03,05,01,07,01,01,0,363419.6873,5021826.466,False,June,1,0,0,0,0,0,0,0,0,1,0,0,0,0,0,0,0,1,0
2018-06-01,18:15:00,03,01,01,01,01,,0,368947.0481,5034075.015,False,June,0,0,0,0,0,0,0,0,1,0,0,0,0,0,0,0,0,1,0
2018-06-01,16:15:00,03,03,01,01,01,01,0,371912.7117,5033994.5819999995,False,June,1,0,0,0,0,0,0,0,0,0,1,0,0,0,0,0,0,1,0
2018-06-03,09:18:00,03,06,01,01,01,,0,367736.3579,5030454.392,False,June,0,0,0,0,0,0,0,0,1,0,0,0,0,0,0,0,0,1,0
2018-06-03,10:18:00,03,05,01,01,01,01,0,359072.723,5023875.181,False,June,1,0,0,0,0,0,0,0,0,0,1,0,0,0,0,0,0,1,0
2018-06-03,10:35:00,03,03,01,01,01,01,0,365193.7778,5022948.598,False,June,1,0,0,0,0,0,0,0,0,1,0,0,0,0,0,0,0,1,0
2018-06-03,12:07:00,02,03,04,01,02,04,0,371291.7288,5023864.504,False,June,1,0,0,0,0,0,0,0,0,1,0,0,0,0,0,0,0,1,0
2018-06-03,14:24:00,03,03,01,01,01,00,0,351052.5803,5018433.562,True,June,1,0,0,0,0,0,0,0,0,1,0,0,0,0,0,0,0,1,0
2018-06-02,14:31:00,03,04,01,01,01,,0,370143.7928,5025422.415,False,June,0,0,0,0,0,0,0,0,1,0,0,0,0,0,0,0,0,1,0
2018-06-03,14:34:00,03,04,01,01,01,01,0,367572.8688,5014684.344,False,June,1,0,0,0,0,0,0,0,0,1,0,0,0,0,0,0,0,1,0
2018-06-03,15:01:00,02,02,01,01,01,,0,367370.3947,5030232.078,False,June,0,0,0,0,0,0,0,0,0,0,0,1,0,0,0,0,0,1,0
2018-06-03,15:14:00,02,05,01,01,01,01,0,383191.1059,5035796.561000001,False,June,1,0,0,0,0,0,0,0,0,0,1,0,0,0,0,0,0,1,0
2018-06-03,15:15:00,02,03,01,01,01,00,1,365263.7211,5029013.681,False,June,0,1,0,0,0,0,0,0,0,1,0,0,0,0,0,0,0,1,0
2018-06-03,15:20:00,03,04,01,01,01,,0,361181.6202,5021189.433,False,June,0,0,0,0,0,0,0,0,1,0,0,0,0,0,0,0,0,1,0
2018-06-03,16:18:00,03,03,01,01,01,00,0,352993.78799999994,5016304.881,False,June,1,0,0,0,0,0,0,0,0,1,0,0,0,0,0,0,0,1,0
2018-06-03,16:24:00,03,07,01,01,01,,0,376571.2399,5035208.6110000005,False,June,0,0,0,0,0,0,0,0,1,0,0,0,0,0,0,0,0,1,0
2018-06-03,16:58:00,03,02,01,01,01,01,0,367659.5686,5030598.643999999,False,June,0,1,0,0,0,0,0,0,0,1,0,0,0,0,0,0,0,1,0
2018-06-03,14:30:00,03,05,01,01,01,00,0,367031.5807,5030321.594,False,June,0,0,0,0,0,0,0,0,0,0,1,0,0,0,0,0,0,1,0
2018-06-03,17:41:00,03,02,01,01,01,00,0,370904.7725,5032766.692,False,June,0,1,0,0,0,0,0,0,0,1,0,0,0,0,0,0,0,1,0
2018-06-03,17:52:00,02,05,01,01,01,01,0,368651.4031,5032499.316000001,False,June,1,0,0,0,0,0,0,0,0,0,1,0,0,0,0,0,0,1,0
2018-06-03,17:53:00,03,06,01,01,01,,0,349368.7829,5024776.291,False,June,0,0,0,0,0,0,0,0,1,0,0,0,0,0,0,0,0,1,0
2018-06-03,18:37:00,03,06,02,01,02,,0,367914.8486,5032710.077,False,June,0,0,0,0,0,0,0,0,1,0,0,0,0,0,0,0,0,1,0
2018-06-03,17:10:00,03,04,01,01,01,,0,366673.9828,5029761.311000001,True,June,0,0,0,0,0,0,0,0,1,0,0,0,0,0,0,0,0,1,0
2018-06-04,01:05:00,02,07,02,07,02,01,0,370540.8761,5025499.972,False,June,1,0,0,0,0,0,0,0,0,0,1,0,0,0,0,0,0,1,0
2018-06-04,01:09:00,03,03,02,07,02,,0,377257.0383,5031626.066000001,False,June,0,0,0,0,0,0,0,0,1,0,0,0,0,0,0,0,0,1,0
2018-06-04,06:05:00,03,07,02,01,02,,0,366023.1921,5024883.877,False,June,0,0,0,0,0,0,0,0,1,0,0,0,0,0,0,0,0,1,0
2018-06-04,06:26:00,03,05,02,01,02,01,0,375257.8795,5028784.663,False,June,1,0,0,0,0,0,0,0,0,0,1,0,0,0,0,0,0,1,0
2018-06-04,07:25:00,03,02,02,01,02,01,0,373727.5204,5030352.853999999,False,June,0,1,0,0,0,0,0,0,0,0,1,0,0,0,0,0,0,1,0
2018-06-04,08:37:00,02,05,02,01,02,01,0,371867.7178,5024320.777,False,June,1,0,0,0,0,0,0,0,0,0,1,0,0,0,0,0,0,1,0
2018-06-04,08:43:00,03,0,02,01,02,01,0,373498.7321,5030383.553,False,June,0,1,0,0,0,0,0,0,0,1,0,0,0,0,0,0,0,1,0
2018-06-03,,03,06,01,00,01,,0,367971.9293,5032649.379,False,June,0,0,0,0,0,0,0,0,1,0,0,0,0,0,0,0,0,1,0
2018-06-04,09:22:00,03,03,02,01,02,01,0,366352.7945,5022407.312,False,June,1,0,0,0,0,0,0,0,0,0,1,0,0,0,0,0,0,1,0
2018-06-04,09:42:00,02,05,02,01,02,01,0,369099.7179,5031195.228,True,June,1,0,0,0,0,0,0,0,0,0,1,0,0,0,0,0,0,1,0
2018-06-04,09:46:00,03,02,02,01,02,01,0,369654.8152,5033359.306,False,June,1,0,0,0,0,0,0,0,0,0,1,0,0,0,0,0,0,1,0
2018-06-04,,03,02,02,07,02,01,0,370311.7133,5032270.586,False,June,1,0,0,0,0,0,0,0,0,0,1,0,0,0,0,0,0,1,0
2018-06-04,11:30:00,02,02,02,01,02,01,0,377038.5629,5022709.616,False,June,1,0,0,0,0,0,0,0,0,0,1,0,0,0,0,0,0,1,0
2018-06-01,14:30:00,03,06,01,01,01,01,0,365385.6599,5029194.656,False,June,0,1,0,0,0,0,0,0,0,1,0,0,0,0,0,0,0,1,0
2018-06-04,11:20:00,03,03,01,01,01,01,0,375129.6837,5026189.547,False,June,1,0,0,0,0,0,0,0,0,1,0,0,0,0,0,0,0,1,0
2018-06-04,12:16:00,03,05,01,01,01,,0,371615.2466,5032843.494,False,June,0,0,0,0,0,0,0,0,0,0,0,1,0,0,0,0,0,1,0
2018-06-04,12:16:00,03,02,02,01,02,,0,371855.3444,5030508.037,False,June,0,0,0,0,0,0,0,0,0,0,0,1,0,0,0,0,0,1,0
2018-06-04,13:12:00,03,0,02,01,02,01,0,362549.6899,5023770.505,False,June,1,0,0,0,0,0,0,0,0,1,0,0,0,0,0,0,0,1,0
2018-06-01,16:00:00,03,04,01,01,01,,0,372388.5618,5031750.726,False,June,0,0,0,0,0,0,0,0,1,0,0,0,0,0,0,0,0,1,0
2018-06-04,13:46:00,03,03,02,01,02,01,0,363560.4984,5014577.983,False,June,1,0,0,0,0,0,0,0,0,1,0,0,0,0,0,0,0,1,0
2018-06-03,09:30:00,03,04,01,01,01,,0,366931.8087,5030560.6219999995,False,June,0,0,0,0,0,0,0,0,0,1,0,0,0,0,0,0,0,1,0
2018-06-04,15:07:00,03,03,02,01,02,01,0,371523.6384,5031641.674,False,June,1,0,0,0,0,0,0,0,0,1,0,0,0,0,0,0,0,1,0
2018-06-04,15:51:00,03,02,01,01,01,,0,367995.2358,5031915.718,False,June,0,0,0,0,0,0,0,0,0,0,0,1,0,0,0,0,0,1,0
2018-06-04,15:55:00,02,03,01,01,01,01,0,362823.4788,5023270.532,False,June,1,0,0,0,0,0,0,0,0,1,0,0,0,0,0,0,0,1,0
2018-06-04,15:00:00,03,02,02,01,02,,0,373680.3021,5027048.798,False,June,0,0,0,0,0,0,0,0,0,0,0,1,0,0,0,0,0,1,0
2018-06-04,16:31:00,03,03,01,01,02,,0,359482.0375,5014630.679,False,June,0,0,0,0,0,0,0,0,1,0,0,0,0,0,0,0,0,1,0
2018-06-04,16:36:00,03,03,01,01,01,00,0,369654.8152,5033359.306,False,June,1,0,0,0,0,0,0,0,0,1,0,0,0,0,0,0,0,1,0
2018-06-04,17:01:00,03,05,01,01,01,,0,374615.4054,5026592.008,False,June,0,0,0,0,0,0,0,0,0,0,0,1,0,0,0,0,0,1,0
2018-06-04,17:15:00,03,02,01,01,01,01,0,379860.7425,5036471.581,False,June,0,0,0,0,0,0,0,1,0,1,0,0,0,0,0,0,0,1,0
2018-06-04,17:05:00,03,02,01,01,01,01,0,376000.805,5035167.71,False,June,0,1,0,0,0,0,0,0,0,0,1,0,0,0,0,0,0,1,0
2018-06-04,17:24:00,02,02,01,01,01,01,0,353417.74100000004,5018265.317,False,June,1,0,0,0,0,0,0,0,0,0,1,0,0,0,0,0,0,1,0
2018-06-04,,03,06,02,00,02,,0,365366.9766,5021387.768,False,June,0,0,0,0,0,0,0,0,1,0,0,0,0,0,0,0,0,1,0
2018-06-04,17:42:00,03,03,01,01,01,,0,370151.4213,5025408.398,False,June,0,0,0,0,0,0,0,0,1,0,0,0,0,0,0,0,0,1,0
2018-06-04,17:43:00,03,07,01,01,01,,0,354031.8522,5017521.594,False,June,0,0,0,0,0,0,0,0,1,0,0,0,0,0,0,0,0,1,0
2018-06-04,17:47:00,03,03,02,01,02,01,0,349385.075,5022955.863,False,June,1,0,0,0,0,0,0,0,0,1,0,0,0,0,0,0,0,1,0
2018-06-04,12:00:00,03,03,02,01,02,01,0,374674.6785,5028499.575,False,June,1,0,0,0,0,0,0,0,0,1,0,0,0,0,0,0,0,1,0
2018-06-04,15:00:00,03,02,01,01,01,01,0,371445.7169,5032824.578,False,June,1,0,0,0,0,0,0,0,0,0,1,0,0,0,0,0,0,1,0
2018-06-04,20:41:00,02,03,01,05,01,01,0,355105.4495,5016984.369,False,June,0,0,0,0,0,0,0,1,0,1,0,0,0,0,0,0,0,1,0
2018-06-05,06:45:00,03,03,01,01,01,,0,379954.7722,5037340.381,False,June,0,0,0,0,0,0,0,0,1,0,0,0,0,0,0,0,0,1,0
2018-06-05,08:15:00,03,05,02,01,02,00,0,366588.8169,5029487.563,False,June,0,1,0,0,0,0,0,0,0,0,1,0,0,0,0,0,0,1,0
2018-05-30,14:19:00,03,04,01,01,01,,0,362975.18100000004,5026407.53,False,May,0,0,0,0,0,0,0,0,1,0,0,0,0,0,0,0,1,0,0
2018-06-16,19:46:00,02,03,01,01,01,,0,370351.7633,5031951.513,False,June,0,0,0,0,0,0,0,0,1,0,0,0,0,0,0,0,0,1,0
2018-06-26,12:00:00,03,04,01,01,01,01,0,353417.6429,5018265.488,False,June,1,0,0,0,0,0,0,0,0,1,0,0,0,0,0,0,0,1,0
2018-06-26,,03,06,01,00,01,,0,367734.7433,5031235.2069999995,False,June,0,0,0,0,0,0,0,0,1,0,0,0,0,0,0,0,0,1,0
2018-05-23,10:06:00,03,0,01,01,01,01,0,374674.744,5028499.541,False,May,1,0,0,0,0,0,0,0,0,1,0,0,0,0,0,0,1,0,0
2018-06-16,20:06:00,03,07,01,01,01,,0,342441.9752,5035655.321,False,June,0,0,0,0,0,0,0,0,1,0,0,0,0,0,0,0,0,1,0
2018-06-26,12:57:00,03,06,01,01,01,,0,381482.605,5035804.028,False,June,0,0,0,0,0,0,0,0,1,0,0,0,0,0,0,0,0,1,0
2018-06-05,16:19:00,03,04,02,01,02,,0,369192.6207,5027790.976,False,June,0,0,0,0,0,0,0,0,1,0,0,0,0,0,0,0,0,1,0
2018-06-16,20:30:00,03,06,01,05,01,,0,384600.5074,5037859.321,False,June,0,0,0,0,0,0,0,0,0,0,0,1,0,0,0,0,0,1,0
2018-06-26,13:08:00,03,04,01,01,01,01,0,369304.5886,5027894.553,False,June,1,0,0,0,0,0,0,0,0,1,0,0,0,0,0,0,0,1,0
2018-06-26,13:17:00,02,05,01,01,01,01,0,368662.7847,5022311.528,False,June,1,0,0,0,0,0,0,0,0,1,0,0,0,0,0,0,0,1,0
2018-06-26,13:38:00,02,03,01,01,01,01,0,362213.5793,5026025.609,False,June,1,0,0,0,0,0,0,0,0,0,1,0,0,0,0,0,0,1,0
2018-06-26,13:42:00,03,05,01,01,01,01,0,364929.7126,5029153.517,False,June,1,0,0,0,0,0,0,0,0,0,1,0,0,0,0,0,0,1,0
2018-06-26,13:53:00,03,03,01,01,01,01,0,368028.5833,5021766.273,False,June,1,0,0,0,0,0,0,0,0,1,0,0,0,0,0,0,0,1,0
2018-06-21,,03,06,01,00,01,,0,363627.8141,5026545.856000001,False,June,0,0,0,0,0,0,0,0,1,0,0,0,0,0,0,0,0,1,0
2018-06-26,14:21:00,02,02,01,01,01,01,0,366186.63899999997,5028527.58,False,June,1,0,0,0,0,0,0,0,0,0,1,0,0,0,0,0,0,1,0
2018-06-05,14:24:00,03,04,01,01,01,01,0,367097.6752,5031526.685,False,June,1,0,0,0,0,0,0,0,0,0,1,0,0,0,0,0,0,1,0
2018-06-26,14:46:00,02,07,01,01,01,01,1,367731.6966,5031549.575,False,June,1,0,0,0,0,0,0,0,0,0,1,0,0,0,0,0,0,1,0
2018-06-26,14:46:00,03,03,01,01,01,01,0,389860.7365,5042617.615,False,June,1,0,0,0,0,0,0,0,0,1,0,0,0,0,0,0,0,1,0
2018-06-26,14:49:00,02,03,01,01,01,01,0,370666.417,5029086.1280000005,False,June,1,0,0,0,0,0,0,0,0,1,0,0,0,0,0,0,0,1,0
2018-06-26,14:54:00,03,04,01,01,01,01,0,366873.6861,5026438.589,False,June,1,0,0,0,0,0,0,0,0,1,0,0,0,0,0,0,0,1,0
2018-06-26,15:10:00,03,07,01,01,01,01,0,368662.7174,5022311.494,False,June,1,0,0,0,0,0,0,0,0,0,1,0,0,0,0,0,0,1,0
2018-06-26,15:17:00,03,03,01,01,01,,0,370879.8805,5030643.277,False,June,0,0,0,0,0,0,0,0,1,0,0,0,0,0,0,0,0,1,0
2018-06-26,15:30:00,02,03,02,01,02,,0,348530.864,5006227.541999999,False,June,0,0,0,0,0,0,0,0,0,0,0,1,0,0,0,0,0,1,0
2018-06-26,16:32:00,03,0,01,01,01,01,0,369734.7183,5026392.528,False,June,0,1,0,0,0,0,0,0,0,1,0,0,0,0,0,0,0,1,0
2018-06-25,18:30:00,03,03,01,01,01,01,0,369739.7082,5032887.585,False,June,1,0,0,0,0,0,0,0,0,1,0,0,0,0,0,0,0,1,0
2018-06-26,16:52:00,02,05,01,01,01,,0,367995.8747,5031577.727,False,June,0,0,0,0,0,0,0,0,0,0,0,1,0,0,0,0,0,1,0
2018-06-26,16:30:00,03,03,01,01,01,01,0,366748.589,5029120.626,False,June,1,0,0,0,0,0,0,0,0,1,0,0,0,0,0,0,0,1,0
2018-06-26,17:23:00,03,03,01,01,01,01,0,383951.7826,5036159.638,False,June,1,0,0,0,0,0,0,0,0,1,0,0,0,0,0,0,0,1,0
2018-06-26,17:32:00,03,03,01,01,01,01,0,375399.7864,5031874.664,False,June,1,0,0,0,0,0,0,0,0,1,0,0,0,0,0,0,0,1,0
2018-06-26,17:36:00,03,0,01,01,01,01,0,371018.5277,5023702.998,False,June,1,0,0,0,0,0,0,0,0,1,0,0,0,0,0,0,0,1,0
2018-06-26,17:36:00,03,02,01,01,01,01,0,385152.7689,5033307.539,False,June,0,1,0,0,0,0,0,0,0,0,1,0,0,0,0,0,0,1,0
2018-06-26,16:00:00,03,03,01,01,01,01,0,368138.729,5030028.612,False,June,1,0,0,0,0,0,0,0,0,1,0,0,0,0,0,0,0,1,0
2018-06-26,18:38:00,03,04,01,01,01,00,0,368160.8063,5032968.741,False,June,1,0,0,0,0,0,0,0,0,1,0,0,0,0,0,0,0,1,0
2018-06-26,20:29:00,03,03,01,05,01,01,0,372391.6894,5031742.558999999,False,June,1,0,0,0,0,0,0,0,0,1,0,0,0,0,0,0,0,1,0
2018-06-26,18:57:00,02,03,01,01,01,,0,363587.5979,5021429.342,False,June,0,0,0,0,0,0,0,0,1,0,0,0,0,0,0,0,0,1,0
2018-06-26,15:55:00,03,03,01,01,01,,0,379355.2057,5036971.862,False,June,0,0,0,0,0,0,0,0,1,0,0,0,0,0,0,0,0,1,0
2018-06-26,19:57:00,03,04,01,01,01,01,0,368160.7216,5032968.656,False,June,1,0,0,0,0,0,0,0,0,1,0,0,0,0,0,0,0,1,0
2018-06-26,20:30:00,02,0,01,05,01,,1,380453.44200000004,5034172.114,False,June,0,0,0,0,0,0,0,0,0,0,0,1,0,0,0,0,0,1,0
2018-06-26,21:05:00,03,03,01,05,01,01,0,349524.6992,5014330.271000001,False,June,1,0,0,0,0,0,0,0,0,1,0,0,0,0,0,0,0,1,0
2018-06-26,22:01:00,03,05,01,07,01,01,0,358496.6442,5022986.393999999,False,June,1,0,0,0,0,0,0,0,0,0,1,0,0,0,0,0,0,1,0
2018-06-27,05:35:00,02,05,01,03,01,01,0,350942.5772,5016079.521000001,False,June,1,0,0,0,0,0,0,0,0,0,1,0,0,0,0,0,0,1,0
2018-06-25,14:00:00,03,04,01,01,01,,0,368122.9875,5030584.526000001,False,June,0,0,0,0,0,0,0,0,1,0,0,0,0,0,0,0,0,1,0
2018-06-27,07:25:00,03,03,01,01,01,01,0,358137.7123,5021086.511,False,June,1,0,0,0,0,0,0,0,0,1,0,0,0,0,0,0,0,1,0
2018-06-27,07:32:00,03,05,01,01,01,01,0,371516.66299999994,5029181.629,False,June,1,0,0,0,0,0,0,0,0,0,1,0,0,0,0,0,0,1,0
2018-06-25,07:05:00,03,01,01,01,01,,0,367957.4426,5019482.363,False,June,0,0,0,0,0,0,0,0,1,0,0,0,0,0,0,0,0,1,0
2018-06-27,09:24:00,03,03,01,01,01,01,0,365193.6593,5022948.6,False,June,1,0,0,0,0,0,0,0,0,1,0,0,0,0,0,0,0,1,0
2018-06-27,10:02:00,03,03,01,01,01,01,0,373110.6493,5032376.615,False,June,1,0,0,0,0,0,0,0,0,1,0,0,0,0,0,0,0,1,0
2018-06-27,10:49:00,03,02,01,01,01,01,0,371685.9187,5030539.553,False,June,1,0,0,0,0,0,0,0,0,0,1,0,0,0,0,0,0,1,0
2018-06-27,11:59:00,02,03,01,01,01,01,0,371921.6579,5032887.61,False,June,1,0,0,0,0,0,0,0,0,1,0,0,0,0,0,0,0,1,0
2018-06-26,16:55:00,03,02,01,01,01,,0,370388.7007,5025794.883,False,June,0,0,0,0,0,0,0,0,0,0,0,1,0,0,0,0,0,1,0
2018-06-27,12:16:00,03,04,01,01,01,,0,367692.9565,5021881.049,False,June,0,0,0,0,0,0,0,0,1,0,0,0,0,0,0,0,0,1,0
2018-06-27,12:47:00,03,02,01,01,01,,0,353263.0729,5019449.576,False,June,0,0,0,0,0,0,0,0,0,0,0,1,0,0,0,0,0,1,0
2018-06-27,13:12:00,02,07,01,01,01,01,0,382890.8036,5038666.453,False,June,1,0,0,0,0,0,0,0,0,1,0,0,0,0,0,0,0,1,0
2018-06-27,13:45:00,03,04,01,01,01,01,0,367572.7707,5030742.509,False,June,0,1,0,0,0,0,0,0,0,1,0,0,0,0,0,0,0,1,0
2018-06-27,,03,06,01,00,01,,0,367518.6914,5030515.566000001,False,June,0,0,0,0,0,0,0,0,1,0,0,0,0,0,0,0,0,1,0
2018-06-27,14:35:00,03,05,01,01,01,01,0,374188.7574,5033010.697,False,June,1,0,0,0,0,0,0,0,0,0,1,0,0,0,0,0,0,1,0
2018-06-27,14:57:00,03,02,01,01,01,01,0,384900.7986,5017936.44,False,June,0,1,0,0,0,0,0,0,0,0,1,0,0,0,0,0,0,1,0
2018-06-27,15:14:00,03,02,01,01,01,01,0,373110.50700000004,5032376.489,False,June,1,0,0,0,0,0,0,0,0,0,1,0,0,0,0,0,0,1,0
2018-06-27,16:15:00,03,02,02,01,02,,0,349662.5994,5017353.35,True,June,0,0,0,0,0,0,0,0,0,0,0,1,0,0,0,0,0,1,0
2018-06-27,17:01:00,03,04,01,01,01,01,0,363609.5885,5028538.422,False,June,1,0,0,0,0,0,0,0,0,1,0,0,0,0,0,0,0,1,0
2018-06-27,17:18:00,03,03,02,01,02,,0,350032.9592,5016971.738,False,June,0,0,0,0,0,0,0,0,1,0,0,0,0,0,0,0,0,1,0
2018-06-27,17:18:00,02,07,02,01,02,,0,349548.2357,5025786.455,False,June,0,0,0,0,0,0,0,0,1,0,0,0,0,0,0,0,0,1,0
2018-06-27,15:15:00,03,03,01,01,01,01,0,372541.7041,5031688.624,True,June,0,1,0,0,0,0,0,0,0,1,0,0,0,0,0,0,0,1,0
2018-06-27,17:50:00,03,03,01,01,01,01,0,368194.6948,5022793.422,False,June,1,0,0,0,0,0,0,0,0,1,0,0,0,0,0,0,0,1,0
2018-06-27,18:05:00,03,03,02,01,02,,0,355316.4395,5014291.286,False,June,0,0,0,0,0,0,0,0,1,0,0,0,0,0,0,0,0,1,0
2018-06-27,19:14:00,03,06,01,01,01,,0,367920.44200000004,5032336.3889999995,False,June,0,0,0,0,0,0,0,0,1,0,0,0,0,0,0,0,0,1,0
2018-06-27,20:53:00,02,03,0,05,02,01,0,371558.744,5031320.507,False,June,1,0,0,0,0,0,0,0,0,1,0,0,0,0,0,0,0,1,0
2018-06-27,21:27:00,03,06,01,07,01,,0,366753.2528,5029110.318,False,June,0,0,0,0,0,0,0,0,1,0,0,0,0,0,0,0,0,1,0
2018-06-27,21:55:00,03,03,02,07,02,01,0,366407.6573,5021653.538,False,June,0,0,1,0,0,0,0,0,0,0,1,0,0,0,0,0,0,1,0
2018-06-28,01:34:00,03,06,02,07,02,,0,373893.8083,5023957.098999999,False,June,0,0,0,0,0,0,0,0,1,0,0,0,0,0,0,0,0,1,0
2018-06-27,22:33:00,03,05,02,07,02,01,0,359004.8342,5023990.806,False,June,1,0,0,0,0,0,0,0,0,0,1,0,0,0,0,0,0,1,0
2018-06-27,23:17:00,03,02,01,07,02,01,0,363562.6021,5022601.493,False,June,0,1,0,0,0,0,0,0,0,0,1,0,0,0,0,0,0,1,0
2018-06-27,23:33:00,03,07,02,07,02,,0,374841.3666,5032742.109,False,June,0,0,0,0,0,0,0,0,1,0,0,0,0,0,0,0,0,1,0
2018-04-28,14:54:00,03,03,01,01,01,,0,367318.6418,5029643.533,False,April,0,0,0,0,0,0,0,0,0,0,1,0,0,0,0,0,1,0,0
2018-06-28,07:00:00,03,07,01,01,02,01,0,367161.7046,5023942.511,False,June,1,0,0,0,0,0,0,0,0,1,0,0,0,0,0,0,0,1,0
2018-06-28,07:09:00,03,07,01,01,02,,0,381866.1271,5037701.898,False,June,0,0,0,0,0,0,0,0,1,0,0,0,0,0,0,0,0,1,0
2018-06-28,07:23:00,02,07,01,01,01,,0,364566.2073,5019190.244,False,June,0,0,0,0,0,0,0,0,1,0,0,0,0,0,0,0,0,1,0
2018-06-28,07:52:00,03,05,01,01,01,,0,365026.1946,5017869.012,False,June,0,0,0,0,0,0,0,0,0,0,0,1,0,0,0,0,0,1,0
2018-06-28,08:57:00,02,07,01,01,01,,1,360417.6727,5023602.498,True,June,0,0,0,0,0,0,0,0,0,1,0,0,0,0,0,0,0,1,0
2018-06-28,09:12:00,03,03,01,01,02,01,0,363298.8987,5029453.571,False,June,1,0,0,0,0,0,0,0,0,1,0,0,0,0,0,0,0,1,0
2018-06-28,09:50:00,03,06,01,01,01,,0,365615.1502,5029602.323,False,June,0,0,0,0,0,0,0,0,1,0,0,0,0,0,0,0,0,1,0
2018-06-22,,03,06,01,00,01,,0,365011.3874,5029177.613,False,June,0,0,0,0,0,0,0,0,1,0,0,0,0,0,0,0,0,1,0
2018-06-28,10:01:00,03,03,01,01,01,01,0,370156.7561,5023121.499,False,June,1,0,0,0,0,0,0,0,0,1,0,0,0,0,0,0,0,1,0
2018-06-27,18:00:00,03,03,02,01,02,,0,365529.9493,5021874.511,False,June,0,0,0,0,0,0,0,0,1,0,0,0,0,0,0,0,0,1,0