DATE,TIME,CLASS_OF_ACCIDENT,IMPACT_TYPE,ENVIRONMENT,LIGHT,ROAD_SURFACE_CONDITION,TRAFFIC_CONTROL_CONDITION,NO_OF_PEDESTRIANS,X,Y,Highway,Month,categorical_TRAFFIC_CONTROL_01,categorical_TRAFFIC_CONTROL_02,categorical_TRAFFIC_CONTROL_03,categorical_TRAFFIC_CONTROL_04,categorical_TRAFFIC_CONTROL_07,categorical_TRAFFIC_CONTROL_08,categorical_TRAFFIC_CONTROL_09,categorical_TRAFFIC_CONTROL_11,categorical_ACCIDENT_LOCATION_01,categorical_ACCIDENT_LOCATION_02,categorical_ACCIDENT_LOCATION_03,categorical_ACCIDENT_LOCATION_04,categorical_ACCIDENT_LOCATION_05,categorical_ACCIDENT_LOCATION_06,categorical_ACCIDENT_LOCATION_07,categorical_Seasons_Fall,categorical_Seasons_Spring,categorical_Seasons_Summer,categorical_Seasons_Winter
2018-06-27,16:20:00,03,06,01,01,01,,0,363429.2779,5028498.291,False,June,0,0,0,0,0,0,0,0,1,0,0,0,0,0,0,0,0,1,0
2018-06-28,11:24:00,03,04,01,01,01,,0,367638.9342,5031354.913,False,June,0,0,0,0,0,0,0,0,1,0,0,0,0,0,0,0,0,1,0
2018-06-27,14:25:00,03,03,01,01,01,01,0,370949.7847,5032771.678,False,June,1,0,0,0,0,0,0,0,0,1,0,0,0,0,0,0,0,1,0
2018-06-28,11:50:00,02,05,01,01,01,,0,366910.3526,5030609.981000001,False,June,0,0,0,0,0,0,0,0,0,0,0,1,0,0,0,0,0,1,0
2018-06-28,11:45:00,03,04,01,01,01,01,0,384682.7663,5039285.568,False,June,0,0,0,0,0,0,0,1,0,0,1,0,0,0,0,0,0,1,0
2018-06-28,12:10:00,02,03,02,01,02,01,0,367107.6074,5022081.523,False,June,1,0,0,0,0,0,0,0,0,1,0,0,0,0,0,0,0,1,0
2018-06-28,12:44:00,03,05,01,01,01,,0,376997.1038,5015323.844,False,June,0,0,0,0,0,0,0,0,0,0,0,1,0,0,0,0,0,1,0
2018-06-28,14:28:00,02,03,01,01,01,01,0,380258.74,5034819.643,False,June,1,0,0,0,0,0,0,0,0,1,0,0,0,0,0,0,0,1,0
2018-05-30,15:20:00,03,03,01,01,01,,0,364551.0,5024439.142,False,May,0,0,0,0,0,0,0,0,1,0,0,0,0,0,0,0,1,0,0
2018-06-05,16:40:00,03,05,02,01,02,01,0,371867.7515,5024320.642,False,June,1,0,0,0,0,0,0,0,0,0,1,0,0,0,0,0,0,1,0
2018-06-05,16:50:00,02,02,01,01,01,01,0,372727.8107,5033654.079,False,June,0,1,0,0,0,0,0,0,0,1,0,0,0,0,0,0,0,1,0
2018-06-16,21:42:00,02,07,01,07,01,,1,367819.37,5032462.313,False,June,0,0,0,0,0,0,0,0,1,0,0,0,0,0,0,0,0,1,0
2018-06-05,17:30:00,03,03,01,01,01,01,0,367062.6824,5031219.649,False,June,1,0,0,0,0,0,0,0,0,1,0,0,0,0,0,0,0,1,0
2018-06-16,22:00:00,02,03,01,07,01,01,0,372093.6382,5032472.53,False,June,1,0,0,0,0,0,0,0,0,1,0,0,0,0,0,0,0,1,0
2018-06-05,17:48:00,03,02,01,01,01,01,0,363697.7145,5025211.386,False,June,1,0,0,0,0,0,0,0,0,0,1,0,0,0,0,0,0,1,0
2018-06-16,22:51:00,03,07,01,07,01,,0,376571.4081,5035208.947,False,June,0,0,0,0,0,0,0,0,1,0,0,0,0,0,0,0,0,1,0
2018-06-05,17:52:00,02,07,01,01,02,,1,386091.4839,5037076.2639999995,False,June,0,0,0,0,0,0,0,0,1,0,0,0,0,0,0,0,0,1,0
2018-06-16,23:02:00,02,02,01,07,01,01,0,354506.0976,5015238.17,False,June,0,1,0,0,0,0,0,0,0,0,1,0,0,0,0,0,0,1,0
2018-06-05,18:04:00,02,03,01,01,02,01,0,367602.7429,5025873.658,False,June,1,0,0,0,0,0,0,0,0,1,0,0,0,0,0,0,0,1,0
2018-06-16,23:24:00,03,07,01,07,01,,0,351609.1336,5021731.541999999,False,June,0,0,0,0,0,0,0,0,1,0,0,0,0,0,0,0,0,1,0
2018-06-05,18:33:00,03,03,01,01,01,,0,367271.911,5014790.203,False,June,0,0,0,0,0,0,0,0,1,0,0,0,0,0,0,0,0,1,0
2018-06-17,06:42:00,03,02,01,01,01,01,0,372823.6914,5024807.589,False,June,1,0,0,0,0,0,0,0,0,0,1,0,0,0,0,0,0,1,0
2018-06-05,18:44:00,03,03,01,01,01,00,0,370156.5669,5023121.669,False,June,1,0,0,0,0,0,0,0,0,1,0,0,0,0,0,0,0,1,0
2018-06-05,20:32:00,02,03,02,05,02,01,0,389748.6731,5025322.549,False,June,0,1,0,0,0,0,0,0,0,1,0,0,0,0,0,0,0,1,0
2018-06-05,18:54:00,03,06,01,01,02,,0,382027.6643,5037596.319,False,June,0,0,0,0,0,0,0,0,1,0,0,0,0,0,0,0,0,1,0
2018-05-24,,03,06,01,00,01,,0,373041.3269,5023610.583000001,False,May,0,0,0,0,0,0,0,0,1,0,0,0,0,0,0,0,1,0,0
2018-06-05,21:03:00,03,02,01,05,01,01,0,372443.9998,5031616.001,False,June,1,0,0,0,0,0,0,0,0,0,1,0,0,0,0,0,0,1,0
2018-06-05,20:41:00,03,03,01,05,01,01,0,368121.1045,5026647.221,False,June,1,0,0,0,0,0,0,0,0,1,0,0,0,0,0,0,0,1,0
2018-06-05,20:30:00,03,06,01,05,01,,0,371758.7382,5032041.297,False,June,0,0,0,0,0,0,0,0,1,0,0,0,0,0,0,0,0,1,0
2018-06-05,23:47:00,03,07,01,07,01,,0,353248.7233,5008642.704,False,June,0,0,0,0,0,0,0,0,1,0,0,0,0,0,0,0,0,1,0
2018-06-05,23:57:00,03,02,01,07,01,01,0,366937.3431,5015978.666999999,False,June,0,0,0,0,0,0,0,1,0,0,1,0,0,0,0,0,0,1,0
2018-06-06,01:43:00,02,02,01,07,01,01,0,367659.57899999997,5030598.822,False,June,0,1,0,0,0,0,0,0,0,0,1,0,0,0,0,0,0,1,0
2018-06-06,05:36:00,03,06,01,03,01,,0,369380.2886,5031654.125,False,June,0,0,0,0,0,0,0,0,1,0,0,0,0,0,0,0,0,1,0
2018-06-06,08:49:00,03,03,02,01,02,01,0,363560.83200000005,5014577.8780000005,False,June,1,0,0,0,0,0,0,0,0,1,0,0,0,0,0,0,0,1,0
2018-06-06,09:37:00,02,05,01,01,01,,0,367338.2504,5025673.852,False,June,0,0,0,0,0,0,0,0,0,0,0,1,0,0,0,0,0,1,0
2018-06-06,07:30:00,02,03,01,01,02,01,0,383951.5595,5036159.882,False,June,1,0,0,0,0,0,0,0,0,1,0,0,0,0,0,0,0,1,0
2018-06-06,10:08:00,02,07,01,01,01,,1,373443.5716,5025545.882,False,June,0,0,0,0,0,0,0,0,1,0,0,0,0,0,0,0,0,1,0
2018-06-06,08:50:00,03,03,01,01,01,01,0,367639.64,5032383.494,False,June,1,0,0,0,0,0,0,0,0,1,0,0,0,0,0,0,0,1,0
2018-06-06,10:35:00,03,02,01,01,02,01,0,368751.7172,5026892.536,False,June,0,1,0,0,0,0,0,0,0,1,0,0,0,0,0,0,0,1,0
2018-06-06,11:01:00,03,03,01,01,02,00,0,369916.9445,5029121.41,False,June,0,0,1,0,0,0,0,0,0,1,0,0,0,0,0,0,0,1,0
2018-06-06,11:08:00,02,02,01,01,01,01,0,353890.664,5023314.614,False,June,0,1,0,0,0,0,0,0,0,0,1,0,0,0,0,0,0,1,0
2018-06-06,11:17:00,03,05,02,01,02,01,0,368315.9769,5032192.223,False,June,1,0,0,0,0,0,0,0,0,0,1,0,0,0,0,0,0,1,0
2018-06-06,12:06:00,03,03,02,01,02,01,0,374507.7976,5033198.618,False,June,1,0,0,0,0,0,0,0,0,1,0,0,0,0,0,0,0,1,0
2018-06-06,12:22:00,03,03,01,01,02,01,0,370802.1646,5031015.879,True,June,1,0,0,0,0,0,0,0,0,1,0,0,0,0,0,0,0,1,0
2018-06-06,12:59:00,03,03,02,01,02,01,0,370213.2068,5025873.669,False,June,1,0,0,0,0,0,0,0,0,1,0,0,0,0,0,0,0,1,0
2018-06-06,13:00:00,02,01,01,01,01,,0,368044.9777,5016929.913,False,June,0,0,0,0,0,0,0,0,1,0,0,0,0,0,0,0,0,1,0
2018-06-06,09:00:00,03,05,01,01,01,01,0,370826.9525,5033474.446,False,June,1,0,0,0,0,0,0,0,0,0,1,0,0,0,0,0,0,1,0
2018-06-06,14:00:00,03,03,01,01,01,00,0,366019.6936,5020955.595,False,June,1,0,0,0,0,0,0,0,0,1,0,0,0,0,0,0,0,1,0
2018-06-06,14:24:00,03,05,01,01,01,01,0,364351.5098,5027337.608,False,June,1,0,0,0,0,0,0,0,0,0,1,0,0,0,0,0,0,1,0
2018-06-06,15:03:00,03,02,01,01,01,01,0,366646.69700000004,5011532.414,False,June,0,1,0,0,0,0,0,0,0,0,1,0,0,0,0,0,0,1,0
2018-06-06,15:19:00,02,07,01,01,01,,0,369876.1435,5027693.299,False,June,0,0,0,0,0,0,0,0,1,0,0,0,0,0,0,0,0,1,0
2018-06-05,,03,06,01,00,01,,0,370378.5173,5026812.4569999995,False,June,0,0,0,0,0,0,0,0,1,0,0,0,0,0,0,0,0,1,0
2018-06-06,15:39:00,02,04,01,01,01,,0,372397.5443,5030313.092,False,June,0,0,0,0,0,0,0,0,1,0,0,0,0,0,0,0,0,1,0
2018-06-06,15:43:00,03,03,01,01,01,01,0,364642.3237,5024227.844,False,June,1,0,0,0,0,0,0,0,0,1,0,0,0,0,0,0,0,1,0
2018-06-06,16:05:00,03,03,01,01,01,01,0,377187.2976,5032175.816000001,False,June,1,0,0,0,0,0,0,0,0,1,0,0,0,0,0,0,0,1,0
2018-06-06,16:17:00,03,05,01,01,01,,0,359522.8377,5023568.614,False,June,0,0,0,0,0,0,0,0,1,0,0,0,0,0,0,0,0,1,0
2018-06-06,16:43:00,02,07,01,01,01,01,1,371860.2693,5033043.791999999,False,June,1,0,0,0,0,0,0,0,0,0,1,0,0,0,0,0,0,1,0
2018-06-06,17:06:00,03,05,01,01,01,01,0,367480.6709,5031265.619,False,June,1,0,0,0,0,0,0,0,0,1,0,0,0,0,0,0,0,1,0
2018-06-06,17:18:00,03,03,01,01,01,,0,381077.9304,5032950.393999999,False,June,0,0,0,0,0,0,0,0,1,0,0,0,0,0,0,0,0,1,0
2018-06-06,,03,06,01,00,01,,0,382547.1532,5039181.252,False,June,0,0,0,0,0,0,0,0,1,0,0,0,0,0,0,0,0,1,0
2018-06-06,17:37:00,03,04,01,01,01,01,0,371033.7238,5026354.446,False,June,1,0,0,0,0,0,0,0,0,1,0,0,0,0,0,0,0,1,0
2018-06-06,17:35:00,03,03,01,01,01,01,0,349864.4622,5023399.328,False,June,1,0,0,0,0,0,0,0,0,1,0,0,0,0,0,0,0,1,0
2018-06-06,18:06:00,03,07,01,01,01,,0,340838.9627,5013960.535,False,June,0,0,0,0,0,0,0,0,1,0,0,0,0,0,0,0,0,1,0
2018-06-06,18:13:00,02,05,01,01,01,01,0,367154.0326,5031068.425,False,June,1,0,0,0,0,0,0,0,0,0,1,0,0,0,0,0,0,1,0
2018-06-06,17:00:00,03,06,01,01,01,,0,371565.0979,5033530.733,False,June,0,0,0,0,0,0,0,0,0,0,0,1,0,0,0,0,0,1,0
2018-06-06,18:46:00,03,02,01,01,01,01,0,383540.7226,5035988.761,False,June,1,0,0,0,0,0,0,0,0,1,0,0,0,0,0,0,0,1,0
2018-06-06,17:00:00,03,05,01,01,01,00,0,367948.5803,5031549.528,False,June,1,0,0,0,0,0,0,0,0,1,0,0,0,0,0,0,0,1,0
2018-06-06,18:57:00,03,03,01,01,01,01,0,383530.4989,5037154.923,False,June,1,0,0,0,0,0,0,0,0,1,0,0,0,0,0,0,0,1,0
2018-06-06,19:42:00,02,03,01,01,01,,0,369932.5876,5029120.234,False,June,0,0,0,0,0,0,0,0,1,0,0,0,0,0,0,0,0,1,0
2018-06-06,,03,06,01,00,01,,0,368405.7985,5031094.881,False,June,0,0,0,0,0,0,0,0,1,0,0,0,0,0,0,0,0,1,0
2018-06-06,20:16:00,02,03,01,05,01,01,0,371766.5899,5026794.692,False,June,1,0,0,0,0,0,0,0,0,1,0,0,0,0,0,0,0,1,0
2018-06-06,20:24:00,03,05,01,05,01,01,0,350489.6612,5022710.661,False,June,1,0,0,0,0,0,0,0,0,0,1,0,0,0,0,0,0,1,0
2018-06-06,21:10:00,03,04,01,05,01,00,0,383183.6873,5037977.882,False,June,1,0,0,0,0,0,0,0,0,1,0,0,0,0,0,0,0,1,0
2018-06-06,21:49:00,03,03,01,07,01,01,0,370338.0442,5025947.716,False,June,1,0,0,0,0,0,0,0,0,1,0,0,0,0,0,0,0,1,0
2018-06-06,22:55:00,03,03,01,07,01,01,0,384168.0032,5036256.32,False,June,1,0,0,0,0,0,0,0,0,1,0,0,0,0,0,0,0,1,0
2018-06-07,06:00:00,02,07,01,01,01,,0,376619.1106,4998349.2639999995,False,June,0,0,0,0,0,0,0,0,1,0,0,0,0,0,0,0,0,1,0
2018-06-07,07:00:00,02,03,01,01,01,,0,387406.4173,5023858.086,True,June,0,0,0,0,0,0,0,0,0,0,0,0,0,0,1,0,0,1,0
2018-06-07,07:06:00,02,01,01,01,01,,0,375297.8629,5032130.812,False,June,0,0,0,0,0,0,0,0,1,0,0,0,0,0,0,0,0,1,0
2018-06-07,07:30:00,02,07,01,01,01,01,1,370949.7123,5032771.574,False,June,1,0,0,0,0,0,0,0,0,0,1,0,0,0,0,0,0,1,0
2018-06-07,08:45:00,02,03,01,01,01,01,0,377758.8439,5015947.603999999,False,June,1,0,0,0,0,0,0,0,0,1,0,0,0,0,0,0,0,1,0
2018-06-07,09:13:00,03,02,01,01,01,01,0,384943.9021,5038876.799,False,June,0,1,0,0,0,0,0,0,0,1,0,0,0,0,0,0,0,1,0
2018-06-07,08:15:00,03,03,01,01,01,01,0,375578.8552,5031439.57,False,June,1,0,0,0,0,0,0,0,0,1,0,0,0,0,0,0,0,1,0
2018-06-07,09:35:00,03,02,01,01,01,01,0,375194.7344,5032311.57,False,June,1,0,0,0,0,0,0,0,0,1,0,0,0,0,0,0,0,1,0
2018-06-07,09:46:00,03,04,01,01,01,01,0,367221.5233,5031319.576,False,June,1,0,0,0,0,0,0,0,0,1,0,0,0,0,0,0,0,1,0
2018-06-07,09:15:00,03,03,01,01,01,01,0,382891.0227,5038666.556,False,June,1,0,0,0,0,0,0,0,0,1,0,0,0,0,0,0,0,1,0
2018-06-06,16:20:00,03,03,01,01,01,01,0,369396.976,5015630.355,False,June,1,0,0,0,0,0,0,0,0,1,0,0,0,0,0,0,0,1,0
2018-06-07,10:50:00,02,07,01,01,01,01,1,361021.6726,5021566.492,False,June,1,0,0,0,0,0,0,0,0,0,1,0,0,0,0,0,0,1,0
2018-06-07,11:14:00,03,02,01,01,01,01,0,365125.7061,5028284.55,False,June,0,1,0,0,0,0,0,0,0,0,1,0,0,0,0,0,0,1,0
2018-06-07,11:29:00,03,03,01,01,01,01,0,350248.75700000004,5013331.43,False,June,1,0,0,0,0,0,0,0,0,1,0,0,0,0,0,0,0,1,0
2018-06-06,12:30:00,03,03,01,01,01,01,0,373364.6199,5029424.651000001,False,June,1,0,0,0,0,0,0,0,0,1,0,0,0,0,0,0,0,1,0
2018-06-07,11:41:00,02,05,01,01,01,,0,367445.4909,5022060.416999999,False,June,0,0,0,0,0,0,0,0,1,0,0,0,0,0,0,0,0,1,0
2018-06-07,11:41:00,03,03,01,01,01,01,0,363056.6472,5022730.642,False,June,1,0,0,0,0,0,0,0,0,1,0,0,0,0,0,0,0,1,0
2018-06-07,11:59:00,03,07,01,01,01,,0,370242.7927,5016010.023,False,June,0,0,0,0,0,0,0,0,1,0,0,0,0,0,0,0,0,1,0
2018-06-07,12:07:00,02,01,01,01,01,,0,365484.45200000005,5017142.967,False,June,0,0,0,0,0,0,0,0,1,0,0,0,0,0,0,0,0,1,0
2018-06-06,,03,06,01,00,01,,0,364927.531,5012295.632,False,June,0,0,0,0,0,0,0,0,1,0,0,0,0,0,0,0,0,1,0
2018-06-05,17:40:00,03,06,01,01,01,,0,368037.7905,5032225.744,False,June,0,0,0,0,0,0,0,0,1,0,0,0,0,0,0,0,0,1,0
2018-06-06,07:45:00,02,03,02,01,02,,0,367378.191,5025643.45,False,June,0,0,0,0,0,0,0,0,1,0,0,0,0,0,0,0,0,1,0
2018-06-07,15:10:00,03,03,01,01,01,01,0,363419.7711,5021826.291,False,June,1,0,0,0,0,0,0,0,0,1,0,0,0,0,0,0,0,1,0
2018-06-07,15:26:00,03,06,01,01,01,,0,369548.5979,5034902.297,False,June,0,0,0,0,0,0,0,0,0,0,0,1,0,0,0,0,0,1,0
2018-06-04,,02,07,01,07,01,01,1,380887.7491,5034540.555,False,June,1,0,0,0,0,0,0,0,0,0,1,0,0,0,0,0,0,1,0
2018-06-07,15:45:00,03,02,01,01,01,01,0,368021.7563,5016016.692,False,June,0,1,0,0,0,0,0,0,0,1,0,0,0,0,0,0,0,1,0
2018-06-07,15:45:00,03,04,01,01,01,01,0,361767.7881,5025725.665,False,June,1,0,0,0,0,0,0,0,0,1,0,0,0,0,0,0,0,1,0
2018-06-07,15:56:00,03,02,01,01,01,01,0,368212.698,5032607.588,False,June,0,1,0,0,0,0,0,0,0,0,1,0,0,0,0,0,0,1,0
2018-06-07,16:17:00,03,05,01,01,01,01,0,367094.3157,5029106.927,False,June,1,0,0,0,0,0,0,0,0,0,1,0,0,0,0,0,0,1,0
2018-05-29,,03,06,01,00,01,,0,348776.5914,5014562.7639999995,False,May,0,0,0,0,0,0,0,0,1,0,0,0,0,0,0,0,1,0,0
2018-06-17,07:02:00,03,02,01,01,01,01,0,382936.6966,5035690.562,False,June,1,0,0,0,0,0,0,0,0,0,1,0,0,0,0,0,0,1,0
2018-06-17,08:05:00,03,03,01,01,01,01,0,370118.6502,5029601.251,False,June,1,0,0,0,0,0,0,0,0,0,1,0,0,0,0,0,0,1,0
2018-06-16,,03,06,01,00,01,,0,364535.2441,5016144.965,False,June,0,0,0,0,0,0,0,0,1,0,0,0,0,0,0,0,0,1,0
2018-06-17,11:27:00,03,03,01,01,01,,0,370305.8775,5032311.79,False,June,0,0,0,0,0,0,0,0,1,0,0,0,0,0,0,0,0,1,0
2018-06-17,13:15:00,02,03,01,01,01,01,0,352180.3196,5018499.65,False,June,1,0,0,0,0,0,0,0,0,1,0,0,0,0,0,0,0,1,0
2018-06-17,14:20:00,03,04,01,01,01,01,0,367550.718,5029087.566000001,False,June,0,1,0,0,0,0,0,0,0,1,0,0,0,0,0,0,0,1,0
2018-06-17,16:43:00,03,04,01,01,01,,0,366644.6421,5011479.294,False,June,0,0,0,0,0,0,0,0,0,0,0,1,0,0,0,0,0,1,0
2018-06-17,16:49:00,03,07,01,01,01,,0,367376.0681,5011408.103999999,False,June,0,0,0,0,0,0,0,0,1,0,0,0,0,0,0,0,0,1,0
2018-06-17,17:55:00,03,06,01,01,01,,0,371106.6081,5032266.376,False,June,0,0,0,0,0,0,0,0,1,0,0,0,0,0,0,0,0,1,0
2018-06-17,19:16:00,03,04,01,01,01,,0,369145.654,5005923.812,False,June,0,0,0,0,0,0,0,0,1,0,0,0,0,0,0,0,0,1,0
2018-06-17,21:55:00,03,07,01,07,01,,0,386188.7351,5009239.498,False,June,0,0,0,0,0,0,0,0,1,0,0,0,0,0,0,0,0,1,0
2018-06-17,23:54:00,03,05,01,07,01,,0,368514.651,5032415.353,False,June,0,0,0,0,0,0,0,0,1,0,0,0,0,0,0,0,0,1,0
2018-06-18,02:14:00,03,07,01,07,01,,0,347394.4364,5023203.238,False,June,0,0,0,0,0,0,0,0,1,0,0,0,0,0,0,0,0,1,0
2018-06-18,06:21:00,03,07,01,01,01,,0,372861.9288,5031348.88,False,June,0,0,0,0,0,0,0,0,1,0,0,0,0,0,0,0,0,1,0
2018-06-18,07:05:00,03,03,01,01,01,,0,386148.4123,5023493.776000001,False,June,0,0,0,0,0,0,0,0,1,0,0,0,0,0,0,0,0,1,0
2018-06-18,07:58:00,03,05,01,01,01,,0,363628.0828,5026611.987,False,June,0,0,0,0,0,0,0,0,1,0,0,0,0,0,0,0,0,1,0
2018-06-18,08:37:00,02,02,01,01,01,01,0,366153.3626,5020632.423,False,June,0,1,0,0,0,0,0,0,0,0,1,0,0,0,0,0,0,1,0
2018-06-18,09:03:00,02,03,01,01,01,01,0,363866.6913,5028431.555,False,June,1,0,0,0,0,0,0,0,0,1,0,0,0,0,0,0,0,1,0
2018-06-18,09:10:00,03,03,01,01,01,01,0,367890.638,5031646.67,False,June,1,0,0,0,0,0,0,0,0,1,0,0,0,0,0,0,0,1,0
2018-06-18,09:15:00,03,05,01,01,01,01,0,372860.7874,5030578.483,False,June,1,0,0,0,0,0,0,0,0,0,1,0,0,0,0,0,0,1,0
2018-06-18,09:21:00,03,02,01,01,01,01,0,366575.0649,5025045.446,False,June,1,0,0,0,0,0,0,0,0,0,1,0,0,0,0,0,0,1,0
2018-06-18,09:00:00,03,07,01,01,08,,0,374720.1133,4996374.82,False,June,0,0,0,0,0,0,0,0,1,0,0,0,0,0,0,0,0,1,0
2018-06-18,09:45:00,03,04,02,01,02,,0,361035.7556,5025986.388,False,June,0,0,0,0,0,0,0,0,1,0,0,0,0,0,0,0,0,1,0
2018-06-18,10:20:00,03,03,01,01,01,,0,365060.4122,5017967.734,False,June,0,0,0,0,0,0,0,0,1,0,0,0,0,0,0,0,0,1,0
2018-06-18,10:29:00,03,03,02,01,02,01,0,375578.6072,5031439.521000001,False,June,1,0,0,0,0,0,0,0,0,1,0,0,0,0,0,0,0,1,0
2018-06-18,11:58:00,03,04,02,01,02,01,0,359629.68299999996,5021987.526000001,False,June,1,0,0,0,0,0,0,0,0,1,0,0,0,0,0,0,0,1,0
2018-06-18,12:12:00,03,06,01,01,01,,0,352309.7779,5018709.452,False,June,0,0,0,0,0,0,0,0,1,0,0,0,0,0,0,0,0,1,0
2018-06-18,14:25:00,03,02,01,01,01,01,0,368706.7139,5028648.556,False,June,0,1,0,0,0,0,0,0,0,0,1,0,0,0,0,0,0,1,0
2018-06-18,14:35:00,03,03,01,01,01,01,0,370072.7076,5033065.657,False,June,1,0,0,0,0,0,0,0,0,1,0,0,0,0,0,0,0,1,0
2018-06-18,14:45:00,02,05,01,01,01,01,0,371867.7369,5024320.557,False,June,1,0,0,0,0,0,0,0,0,0,1,0,0,0,0,0,0,1,0
2018-05-30,15:48:00,03,03,01,01,01,01,0,370077.9282,5025791.71,False,May,1,0,0,0,0,0,0,0,0,1,0,0,0,0,0,0,1,0,0
2018-06-18,14:50:00,03,04,01,01,01,01,0,364275.7559,5027493.459,False,June,1,0,0,0,0,0,0,0,0,0,1,0,0,0,0,0,0,1,0
2018-06-18,15:10:00,03,03,01,01,01,,0,367269.1108,5019084.461,False,June,0,0,0,0,0,0,0,0,1,0,0,0,0,0,0,0,0,1,0
2018-06-18,15:19:00,02,02,02,01,02,01,0,375043.8003,5004189.512,False,June,0,1,0,0,0,0,0,0,0,0,1,0,0,0,0,0,0,1,0
2018-05-31,08:20:00,03,03,01,01,01,01,0,362061.6712,5023465.495,False,May,1,0,0,0,0,0,0,0,0,1,0,0,0,0,0,0,1,0,0
2018-06-18,15:29:00,03,03,01,01,01,,0,372834.0756,5030645.31,False,June,0,0,0,0,0,0,0,0,1,0,0,0,0,0,0,0,0,1,0
2018-06-18,15:44:00,02,07,01,01,01,01,1,367828.7133,5030323.567,False,June,0,1,0,0,0,0,0,0,0,0,1,0,0,0,0,0,0,1,0
2018-06-18,15:52:00,02,03,01,01,01,01,0,371017.6723,5033565.662,False,June,1,0,0,0,0,0,0,0,0,1,0,0,0,0,0,0,0,1,0
2018-06-18,16:00:00,03,04,01,01,01,00,0,379860.7432,5036471.623,False,June,0,0,0,0,0,0,0,1,0,1,0,0,0,0,0,0,0,1,0
2018-06-18,16:38:00,03,02,01,01,01,01,0,364866.555,5026492.796,False,June,0,1,0,0,0,0,0,0,0,0,1,0,0,0,0,0,0,1,0
2018-05-30,12:00:00,03,06,02,01,02,,0,386192.333,5035228.047,False,May,0,0,0,0,0,0,0,0,0,0,0,1,0,0,0,0,1,0,0
2018-06-18,16:00:00,03,03,01,01,01,01,0,365416.7703,5028038.527,False,June,1,0,0,0,0,0,0,0,0,1,0,0,0,0,0,0,0,1,0
2018-06-18,19:16:00,03,03,02,01,02,01,0,355961.6348,5012594.447,False,June,1,0,0,0,0,0,0,0,0,1,0,0,0,0,0,0,0,1,0
2018-06-18,19:31:00,03,04,01,01,02,,0,363032.6004,5026545.095,False,June,0,0,0,0,0,0,0,0,1,0,0,0,0,0,0,0,0,1,0
2018-06-18,20:31:00,03,06,01,05,01,,0,366832.855,5030794.6110000005,False,June,0,0,0,0,0,0,0,0,1,0,0,0,0,0,0,0,0,1,0
2018-06-18,21:17:00,03,07,01,07,01,,0,369630.8014,5026590.006,False,June,0,0,0,0,0,0,0,0,1,0,0,0,0,0,0,0,0,1,0
2018-06-18,21:25:00,02,07,01,07,01,01,1,368511.70700000005,5032413.589,False,June,1,0,0,0,0,0,0,0,0,0,1,0,0,0,0,0,0,1,0
2018-06-18,21:55:00,02,03,01,07,01,01,0,359627.6987,5023735.556,False,June,1,0,0,0,0,0,0,0,0,1,0,0,0,0,0,0,0,1,0
2018-06-18,22:53:00,02,03,01,07,01,01,0,373751.6391,5028417.617,False,June,1,0,0,0,0,0,0,0,0,1,0,0,0,0,0,0,0,1,0
2018-06-18,23:05:00,02,02,01,07,01,01,0,367449.7109,5017616.461,False,June,1,0,0,0,0,0,0,0,0,0,1,0,0,0,0,0,0,1,0
2018-06-19,00:37:00,03,07,01,07,01,,0,396277.8464,5022608.365,False,June,0,0,0,0,0,0,0,0,1,0,0,0,0,0,0,0,0,1,0
2018-06-19,01:24:00,03,06,01,07,01,,0,367335.8226,5030210.8780000005,False,June,0,0,0,0,0,0,0,0,0,0,0,1,0,0,0,0,0,1,0
2018-06-19,06:53:00,03,04,01,01,01,,0,375318.6225,5026298.138,False,June,0,0,0,0,0,0,0,0,1,0,0,0,0,0,0,0,0,1,0
2018-06-19,06:40:00,03,04,01,01,01,,0,366083.8008,5025974.39,False,June,0,0,0,0,0,0,0,0,1,0,0,0,0,0,0,0,0,1,0
2018-06-19,07:48:00,02,04,01,01,01,,0,367597.1094,5033349.929,False,June,0,0,0,0,0,0,0,0,1,0,0,0,0,0,0,0,0,1,0
2018-06-19,07:51:00,02,02,01,01,01,01,0,365416.6639,5028038.515,False,June,1,0,0,0,0,0,0,0,0,1,0,0,0,0,0,0,0,1,0
2018-06-19,08:05:00,03,03,01,01,01,00,0,378334.80299999996,5014531.5430000005,False,June,0,1,0,0,0,0,0,0,0,1,0,0,0,0,0,0,0,1,0
2018-06-19,08:08:00,03,03,01,01,01,,0,352098.4394,5022162.157,False,June,0,0,0,0,0,0,0,0,1,0,0,0,0,0,0,0,0,1,0
2018-06-19,08:24:00,03,02,01,01,01,,0,368008.7883,5031909.924,False,June,0,0,0,0,0,0,0,0,0,0,0,1,0,0,0,0,0,1,0
2018-06-19,08:26:00,03,03,01,01,01,01,0,371725.7501,5024668.411,False,June,0,1,0,0,0,0,0,0,0,1,0,0,0,0,0,0,0,1,0
2018-06-19,08:30:00,03,04,01,01,01,,0,367443.644,5031741.22,False,June,0,0,0,0,0,0,0,0,1,0,0,0,0,0,0,0,0,1,0
2018-06-19,06:30:00,03,04,01,01,01,,0,365676.7031,5025718.677,False,June,0,0,0,0,0,0,0,0,1,0,0,0,0,0,0,0,0,1,0
2018-06-19,10:01:00,02,05,01,01,01,00,0,368509.7437,5030645.647,False,June,0,1,0,0,0,0,0,0,0,0,1,0,0,0,0,0,0,1,0
2018-06-18,,03,06,02,00,02,,0,357208.4459,5020317.301,False,June,0,0,0,0,0,0,0,0,1,0,0,0,0,0,0,0,0,1,0
2018-06-19,11:03:00,02,03,01,01,01,01,0,382890.8001,5038666.491,False,June,1,0,0,0,0,0,0,0,0,1,0,0,0,0,0,0,0,1,0