DATE,TIME,CLASS_OF_ACCIDENT,IMPACT_TYPE,ENVIRONMENT,LIGHT,ROAD_SURFACE_CONDITION,TRAFFIC_CONTROL_CONDITION,NO_OF_PEDESTRIANS,X,Y,Highway,Month,categorical_TRAFFIC_CONTROL_01,categorical_TRAFFIC_CONTROL_02,categorical_TRAFFIC_CONTROL_03,categorical_TRAFFIC_CONTROL_04,categorical_TRAFFIC_CONTROL_07,categorical_TRAFFIC_CONTROL_08,categorical_TRAFFIC_CONTROL_09,categorical_TRAFFIC_CONTROL_11,categorical_ACCIDENT_LOCATION_01,categorical_ACCIDENT_LOCATION_02,categorical_ACCIDENT_LOCATION_03,categorical_ACCIDENT_LOCATION_04,categorical_ACCIDENT_LOCATION_05,categorical_ACCIDENT_LOCATION_06,categorical_ACCIDENT_LOCATION_07,categorical_Seasons_Fall,categorical_Seasons_Spring,categorical_Seasons_Summer,categorical_Seasons_Winter
2018-06-19,11:17:00,03,0,01,01,01,,0,376053.0631,5034095.022,False,June,0,0,0,0,0,0,0,0,1,0,0,0,0,0,0,0,0,1,0
2018-06-19,11:27:00,03,03,01,01,01,,0,390059.8859,5042648.508,False,June,0,0,0,0,0,0,0,0,1,0,0,0,0,0,0,0,0,1,0
2018-06-19,11:45:00,03,05,01,01,01,00,0,379699.7559,5036368.583000001,False,June,0,1,0,0,0,0,0,0,0,0,1,0,0,0,0,0,0,1,0
2018-06-19,12:37:00,02,07,01,01,01,,1,367567.2751,5031317.185,False,June,0,0,0,0,0,0,0,0,1,0,0,0,0,0,0,0,0,1,0
2018-06-18,13:30:00,03,03,01,01,01,01,0,364859.7971,5027164.742,False,June,1,0,0,0,0,0,0,0,0,1,0,0,0,0,0,0,0,1,0
2018-06-19,13:06:00,03,03,01,01,01,01,0,366106.2783,5015395.156,False,June,1,0,0,0,0,0,0,0,0,1,0,0,0,0,0,0,0,1,0
2018-06-19,,03,06,01,00,01,,0,367679.7306,5030906.353,False,June,0,0,0,0,0,0,0,0,1,0,0,0,0,0,0,0,0,1,0
2018-06-19,13:18:00,03,02,01,01,01,01,0,361915.6749,5015397.436000001,False,June,0,1,0,0,0,0,0,0,0,0,1,0,0,0,0,0,0,1,0
2018-06-19,13:23:00,03,05,01,01,01,01,0,350061.3254,5019030.688,False,June,1,0,0,0,0,0,0,0,0,0,1,0,0,0,0,0,0,1,0
2018-06-19,13:49:00,02,05,01,01,01,01,0,368577.7564,5028966.568,False,June,0,1,0,0,0,0,0,0,0,0,1,0,0,0,0,0,0,1,0
2018-06-19,14:12:00,02,07,01,01,01,01,0,354382.626,5016623.444,False,June,1,0,0,0,0,0,0,0,0,1,0,0,0,0,0,0,0,1,0
2018-06-05,11:00:00,03,07,02,01,02,,0,382707.3311,5039053.047,False,June,0,0,0,0,0,0,0,0,1,0,0,0,0,0,0,0,0,1,0
2018-06-19,14:55:00,03,03,01,01,01,,0,363949.6314,5021417.675,False,June,0,0,0,0,0,0,0,0,1,0,0,0,0,0,0,0,0,1,0
2018-06-19,15:05:00,03,0,01,01,01,01,0,371921.7189,5032887.575,False,June,1,0,0,0,0,0,0,0,0,1,0,0,0,0,0,0,0,1,0
2018-06-19,15:07:00,03,03,01,01,01,01,0,367161.745,5023942.6219999995,False,June,1,0,0,0,0,0,0,0,0,1,0,0,0,0,0,0,0,1,0
2018-06-19,15:25:00,02,02,01,01,01,01,0,375136.74,5027313.537,False,June,1,0,0,0,0,0,0,0,0,0,1,0,0,0,0,0,0,1,0
2018-06-19,17:35:00,03,03,01,01,01,,0,360486.2492,5024935.85,False,June,0,0,0,0,0,0,0,0,1,0,0,0,0,0,0,0,0,1,0
2018-05-30,16:22:00,03,07,01,01,01,01,0,349683.5991,5020193.47,False,May,0,0,0,0,0,0,0,1,0,1,0,0,0,0,0,0,1,0,0
2018-05-30,17:33:00,03,03,01,01,01,,0,373898.6641,5020695.647,False,May,0,0,0,0,0,0,0,0,1,0,0,0,0,0,0,0,1,0,0
2018-05-30,16:23:00,02,03,01,01,01,01,0,374507.4427,5033198.478999999,False,May,1,0,0,0,0,0,0,0,0,1,0,0,0,0,0,0,1,0,0
2018-05-29,21:00:00,03,03,01,07,01,01,0,383951.3688,5036159.681,False,May,1,0,0,0,0,0,0,0,0,1,0,0,0,0,0,0,1,0,0
2018-05-30,16:55:00,03,04,01,01,01,,0,367386.4843,5021504.944,False,May,0,0,0,0,0,0,0,0,1,0,0,0,0,0,0,0,1,0,0
2018-05-30,17:01:00,02,05,01,01,01,01,0,367370.7227,5016576.898,False,May,1,0,0,0,0,0,0,0,0,1,0,0,0,0,0,0,1,0,0
2018-05-30,17:04:00,02,03,01,01,01,01,0,365235.6056,5021732.567,False,May,1,0,0,0,0,0,0,0,0,1,0,0,0,0,0,0,1,0,0
2018-05-30,17:05:00,03,03,01,01,01,01,0,383540.6699,5035988.852,False,May,1,0,0,0,0,0,0,0,0,1,0,0,0,0,0,0,1,0,0
2018-05-30,17:12:00,03,04,01,01,01,,0,368040.0685,5022082.298,False,May,0,0,0,0,0,0,0,0,1,0,0,0,0,0,0,0,1,0,0
2018-05-30,17:30:00,03,03,01,01,01,,0,351007.7691,5016001.635,False,May,0,0,0,0,0,0,0,0,1,0,0,0,0,0,0,0,1,0,0
2018-05-30,17:30:00,03,05,01,01,01,01,0,382121.395,5035266.529,False,May,1,0,0,0,0,0,0,0,0,0,1,0,0,0,0,0,1,0,0
2018-05-30,16:45:00,03,02,01,01,01,01,0,379860.742,5036471.581,False,May,0,0,0,0,0,0,0,1,0,0,1,0,0,0,0,0,1,0,0
2018-05-30,18:13:00,02,03,01,01,01,01,0,367451.5313,5032952.116,False,May,1,0,0,0,0,0,0,0,0,1,0,0,0,0,0,0,1,0,0
2018-05-30,18:20:00,03,03,01,01,01,01,0,356919.6595,5020813.741,False,May,1,0,0,0,0,0,0,0,0,1,0,0,0,0,0,0,1,0,0
2018-05-30,18:44:00,03,07,01,01,01,,0,366699.6843,5018807.92,False,May,0,0,0,0,0,0,0,0,1,0,0,0,0,0,0,0,1,0,0
2018-05-30,19:00:00,03,04,01,01,01,01,0,367943.6089,5030868.7930000005,False,May,1,0,0,0,0,0,0,0,0,1,0,0,0,0,0,0,1,0,0
2018-05-30,19:15:00,02,03,01,01,01,,0,367317.4938,5029645.789,True,May,0,0,0,0,0,0,0,0,1,0,0,0,0,0,0,0,1,0,0
2018-05-30,19:39:00,03,03,01,01,01,,0,383924.2291,5036148.0819999995,False,May,0,0,0,0,0,0,0,0,1,0,0,0,0,0,0,0,1,0,0
2018-05-30,19:40:00,03,03,01,01,01,01,0,371262.6707,5032805.733,False,May,1,0,0,0,0,0,0,0,0,0,1,0,0,0,0,0,1,0,0
2018-05-30,19:51:00,03,07,01,01,01,,0,364119.6159,5020241.025,False,May,0,0,0,0,0,0,0,0,1,0,0,0,0,0,0,0,1,0,0
2018-05-30,20:36:00,02,02,01,05,01,,0,371411.2068,5023937.839,False,May,0,0,0,0,0,0,0,0,0,0,0,1,0,0,0,0,1,0,0
2018-05-30,20:46:00,03,04,01,05,01,01,0,363670.4433,5021246.68,False,May,1,0,0,0,0,0,0,0,0,1,0,0,0,0,0,0,1,0,0
2018-05-30,20:56:00,03,07,01,05,01,,0,361174.7548,5025375.178,False,May,0,0,0,0,0,0,0,0,1,0,0,0,0,0,0,0,1,0,0
2018-05-30,22:07:00,02,07,01,07,01,,0,379199.7148,5033002.356000001,False,May,0,0,0,0,0,0,0,0,1,0,0,0,0,0,0,0,1,0,0
2018-05-30,22:02:00,03,02,01,07,01,01,0,359629.5569,5021987.572,False,May,1,0,0,0,0,0,0,0,0,0,1,0,0,0,0,0,1,0,0
2018-05-31,00:28:00,03,07,01,07,01,,0,340759.0838,5020457.0030000005,False,May,0,0,0,0,0,0,0,0,1,0,0,0,0,0,0,0,1,0,0
2018-05-31,02:31:00,03,02,01,07,01,01,0,372241.7804,5032111.719,False,May,1,0,0,0,0,0,0,0,0,0,1,0,0,0,0,0,1,0,0
2018-05-31,06:35:00,03,07,01,01,01,,0,376953.5231,5022655.7530000005,False,May,0,0,0,0,0,0,0,0,1,0,0,0,0,0,0,0,1,0,0
2018-05-31,07:45:00,03,03,01,01,01,01,0,352323.6653,5021528.516,False,May,1,0,0,0,0,0,0,0,0,1,0,0,0,0,0,0,1,0,0
2018-05-31,07:54:00,02,07,01,01,01,,0,343768.9281,5029797.145,False,May,0,0,0,0,0,0,0,0,1,0,0,0,0,0,0,0,1,0,0
2018-05-31,08:11:00,02,05,01,01,01,01,0,363520.6842,5026850.712,False,May,1,0,0,0,0,0,0,0,0,0,1,0,0,0,0,0,1,0,0
2018-05-31,08:52:00,03,06,01,01,01,01,0,368370.6177,5029295.6389999995,False,May,0,1,0,0,0,0,0,0,0,1,0,0,0,0,0,0,1,0,0
2018-05-31,08:58:00,02,03,01,01,01,01,0,375797.5279,5034648.616,False,May,1,0,0,0,0,0,0,0,0,0,1,0,0,0,0,0,1,0,0
2018-05-31,10:50:00,02,07,01,01,01,,0,364829.5749,5017755.833000001,False,May,0,0,0,0,0,0,0,0,1,0,0,0,0,0,0,0,1,0,0
2018-05-31,11:18:00,03,03,01,01,01,01,0,381597.1139,5038180.922,False,May,1,0,0,0,0,0,0,0,0,1,0,0,0,0,0,0,1,0,0
2018-05-31,12:11:00,03,05,01,01,01,,0,363965.4398,5027907.701,False,May,0,0,0,0,0,0,0,0,0,0,0,1,0,0,0,0,1,0,0
2018-05-31,12:34:00,03,04,01,01,01,01,0,364275.7312,5027493.705,False,May,1,0,0,0,0,0,0,0,0,1,0,0,0,0,0,0,1,0,0
2018-05-30,05:06:00,03,06,01,07,01,,0,369352.2274,5033874.428,False,May,0,0,0,0,0,0,0,0,1,0,0,0,0,0,0,0,1,0,0
2018-05-31,09:00:00,03,03,01,01,01,01,0,356001.5419,5023937.405,False,May,1,0,0,0,0,0,0,0,0,1,0,0,0,0,0,0,1,0,0
2018-05-31,13:32:00,02,07,01,01,01,01,0,369653.72,5027427.548,False,May,1,0,0,0,0,0,0,0,0,0,1,0,0,0,0,0,1,0,0
2018-05-31,14:41:00,03,03,01,01,01,01,0,370802.2092,5031015.961,True,May,1,0,0,0,0,0,0,0,0,1,0,0,0,0,0,0,1,0,0
2018-05-31,14:47:00,02,05,01,01,01,01,0,385661.8769,5037557.365,False,May,0,1,0,0,0,0,0,0,0,0,1,0,0,0,0,0,1,0,0
2018-05-31,15:23:00,03,02,01,01,01,,0,356397.2971,5020050.5430000005,False,May,0,0,0,0,0,0,0,0,0,0,0,1,0,0,0,0,1,0,0
2018-05-31,04:00:00,03,03,01,07,01,01,0,360466.4699,5025138.274,False,May,0,1,0,0,0,0,0,0,0,1,0,0,0,0,0,0,1,0,0
2018-05-31,15:25:00,03,03,01,01,01,01,0,371545.7709,5033817.339,False,May,1,0,0,0,0,0,0,0,0,1,0,0,0,0,0,0,1,0,0
2018-05-31,15:32:00,03,02,01,01,01,,0,372256.1605,5024114.632,False,May,0,0,0,0,0,0,0,0,0,0,0,1,0,0,0,0,1,0,0
2018-05-17,,03,06,01,00,01,,0,368137.5336,5032302.114,False,May,0,0,0,0,0,0,0,0,1,0,0,0,0,0,0,0,1,0,0
2018-05-31,16:15:00,02,07,02,01,02,01,0,351491.6228,5022496.502,False,May,0,1,0,0,0,0,0,0,0,0,1,0,0,0,0,0,1,0,0
2018-05-31,16:47:00,03,04,01,01,01,,0,369031.2169,5033646.662,False,May,0,0,0,0,0,0,0,0,1,0,0,0,0,0,0,0,1,0,0
2018-05-31,16:54:00,03,02,02,01,02,,0,365352.9768,5030175.523,False,May,0,0,0,0,0,0,0,0,1,0,0,0,0,0,0,0,1,0,0
2018-05-31,16:57:00,02,05,01,01,01,01,0,363832.0487,5020899.263,False,May,1,0,0,0,0,0,0,0,0,0,1,0,0,0,0,0,1,0,0
2018-05-31,16:56:00,03,04,01,01,01,,0,367351.5703,5031308.815,False,May,0,0,0,0,0,0,0,0,1,0,0,0,0,0,0,0,1,0,0
2018-05-31,17:12:00,03,07,01,01,01,01,0,372860.7241,5030578.562,False,May,1,0,0,0,0,0,0,0,0,0,1,0,0,0,0,0,1,0,0
2018-05-31,17:10:00,03,03,01,01,01,01,0,361075.6274,5025883.63,False,May,1,0,0,0,0,0,0,0,0,1,0,0,0,0,0,0,1,0,0
2018-05-31,18:35:00,03,03,02,01,02,,0,364836.1568,5025188.572,False,May,0,0,0,0,0,0,0,0,1,0,0,0,0,0,0,0,1,0,0
2018-05-31,18:55:00,03,03,01,01,01,,0,370183.2743,5025346.44,False,May,0,0,0,0,0,0,0,0,1,0,0,0,0,0,0,0,1,0,0
2018-05-31,21:16:00,02,02,01,07,01,01,0,367456.6972,5031652.575,False,May,1,0,0,0,0,0,0,0,0,0,1,0,0,0,0,0,1,0,0
2018-05-31,22:10:00,03,04,01,07,01,01,0,365382.7944,5013223.526000001,False,May,0,0,0,0,0,0,0,1,0,1,0,0,0,0,0,0,1,0,0
2018-05-31,23:20:00,02,07,01,07,01,01,0,357755.6512,5019477.47,False,May,0,1,0,0,0,0,0,0,0,1,0,0,0,0,0,0,1,0,0
2018-06-01,07:56:00,03,06,01,00,01,,0,372444.448,5022152.28,False,June,0,0,0,0,0,0,0,0,1,0,0,0,0,0,0,0,0,1,0
2018-06-01,06:11:00,03,04,01,01,01,,0,374678.594,5028501.002,False,June,0,0,0,0,0,0,0,0,1,0,0,0,0,0,0,0,0,1,0
2018-05-29,08:48:00,03,0,01,01,01,01,0,372903.7225,5027463.531,False,May,1,0,0,0,0,0,0,0,0,1,0,0,0,0,0,0,1,0,0
2018-06-01,08:01:00,02,02,01,01,01,01,0,360209.6791,5024120.38,False,June,0,1,0,0,0,0,0,0,0,0,1,0,0,0,0,0,0,1,0
2018-06-01,08:30:00,03,04,01,01,01,01,0,367691.6853,5031613.327,False,June,1,0,0,0,0,0,0,0,0,1,0,0,0,0,0,0,0,1,0
2018-06-01,09:30:00,02,03,01,01,01,,0,367571.6318,5030354.166,False,June,0,0,0,0,0,0,0,0,1,0,0,0,0,0,0,0,0,1,0
2018-06-01,09:32:00,03,03,01,01,01,01,0,368480.785,5027090.858,False,June,0,0,1,0,0,0,0,0,0,1,0,0,0,0,0,0,0,1,0
2018-06-01,09:46:00,02,05,01,01,01,00,0,368996.4241,5028205.105,False,June,0,1,0,0,0,0,0,0,0,0,1,0,0,0,0,0,0,1,0
2018-06-01,11:15:00,03,06,01,01,01,,0,364715.8293,5016427.411,False,June,0,0,0,0,0,0,0,0,0,0,0,1,0,0,0,0,0,1,0
2018-06-01,11:32:00,02,07,01,01,01,01,1,370851.7302,5024839.528,False,June,1,0,0,0,0,0,0,0,0,0,1,0,0,0,0,0,0,1,0
2018-06-01,11:46:00,03,02,01,01,01,,0,373115.0292,5030671.996,False,June,0,0,0,0,0,0,0,0,0,0,0,1,0,0,0,0,0,1,0
2018-06-01,12:09:00,03,02,01,01,01,,0,384298.9885,5038217.53,False,June,0,0,0,0,0,0,0,0,0,0,0,1,0,0,0,0,0,1,0
2018-06-01,12:39:00,03,03,01,01,01,01,0,369225.6052,5027983.598999999,False,June,1,0,0,0,0,0,0,0,0,1,0,0,0,0,0,0,0,1,0
2018-06-01,12:10:00,03,04,01,01,01,,0,371705.0427,5030537.118,False,June,0,0,0,0,0,0,0,0,1,0,0,0,0,0,0,0,0,1,0
2018-06-01,14:27:00,03,03,01,01,01,01,0,369995.4681,5026851.821,False,June,1,0,0,0,0,0,0,0,0,1,0,0,0,0,0,0,0,1,0
2018-06-01,14:35:00,03,02,01,01,01,01,0,369944.6242,5026989.6389999995,False,June,0,1,0,0,0,0,0,0,0,0,1,0,0,0,0,0,0,1,0
2018-06-01,14:57:00,03,02,01,01,01,01,0,372391.64700000006,5031742.511,False,June,1,0,0,0,0,0,0,0,0,0,1,0,0,0,0,0,0,1,0
2018-06-01,15:10:00,03,03,01,01,01,,0,384928.549,5038685.737,False,June,0,0,0,0,0,0,0,0,0,0,0,1,0,0,0,0,0,1,0
2018-06-01,15:31:00,02,07,01,01,01,01,1,365462.701,5022298.499,False,June,1,0,0,0,0,0,0,0,0,0,1,0,0,0,0,0,0,1,0
2018-06-01,16:26:00,02,03,01,01,01,01,0,375357.5512,5021619.581,False,June,1,0,0,0,0,0,0,0,0,1,0,0,0,0,0,0,0,1,0
2018-06-01,16:30:00,03,02,01,01,01,01,0,364259.1301,5012943.123,False,June,0,1,0,0,0,0,0,0,0,1,0,0,0,0,0,0,0,1,0
2018-06-01,16:54:00,03,04,01,01,01,01,0,379939.7369,5026229.467,True,June,0,1,0,0,0,0,0,0,0,1,0,0,0,0,0,0,0,1,0
2018-06-01,17:11:00,03,04,01,01,01,01,0,360006.6744,5024632.69,False,June,1,0,0,0,0,0,0,0,0,0,1,0,0,0,0,0,0,1,0
2018-06-01,17:14:00,02,02,01,01,01,,0,366912.0375,5026557.8319999995,False,June,0,0,0,0,0,0,0,0,0,0,0,1,0,0,0,0,0,1,0
2018-06-01,17:33:00,03,04,01,01,01,01,0,358635.5948,5021821.525,True,June,1,0,0,0,0,0,0,0,0,0,1,0,0,0,0,0,0,1,0
2018-06-01,17:53:00,03,03,01,01,01,,0,377004.013,5034412.501,False,June,0,0,0,0,0,0,0,0,0,0,0,1,0,0,0,0,0,1,0
2018-06-01,18:05:00,03,03,01,01,01,01,0,352993.9965,5016304.84,False,June,1,0,0,0,0,0,0,0,0,1,0,0,0,0,0,0,0,1,0
2018-06-01,18:08:00,02,02,01,01,01,,0,373149.6031,5030634.007,False,June,0,0,0,0,0,0,0,0,0,0,0,1,0,0,0,0,0,1,0
2018-06-01,18:24:00,02,05,01,01,01,,0,369892.0796,5032964.077,False,June,0,0,0,0,0,0,0,0,0,0,0,1,0,0,0,0,0,1,0
2018-06-01,16:30:00,03,03,01,01,01,01,0,371331.5772,5034336.597,False,June,1,0,0,0,0,0,0,0,0,1,0,0,0,0,0,0,0,1,0
2018-06-01,18:48:00,03,02,01,01,01,03,0,365367.7033,5028564.558,False,June,0,1,0,0,0,0,0,0,0,0,1,0,0,0,0,0,0,1,0
2018-06-01,18:50:00,03,02,01,01,01,01,0,366534.7002,5030078.563999999,False,June,0,1,0,0,0,0,0,0,0,0,1,0,0,0,0,0,0,1,0
2018-06-01,20:55:00,03,06,01,05,01,,0,368471.0481,5031367.07,False,June,0,0,0,0,0,0,0,0,0,0,0,1,0,0,0,0,0,1,0
2018-01-14,17:50:00,03,06,01,07,05,,0,368538.3365,5032240.345,False,January,0,0,0,0,0,0,0,0,0,0,0,1,0,0,0,0,0,0,1
2018-01-15,20:16:00,02,03,01,07,01,01,0,371685.9556,5030539.478,False,January,1,0,0,0,0,0,0,0,0,1,0,0,0,0,0,0,0,0,1
2018-01-15,23:24:00,03,02,01,07,03,,0,369051.3901,5031520.374,False,January,0,0,0,0,0,0,0,0,0,0,0,1,0,0,0,0,0,0,1
2018-01-16,00:47:00,03,03,03,07,03,01,0,369995.7196,5026851.541999999,False,January,1,0,0,0,0,0,0,0,0,1,0,0,0,0,0,0,0,0,1
2018-01-16,05:47:00,03,02,03,07,03,01,0,375364.7878,5031314.25,False,January,1,0,0,0,0,0,0,0,0,0,1,0,0,0,0,0,0,0,1
2018-01-16,07:18:00,03,07,03,03,03,01,0,380259.01,5034820.617,False,January,1,0,0,0,0,0,0,0,0,1,0,0,0,0,0,0,0,0,1
2018-01-16,07:18:00,03,05,03,03,03,,0,356894.4135,5020352.837,False,January,0,0,0,0,0,0,0,0,0,0,0,1,0,0,0,0,0,0,1
2018-01-16,07:36:00,03,04,03,03,04,,0,376369.336,5031889.491,False,January,0,0,0,0,0,0,0,0,1,0,0,0,0,0,0,0,0,0,1
2018-01-16,07:50:00,03,03,03,03,04,01,0,368662.7173,5022311.494,False,January,1,0,0,0,0,0,0,0,0,0,1,0,0,0,0,0,0,0,1
2018-01-16,08:01:00,03,04,03,01,04,01,0,371018.5281,5023702.998,False,January,1,0,0,0,0,0,0,0,0,1,0,0,0,0,0,0,0,0,1
2018-01-16,08:09:00,03,03,03,01,03,01,0,356952.6364,5015485.435,False,January,0,1,0,0,0,0,0,0,0,0,1,0,0,0,0,0,0,0,1
2018-01-16,08:12:00,03,03,03,01,04,01,0,365054.6964,5025325.515,False,January,1,0,0,0,0,0,0,0,0,0,1,0,0,0,0,0,0,0,1
2018-01-16,07:20:00,03,05,01,03,03,,0,356937.595,5020378.843,False,January,0,0,0,0,0,0,0,0,0,0,0,1,0,0,0,0,0,0,1
2018-01-16,08:23:00,03,03,03,01,04,,0,351008.5045,5022134.891,False,January,0,0,0,0,0,0,0,0,1,0,0,0,0,0,0,0,0,0,1
2018-01-16,08:15:00,03,03,03,01,03,01,0,367922.7106,5028091.547,False,January,1,0,0,0,0,0,0,0,0,0,1,0,0,0,0,0,0,0,1
2018-01-16,08:38:00,03,04,03,01,03,01,0,358137.6642,5021086.476,False,January,1,0,0,0,0,0,0,0,0,1,0,0,0,0,0,0,0,0,1
2018-01-16,08:45:00,03,03,03,01,03,01,0,366496.7085,5025235.516,False,January,1,0,0,0,0,0,0,0,0,1,0,0,0,0,0,0,0,0,1
2018-01-12,,03,06,03,00,03,,0,364808.13200000004,5011957.267,False,January,0,0,0,0,0,0,0,0,1,0,0,0,0,0,0,0,0,0,1
2018-01-16,09:04:00,03,03,03,01,06,01,0,374507.7237,5033198.575,False,January,1,0,0,0,0,0,0,0,0,0,1,0,0,0,0,0,0,0,1
2018-01-16,09:03:00,03,03,03,01,05,01,0,357066.6522,5020455.478,False,January,1,0,0,0,0,0,0,0,0,1,0,0,0,0,0,0,0,0,1
2018-01-16,09:08:00,03,05,01,01,03,01,0,386566.7719,5037273.556,False,January,1,0,0,0,0,0,0,0,0,0,1,0,0,0,0,0,0,0,1
2018-01-16,09:05:00,03,07,03,01,03,01,0,362942.3495,5026489.223999999,False,January,1,0,0,0,0,0,0,0,0,1,0,0,0,0,0,0,0,0,1
2018-01-16,08:10:00,03,05,03,01,03,01,0,366808.94899999996,5028985.339,False,January,0,1,0,0,0,0,0,0,0,1,0,0,0,0,0,0,0,0,1
2018-01-16,09:20:00,03,04,01,01,03,01,0,364008.3554,5014602.19,False,January,1,0,0,0,0,0,0,0,0,1,0,0,0,0,0,0,0,0,1
2018-01-16,10:23:00,03,07,03,01,04,,0,358653.2057,5023224.021000001,False,January,0,0,0,0,0,0,0,0,1,0,0,0,0,0,0,0,0,0,1
2018-01-05,,03,06,01,00,05,,0,370771.3235,5033594.904,False,January,0,0,0,0,0,0,0,0,1,0,0,0,0,0,0,0,0,0,1
2018-01-16,11:47:00,03,04,03,01,03,01,0,366873.7064,5026438.532,False,January,1,0,0,0,0,0,0,0,0,1,0,0,0,0,0,0,0,0,1
2018-01-16,13:01:00,03,05,01,01,04,01,0,371921.719,5032887.576,False,January,1,0,0,0,0,0,0,0,0,0,1,0,0,0,0,0,0,0,1
2018-01-16,09:45:00,03,05,03,01,05,01,0,356952.6368,5015485.435,False,January,0,1,0,0,0,0,0,0,0,0,1,0,0,0,0,0,0,0,1
2018-01-16,07:43:00,03,03,03,03,03,01,0,373364.7296,5029424.551,False,January,1,0,0,0,0,0,0,0,0,0,1,0,0,0,0,0,0,0,1
2018-01-15,17:50:00,03,03,01,07,02,01,0,366678.7082,5025110.5139999995,False,January,0,1,0,0,0,0,0,0,0,1,0,0,0,0,0,0,0,0,1
2018-01-16,13:40:00,03,07,01,01,02,01,0,377777.4131,5026757.836,False,January,0,1,0,0,0,0,0,0,0,1,0,0,0,0,0,0,0,0,1
2018-01-16,14:00:00,03,05,01,01,02,01,0,370432.7159,5029081.558,False,January,1,0,0,0,0,0,0,0,0,0,1,0,0,0,0,0,0,0,1
2018-01-16,14:28:00,03,06,01,01,02,,0,367863.9892,5031337.088,False,January,0,0,0,0,0,0,0,0,1,0,0,0,0,0,0,0,0,0,1
2018-01-16,14:39:00,03,02,01,01,02,01,0,370065.70700000005,5032674.585,False,January,0,1,0,0,0,0,0,0,0,0,1,0,0,0,0,0,0,0,1
2018-01-16,14:44:00,02,05,01,01,01,01,0,367412.7093,5026904.537,False,January,0,1,0,0,0,0,0,0,0,1,0,0,0,0,0,0,0,0,1
2018-01-16,14:44:00,03,04,01,01,04,,0,373781.6818,5028343.274,False,January,0,0,0,0,0,0,0,0,1,0,0,0,0,0,0,0,0,0,1
2018-01-16,15:00:00,03,04,01,01,01,01,0,368039.7056,5030267.572,False,January,1,0,0,0,0,0,0,0,0,1,0,0,0,0,0,0,0,0,1
2018-01-13,16:50:00,03,03,01,05,06,01,0,354382.6256,5016623.444,False,January,1,0,0,0,0,0,0,0,0,0,1,0,0,0,0,0,0,0,1
2018-01-16,09:20:00,02,03,01,01,01,01,0,370422.7192,5027284.544,False,January,0,1,0,0,0,0,0,0,0,0,1,0,0,0,0,0,0,0,1
2018-01-16,15:28:00,03,03,01,01,04,,0,369341.4712,5025361.16,False,January,0,0,0,0,0,0,0,0,1,0,0,0,0,0,0,0,0,0,1
2018-01-16,15:34:00,02,02,03,01,04,,0,371172.6928,5033641.2530000005,False,January,0,0,0,0,0,0,0,0,0,0,0,1,0,0,0,0,0,0,1
2018-01-16,17:13:00,03,05,01,05,04,01,0,373902.7498,5028046.855,False,January,1,0,0,0,0,0,0,0,0,1,0,0,0,0,0,0,0,0,1
2018-01-16,17:54:00,03,03,04,07,06,01,0,380460.7946,5034296.403,False,January,1,0,0,0,0,0,0,0,0,1,0,0,0,0,0,0,0,0,1
2018-01-16,18:00:00,03,05,03,07,04,01,0,381601.9028,5037684.13,False,January,1,0,0,0,0,0,0,0,0,1,0,0,0,0,0,0,0,0,1
2018-01-16,18:18:00,03,03,01,07,04,01,0,363775.6956,5027013.538,False,January,1,0,0,0,0,0,0,0,0,0,1,0,0,0,0,0,0,0,1
2018-01-16,19:56:00,03,03,01,07,04,01,0,370311.7124,5032270.586,False,January,1,0,0,0,0,0,0,0,0,1,0,0,0,0,0,0,0,0,1
2018-01-16,19:59:00,03,07,03,07,02,,0,360597.6032,5025361.021000001,False,January,0,0,0,0,0,0,0,0,1,0,0,0,0,0,0,0,0,0,1
2018-01-16,20:05:00,03,05,01,07,04,01,0,368082.71200000006,5030166.563,False,January,1,0,0,0,0,0,0,0,0,0,1,0,0,0,0,0,0,0,1
2018-01-16,20:20:00,03,07,01,07,01,,0,346150.8149,5031394.865,False,January,0,0,0,0,0,0,0,0,1,0,0,0,0,0,0,0,0,0,1
2018-01-17,,03,06,01,00,02,,0,365231.3737,5016206.862,False,January,0,0,0,0,0,0,0,0,1,0,0,0,0,0,0,0,0,0,1
2018-01-17,06:02:00,03,05,03,07,04,01,0,375136.7411,5027313.537,False,January,1,0,0,0,0,0,0,0,0,0,1,0,0,0,0,0,0,0,1
2018-01-17,07:26:00,03,03,03,03,06,01,0,383530.6992,5037154.969,False,January,1,0,0,0,0,0,0,0,0,1,0,0,0,0,0,0,0,0,1
2018-01-16,15:00:00,03,03,01,01,03,01,0,349384.9772,5022955.856000001,False,January,1,0,0,0,0,0,0,0,0,1,0,0,0,0,0,0,0,0,1
2018-01-17,07:37:00,03,03,03,03,04,,0,373428.7861,5030231.777,False,January,0,0,0,0,0,0,0,0,1,0,0,0,0,0,0,0,0,0,1
2018-01-17,07:41:00,03,04,01,03,04,01,0,348596.3474,5014562.766,False,January,1,0,0,0,0,0,0,0,0,0,1,0,0,0,0,0,0,0,1
2018-01-17,07:52:00,03,05,01,03,04,01,0,373902.75,5028046.855,False,January,1,0,0,0,0,0,0,0,0,0,1,0,0,0,0,0,0,0,1
2018-01-17,09:12:00,03,05,01,01,04,,0,364823.1232,5029648.35,False,January,0,0,0,0,0,0,0,0,1,0,0,0,0,0,0,0,0,0,1
2018-01-17,09:22:00,03,02,01,01,02,01,0,351339.0673,5012506.183999999,False,January,0,1,0,0,0,0,0,0,0,1,0,0,0,0,0,0,0,0,1