DATE,TIME,CLASS_OF_ACCIDENT,IMPACT_TYPE,ENVIRONMENT,LIGHT,ROAD_SURFACE_CONDITION,TRAFFIC_CONTROL_CONDITION,NO_OF_PEDESTRIANS,X,Y,Highway,Month,categorical_TRAFFIC_CONTROL_01,categorical_TRAFFIC_CONTROL_02,categorical_TRAFFIC_CONTROL_03,categorical_TRAFFIC_CONTROL_04,categorical_TRAFFIC_CONTROL_07,categorical_TRAFFIC_CONTROL_08,categorical_TRAFFIC_CONTROL_09,categorical_TRAFFIC_CONTROL_11,categorical_ACCIDENT_LOCATION_01,categorical_ACCIDENT_LOCATION_02,categorical_ACCIDENT_LOCATION_03,categorical_ACCIDENT_LOCATION_04,categorical_ACCIDENT_LOCATION_05,categorical_ACCIDENT_LOCATION_06,categorical_ACCIDENT_LOCATION_07,categorical_Seasons_Fall,categorical_Seasons_Spring,categorical_Seasons_Summer,categorical_Seasons_Winter
2018-01-17,09:25:00,03,03,03,01,03,01,0,364929.7011,5029153.555,False,January,1,0,0,0,0,0,0,0,0,0,1,0,0,0,0,0,0,0,1
2018-01-17,09:51:00,03,06,01,01,05,,0,382449.85799999995,5033309.847,False,January,0,0,0,0,0,0,0,0,0,0,0,1,0,0,0,0,0,0,1
2018-01-17,10:27:00,03,07,03,01,04,,0,345567.955,5034054.781,False,January,0,0,0,0,0,0,0,0,1,0,0,0,0,0,0,0,0,0,1
2018-01-16,22:00:00,03,07,01,07,01,,0,344165.9159,5023568.191000001,False,January,0,0,0,0,0,0,0,0,1,0,0,0,0,0,0,0,0,0,1
2018-01-17,11:57:00,03,0,01,01,04,,0,368737.484,5009806.742,False,January,0,0,0,0,0,0,0,0,0,0,0,1,0,0,0,0,0,0,1
2018-01-17,12:13:00,03,04,01,01,02,,0,367318.7036,5029643.552,False,January,0,0,0,0,0,0,0,0,0,1,0,0,0,0,0,0,0,0,1
2018-01-15,,03,06,01,00,01,,0,366530.5431,5016121.06,False,January,0,0,0,0,0,0,0,0,1,0,0,0,0,0,0,0,0,0,1
2018-01-17,14:26:00,02,05,01,01,01,01,0,381204.3918,5037359.2930000005,False,January,1,0,0,0,0,0,0,0,0,0,1,0,0,0,0,0,0,0,1
2018-01-17,14:38:00,03,02,01,01,02,01,0,368597.7044,5031948.585,False,January,1,0,0,0,0,0,0,0,0,1,0,0,0,0,0,0,0,0,1
2018-01-17,15:02:00,03,03,01,01,02,01,0,372770.7183,5034398.581,False,January,1,0,0,0,0,0,0,0,0,1,0,0,0,0,0,0,0,0,1
2018-01-17,15:18:00,03,06,01,01,01,,0,377987.5627,5033641.749,False,January,0,0,0,0,0,0,0,0,0,0,0,1,0,0,0,0,0,0,1
2018-01-17,15:55:00,03,03,03,01,02,,0,364673.7986,5021687.7469999995,False,January,0,0,0,0,0,0,0,0,1,0,0,0,0,0,0,0,0,0,1
2018-01-17,15:50:00,02,03,01,01,05,,0,367343.0412,5030183.489,False,January,0,0,0,0,0,0,0,0,1,0,0,0,0,0,0,0,0,0,1
2018-01-17,16:21:00,03,04,01,01,02,01,0,369788.4451,5028997.976,False,January,1,0,0,0,0,0,0,0,0,1,0,0,0,0,0,0,0,0,1
2018-01-13,18:00:00,02,07,03,07,03,01,1,368038.6601,5030266.875,False,January,1,0,0,0,0,0,0,0,0,1,0,0,0,0,0,0,0,0,1
2018-01-17,16:47:00,03,04,01,05,01,01,0,364008.3562,5014602.188999999,False,January,1,0,0,0,0,0,0,0,0,1,0,0,0,0,0,0,0,0,1
2018-01-17,16:56:00,03,05,01,05,02,,0,365093.4885,5017884.711,False,January,0,0,0,0,0,0,0,0,0,0,0,1,0,0,0,0,0,0,1
2018-01-16,10:15:00,03,02,03,01,03,01,0,367817.0605,5029979.563999999,False,January,0,1,0,0,0,0,0,0,0,0,1,0,0,0,0,0,0,0,1
2018-01-17,17:19:00,03,02,01,05,04,01,0,379860.7428,5036471.581,False,January,0,0,0,0,0,0,0,1,0,0,1,0,0,0,0,0,0,0,1
2018-01-17,18:00:00,03,02,01,07,04,01,0,365208.6536,5026650.846,False,January,0,1,0,0,0,0,0,0,0,0,1,0,0,0,0,0,0,0,1
2018-01-17,18:10:00,03,02,01,07,02,,0,366247.4199,5030098.3,False,January,0,0,0,0,0,0,0,0,0,0,0,1,0,0,0,0,0,0,1
2018-01-17,20:21:00,02,07,01,07,04,01,1,367425.0508,5031354.577,False,January,1,0,0,0,0,0,0,0,0,0,1,0,0,0,0,0,0,0,1
2018-01-17,,03,06,01,00,03,,0,385456.3984,5011156.061000001,False,January,0,0,0,0,0,0,0,0,1,0,0,0,0,0,0,0,0,0,1
2018-01-17,19:16:00,03,04,01,07,04,01,0,370072.7105,5033065.592,False,January,1,0,0,0,0,0,0,0,0,0,1,0,0,0,0,0,0,0,1
2018-01-15,12:20:00,03,04,01,01,01,01,0,372407.7344,5024542.509,False,January,1,0,0,0,0,0,0,0,0,1,0,0,0,0,0,0,0,0,1
2018-01-17,19:30:00,02,03,01,07,06,,0,359441.0494,5024269.594,False,January,0,0,0,0,0,0,0,0,1,0,0,0,0,0,0,0,0,0,1
2018-01-17,19:34:00,03,05,01,07,01,01,0,364172.2091,5014944.573,False,January,1,0,0,0,0,0,0,0,0,0,1,0,0,0,0,0,0,0,1
2018-01-15,12:35:00,03,03,01,01,02,01,0,360531.3087,5023312.493,True,January,1,0,0,0,0,0,0,0,0,1,0,0,0,0,0,0,0,0,1
2018-01-17,19:47:00,03,07,03,07,04,,0,363115.3074,5024114.231000001,False,January,0,0,0,0,0,0,0,0,1,0,0,0,0,0,0,0,0,0,1
2018-01-17,19:53:00,03,02,01,07,01,01,0,365445.3514,5028596.944,False,January,0,1,0,0,0,0,0,0,0,0,1,0,0,0,0,0,0,0,1
2018-01-17,20:34:00,01,06,01,07,02,,1,356766.6583,5019887.571,False,January,0,0,0,0,0,0,0,0,1,0,0,0,0,0,0,0,0,0,1
2018-01-17,20:52:00,03,02,01,07,01,01,0,370201.9441,5020595.178,False,January,0,1,0,0,0,0,0,0,0,1,0,0,0,0,0,0,0,0,1
2018-01-17,23:12:00,03,07,01,07,02,,0,358742.3661,5022054.963,False,January,0,0,0,0,0,0,0,0,1,0,0,0,0,0,0,0,0,0,1
2018-01-18,06:07:00,03,06,01,07,01,,0,350169.8326,5016624.24,False,January,0,0,0,0,0,0,0,0,1,0,0,0,0,0,0,0,0,0,1
2018-01-18,11:43:00,03,05,01,01,01,01,0,363763.6623,5021067.234,False,January,1,0,0,0,0,0,0,0,0,0,1,0,0,0,0,0,0,0,1
2018-01-18,07:00:00,03,07,03,03,03,,0,375395.7333,5021641.1,False,January,0,0,0,0,0,0,0,0,0,0,0,1,0,0,0,0,0,0,1
2018-01-18,07:15:00,03,03,01,03,01,01,0,359004.8707,5023990.612,False,January,1,0,0,0,0,0,0,0,0,1,0,0,0,0,0,0,0,0,1
2018-01-18,07:40:00,03,03,01,03,05,01,0,365612.6952,5021942.498,False,January,1,0,0,0,0,0,0,0,0,1,0,0,0,0,0,0,0,0,1
2018-01-18,08:11:00,03,03,03,01,02,01,0,363080.675,5016732.456,False,January,1,0,0,0,0,0,0,0,0,1,0,0,0,0,0,0,0,0,1
2018-01-18,08:16:00,02,05,01,01,02,01,0,362679.6923,5027865.55,False,January,0,1,0,0,0,0,0,0,0,0,1,0,0,0,0,0,0,0,1
2018-01-18,09:03:00,02,07,01,01,02,,1,368629.6293,5033053.6,False,January,0,0,0,0,0,0,0,0,0,0,0,1,0,0,0,0,0,0,1
2018-01-05,16:39:00,03,03,01,05,06,01,0,373902.7498,5028046.855,False,January,1,0,0,0,0,0,0,0,0,0,1,0,0,0,0,0,0,0,1
2018-01-05,16:40:00,03,05,03,05,06,01,0,364275.3438,5027493.534,False,January,1,0,0,0,0,0,0,0,0,0,1,0,0,0,0,0,0,0,1
2018-01-05,16:45:00,03,03,01,05,06,01,0,367257.7065,5031628.573,False,January,1,0,0,0,0,0,0,0,0,1,0,0,0,0,0,0,0,0,1
2018-01-05,17:11:00,03,07,05,05,02,01,0,363230.5034,5014305.484,False,January,1,0,0,0,0,0,0,0,0,1,0,0,0,0,0,0,0,0,1
2018-01-05,17:13:00,02,02,06,05,02,01,0,374910.4827,5028603.238,False,January,1,0,0,0,0,0,0,0,0,0,1,0,0,0,0,0,0,0,1
2018-01-04,16:45:00,03,04,03,05,05,01,0,365885.6979,5015940.438999999,False,January,1,0,0,0,0,0,0,0,0,1,0,0,0,0,0,0,0,0,1
2018-01-05,17:25:00,03,03,01,05,01,01,0,364521.6978,5024507.526000001,False,January,1,0,0,0,0,0,0,0,0,1,0,0,0,0,0,0,0,0,1
2018-01-05,17:31:00,03,03,03,05,04,01,0,381798.7506,5035073.556,False,January,1,0,0,0,0,0,0,0,0,1,0,0,0,0,0,0,0,0,1
2018-01-05,17:40:00,03,03,01,07,01,01,0,362549.6909,5023770.505,False,January,1,0,0,0,0,0,0,0,0,1,0,0,0,0,0,0,0,0,1
2018-01-05,17:49:00,03,03,01,07,01,01,0,380460.7947,5034296.403,False,January,1,0,0,0,0,0,0,0,0,1,0,0,0,0,0,0,0,0,1
2018-01-05,17:50:00,03,03,05,07,04,01,0,351429.9746,5019331.308,False,January,1,0,0,0,0,0,0,0,0,1,0,0,0,0,0,0,0,0,1
2018-01-05,17:57:00,03,0,01,07,03,,0,374531.1266,5031273.218,False,January,0,0,0,0,0,0,0,0,0,0,0,1,0,0,0,0,0,0,1
2018-01-05,17:15:00,03,02,01,05,01,01,0,362888.3395,5023125.816000001,False,January,0,1,0,0,0,0,0,0,0,0,1,0,0,0,0,0,0,0,1
2018-01-05,18:10:00,02,07,05,07,05,,0,333287.13899999997,5013696.138,False,January,0,0,0,0,0,0,0,0,1,0,0,0,0,0,0,0,0,0,1
2018-01-05,19:13:00,03,04,01,07,02,01,0,372391.7246,5031742.563999999,False,January,1,0,0,0,0,0,0,0,0,1,0,0,0,0,0,0,0,0,1
2018-01-05,20:41:00,03,03,01,07,02,01,0,370218.7052,5032690.586,False,January,1,0,0,0,0,0,0,0,0,1,0,0,0,0,0,0,0,0,1
2018-01-05,19:21:00,03,02,01,07,06,01,0,364908.4433,5026229.715,False,January,1,0,0,0,0,0,0,0,0,0,1,0,0,0,0,0,0,0,1
2018-01-05,19:25:00,03,07,05,07,03,,0,371046.7319,5021266.863,False,January,0,0,0,0,0,0,0,0,1,0,0,0,0,0,0,0,0,0,1
2018-01-05,19:52:00,03,04,01,07,01,,0,369674.7455,5031962.206,False,January,0,0,0,0,0,0,0,0,0,0,0,1,0,0,0,0,0,0,1
2018-01-05,20:31:00,03,04,01,07,01,01,0,373364.7294,5029424.551,False,January,1,0,0,0,0,0,0,0,0,1,0,0,0,0,0,0,0,0,1
2018-01-05,20:33:00,03,07,05,07,03,,0,387828.6756,5005516.727,False,January,0,0,0,0,0,0,0,0,1,0,0,0,0,0,0,0,0,0,1
2018-01-05,21:16:00,02,07,01,07,01,01,1,361257.0239,5021016.791999999,False,January,1,0,0,0,0,0,0,0,0,0,1,0,0,0,0,0,0,0,1
2018-01-05,22:34:00,02,07,03,07,02,01,2,368738.6619,5032033.886,False,January,1,0,0,0,0,0,0,0,0,0,1,0,0,0,0,0,0,0,1
2018-01-05,23:00:00,03,06,06,07,06,,0,362871.969,5014362.276000001,False,January,0,0,0,0,0,0,0,0,1,0,0,0,0,0,0,0,0,0,1
2018-01-05,23:03:00,03,03,05,07,05,01,0,349675.606,5017365.436000001,False,January,1,0,0,0,0,0,0,0,0,1,0,0,0,0,0,0,0,0,1
2018-01-05,23:10:00,03,07,01,07,01,,0,385323.9367,5037498.266,False,January,0,0,0,0,0,0,0,0,1,0,0,0,0,0,0,0,0,0,1
2018-01-05,,03,06,01,00,05,,0,369595.1002,5027300.588,False,January,0,0,0,0,0,0,0,0,1,0,0,0,0,0,0,0,0,0,1
2018-01-06,01:12:00,03,07,06,07,01,01,0,351553.95700000005,5017863.071,False,January,1,0,0,0,0,0,0,0,0,1,0,0,0,0,0,0,0,0,1
2018-01-06,01:26:00,03,0,01,07,01,01,0,368009.659,5031103.179,False,January,1,0,0,0,0,0,0,0,0,1,0,0,0,0,0,0,0,0,1
2018-01-06,03:30:00,03,07,01,07,01,01,0,353672.5796,5018425.157,False,January,1,0,0,0,0,0,0,0,0,0,1,0,0,0,0,0,0,0,1
2018-01-06,06:27:00,02,06,05,07,06,,0,377383.2514,5016811.808,False,January,0,0,0,0,0,0,0,0,1,0,0,0,0,0,0,0,0,0,1
2018-01-06,06:22:00,03,02,01,07,03,00,0,366856.3501,5031278.893,False,January,1,0,0,0,0,0,0,0,0,0,1,0,0,0,0,0,0,0,1
2018-01-06,06:36:00,03,07,01,07,06,,0,364173.7388,5027395.563,True,January,0,0,0,0,0,0,0,0,1,0,0,0,0,0,0,0,0,0,1
2018-01-06,07:53:00,03,02,01,03,06,01,0,350809.1757,5018709.037,True,January,1,0,0,0,0,0,0,0,0,0,1,0,0,0,0,0,0,0,1
2018-01-05,22:15:00,03,07,03,07,06,,0,368602.9344,5026873.258,False,January,0,0,0,0,0,0,0,0,1,0,0,0,0,0,0,0,0,0,1
2018-01-06,09:53:00,02,05,01,01,01,01,0,380940.3961,5036250.58,False,January,1,0,0,0,0,0,0,0,0,0,1,0,0,0,0,0,0,0,1
2018-01-06,10:03:00,03,04,01,01,06,,0,366761.351,5022528.008,False,January,0,0,0,0,0,0,0,0,0,0,0,0,0,0,1,0,0,0,1
2018-01-06,09:35:00,03,06,01,01,06,,0,367075.2568,5030632.755,False,January,0,0,0,0,0,0,0,0,1,0,0,0,0,0,0,0,0,0,1
2018-01-06,10:00:00,03,03,01,01,03,01,0,369225.7156,5027983.546,False,January,1,0,0,0,0,0,0,0,0,1,0,0,0,0,0,0,0,0,1
2018-01-06,10:20:00,03,07,01,01,06,01,0,372860.3757,5030578.562,False,January,1,0,0,0,0,0,0,0,0,1,0,0,0,0,0,0,0,0,1
2018-01-06,10:24:00,03,05,01,01,02,,0,379263.4077,5037303.886,False,January,0,0,0,0,0,0,0,0,1,0,0,0,0,0,0,0,0,0,1
2018-01-06,11:30:00,03,03,01,01,01,01,0,383183.9295,5037977.881,False,January,1,0,0,0,0,0,0,0,0,0,1,0,0,0,0,0,0,0,1
2018-01-06,12:14:00,03,07,03,01,03,,0,349998.9639,5017009.621,False,January,0,0,0,0,0,0,0,0,1,0,0,0,0,0,0,0,0,0,1
2018-01-06,11:30:00,03,03,01,01,06,01,0,380567.7474,5036174.572,False,January,1,0,0,0,0,0,0,0,0,1,0,0,0,0,0,0,0,0,1
2018-01-06,13:45:00,03,03,01,01,01,01,0,384535.05100000004,5039595.391,False,January,0,0,0,0,0,0,0,1,0,0,1,0,0,0,0,0,0,0,1
2018-01-06,14:25:00,02,02,01,01,01,,0,375673.7081,5020872.723,False,January,0,0,0,0,0,0,0,0,0,0,0,1,0,0,0,0,0,0,1
2018-01-05,16:00:00,03,04,01,01,01,01,0,364351.7005,5027337.549,False,January,1,0,0,0,0,0,0,0,0,1,0,0,0,0,0,0,0,0,1
2018-01-06,14:34:00,03,02,01,01,01,01,0,373120.6804,5028881.942,False,January,0,1,0,0,0,0,0,0,0,0,1,0,0,0,0,0,0,0,1
2018-01-06,14:45:00,03,03,01,01,05,,0,366155.3987,5024894.179,False,January,0,0,0,0,0,0,0,0,1,0,0,0,0,0,0,0,0,0,1
2018-01-06,14:46:00,03,05,01,01,04,,0,364972.6345,5016472.615,False,January,0,0,0,0,0,0,0,0,0,0,0,1,0,0,0,0,0,0,1
2018-01-06,15:15:00,03,03,01,01,01,01,0,360531.3091,5023312.494,True,January,1,0,0,0,0,0,0,0,0,1,0,0,0,0,0,0,0,0,1
2018-01-06,15:47:00,02,05,01,01,01,01,0,381996.8135,5037996.902,False,January,1,0,0,0,0,0,0,0,0,0,1,0,0,0,0,0,0,0,1
2018-01-06,07:55:00,03,03,0,01,06,,0,357233.9021,5020552.749,False,January,0,0,0,0,0,0,0,0,1,0,0,0,0,0,0,0,0,0,1
2018-01-06,15:58:00,03,04,01,01,01,,0,367366.219,5023330.796,False,January,0,0,0,0,0,0,0,0,1,0,0,0,0,0,0,0,0,0,1
2018-01-06,16:00:00,03,03,01,01,01,00,0,363180.6869,5026638.541999999,False,January,1,0,0,0,0,0,0,0,0,1,0,0,0,0,0,0,0,0,1
2018-01-06,18:56:00,03,04,01,07,01,01,0,372391.7247,5031742.565,False,January,1,0,0,0,0,0,0,0,0,1,0,0,0,0,0,0,0,0,1
2018-01-06,19:06:00,03,04,01,07,01,01,0,372391.7248,5031742.563999999,False,January,1,0,0,0,0,0,0,0,0,1,0,0,0,0,0,0,0,0,1
2018-01-05,18:15:00,03,02,03,07,03,,0,367268.1238,5029473.312,False,January,0,0,0,0,0,0,0,0,0,0,0,1,0,0,0,0,0,0,1
2018-01-06,19:31:00,03,03,01,07,02,,0,369154.9637,5030201.23,False,January,0,0,0,0,0,0,0,0,1,0,0,0,0,0,0,0,0,0,1
2018-01-06,19:31:00,03,03,04,07,06,01,0,375578.7348,5031439.556,False,January,1,0,0,0,0,0,0,0,0,1,0,0,0,0,0,0,0,0,1
2018-01-06,20:23:00,03,03,01,07,01,01,0,351715.3989,5019145.69,True,January,1,0,0,0,0,0,0,0,0,1,0,0,0,0,0,0,0,0,1
2018-01-06,20:23:00,03,07,05,07,03,01,0,351461.4876,5018494.34,False,January,0,1,0,0,0,0,0,0,0,1,0,0,0,0,0,0,0,0,1
2018-01-06,21:48:00,03,03,05,07,05,,0,367743.7891,5021882.789,False,January,0,0,0,0,0,0,0,0,1,0,0,0,0,0,0,0,0,0,1
2018-01-06,22:30:00,03,07,01,07,06,,0,384699.2557,5039254.723999999,False,January,0,0,0,0,0,0,0,0,1,0,0,0,0,0,0,0,0,0,1
2018-01-06,22:53:00,03,07,01,07,01,,0,367978.5298,5033288.879,False,January,0,0,0,0,0,0,0,0,1,0,0,0,0,0,0,0,0,0,1
2018-01-06,23:22:00,03,03,03,07,04,01,0,369532.0984,5016230.576,False,January,0,1,0,0,0,0,0,0,0,1,0,0,0,0,0,0,0,0,1
2018-01-06,23:55:00,03,06,01,07,05,,0,350437.0773,5012939.51,False,January,0,0,0,0,0,0,0,0,0,0,0,1,0,0,0,0,0,0,1
2018-01-07,00:24:00,02,03,01,07,06,01,0,364858.6999,5023725.51,False,January,1,0,0,0,0,0,0,0,0,1,0,0,0,0,0,0,0,0,1
2018-01-07,02:13:00,03,07,01,07,02,01,0,365015.0487,5028958.556,False,January,0,1,0,0,0,0,0,0,0,1,0,0,0,0,0,0,0,0,1
2018-01-07,01:29:00,03,07,01,07,06,,0,366461.80799999996,5031425.21,False,January,0,0,0,0,0,0,0,0,1,0,0,0,0,0,0,0,0,0,1
2018-01-07,07:23:00,03,07,01,03,06,01,0,364069.0433,5027114.563999999,False,January,0,1,0,0,0,0,0,0,0,0,1,0,0,0,0,0,0,0,1
2018-01-07,08:55:00,03,04,01,01,02,,0,367027.5163,5022207.706,False,January,0,0,0,0,0,0,0,0,1,0,0,0,0,0,0,0,0,0,1
2018-01-07,10:01:00,03,07,01,01,01,,0,378186.7958,5004783.119,False,January,0,0,0,0,0,0,0,0,0,0,0,1,0,0,0,0,0,0,1
2018-01-07,10:05:00,03,0,01,01,03,01,0,368006.3554,5030345.57,False,January,0,1,0,0,0,0,0,0,0,1,0,0,0,0,0,0,0,0,1
2018-01-07,11:14:00,03,02,01,01,05,,0,361435.0016,5020987.692,False,January,0,0,0,0,0,0,0,0,0,0,0,1,0,0,0,0,0,0,1
2018-01-07,11:15:00,03,03,01,01,01,01,0,360468.6723,5023475.496,True,January,1,0,0,0,0,0,0,0,0,1,0,0,0,0,0,0,0,0,1
2018-01-07,12:09:00,03,07,01,01,01,,0,369410.2544,5017737.2530000005,False,January,0,0,0,0,0,0,0,0,1,0,0,0,0,0,0,0,0,0,1
2018-01-07,10:30:00,03,03,01,01,01,,0,366001.6988,5031489.73,False,January,0,0,0,0,0,0,0,0,1,0,0,0,0,0,0,0,0,0,1
2018-01-06,17:12:00,03,02,01,05,05,,0,373327.0739,5023451.785,False,January,0,0,0,0,0,0,0,0,0,0,0,1,0,0,0,0,0,0,1
2018-01-07,13:03:00,02,05,03,01,02,01,0,367614.0611,5028938.554,False,January,1,0,0,0,0,0,0,0,0,0,1,0,0,0,0,0,0,0,1
2018-01-07,13:45:00,03,03,01,01,02,01,0,365885.6981,5015940.438999999,False,January,1,0,0,0,0,0,0,0,0,1,0,0,0,0,0,0,0,0,1
2018-01-06,19:19:00,03,04,01,07,06,01,0,383352.7282,5037568.225,False,January,1,0,0,0,0,0,0,0,0,1,0,0,0,0,0,0,0,0,1
2018-01-07,12:45:00,03,05,01,01,01,,0,363139.5405,5028232.621,False,January,0,0,0,0,0,0,0,0,1,0,0,0,0,0,0,0,0,0,1
2018-01-07,14:56:00,03,05,03,01,02,01,0,372861.0725,5030578.562,False,January,1,0,0,0,0,0,0,0,0,0,1,0,0,0,0,0,0,0,1
2018-01-07,15:18:00,03,02,03,01,03,01,0,376953.7072,5017844.473,False,January,1,0,0,0,0,0,0,0,0,0,1,0,0,0,0,0,0,0,1
2018-01-07,,03,06,01,00,03,,0,367064.8921,5029800.643999999,False,January,0,0,0,0,0,0,0,0,1,0,0,0,0,0,0,0,0,0,1
2018-01-06,17:00:00,03,07,01,05,02,,0,382873.0338,5038660.181,False,January,0,0,0,0,0,0,0,0,1,0,0,0,0,0,0,0,0,0,1
2018-01-07,15:37:00,03,04,03,01,03,01,0,371333.7211,5032067.586,False,January,0,1,0,0,0,0,0,0,0,1,0,0,0,0,0,0,0,0,1
2018-01-06,19:30:00,03,03,03,07,03,01,0,383352.7276,5037568.225,False,January,1,0,0,0,0,0,0,0,0,1,0,0,0,0,0,0,0,0,1
2018-01-07,17:00:00,03,07,03,05,05,00,0,364906.3527,5026231.109,False,January,1,0,0,0,0,0,0,0,0,1,0,0,0,0,0,0,0,0,1
2018-01-07,10:00:00,03,03,01,01,06,01,0,362082.6866,5024939.517,True,January,1,0,0,0,0,0,0,0,0,0,1,0,0,0,0,0,0,0,1
2018-01-07,17:56:00,03,07,03,07,03,,0,367674.6273,5031601.735,False,January,0,0,0,0,0,0,0,0,1,0,0,0,0,0,0,0,0,0,1
2018-01-07,18:08:00,03,05,03,07,03,01,0,374674.4676,5028499.102,False,January,1,0,0,0,0,0,0,0,0,0,1,0,0,0,0,0,0,0,1
2018-01-07,18:04:00,03,01,03,07,03,,0,387371.3133,5012352.344,False,January,0,0,0,0,0,0,0,0,1,0,0,0,0,0,0,0,0,0,1
2018-01-07,18:26:00,03,01,03,07,03,,0,379193.7027,5035959.077,False,January,0,0,0,0,0,0,0,0,1,0,0,0,0,0,0,0,0,0,1
2018-01-07,18:48:00,03,03,03,07,03,01,0,368597.7041,5031948.584,False,January,1,0,0,0,0,0,0,0,0,1,0,0,0,0,0,0,0,0,1
2018-01-07,19:38:00,03,05,03,07,03,01,0,368242.6657,5030391.17,True,January,1,0,0,0,0,0,0,0,0,0,1,0,0,0,0,0,0,0,1
2018-01-07,19:50:00,02,01,03,07,05,,0,399984.2227,5029481.732,False,January,0,0,0,0,0,0,0,0,1,0,0,0,0,0,0,0,0,0,1
2018-01-07,19:51:00,03,07,03,07,03,01,0,374289.0086,5024189.983,False,January,0,1,0,0,0,0,0,0,0,0,1,0,0,0,0,0,0,0,1
2018-01-07,20:25:00,02,03,01,07,01,01,0,368243.7111,5030392.563999999,True,January,1,0,0,0,0,0,0,0,0,1,0,0,0,0,0,0,0,0,1
2018-01-04,07:50:00,03,04,01,03,02,01,0,357136.6484,5020300.48,False,January,0,1,0,0,0,0,0,0,0,1,0,0,0,0,0,0,0,0,1
2018-01-11,19:56:00,03,05,02,07,02,01,0,382637.4052,5035567.554,False,January,1,0,0,0,0,0,0,0,0,0,1,0,0,0,0,0,0,0,1
2018-01-11,18:14:00,03,07,02,07,02,,0,345107.3786,5006970.225,False,January,0,0,0,0,0,0,0,0,1,0,0,0,0,0,0,0,0,0,1
2018-01-11,19:48:00,03,04,02,07,02,01,0,366769.0538,5030949.961,False,January,1,0,0,0,0,0,0,0,0,1,0,0,0,0,0,0,0,0,1
2018-01-08,,03,06,01,00,02,,0,370632.6008,5033579.985,False,January,0,0,0,0,0,0,0,0,1,0,0,0,0,0,0,0,0,0,1
2018-01-11,20:06:00,03,05,02,07,02,00,0,365084.1047,5017903.19,False,January,1,0,0,0,0,0,0,0,0,0,1,0,0,0,0,0,0,0,1
2018-01-11,20:27:00,03,04,01,07,02,,0,366638.9856,5030293.635,False,January,0,0,0,0,0,0,0,0,1,0,0,0,0,0,0,0,0,0,1
2018-01-12,06:26:00,03,03,07,07,02,,0,390355.9248,5042694.312,False,January,0,0,0,0,0,0,0,0,1,0,0,0,0,0,0,0,0,0,1
2018-01-12,07:17:00,03,07,02,03,02,,0,346142.7093,5027317.33,False,January,0,0,0,0,0,0,0,0,1,0,0,0,0,0,0,0,0,0,1
2018-01-12,08:13:00,03,03,02,01,02,,0,369228.0237,5031322.48,False,January,0,0,0,0,0,0,0,0,1,0,0,0,0,0,0,0,0,0,1
2018-01-12,07:20:00,03,03,02,03,02,01,0,389860.7739,5042617.563999999,False,January,1,0,0,0,0,0,0,0,0,1,0,0,0,0,0,0,0,0,1
2018-01-12,08:37:00,03,05,02,01,02,00,0,370136.3601,5033102.282,False,January,0,1,0,0,0,0,0,0,0,1,0,0,0,0,0,0,0,0,1
2018-01-12,09:53:00,03,05,01,01,01,01,0,366967.7231,5014403.42,False,January,1,0,0,0,0,0,0,0,0,1,0,0,0,0,0,0,0,0,1
2018-01-12,10:50:00,03,05,02,01,02,01,0,366827.9678,5028936.25,False,January,1,0,0,0,0,0,0,0,0,0,1,0,0,0,0,0,0,0,1
2018-01-12,11:59:00,03,03,01,01,02,01,0,370370.713,5033345.589,False,January,0,1,0,0,0,0,0,0,0,0,1,0,0,0,0,0,0,0,1
2018-01-12,12:13:00,03,04,02,01,02,01,0,368384.7164,5030844.568,False,January,1,0,0,0,0,0,0,0,0,1,0,0,0,0,0,0,0,0,1
2018-01-12,12:20:00,01,02,07,01,02,01,0,393600.0647,5038171.615,False,January,0,1,0,0,0,0,0,0,0,0,1,0,0,0,0,0,0,0,1
2018-01-12,12:22:00,03,04,02,01,02,01,0,368577.7104,5028966.546,False,January,0,1,0,0,0,0,0,0,0,1,0,0,0,0,0,0,0,0,1
2018-01-11,14:29:00,03,02,01,01,01,,0,371916.9601,5030490.919,False,January,0,0,0,0,0,0,0,0,0,0,0,1,0,0,0,0,0,0,1
2018-01-12,12:56:00,03,06,02,01,02,,0,366698.0763,5029185.7530000005,False,January,0,0,0,0,0,0,0,0,1,0,0,0,0,0,0,0,0,0,1
2018-01-11,,03,06,02,00,02,,0,367449.5822,5032831.887,False,January,0,0,0,0,0,0,0,0,1,0,0,0,0,0,0,0,0,0,1
2018-01-11,,03,06,01,00,05,,0,368430.4933,5030770.77,False,January,0,0,0,0,0,0,0,0,1,0,0,0,0,0,0,0,0,0,1
2018-01-12,14:12:00,03,03,02,01,02,01,0,368098.7135,5030960.568,False,January,1,0,0,0,0,0,0,0,0,1,0,0,0,0,0,0,0,0,1
2018-01-12,14:23:00,03,03,03,01,05,01,0,359370.8955,5019361.438999999,True,January,1,0,0,0,0,0,0,0,0,1,0,0,0,0,0,0,0,0,1