DATE,TIME,CLASS_OF_ACCIDENT,IMPACT_TYPE,ENVIRONMENT,LIGHT,ROAD_SURFACE_CONDITION,TRAFFIC_CONTROL_CONDITION,NO_OF_PEDESTRIANS,X,Y,Highway,Month,categorical_TRAFFIC_CONTROL_01,categorical_TRAFFIC_CONTROL_02,categorical_TRAFFIC_CONTROL_03,categorical_TRAFFIC_CONTROL_04,categorical_TRAFFIC_CONTROL_07,categorical_TRAFFIC_CONTROL_08,categorical_TRAFFIC_CONTROL_09,categorical_TRAFFIC_CONTROL_11,categorical_ACCIDENT_LOCATION_01,categorical_ACCIDENT_LOCATION_02,categorical_ACCIDENT_LOCATION_03,categorical_ACCIDENT_LOCATION_04,categorical_ACCIDENT_LOCATION_05,categorical_ACCIDENT_LOCATION_06,categorical_ACCIDENT_LOCATION_07,categorical_Seasons_Fall,categorical_Seasons_Spring,categorical_Seasons_Summer,categorical_Seasons_Winter
2018-01-10,07:20:00,03,04,04,03,06,,0,382657.8829,5038865.875,False,January,0,0,0,0,0,0,0,0,1,0,0,0,0,0,0,0,0,0,1
2018-01-12,15:10:00,03,02,02,01,02,00,0,362887.1896,5023125.732,False,January,0,1,0,0,0,0,0,0,0,1,0,0,0,0,0,0,0,0,1
2018-01-12,15:16:00,03,03,02,01,02,01,0,366084.7051,5020795.488,False,January,1,0,0,0,0,0,0,0,0,1,0,0,0,0,0,0,0,0,1
2018-01-08,,03,06,03,00,05,,0,375600.3929,5033702.429,False,January,0,0,0,0,0,0,0,0,1,0,0,0,0,0,0,0,0,0,1
2018-01-12,14:30:00,03,04,02,01,02,01,0,363670.6912,5021246.489,False,January,1,0,0,0,0,0,0,0,0,1,0,0,0,0,0,0,0,0,1
2018-01-12,15:41:00,02,07,04,01,02,01,1,369469.6692,5031504.581,False,January,0,1,0,0,0,0,0,0,0,1,0,0,0,0,0,0,0,0,1
2018-01-12,,03,06,02,00,02,,0,382207.24299999996,5033643.472,False,January,0,0,0,0,0,0,0,0,1,0,0,0,0,0,0,0,0,0,1
2018-01-12,16:22:00,02,03,04,05,06,01,0,376518.9609,5011963.935,False,January,0,1,0,0,0,0,0,0,0,1,0,0,0,0,0,0,0,0,1
2018-01-12,17:12:00,03,03,04,05,05,01,0,382890.804,5038666.452,False,January,1,0,0,0,0,0,0,0,0,1,0,0,0,0,0,0,0,0,1
2018-01-12,17:17:00,03,05,04,05,06,01,0,363080.3273,5016733.152,False,January,1,0,0,0,0,0,0,0,0,0,1,0,0,0,0,0,0,0,1
2018-01-12,17:13:00,03,0,04,05,04,01,0,369994.6747,5026850.845,False,January,1,0,0,0,0,0,0,0,0,0,1,0,0,0,0,0,0,0,1
2018-01-12,17:48:00,03,07,03,07,03,,0,364891.9212,5016790.302,False,January,0,0,0,0,0,0,0,0,1,0,0,0,0,0,0,0,0,0,1
2018-01-12,17:45:00,03,02,03,07,06,01,0,354998.9747,5015090.326,False,January,0,1,0,0,0,0,0,0,0,0,1,0,0,0,0,0,0,0,1
2018-01-12,18:29:00,03,05,04,07,04,01,0,368374.8594,5032329.277,False,January,1,0,0,0,0,0,0,0,0,0,1,0,0,0,0,0,0,0,1
2018-01-12,18:45:00,03,01,03,07,03,,0,387935.7734,5037759.9180000005,False,January,0,0,0,0,0,0,0,0,1,0,0,0,0,0,0,0,0,0,1
2018-01-12,18:53:00,03,02,03,07,05,01,0,370827.0618,5033474.592,False,January,1,0,0,0,0,0,0,0,0,1,0,0,0,0,0,0,0,0,1
2018-01-12,18:50:00,03,04,01,07,03,01,0,363116.3395,5021654.794,False,January,1,0,0,0,0,0,0,0,0,1,0,0,0,0,0,0,0,0,1
2018-01-12,20:15:00,03,02,04,07,03,01,0,394887.5282,5024097.153,False,January,0,1,0,0,0,0,0,0,0,0,1,0,0,0,0,0,0,0,1
2018-01-12,20:25:00,02,03,04,07,06,01,0,368462.7128,5032481.595,False,January,0,1,0,0,0,0,0,0,0,1,0,0,0,0,0,0,0,0,1
2018-01-12,,03,06,03,00,04,,0,370544.1571,5026095.493,False,January,0,0,0,0,0,0,0,0,1,0,0,0,0,0,0,0,0,0,1
2018-01-12,21:18:00,03,02,03,07,03,01,0,354467.2905,5015280.583000001,False,January,0,1,0,0,0,0,0,0,0,0,1,0,0,0,0,0,0,0,1
2018-01-12,21:38:00,02,07,03,07,06,,0,369928.3547,5025697.518999999,False,January,0,0,0,0,0,0,0,0,0,0,0,0,0,1,0,0,0,0,1
2018-01-12,21:46:00,03,03,03,07,05,,0,372548.62799999997,5031363.569,True,January,0,0,0,0,0,0,0,0,1,0,0,0,0,0,0,0,0,0,1
2018-01-12,21:55:00,03,07,03,07,03,,0,366811.3295,5026115.291999999,False,January,0,0,0,0,0,0,0,0,0,0,0,1,0,0,0,0,0,0,1
2018-01-12,22:25:00,03,03,03,07,03,00,0,369851.71200000006,5033267.592,False,January,1,0,0,0,0,0,0,0,0,1,0,0,0,0,0,0,0,0,1
2018-01-12,23:07:00,03,07,03,07,03,01,0,367399.3616,5019167.166999999,False,January,1,0,0,0,0,0,0,0,0,0,1,0,0,0,0,0,0,0,1
2018-01-13,00:40:00,02,05,03,07,04,01,0,371332.1052,5034337.05,False,January,1,0,0,0,0,0,0,0,0,0,1,0,0,0,0,0,0,0,1
2018-01-13,05:07:00,03,07,03,07,03,,0,352239.3409,5021862.327,False,January,0,0,0,0,0,0,0,0,1,0,0,0,0,0,0,0,0,0,1
2018-01-13,06:58:00,03,07,03,03,03,,0,361313.8451,5025439.772,False,January,0,0,0,0,0,0,0,0,0,0,0,1,0,0,0,0,0,0,1
2018-01-13,08:06:00,03,07,01,01,05,,0,372345.3682,5029273.636,False,January,0,0,0,0,0,0,0,0,1,0,0,0,0,0,0,0,0,0,1
2018-01-13,08:51:00,03,07,01,01,04,,0,376458.2595,5034943.364,False,January,0,0,0,0,0,0,0,0,1,0,0,0,0,0,0,0,0,0,1
2018-01-13,10:00:00,02,07,01,01,05,,0,377147.8981,5035158.756,False,January,0,0,0,0,0,0,0,0,1,0,0,0,0,0,0,0,0,0,1
2018-01-13,10:06:00,03,03,03,01,05,01,0,372465.7291,5030279.553,False,January,1,0,0,0,0,0,0,0,0,1,0,0,0,0,0,0,0,0,1
2018-01-13,10:12:00,03,04,05,01,06,01,0,363520.6903,5026850.541999999,False,January,1,0,0,0,0,0,0,0,0,1,0,0,0,0,0,0,0,0,1
2018-01-13,10:29:00,03,03,03,01,06,01,0,384168.1103,5036256.42,False,January,1,0,0,0,0,0,0,0,0,0,1,0,0,0,0,0,0,0,1
2018-01-13,10:32:00,03,03,01,01,03,01,0,371143.7291,5026979.545,False,January,1,0,0,0,0,0,0,0,0,1,0,0,0,0,0,0,0,0,1
2018-01-13,10:32:00,03,03,01,01,05,01,0,369091.638,5016425.426,False,January,0,1,0,0,0,0,0,0,0,0,1,0,0,0,0,0,0,0,1
2018-01-13,10:36:00,03,05,03,01,03,,0,361304.8588,5015643.0139999995,False,January,0,0,0,0,0,0,0,0,0,0,0,1,0,0,0,0,0,0,1
2018-01-13,10:42:00,03,02,01,01,03,01,0,364894.3554,5027698.454,False,January,1,0,0,0,0,0,0,0,0,0,1,0,0,0,0,0,0,0,1
2018-01-13,10:45:00,03,02,01,01,04,01,0,359807.0189,5024032.813,False,January,1,0,0,0,0,0,0,0,0,0,1,0,0,0,0,0,0,0,1
2018-01-13,11:36:00,03,01,02,01,02,,0,368942.6709,5010171.412,False,January,0,0,0,0,0,0,0,0,1,0,0,0,0,0,0,0,0,0,1
2018-01-13,11:59:00,03,02,01,01,02,01,0,365363.3466,5022544.496,False,January,1,0,0,0,0,0,0,0,0,0,1,0,0,0,0,0,0,0,1
2018-01-13,12:19:00,03,07,01,01,02,01,0,374146.6805,5030666.561000001,False,January,1,0,0,0,0,0,0,0,0,1,0,0,0,0,0,0,0,0,1
2018-01-13,12:45:00,03,03,01,01,02,01,0,368036.7031,5021945.499,False,January,1,0,0,0,0,0,0,0,0,1,0,0,0,0,0,0,0,0,1
2018-01-13,12:48:00,03,07,01,01,02,01,0,368404.4582,5020475.708000001,False,January,1,0,0,0,0,0,0,0,0,1,0,0,0,0,0,0,0,0,1
2018-01-13,13:11:00,03,05,01,01,01,01,0,359233.3206,5023511.597,False,January,1,0,0,0,0,0,0,0,0,1,0,0,0,0,0,0,0,0,1
2018-01-13,09:20:00,03,03,01,01,02,01,0,360982.3112,5014901.733,False,January,1,0,0,0,0,0,0,0,0,1,0,0,0,0,0,0,0,0,1
2018-01-13,13:45:00,03,04,01,01,06,,0,371784.7431,5026804.765,False,January,0,0,0,0,0,0,0,0,1,0,0,0,0,0,0,0,0,0,1
2018-01-13,13:57:00,03,05,01,01,05,01,0,364520.089,5026959.021000001,False,January,1,0,0,0,0,0,0,0,0,0,1,0,0,0,0,0,0,0,1
2018-01-13,14:02:00,03,02,01,01,06,01,0,363915.9474,5023482.039,False,January,0,1,0,0,0,0,0,0,0,0,1,0,0,0,0,0,0,0,1
2018-01-13,14:14:00,03,03,01,01,04,01,0,364894.7032,5027700.544,False,January,1,0,0,0,0,0,0,0,0,1,0,0,0,0,0,0,0,0,1
2018-01-13,14:18:00,02,05,01,01,03,01,0,349387.125,5022957.405,False,January,1,0,0,0,0,0,0,0,0,0,1,0,0,0,0,0,0,0,1
2018-01-13,14:24:00,03,05,01,01,05,,0,380813.9754,5018887.647,False,January,0,0,0,0,0,0,0,0,0,0,0,1,0,0,0,0,0,0,1
2018-01-13,14:45:00,03,02,05,01,03,01,0,372823.3903,5024806.1110000005,False,January,1,0,0,0,0,0,0,0,0,0,1,0,0,0,0,0,0,0,1
2018-01-13,15:29:00,02,03,01,01,05,01,0,374010.0249,5019208.5430000005,False,January,1,0,0,0,0,0,0,0,0,1,0,0,0,0,0,0,0,0,1
2018-01-13,15:28:00,03,02,01,01,03,01,0,367687.3517,5032763.583000001,False,January,0,1,0,0,0,0,0,0,0,0,1,0,0,0,0,0,0,0,1
2018-01-13,15:29:00,03,03,03,01,03,01,0,370951.2806,5023663.277,False,January,0,1,0,0,0,0,0,0,0,1,0,0,0,0,0,0,0,0,1
2018-01-13,15:41:00,03,02,01,01,02,01,0,356781.641,5015891.438,False,January,1,0,0,0,0,0,0,0,0,1,0,0,0,0,0,0,0,0,1
2018-01-13,15:49:00,03,06,01,01,05,,0,363054.1862,5021769.117,False,January,0,0,0,0,0,0,0,0,1,0,0,0,0,0,0,0,0,0,1
2018-01-13,16:02:00,03,03,03,01,06,01,0,365330.6931,5027972.551,False,January,1,0,0,0,0,0,0,0,0,1,0,0,0,0,0,0,0,0,1
2018-01-13,16:08:00,03,05,01,01,04,01,0,371523.3727,5031642.958000001,False,January,1,0,0,0,0,0,0,0,0,0,1,0,0,0,0,0,0,0,1
2018-01-13,16:07:00,03,02,01,01,03,01,0,368141.3639,5028408.856000001,False,January,0,1,0,0,0,0,0,0,0,0,1,0,0,0,0,0,0,0,1
2018-01-13,16:14:00,03,05,01,05,06,,0,366411.1456,4991407.678,False,January,0,0,0,0,0,0,0,0,0,0,0,1,0,0,0,0,0,0,1
2018-01-13,16:16:00,02,03,01,01,02,01,0,375578.7347,5031439.555,False,January,1,0,0,0,0,0,0,0,0,1,0,0,0,0,0,0,0,0,1
2018-01-12,22:30:00,03,01,03,07,05,,0,357639.9406,5008337.558999999,False,January,0,0,0,0,0,0,0,0,1,0,0,0,0,0,0,0,0,0,1
2018-01-13,16:40:00,03,03,01,05,06,01,0,362050.6919,5025019.515,True,January,0,0,1,0,0,0,0,0,0,0,1,0,0,0,0,0,0,0,1
2018-01-13,16:46:00,03,02,01,05,05,,0,366136.2637,5030140.69,False,January,0,0,0,0,0,0,0,0,0,0,1,0,0,0,0,0,0,0,1
2018-01-13,13:40:00,03,03,01,01,03,01,0,363419.6897,5021826.487,False,January,1,0,0,0,0,0,0,0,0,1,0,0,0,0,0,0,0,0,1
2018-01-13,17:29:00,02,02,01,05,01,01,0,367962.3589,5031179.267,False,January,0,1,0,0,0,0,0,0,0,0,1,0,0,0,0,0,0,0,1
2018-01-13,18:34:00,03,04,01,07,01,01,0,360531.3093,5023312.494,True,January,1,0,0,0,0,0,0,0,0,1,0,0,0,0,0,0,0,0,1
2018-01-13,18:46:00,02,05,01,07,01,01,0,369776.6799,5022898.187,False,January,1,0,0,0,0,0,0,0,0,0,1,0,0,0,0,0,0,0,1
2018-01-13,,03,06,03,00,03,,0,374240.0276,5034001.709,False,January,0,0,0,0,0,0,0,0,1,0,0,0,0,0,0,0,0,0,1
2018-01-12,18:59:00,02,03,04,07,03,01,0,374193.7351,5025653.517,False,January,0,1,0,0,0,0,0,0,0,1,0,0,0,0,0,0,0,0,1
2018-01-13,19:15:00,03,04,01,07,02,,0,379216.773,5032989.134,False,January,0,0,0,0,0,0,0,0,1,0,0,0,0,0,0,0,0,0,1
2018-01-13,19:26:00,03,05,01,07,01,01,0,367907.3591,5030187.171,False,January,1,0,0,0,0,0,0,0,0,0,1,0,0,0,0,0,0,0,1
2018-01-13,22:06:00,03,07,01,07,05,01,0,369397.5697,5015631.563999999,False,January,1,0,0,0,0,0,0,0,0,1,0,0,0,0,0,0,0,0,1
2018-01-03,07:55:00,03,04,03,01,04,,0,365835.8856,5022068.316000001,False,January,0,0,0,0,0,0,0,0,1,0,0,0,0,0,0,0,0,0,1
2018-01-03,09:15:00,03,02,01,01,02,01,0,367707.8775,5032393.103999999,False,January,1,0,0,0,0,0,0,0,0,0,1,0,0,0,0,0,0,0,1
2018-01-03,08:50:00,03,03,03,01,02,01,0,372305.7191,5031951.575,False,January,1,0,0,0,0,0,0,0,0,0,1,0,0,0,0,0,0,0,1
2018-01-02,,03,06,03,00,05,,0,350151.2,5016287.2,False,January,0,0,0,0,0,0,0,0,0,0,0,1,0,0,0,0,0,0,1
2018-01-02,09:30:00,03,06,01,01,04,,0,363252.7025,5028309.541,False,January,0,0,0,0,0,0,0,0,1,0,0,0,0,0,0,0,0,0,1
2018-01-03,10:29:00,03,05,03,01,03,,0,365523.9525,5029915.85,False,January,0,0,0,0,0,0,0,0,0,1,0,0,0,0,0,0,0,0,1
2018-01-03,10:15:00,03,02,01,01,02,01,0,380104.0206,5036227.222,False,January,0,1,0,0,0,0,0,0,0,0,1,0,0,0,0,0,0,0,1
2018-01-03,12:18:00,03,05,01,01,02,01,0,365586.6493,5029280.2530000005,False,January,0,1,0,0,0,0,0,0,0,0,1,0,0,0,0,0,0,0,1
2018-01-02,,03,06,01,00,05,,0,354777.51,5017809.535,False,January,0,0,0,0,0,0,0,0,1,0,0,0,0,0,0,0,0,0,1
2018-01-02,12:55:00,03,03,03,01,03,01,0,368121.105,5026647.221,False,January,1,0,0,0,0,0,0,0,0,1,0,0,0,0,0,0,0,0,1
2018-01-03,12:40:00,03,03,01,01,01,,0,344008.2148,5029526.766,False,January,0,0,0,0,0,0,0,0,1,0,0,0,0,0,0,0,0,0,1
2018-01-01,,03,06,01,00,04,,0,368017.3217,5032583.946,False,January,0,0,0,0,0,0,0,0,1,0,0,0,0,0,0,0,0,0,1
2018-01-03,13:20:00,03,03,01,01,05,01,0,358635.6648,5021821.4860000005,True,January,1,0,0,0,0,0,0,0,0,1,0,0,0,0,0,0,0,0,1
2018-01-03,14:06:00,03,02,01,01,04,01,0,361330.0915,5025469.609,False,January,0,1,0,0,0,0,0,0,0,0,1,0,0,0,0,0,0,0,1
2018-01-03,14:09:00,03,07,03,01,02,01,0,350267.9061,5016712.6680000005,False,January,1,0,0,0,0,0,0,0,0,0,1,0,0,0,0,0,0,0,1
2018-01-03,14:58:00,03,05,03,01,03,,0,374832.9785,5027313.586,False,January,0,0,0,0,0,0,0,0,0,0,0,1,0,0,0,0,0,0,1
2018-01-03,15:23:00,03,02,02,01,02,01,0,375507.75,5026406.529,False,January,1,0,0,0,0,0,0,0,0,1,0,0,0,0,0,0,0,0,1
2018-01-03,15:25:00,03,03,03,01,04,01,0,375654.7347,5034556.586,False,January,1,0,0,0,0,0,0,0,0,0,1,0,0,0,0,0,0,0,1
2018-01-01,,03,06,01,00,01,,0,364951.47799999994,5016280.363,False,January,0,0,0,0,0,0,0,0,1,0,0,0,0,0,0,0,0,0,1
2018-01-03,15:51:00,03,04,03,01,04,01,0,372305.7198,5031951.575,False,January,1,0,0,0,0,0,0,0,0,1,0,0,0,0,0,0,0,0,1
2018-01-03,16:40:00,03,07,03,05,04,01,0,376284.4959,5024509.516,False,January,0,1,0,0,0,0,0,0,0,1,0,0,0,0,0,0,0,0,1
2018-01-02,,03,06,03,00,03,,0,380603.9918,5034676.201,False,January,0,0,0,0,0,0,0,0,1,0,0,0,0,0,0,0,0,0,1
2018-01-03,17:07:00,03,04,01,05,02,01,0,361288.4381,5014584.958000001,False,January,1,0,0,0,0,0,0,0,0,1,0,0,0,0,0,0,0,0,1
2018-01-03,17:06:00,03,03,01,05,04,00,0,380855.7367,5037126.595,False,January,0,1,0,0,0,0,0,0,0,1,0,0,0,0,0,0,0,0,1
2018-01-03,14:50:00,03,02,03,01,03,01,0,366629.5886,5030170.634,False,January,0,1,0,0,0,0,0,0,0,0,1,0,0,0,0,0,0,0,1
2018-01-03,17:33:00,03,05,03,05,03,00,0,377997.5617,5032842.159,False,January,1,0,0,0,0,0,0,0,0,0,1,0,0,0,0,0,0,0,1
2018-01-03,,03,06,03,00,05,,0,371126.3353,5026597.203,False,January,0,0,0,0,0,0,0,0,1,0,0,0,0,0,0,0,0,0,1
2018-01-03,17:49:00,03,02,01,07,04,,0,375455.006,5034127.967,False,January,0,0,0,0,0,0,0,0,0,0,0,1,0,0,0,0,0,0,1
2018-01-03,17:52:00,03,05,01,07,04,01,0,365194.7424,5022947.799,False,January,1,0,0,0,0,0,0,0,0,0,1,0,0,0,0,0,0,0,1
2018-01-03,18:45:00,03,07,01,07,05,,0,370988.0426,5029123.461,False,January,0,0,0,0,0,0,0,0,1,0,0,0,0,0,0,0,0,0,1
2018-01-03,19:10:00,03,04,01,07,02,01,0,384844.7645,5036560.56,False,January,1,0,0,0,0,0,0,0,0,1,0,0,0,0,0,0,0,0,1
2018-01-03,19:35:00,02,03,01,07,01,01,0,362549.6899,5023770.505,False,January,1,0,0,0,0,0,0,0,0,1,0,0,0,0,0,0,0,0,1
2018-01-03,19:42:00,03,07,01,07,06,,0,338989.6412,5032667.528,False,January,0,0,0,0,0,0,0,0,1,0,0,0,0,0,0,0,0,0,1
2018-01-04,03:43:00,02,02,01,07,03,01,0,367234.6916,5022163.112,False,January,0,1,0,0,0,0,0,0,0,0,1,0,0,0,0,0,0,0,1
2018-01-04,06:58:00,03,02,01,03,04,01,0,368075.0596,5031344.182,False,January,1,0,0,0,0,0,0,0,0,0,1,0,0,0,0,0,0,0,1
2018-01-02,14:30:00,03,03,01,01,03,01,0,379670.7413,5036700.5819999995,False,January,1,0,0,0,0,0,0,0,0,1,0,0,0,0,0,0,0,0,1
2018-01-02,12:00:00,03,07,03,01,05,01,0,352564.0709,5020466.829,False,January,1,0,0,0,0,0,0,0,0,0,1,0,0,0,0,0,0,0,1
2018-01-04,11:32:00,03,04,03,01,04,,0,367819.1414,5030135.426,True,January,0,0,0,0,0,0,0,0,1,0,0,0,0,0,0,0,0,0,1
2018-01-03,21:45:00,03,03,01,07,02,01,0,359004.5226,5023990.612,False,January,1,0,0,0,0,0,0,0,0,1,0,0,0,0,0,0,0,0,1
2018-01-04,12:22:00,03,05,01,01,02,01,0,372860.3757,5030578.562,False,January,1,0,0,0,0,0,0,0,0,0,1,0,0,0,0,0,0,0,1
2018-01-03,,03,06,01,00,03,,0,362201.0462,5023429.663,False,January,0,0,0,0,0,0,0,0,1,0,0,0,0,0,0,0,0,0,1
2018-01-04,13:03:00,02,03,01,01,01,01,0,367572.3701,5014684.398,False,January,1,0,0,0,0,0,0,0,0,1,0,0,0,0,0,0,0,0,1
2018-01-04,13:11:00,03,02,03,01,04,,0,364418.8459,5024751.759,False,January,0,0,0,0,0,0,0,0,0,0,0,1,0,0,0,0,0,0,1
2018-01-04,13:11:00,03,03,03,01,02,,0,387397.0006,5023879.975,True,January,0,0,0,0,0,0,0,0,0,1,0,0,0,0,0,0,0,0,1
2018-01-04,13:25:00,03,03,03,01,03,,0,362962.9543,5017009.079,False,January,0,0,0,0,0,0,0,0,1,0,0,0,0,0,0,0,0,0,1
2018-01-04,12:45:00,03,06,03,01,02,,0,366319.7331,5029017.422,False,January,0,0,0,0,0,0,0,0,1,0,0,0,0,0,0,0,0,0,1
2018-01-04,13:48:00,02,06,01,01,04,,0,360934.7638,5022281.994,False,January,0,0,0,0,0,0,0,0,1,0,0,0,0,0,0,0,0,0,1
2018-01-04,14:34:00,03,05,03,01,04,01,0,370420.0567,5033260.893999999,False,January,1,0,0,0,0,0,0,0,0,0,1,0,0,0,0,0,0,0,1
2018-01-04,10:12:00,03,04,01,01,01,01,0,352357.6214,5019380.462,False,January,1,0,0,0,0,0,0,0,0,1,0,0,0,0,0,0,0,0,1
2018-01-04,15:30:00,03,02,03,01,03,,0,367425.2242,5030262.315,False,January,0,0,0,0,0,0,0,0,0,0,0,1,0,0,0,0,0,0,1
2018-01-04,15:47:00,03,02,03,01,06,01,0,374572.7062,5023516.2069999995,False,January,0,1,0,0,0,0,0,0,0,0,1,0,0,0,0,0,0,0,1
2018-01-03,10:00:00,02,03,01,01,01,01,0,352841.6247,5020476.467,True,January,1,0,0,0,0,0,0,0,0,1,0,0,0,0,0,0,0,0,1
2018-01-04,16:27:00,03,07,01,01,03,,0,367746.9668,5028476.853999999,False,January,0,0,0,0,0,0,0,0,0,0,1,0,0,0,0,0,0,0,1
2018-01-04,,03,06,01,00,01,,0,367366.6469,5016197.777,False,January,0,0,0,0,0,0,0,0,1,0,0,0,0,0,0,0,0,0,1
2018-01-04,17:50:00,02,02,01,07,02,01,0,352323.6754,5021527.218,False,January,1,0,0,0,0,0,0,0,0,0,1,0,0,0,0,0,0,0,1
2018-01-04,16:00:00,03,02,01,01,03,01,0,352322.3497,5017352.993,False,January,1,0,0,0,0,0,0,0,0,0,1,0,0,0,0,0,0,0,1
2018-01-04,17:56:00,03,05,03,07,03,01,0,362282.4308,5024439.952,False,January,1,0,0,0,0,0,0,0,0,0,1,0,0,0,0,0,0,0,1
2018-01-04,18:16:00,03,02,01,07,02,,0,369292.5661,5032884.679,False,January,0,0,0,0,0,0,0,0,0,0,0,1,0,0,0,0,0,0,1
2018-01-04,18:37:00,03,03,05,07,06,01,0,359501.6557,5014636.413,False,January,1,0,0,0,0,0,0,0,0,1,0,0,0,0,0,0,0,0,1
2018-01-04,18:48:00,02,03,01,07,02,01,0,371921.7193,5032887.575,False,January,1,0,0,0,0,0,0,0,0,0,1,0,0,0,0,0,0,0,1
2018-01-04,18:52:00,03,03,03,07,05,,0,364303.2684,5027507.584,True,January,0,0,0,0,0,0,0,0,1,0,0,0,0,0,0,0,0,0,1
2018-01-04,19:39:00,03,07,05,07,03,,0,379053.4425,4999987.2930000005,False,January,0,0,0,0,0,0,0,0,0,0,0,1,0,0,0,0,0,0,1
2018-01-04,20:29:00,03,04,03,07,02,,0,381080.6428,5037273.964,False,January,0,0,0,0,0,0,0,0,1,0,0,0,0,0,0,0,0,0,1
2018-01-04,23:48:00,02,05,01,07,02,01,0,373762.6947,5025403.129,False,January,1,0,0,0,0,0,0,0,0,0,1,0,0,0,0,0,0,0,1
2018-01-05,01:07:00,02,03,06,07,06,01,0,356241.6566,5019959.467,False,January,0,1,0,0,0,0,0,0,0,1,0,0,0,0,0,0,0,0,1
2018-01-05,06:31:00,03,03,01,07,04,01,0,368393.7065,5030486.563,False,January,1,0,0,0,0,0,0,0,0,0,1,0,0,0,0,0,0,0,1
2018-01-05,06:57:00,03,04,01,07,06,,0,362289.8854,5018569.956,False,January,0,0,0,0,0,0,0,0,1,0,0,0,0,0,0,0,0,0,1
2018-01-05,07:38:00,03,04,01,03,03,,0,366775.9006,5013912.217,False,January,0,0,0,0,0,0,0,0,1,0,0,0,0,0,0,0,0,0,1
2018-01-05,07:40:00,03,03,01,03,05,,0,360623.7576,5022600.007,False,January,0,0,0,0,0,0,0,0,1,0,0,0,0,0,0,0,0,0,1
2018-01-05,08:06:00,03,07,01,01,06,,0,365038.1117,5018018.869,False,January,0,0,0,0,0,0,0,0,1,0,0,0,0,0,0,0,0,0,1
2018-01-05,08:23:00,03,01,05,01,03,,0,369612.3935,5001218.624,True,January,0,0,0,0,0,0,0,0,1,0,0,0,0,0,0,0,0,0,1
2018-01-05,08:53:00,02,01,05,01,03,,0,350159.1476,5029094.757,False,January,0,0,0,0,0,0,0,0,0,0,1,0,0,0,0,0,0,0,1
2018-01-05,09:06:00,03,06,01,01,02,,0,365619.9458,5029794.905,False,January,0,0,0,0,0,0,0,0,1,0,0,0,0,0,0,0,0,0,1
2018-01-05,08:20:00,03,03,01,01,06,,0,365143.4915,5017764.402,False,January,0,0,0,0,0,0,0,0,1,0,0,0,0,0,0,0,0,0,1
2018-01-05,09:30:00,03,02,01,01,05,01,0,367253.8361,5021558.873,False,January,0,1,0,0,0,0,0,0,0,0,1,0,0,0,0,0,0,0,1
2018-01-05,09:35:00,02,03,01,01,02,01,0,372443.9998,5031616.0,False,January,1,0,0,0,0,0,0,0,0,1,0,0,0,0,0,0,0,0,1
2018-01-05,10:09:00,03,05,01,01,06,01,0,383640.9751,5036900.456,False,January,1,0,0,0,0,0,0,0,0,0,1,0,0,0,0,0,0,0,1
2018-01-05,10:10:00,03,04,01,01,03,,0,368095.1385,5029802.37,False,January,0,0,0,0,0,0,0,0,1,0,0,0,0,0,0,0,0,0,1
2018-01-04,,03,06,01,00,05,,0,363350.6984,5015186.445,False,January,0,0,0,0,0,0,0,0,1,0,0,0,0,0,0,0,0,0,1
2018-01-05,10:36:00,03,03,01,01,02,01,0,368109.0471,5027766.436000001,False,January,1,0,0,0,0,0,0,0,0,1,0,0,0,0,0,0,0,0,1
2018-01-05,10:41:00,03,03,01,01,02,01,0,367133.7021,5030081.563999999,False,January,1,0,0,0,0,0,0,0,0,0,1,0,0,0,0,0,0,0,1
2018-01-05,10:51:00,03,03,01,01,02,01,0,373364.7292,5029424.55,False,January,1,0,0,0,0,0,0,0,0,1,0,0,0,0,0,0,0,0,1
2018-01-05,11:02:00,03,03,01,01,01,01,0,383183.9294,5037977.882,False,January,1,0,0,0,0,0,0,0,0,1,0,0,0,0,0,0,0,0,1
2018-01-05,09:40:00,03,06,01,01,05,,0,368322.18100000004,5031394.323,False,January,0,0,0,0,0,0,0,0,1,0,0,0,0,0,0,0,0,0,1
2018-01-05,11:25:00,03,05,01,01,02,01,0,368249.7466,5032821.498,False,January,1,0,0,0,0,0,0,0,0,0,1,0,0,0,0,0,0,0,1
2018-01-05,11:38:00,03,03,01,01,01,01,0,375507.7498,5026406.529,False,January,1,0,0,0,0,0,0,0,0,1,0,0,0,0,0,0,0,0,1
2018-01-05,12:13:00,03,07,01,01,06,,0,373892.5585,5028066.193,False,January,0,0,0,0,0,0,0,0,0,0,0,1,0,0,0,0,0,0,1
2018-01-05,12:55:00,02,05,01,01,02,,0,359629.5659,5019509.53,True,January,0,0,0,0,0,0,0,0,1,0,0,0,0,0,0,0,0,0,1
2018-01-05,12:52:00,03,0,03,01,04,01,0,362509.9554,5025807.531,False,January,0,1,0,0,0,0,0,0,0,0,1,0,0,0,0,0,0,0,1
2018-01-05,13:00:00,03,05,01,01,01,01,0,363697.5634,5025211.261,False,January,1,0,0,0,0,0,0,0,0,0,1,0,0,0,0,0,0,0,1