DATE,TIME,CLASS_OF_ACCIDENT,IMPACT_TYPE,ENVIRONMENT,LIGHT,ROAD_SURFACE_CONDITION,TRAFFIC_CONTROL_CONDITION,NO_OF_PEDESTRIANS,X,Y,Highway,Month,categorical_TRAFFIC_CONTROL_01,categorical_TRAFFIC_CONTROL_02,categorical_TRAFFIC_CONTROL_03,categorical_TRAFFIC_CONTROL_04,categorical_TRAFFIC_CONTROL_07,categorical_TRAFFIC_CONTROL_08,categorical_TRAFFIC_CONTROL_09,categorical_TRAFFIC_CONTROL_11,categorical_ACCIDENT_LOCATION_01,categorical_ACCIDENT_LOCATION_02,categorical_ACCIDENT_LOCATION_03,categorical_ACCIDENT_LOCATION_04,categorical_ACCIDENT_LOCATION_05,categorical_ACCIDENT_LOCATION_06,categorical_ACCIDENT_LOCATION_07,categorical_Seasons_Fall,categorical_Seasons_Spring,categorical_Seasons_Summer,categorical_Seasons_Winter
2018-01-05,14:14:00,03,02,01,01,01,01,0,379860.3941,5036470.884,False,January,0,0,0,0,0,0,0,1,0,0,1,0,0,0,0,0,0,0,1
2018-01-05,15:39:00,02,05,01,01,05,01,0,367372.2673,5025693.477,False,January,1,0,0,0,0,0,0,0,0,0,1,0,0,0,0,0,0,0,1
2018-01-05,14:18:00,03,04,01,01,01,01,0,368641.5879,5026697.643,False,January,1,0,0,0,0,0,0,0,0,1,0,0,0,0,0,0,0,0,1
2018-01-05,11:45:00,03,03,06,01,06,01,0,351429.974,5019331.308999999,False,January,1,0,0,0,0,0,0,0,0,1,0,0,0,0,0,0,0,0,1
2018-01-05,14:34:00,03,04,01,01,01,,0,364604.1484,5015207.709,False,January,0,0,0,0,0,0,0,0,1,0,0,0,0,0,0,0,0,0,1
2018-01-05,14:58:00,02,02,01,01,01,01,0,384296.2161,5038168.058,False,January,0,1,0,0,0,0,0,0,0,0,1,0,0,0,0,0,0,0,1
2018-01-05,15:10:00,03,02,01,01,01,01,0,370364.6778,5028466.851,False,January,1,0,0,0,0,0,0,0,0,0,1,0,0,0,0,0,0,0,1
2018-01-05,15:08:00,03,07,05,01,03,,0,376902.8828,5028302.727,False,January,0,0,0,0,0,0,0,0,1,0,0,0,0,0,0,0,0,0,1
2018-01-05,15:23:00,02,03,01,01,03,01,0,373597.72799999994,5028795.55,False,January,1,0,0,0,0,0,0,0,0,1,0,0,0,0,0,0,0,0,1
2018-01-05,15:24:00,03,02,01,01,02,01,0,368001.0475,5032572.898,False,January,1,0,0,0,0,0,0,0,0,0,1,0,0,0,0,0,0,0,1
2018-01-01,01:10:00,03,06,03,07,03,,0,369508.8911,5034139.348,False,January,0,0,0,0,0,0,0,0,1,0,0,0,0,0,0,0,0,0,1
2018-01-01,01:57:00,03,07,01,07,06,,0,369556.075,5029262.797,False,January,0,0,0,0,0,0,0,0,1,0,0,0,0,0,0,0,0,0,1
2018-01-01,02:53:00,03,07,03,07,05,01,0,381297.5037,5022968.896000001,False,January,0,1,0,0,0,0,0,0,0,1,0,0,0,0,0,0,0,0,1
2018-01-01,03:30:00,03,03,01,07,01,00,0,360596.6639,5022584.5,False,January,1,0,0,0,0,0,0,0,0,1,0,0,0,0,0,0,0,0,1
2018-01-01,06:45:00,03,07,01,07,01,,0,361877.8909,5019588.597,False,January,0,0,0,0,0,0,0,0,1,0,0,0,0,0,0,0,0,0,1
2018-01-01,04:35:00,02,07,01,07,06,,0,369059.4945,5031325.402,True,January,0,0,0,0,0,0,0,0,1,0,0,0,0,0,0,0,0,0,1
2018-01-01,06:40:00,02,07,01,07,01,03,0,363322.6342,5014773.416,False,January,0,0,0,0,0,0,0,1,0,0,1,0,0,0,0,0,0,0,1
2018-01-01,07:06:00,02,07,01,03,06,,0,348049.7875,5016449.094,True,January,0,0,0,0,0,0,0,0,1,0,0,0,0,0,0,0,0,0,1
2018-01-01,,03,06,01,07,01,,0,382017.6764,5039277.05,False,January,0,0,0,0,0,0,0,0,1,0,0,0,0,0,0,0,0,0,1
2018-01-01,09:47:00,03,06,01,01,01,01,0,373193.0,5034693.0,False,January,0,1,0,0,0,0,0,0,0,1,0,0,0,0,0,0,0,0,1
2018-01-01,,03,06,01,00,03,,0,379118.011,5038082.529,False,January,0,0,0,0,0,0,0,0,1,0,0,0,0,0,0,0,0,0,1
2018-01-01,09:04:00,03,03,01,01,06,,0,372677.5157,5034360.496,False,January,0,0,0,0,0,0,0,0,1,0,0,0,0,0,0,0,0,0,1
2018-01-01,10:27:00,03,07,01,01,06,,0,370916.4374,5023643.068,False,January,0,0,0,0,0,0,0,0,1,0,0,0,0,0,0,0,0,0,1
2018-01-01,12:13:00,03,04,01,01,01,01,0,362061.6868,5023465.505,False,January,1,0,0,0,0,0,0,0,0,0,1,0,0,0,0,0,0,0,1
2018-01-01,12:47:00,03,07,03,01,06,,0,364481.13399999996,5013509.919,False,January,0,0,0,0,0,0,0,0,1,0,0,0,0,0,0,0,0,0,1
2018-01-01,12:51:00,03,03,01,01,06,01,0,383951.7603,5036159.561000001,False,January,1,0,0,0,0,0,0,0,0,1,0,0,0,0,0,0,0,0,1
2018-01-01,15:38:00,02,05,01,01,01,,0,359226.3519,5023517.868,False,January,0,0,0,0,0,0,0,0,1,0,0,0,0,0,0,0,0,0,1
2018-01-01,15:51:00,02,04,01,01,03,01,0,381421.7924,5036060.571,False,January,1,0,0,0,0,0,0,0,0,0,1,0,0,0,0,0,0,0,1
2018-01-01,16:57:00,03,05,03,05,05,01,0,375906.7541,5014804.223999999,False,January,1,0,0,0,0,0,0,0,0,0,1,0,0,0,0,0,0,0,1
2018-01-01,18:58:00,03,01,01,07,02,,0,377770.39,5035715.8610000005,False,January,0,0,0,0,0,0,0,0,1,0,0,0,0,0,0,0,0,0,1
2018-01-01,19:38:00,03,03,03,07,03,01,0,369780.711,5033813.603999999,False,January,0,1,0,0,0,0,0,0,0,0,1,0,0,0,0,0,0,0,1
2018-01-01,21:42:00,03,07,01,07,06,,0,376298.5367,5034637.801,False,January,0,0,0,0,0,0,0,0,1,0,0,0,0,0,0,0,0,0,1
2018-01-01,22:48:00,03,07,01,07,02,01,0,360072.3221,5024471.512,False,January,1,0,0,0,0,0,0,0,0,0,1,0,0,0,0,0,0,0,1
2018-01-02,05:02:00,03,0,01,07,05,01,0,367256.6617,5031627.877,False,January,1,0,0,0,0,0,0,0,0,1,0,0,0,0,0,0,0,0,1
2018-01-02,06:20:00,03,02,01,07,05,01,0,352323.9706,5021526.398,False,January,1,0,0,0,0,0,0,0,0,0,1,0,0,0,0,0,0,0,1
2018-01-02,06:24:00,03,07,01,07,06,,0,335855.0838,5016055.317,False,January,0,0,0,0,0,0,0,0,1,0,0,0,0,0,0,0,0,0,1
2018-01-02,07:16:00,03,05,03,03,04,,0,367006.0602,5031469.431,False,January,0,0,0,0,0,0,0,0,1,0,0,0,0,0,0,0,0,0,1
2018-01-02,07:34:00,03,07,01,03,01,,0,379327.8619,5036954.704,False,January,0,0,0,0,0,0,0,0,1,0,0,0,0,0,0,0,0,0,1
2018-01-01,,03,06,03,00,05,,0,355322.5412,5017243.052,False,January,0,0,0,0,0,0,0,0,1,0,0,0,0,0,0,0,0,0,1
2018-01-02,07:48:00,03,03,03,03,06,01,0,368036.7031,5021945.498,False,January,1,0,0,0,0,0,0,0,0,1,0,0,0,0,0,0,0,0,1
2018-01-02,08:03:00,03,04,01,01,06,01,0,375507.75,5026406.529,False,January,1,0,0,0,0,0,0,0,0,1,0,0,0,0,0,0,0,0,1
2018-01-02,08:20:00,02,07,03,01,04,01,0,352993.225,5016304.808,False,January,1,0,0,0,0,0,0,0,0,1,0,0,0,0,0,0,0,0,1
2018-01-02,08:22:00,03,07,01,01,06,,0,379307.4734,5036981.8889999995,False,January,0,0,0,0,0,0,0,0,1,0,0,0,0,0,0,0,0,0,1
2018-01-02,08:25:00,03,03,01,01,06,01,0,379342.7312,5037116.593,False,January,1,0,0,0,0,0,0,0,0,1,0,0,0,0,0,0,0,0,1
2018-01-02,08:31:00,03,05,01,01,01,,0,369547.439,5023489.925,False,January,0,0,0,0,0,0,0,0,0,0,0,1,0,0,0,0,0,0,1
2018-01-02,08:00:00,03,07,01,01,06,,0,387353.5931,5041043.516,False,January,0,0,0,0,0,0,0,0,1,0,0,0,0,0,0,0,0,0,1
2018-01-02,09:32:00,03,03,03,01,03,01,0,362213.6854,5026025.526000001,False,January,1,0,0,0,0,0,0,0,0,1,0,0,0,0,0,0,0,0,1
2018-01-02,09:44:00,03,07,01,01,02,,0,379261.9634,5036955.16,False,January,0,0,0,0,0,0,0,0,1,0,0,0,0,0,0,0,0,0,1
2018-01-02,09:58:00,03,07,05,01,06,,0,359368.5695,5014945.205,False,January,0,0,0,0,0,0,0,0,1,0,0,0,0,0,0,0,0,0,1
2018-01-02,10:08:00,02,07,03,01,03,01,1,368339.4378,5032120.449,False,January,1,0,0,0,0,0,0,0,0,0,1,0,0,0,0,0,0,0,1
2018-01-02,11:04:00,03,05,03,01,03,,0,369824.4416,5027185.921,False,January,0,0,0,0,0,0,0,0,1,0,0,0,0,0,0,0,0,0,1
2018-01-02,11:06:00,02,03,03,01,05,01,0,362888.6882,5023126.512,False,January,0,1,0,0,0,0,0,0,0,1,0,0,0,0,0,0,0,0,1
2018-01-02,11:09:00,03,05,03,01,03,01,0,365194.7424,5022947.799,False,January,1,0,0,0,0,0,0,0,0,0,1,0,0,0,0,0,0,0,1
2018-01-02,10:00:00,03,03,03,01,05,01,0,363080.6754,5016732.456,False,January,1,0,0,0,0,0,0,0,0,1,0,0,0,0,0,0,0,0,1
2018-01-01,,03,06,03,00,05,,0,370618.6078,5030005.947,False,January,0,0,0,0,0,0,0,0,1,0,0,0,0,0,0,0,0,0,1
2018-01-02,11:32:00,03,05,03,01,03,,0,364421.0197,5024742.538,False,January,0,0,0,0,0,0,0,0,0,0,0,1,0,0,0,0,0,0,1
2018-01-02,11:50:00,03,03,03,01,03,01,0,347300.5799,5015926.447,True,January,1,0,0,0,0,0,0,0,0,1,0,0,0,0,0,0,0,0,1
2018-01-02,09:15:00,03,06,01,01,02,01,0,341541.4852,5001976.431,False,January,0,1,0,0,0,0,0,0,0,1,0,0,0,0,0,0,0,0,1
2018-01-02,12:00:00,03,02,03,01,06,01,0,329351.1647,5019818.24,False,January,0,1,0,0,0,0,0,0,0,0,1,0,0,0,0,0,0,0,1
2018-01-02,12:10:00,03,02,03,01,05,01,0,368511.7089,5032413.407,False,January,1,0,0,0,0,0,0,0,0,0,1,0,0,0,0,0,0,0,1
2018-01-01,07:30:00,03,03,01,03,04,,0,365793.2522,5022055.919,False,January,0,0,0,0,0,0,0,0,0,0,0,1,0,0,0,0,0,0,1
2018-01-02,12:14:00,03,03,03,01,03,01,0,362978.6935,5028117.555,False,January,1,0,0,0,0,0,0,0,0,1,0,0,0,0,0,0,0,0,1
2018-01-02,12:21:00,02,02,03,01,03,01,0,371124.1019,5021372.1219999995,False,January,1,0,0,0,0,0,0,0,0,0,1,0,0,0,0,0,0,0,1
2018-01-02,12:26:00,03,03,03,01,04,01,0,371608.7361,5024096.506,False,January,1,0,0,0,0,0,0,0,0,1,0,0,0,0,0,0,0,0,1
2018-01-02,12:45:00,02,02,01,01,05,01,0,357223.4582,5023713.767,False,January,1,0,0,0,0,0,0,0,0,0,1,0,0,0,0,0,0,0,1
2018-01-02,12:56:00,02,02,03,01,05,,0,375598.6374,5034518.259,False,January,0,0,0,0,0,0,0,0,0,0,0,1,0,0,0,0,0,0,1
2018-01-02,13:25:00,03,03,03,01,03,,0,365052.6988,5025298.524,False,January,0,0,0,0,0,0,0,0,1,0,0,0,0,0,0,0,0,0,1
2018-01-02,13:29:00,03,03,03,01,03,01,0,382890.8039,5038666.453,False,January,1,0,0,0,0,0,0,0,0,1,0,0,0,0,0,0,0,0,1
2018-01-02,13:33:00,03,03,03,01,03,01,0,372860.7242,5030578.563,False,January,1,0,0,0,0,0,0,0,0,1,0,0,0,0,0,0,0,0,1
2018-01-02,11:15:00,03,07,03,01,06,01,0,381301.2784,5034781.45,False,January,1,0,0,0,0,0,0,0,0,1,0,0,0,0,0,0,0,0,1
2018-01-02,13:45:00,03,07,03,01,05,,0,368525.9929,5032391.29,False,January,0,0,0,0,0,0,0,0,1,0,0,0,0,0,0,0,0,0,1
2018-01-02,13:52:00,03,03,03,01,03,01,0,370802.0781,5031015.908,True,January,1,0,0,0,0,0,0,0,0,1,0,0,0,0,0,0,0,0,1
2018-01-02,12:00:00,03,03,01,01,03,01,0,370802.0793,5031015.906,True,January,1,0,0,0,0,0,0,0,0,1,0,0,0,0,0,0,0,0,1
2018-01-02,13:55:00,03,03,03,01,03,01,0,364351.7004,5027337.549,False,January,1,0,0,0,0,0,0,0,0,1,0,0,0,0,0,0,0,0,1
2018-01-02,13:59:00,03,05,01,01,05,,0,367920.6259,5030291.717,False,January,0,0,0,0,0,0,0,0,0,0,0,1,0,0,0,0,0,0,1
2018-01-02,14:01:00,03,03,03,01,06,,0,364570.612,5024538.051,False,January,0,0,0,0,0,0,0,0,1,0,0,0,0,0,0,0,0,0,1
2018-01-02,14:02:00,03,03,03,01,03,,0,352665.0881,5019868.658,False,January,0,0,0,0,0,0,0,0,1,0,0,0,0,0,0,0,0,0,1
2018-01-02,13:50:00,03,03,03,01,04,01,0,375047.7247,5031119.563999999,False,January,1,0,0,0,0,0,0,0,0,1,0,0,0,0,0,0,0,0,1
2018-01-02,14:20:00,03,03,03,01,03,01,0,379791.74799999996,5033781.565,False,January,1,0,0,0,0,0,0,0,0,1,0,0,0,0,0,0,0,0,1
2018-01-02,14:22:00,02,03,01,01,04,01,0,365348.6996,5027997.5430000005,False,January,1,0,0,0,0,0,0,0,0,0,1,0,0,0,0,0,0,0,1
2018-01-02,14:24:00,03,01,01,01,03,,0,371995.7857,5025517.836,False,January,0,0,0,0,0,0,0,0,1,0,0,0,0,0,0,0,0,0,1
2018-01-02,10:30:00,03,03,03,01,03,,0,370430.1073,5024593.339,False,January,0,0,0,0,0,0,0,0,1,0,0,0,0,0,0,0,0,0,1
2018-01-02,14:15:00,03,03,03,01,05,,0,367527.1287,5031418.0139999995,False,January,0,0,0,0,0,0,0,0,1,0,0,0,0,0,0,0,0,0,1
2018-01-02,14:35:00,03,07,03,01,03,01,0,382336.7415,5039147.8610000005,False,January,0,1,0,0,0,0,0,0,0,1,0,0,0,0,0,0,0,0,1
2018-01-02,14:34:00,03,02,01,01,03,01,0,371124.7988,5021372.818,False,January,1,0,0,0,0,0,0,0,0,0,1,0,0,0,0,0,0,0,1
2018-01-02,14:34:00,03,03,03,01,04,01,0,367922.7104,5028091.548,False,January,1,0,0,0,0,0,0,0,0,1,0,0,0,0,0,0,0,0,1
2018-01-02,14:36:00,03,03,03,01,04,,0,368161.1134,5022009.745,False,January,0,0,0,0,0,0,0,0,1,0,0,0,0,0,0,0,0,0,1
2018-01-02,14:46:00,03,03,03,01,03,01,0,360321.6786,5023834.511,False,January,1,0,0,0,0,0,0,0,0,1,0,0,0,0,0,0,0,0,1
2018-01-02,15:00:00,03,02,03,01,04,01,0,374927.6891,5032231.955,False,January,0,1,0,0,0,0,0,0,0,0,1,0,0,0,0,0,0,0,1
2018-01-02,15:04:00,02,01,01,01,04,,0,377235.0544,5022243.712,False,January,0,0,0,0,0,0,0,0,1,0,0,0,0,0,0,0,0,0,1
2018-01-02,15:14:00,02,03,03,01,03,01,0,360006.6755,5024632.528,False,January,1,0,0,0,0,0,0,0,0,1,0,0,0,0,0,0,0,0,1
2018-01-02,15:14:00,03,03,01,01,02,01,0,368028.8484,5021765.603,False,January,1,0,0,0,0,0,0,0,0,1,0,0,0,0,0,0,0,0,1
2018-01-02,13:16:00,03,06,03,01,03,,0,371971.1195,5032063.9860000005,False,January,0,0,0,0,0,0,0,0,1,0,0,0,0,0,0,0,0,0,1
2018-01-02,15:32:00,03,02,03,01,06,01,0,370311.4518,5032270.063,False,January,1,0,0,0,0,0,0,0,0,0,1,0,0,0,0,0,0,0,1
2018-01-02,15:45:00,02,03,01,01,03,01,0,370540.8758,5025499.972,False,January,1,0,0,0,0,0,0,0,0,1,0,0,0,0,0,0,0,0,1
2018-01-02,10:30:00,03,07,03,01,03,01,0,352843.1644,5020474.972,True,January,1,0,0,0,0,0,0,0,0,1,0,0,0,0,0,0,0,0,1
2018-01-02,17:00:00,03,03,03,05,05,01,0,366166.6934,5026028.533,False,January,1,0,0,0,0,0,0,0,0,1,0,0,0,0,0,0,0,0,1
2018-01-02,13:00:00,03,04,03,01,04,,0,381268.7756,5038080.679,False,January,0,0,0,0,0,0,0,0,1,0,0,0,0,0,0,0,0,0,1
2018-01-02,17:45:00,03,03,03,07,03,01,0,371210.705,5034624.603,False,January,0,1,0,0,0,0,0,0,0,0,1,0,0,0,0,0,0,0,1
2018-01-02,19:05:00,02,03,03,07,04,01,0,370405.7185,5028878.547,False,January,0,1,0,0,0,0,0,0,0,0,1,0,0,0,0,0,0,0,1
2018-01-02,18:00:00,03,02,03,07,03,01,0,375092.4038,5016675.853,False,January,1,0,0,0,0,0,0,0,0,0,1,0,0,0,0,0,0,0,1
2018-01-02,11:35:00,03,03,03,01,05,01,0,367107.7112,5022081.502,False,January,1,0,0,0,0,0,0,0,0,1,0,0,0,0,0,0,0,0,1
2018-01-02,18:28:00,03,01,03,07,03,,0,357286.2824,5013275.279,False,January,0,0,0,0,0,0,0,0,1,0,0,0,0,0,0,0,0,0,1
2018-01-02,12:40:00,03,07,03,01,04,01,0,369917.7132,5029122.715,False,January,0,0,1,0,0,0,0,0,0,1,0,0,0,0,0,0,0,0,1
2018-01-02,18:47:00,03,01,03,07,02,,0,367175.5075,4999784.118,False,January,0,0,0,0,0,0,0,0,1,0,0,0,0,0,0,0,0,0,1
2018-01-02,14:00:00,03,0,01,01,05,,0,386119.71200000006,5035123.376,False,January,0,0,0,0,0,0,0,0,0,0,0,1,0,0,0,0,0,0,1
2018-01-02,19:35:00,03,04,03,07,03,00,0,370072.7098,5033065.592,False,January,1,0,0,0,0,0,0,0,0,1,0,0,0,0,0,0,0,0,1
2018-01-02,20:45:00,03,0,03,07,03,,0,370971.9369,5031635.009,False,January,0,0,0,0,0,0,0,0,1,0,0,0,0,0,0,0,0,0,1
2018-01-02,21:40:00,02,02,03,07,04,,0,373565.6673,5032644.804,False,January,0,0,0,0,0,0,0,0,0,0,0,1,0,0,0,0,0,0,1
2018-01-02,22:58:00,03,07,03,07,05,,0,356128.4843,5007218.036,False,January,0,0,0,0,0,0,0,0,1,0,0,0,0,0,0,0,0,0,1
2018-01-07,20:48:00,03,01,03,07,03,,0,366613.9839,5012216.994,False,January,0,0,0,0,0,0,0,0,1,0,0,0,0,0,0,0,0,0,1
2018-01-07,20:10:00,03,02,03,07,05,01,0,366263.2117,5031005.991,False,January,1,0,0,0,0,0,0,0,0,0,1,0,0,0,0,0,0,0,1
2018-01-05,,03,06,03,00,05,,0,349759.899,5016344.798,False,January,0,0,0,0,0,0,0,0,1,0,0,0,0,0,0,0,0,0,1
2018-01-07,21:16:00,03,07,03,07,03,,0,386981.1161,5023942.938999999,True,January,0,0,0,0,0,0,0,0,1,0,0,0,0,0,0,0,0,0,1
2018-01-07,23:45:00,03,07,03,07,03,,0,350644.03,5012878.473999999,False,January,0,0,0,0,0,0,0,0,1,0,0,0,0,0,0,0,0,0,1
2018-01-07,23:10:00,03,07,03,07,03,01,0,371912.9731,5033994.5819999995,False,January,1,0,0,0,0,0,0,0,0,1,0,0,0,0,0,0,0,0,1
2018-01-08,00:13:00,03,07,03,07,03,,0,367880.5685,4994720.699,False,January,0,0,0,0,0,0,0,0,1,0,0,0,0,0,0,0,0,0,1
2018-01-08,00:23:00,03,07,03,07,05,01,0,371018.1796,5023702.301,False,January,1,0,0,0,0,0,0,0,0,0,1,0,0,0,0,0,0,0,1
2018-01-08,05:41:00,03,05,03,07,05,00,0,368204.6657,5029864.169,False,January,0,1,0,0,0,0,0,0,0,0,1,0,0,0,0,0,0,0,1
2018-01-08,06:30:00,03,05,03,07,03,01,0,375136.3921,5027314.234,False,January,1,0,0,0,0,0,0,0,0,0,1,0,0,0,0,0,0,0,1
2018-01-08,06:58:00,03,04,03,03,03,00,0,379455.7419,5036917.585,False,January,1,0,0,0,0,0,0,0,0,1,0,0,0,0,0,0,0,0,1
2018-01-08,07:09:00,03,05,03,03,03,01,0,370885.7691,5030558.267,False,January,1,0,0,0,0,0,0,0,0,0,1,0,0,0,0,0,0,0,1
2018-01-08,07:23:00,03,07,03,03,03,,0,364918.4282,5018330.547,False,January,0,0,0,0,0,0,0,0,1,0,0,0,0,0,0,0,0,0,1
2018-01-08,07:24:00,03,03,03,03,03,01,0,383951.7605,5036159.56,False,January,1,0,0,0,0,0,0,0,0,1,0,0,0,0,0,0,0,0,1
2018-01-08,07:41:00,03,03,03,03,04,01,0,333741.0211,5014658.223999999,False,January,0,0,0,0,1,0,0,0,1,0,0,0,0,0,0,0,0,0,1
2018-01-08,07:48:00,03,03,03,03,05,01,0,353673.6246,5018424.461,False,January,1,0,0,0,0,0,0,0,0,1,0,0,0,0,0,0,0,0,1
2018-01-07,07:57:00,03,03,03,03,03,01,0,370433.1219,5031751.637,False,January,1,0,0,0,0,0,0,0,0,1,0,0,0,0,0,0,0,0,1
2018-01-08,08:08:00,03,02,03,01,03,01,0,376231.0965,5012621.722,False,January,0,1,0,0,0,0,0,0,0,0,1,0,0,0,0,0,0,0,1
2018-01-08,08:27:00,03,01,03,01,03,01,0,372389.9825,5031741.868,False,January,1,0,0,0,0,0,0,0,0,0,1,0,0,0,0,0,0,0,1
2018-01-08,08:40:00,03,03,03,01,03,01,0,366768.7058,5030948.568,False,January,1,0,0,0,0,0,0,0,0,1,0,0,0,0,0,0,0,0,1
2018-01-07,,03,06,03,00,03,,0,371413.2659,5026763.916999999,False,January,0,0,0,0,0,0,0,0,1,0,0,0,0,0,0,0,0,0,1
2018-01-08,09:25:00,03,07,03,01,03,,0,372306.5667,5033286.117,False,January,0,0,0,0,0,0,0,0,1,0,0,0,0,0,0,0,0,0,1
2018-01-08,09:20:00,03,03,03,01,03,,0,383809.2536,5034743.052,False,January,0,0,0,0,0,0,0,0,1,0,0,0,0,0,0,0,0,0,1
2018-01-08,09:51:00,03,04,03,01,03,01,0,366768.7054,5030948.568,False,January,1,0,0,0,0,0,0,0,0,1,0,0,0,0,0,0,0,0,1
2018-01-08,10:04:00,02,03,01,01,04,02,0,364233.6835,5019974.478,False,January,1,0,0,0,0,0,0,0,0,1,0,0,0,0,0,0,0,0,1
2018-01-07,18:00:00,02,03,03,07,03,01,0,375199.7412,5031216.563999999,False,January,1,0,0,0,0,0,0,0,0,1,0,0,0,0,0,0,0,0,1
2018-01-08,10:28:00,03,03,03,01,03,,0,370891.7099,5034757.606000001,False,January,0,0,0,0,0,0,0,0,0,1,0,0,0,0,0,0,0,0,1
2018-01-08,10:34:00,03,02,03,01,03,01,0,373069.6191,5027161.392,False,January,1,0,0,0,0,0,0,0,0,0,1,0,0,0,0,0,0,0,1
2018-01-08,10:38:00,03,05,03,01,03,01,0,368661.6721,5022312.888,False,January,1,0,0,0,0,0,0,0,0,0,1,0,0,0,0,0,0,0,1
2018-01-08,10:46:00,03,03,03,01,04,01,0,373672.7375,5022923.513,False,January,1,0,0,0,0,0,0,0,0,1,0,0,0,0,0,0,0,0,1
2018-01-06,10:46:00,03,03,01,01,01,,0,367659.328,5021882.515,False,January,0,0,0,0,0,0,0,0,1,0,0,0,0,0,0,0,0,0,1
2018-01-08,11:04:00,03,03,03,01,03,01,0,357873.6606,5020928.48,False,January,1,0,0,0,0,0,0,0,0,0,1,0,0,0,0,0,0,0,1
2018-01-08,11:11:00,03,03,03,01,05,01,0,372595.714,5031241.576,False,January,1,0,0,0,0,0,0,0,0,1,0,0,0,0,0,0,0,0,1
2018-01-07,,03,06,03,00,03,,0,364128.232,5016574.43,False,January,0,0,0,0,0,0,0,0,1,0,0,0,0,0,0,0,0,0,1
2018-01-08,11:26:00,03,03,03,01,05,01,0,369561.2511,5028415.0139999995,False,January,1,0,0,0,0,0,0,0,0,1,0,0,0,0,0,0,0,0,1
2018-01-08,11:37:00,03,03,03,01,05,01,0,379791.7481,5033781.565,False,January,1,0,0,0,0,0,0,0,0,0,1,0,0,0,0,0,0,0,1
2018-01-08,12:00:00,02,03,03,01,03,01,0,361288.4381,5014584.958000001,False,January,1,0,0,0,0,0,0,0,0,1,0,0,0,0,0,0,0,0,1
2018-01-08,,03,06,03,00,03,,0,350931.73,5016531.6280000005,False,January,0,0,0,0,0,0,0,0,1,0,0,0,0,0,0,0,0,0,1
2018-01-08,12:05:00,03,03,03,01,03,,0,351323.1486,5021820.33,False,January,0,0,0,0,0,0,0,0,1,0,0,0,0,0,0,0,0,0,1
2018-01-08,12:30:00,03,02,03,01,03,,0,369874.6174,5027057.324,False,January,0,0,0,0,0,0,0,0,0,0,0,1,0,0,0,0,0,0,1
2018-01-08,12:42:00,03,02,03,01,04,01,0,367707.8775,5032394.4969999995,False,January,1,0,0,0,0,0,0,0,0,0,1,0,0,0,0,0,0,0,1
2018-01-08,12:55:00,02,03,03,01,04,01,0,360752.2242,5014962.154,False,January,1,0,0,0,0,0,0,0,0,1,0,0,0,0,0,0,0,0,1
2018-01-03,16:00:00,02,03,03,01,04,01,0,370072.7094,5033065.592,False,January,1,0,0,0,0,0,0,0,0,1,0,0,0,0,0,0,0,0,1
2018-01-08,13:51:00,03,05,03,01,03,01,0,371861.2149,5033043.748,False,January,1,0,0,0,0,0,0,0,0,0,1,0,0,0,0,0,0,0,1
2018-01-08,14:07:00,03,04,03,01,03,01,0,364548.8108,5015173.324,False,January,1,0,0,0,0,0,0,0,0,1,0,0,0,0,0,0,0,0,1
2018-01-08,13:45:00,03,03,03,01,03,01,0,384351.85299999994,5039990.341,False,January,1,0,0,0,0,0,0,0,0,1,0,0,0,0,0,0,0,0,1
2018-01-08,14:13:00,02,03,03,01,04,01,0,364351.7005,5027337.55,False,January,1,0,0,0,0,0,0,0,0,0,1,0,0,0,0,0,0,0,1
2018-01-07,,03,06,03,00,03,,0,349695.847,5016446.8,False,January,0,0,0,0,0,0,0,0,1,0,0,0,0,0,0,0,0,0,1
2018-01-08,07:00:00,03,03,03,03,03,01,0,367288.7124,5029710.558,True,January,1,0,0,0,0,0,0,0,0,1,0,0,0,0,0,0,0,0,1
2018-01-07,04:10:00,03,02,01,07,01,01,0,368771.354,5032571.281,False,January,1,0,0,0,0,0,0,0,0,0,1,0,0,0,0,0,0,0,1
2018-01-08,14:52:00,03,07,03,01,03,01,0,383120.0925,5038784.897,False,January,1,0,0,0,0,0,0,0,0,0,1,0,0,0,0,0,0,0,1
2018-01-08,14:59:00,03,07,03,01,06,01,0,389217.0685,5001807.996,False,January,0,1,0,0,0,0,0,0,0,0,1,0,0,0,0,0,0,0,1
2018-01-08,15:15:00,03,03,03,01,03,,0,365527.2617,5021889.22,False,January,0,0,0,0,0,0,0,0,1,0,0,0,0,0,0,0,0,0,1
2018-01-08,15:15:00,03,03,03,01,04,01,0,365356.6921,5025517.533,False,January,1,0,0,0,0,0,0,0,0,1,0,0,0,0,0,0,0,0,1
2018-01-08,15:23:00,03,03,03,01,04,01,0,379791.7482,5033781.565,False,January,1,0,0,0,0,0,0,0,0,1,0,0,0,0,0,0,0,0,1