DATE,TIME,CLASS_OF_ACCIDENT,IMPACT_TYPE,ENVIRONMENT,LIGHT,ROAD_SURFACE_CONDITION,TRAFFIC_CONTROL_CONDITION,NO_OF_PEDESTRIANS,X,Y,Highway,Month,categorical_TRAFFIC_CONTROL_01,categorical_TRAFFIC_CONTROL_02,categorical_TRAFFIC_CONTROL_03,categorical_TRAFFIC_CONTROL_04,categorical_TRAFFIC_CONTROL_07,categorical_TRAFFIC_CONTROL_08,categorical_TRAFFIC_CONTROL_09,categorical_TRAFFIC_CONTROL_11,categorical_ACCIDENT_LOCATION_01,categorical_ACCIDENT_LOCATION_02,categorical_ACCIDENT_LOCATION_03,categorical_ACCIDENT_LOCATION_04,categorical_ACCIDENT_LOCATION_05,categorical_ACCIDENT_LOCATION_06,categorical_ACCIDENT_LOCATION_07,categorical_Seasons_Fall,categorical_Seasons_Spring,categorical_Seasons_Summer,categorical_Seasons_Winter
2018-01-08,15:30:00,03,02,03,01,05,01,0,362535.3444,5026937.933999999,False,January,0,1,0,0,0,0,0,0,0,0,1,0,0,0,0,0,0,0,1
2018-01-08,15:35:00,02,07,03,01,03,01,1,369721.9202,5031290.283,False,January,0,0,0,1,0,0,0,0,1,0,0,0,0,0,0,0,0,0,1
2018-01-08,15:35:00,03,04,03,01,03,,0,367379.2454,5016677.157,False,January,0,0,0,0,0,0,0,0,1,0,0,0,0,0,0,0,0,0,1
2018-01-08,15:38:00,02,07,03,01,04,01,0,375129.4847,5026188.996,False,January,1,0,0,0,0,0,0,0,0,1,0,0,0,0,0,0,0,0,1
2018-01-08,14:15:00,02,02,03,01,04,,0,365898.7726,5029949.431,False,January,0,0,0,0,0,0,0,0,0,0,0,1,0,0,0,0,0,0,1
2018-01-08,15:54:00,02,04,03,01,03,,0,371817.2461,5033148.701,False,January,0,0,0,0,0,0,0,0,1,0,0,0,0,0,0,0,0,0,1
2018-01-08,15:56:00,03,02,03,01,03,01,0,368769.6673,5032291.284,False,January,0,1,0,0,0,0,0,0,0,0,1,0,0,0,0,0,0,0,1
2018-01-08,16:00:00,03,03,01,05,06,,0,376651.8359,5023632.51,False,January,0,0,0,0,0,0,0,0,1,0,0,0,0,0,0,0,0,0,1
2018-01-08,16:00:00,03,06,01,01,04,,0,351768.5664,5014783.404,False,January,0,0,0,0,0,0,0,0,0,0,0,1,0,0,0,0,0,0,1
2018-01-03,21:00:00,03,07,03,07,03,,0,338001.5115,5027422.712,False,January,0,0,0,0,0,0,0,0,1,0,0,0,0,0,0,0,0,0,1
2018-01-08,16:45:00,03,03,03,05,05,01,0,371018.528,5023702.999,False,January,1,0,0,0,0,0,0,0,0,1,0,0,0,0,0,0,0,0,1
2018-01-08,16:46:00,03,03,03,05,03,01,0,372465.7283,5030279.553,False,January,1,0,0,0,0,0,0,0,0,1,0,0,0,0,0,0,0,0,1
2018-01-08,16:51:00,03,02,03,05,03,01,0,369407.9669,5031948.062,False,January,0,1,0,0,0,0,0,0,0,0,1,0,0,0,0,0,0,0,1
2018-01-07,20:30:00,03,03,03,07,03,01,0,363273.6949,5025662.527,False,January,1,0,0,0,0,0,0,0,0,1,0,0,0,0,0,0,0,0,1
2018-01-08,17:22:00,03,04,03,05,03,01,0,371808.7247,5027052.541,False,January,1,0,0,0,0,0,0,0,0,1,0,0,0,0,0,0,0,0,1
2018-01-08,17:41:00,03,03,03,07,03,01,0,372041.7873,5027081.162,False,January,0,0,0,0,0,0,1,0,1,0,0,0,0,0,0,0,0,0,1
2018-01-08,17:41:00,03,02,03,07,03,01,0,383118.0019,5038786.291,False,January,1,0,0,0,0,0,0,0,0,0,1,0,0,0,0,0,0,0,1
2018-01-08,18:33:00,03,0,03,07,06,01,0,377187.5484,5032177.084,False,January,1,0,0,0,0,0,0,0,0,0,1,0,0,0,0,0,0,0,1
2018-01-08,18:44:00,03,07,03,07,03,,0,350774.2368,5018442.24,True,January,0,0,0,0,0,0,0,0,1,0,0,0,0,0,0,0,0,0,1
2018-01-08,18:48:00,03,03,03,07,04,01,0,369547.7215,5026786.536,False,January,1,0,0,0,0,0,0,0,0,1,0,0,0,0,0,0,0,0,1
2018-01-08,07:45:00,02,03,03,03,03,01,0,354798.6297,5015587.425,False,January,1,0,0,0,0,0,0,0,0,1,0,0,0,0,0,0,0,0,1
2018-01-08,07:30:00,03,07,03,03,05,,0,364985.15,5017843.9569999995,False,January,0,0,0,0,0,0,0,0,1,0,0,0,0,0,0,0,0,0,1
2018-01-08,,03,06,03,00,03,,0,362435.31299999997,5026966.473999999,False,January,0,0,0,0,0,0,0,0,0,0,0,1,0,0,0,0,0,0,1
2018-01-08,14:30:00,03,05,03,01,05,01,0,362212.6407,5026025.53,False,January,1,0,0,0,0,0,0,0,0,0,1,0,0,0,0,0,0,0,1
2018-01-09,05:59:00,02,04,03,07,03,01,0,374675.0923,5028500.238,False,January,1,0,0,0,0,0,0,0,0,1,0,0,0,0,0,0,0,0,1
2018-01-09,06:45:00,03,07,01,07,02,,0,384068.165,5038341.672,False,January,0,0,0,0,0,0,0,0,1,0,0,0,0,0,0,0,0,0,1
2018-01-09,07:01:00,02,02,01,03,02,01,0,367870.4832,5032009.58,False,January,1,0,0,0,0,0,0,0,0,0,1,0,0,0,0,0,0,0,1
2018-01-08,16:30:00,03,03,03,05,03,01,0,365312.6954,5029381.557,False,January,0,1,0,0,0,0,0,0,0,1,0,0,0,0,0,0,0,0,1
2018-01-09,07:45:00,02,03,01,03,02,01,0,372980.2,5020083.566000001,False,January,1,0,0,0,0,0,0,0,0,1,0,0,0,0,0,0,0,0,1
2018-01-09,07:57:00,03,04,01,01,02,01,0,368035.6577,5021947.589,False,January,1,0,0,0,0,0,0,0,0,1,0,0,0,0,0,0,0,0,1
2018-01-09,09:00:00,03,04,01,01,02,,0,369665.3032,5031162.388,True,January,0,0,0,0,0,0,0,0,1,0,0,0,0,0,0,0,0,0,1
2018-01-09,09:05:00,03,03,01,01,02,01,0,351269.718,5018181.776000001,False,January,1,0,0,0,0,0,0,0,0,1,0,0,0,0,0,0,0,0,1
2018-01-09,09:17:00,02,03,01,01,03,01,0,364894.7033,5027700.544,False,January,1,0,0,0,0,0,0,0,0,1,0,0,0,0,0,0,0,0,1
2018-01-09,11:00:00,02,04,01,01,02,01,0,391420.8667,5032662.5030000005,False,January,0,1,0,0,0,0,0,0,0,0,1,0,0,0,0,0,0,0,1
2018-01-08,11:00:00,03,03,03,01,06,01,0,361667.67299999995,5014806.429,False,January,0,1,0,0,0,0,0,0,0,1,0,0,0,0,0,0,0,0,1
2018-01-08,11:40:00,03,03,03,01,05,01,0,368372.145,5031992.6389999995,False,January,1,0,0,0,0,0,0,0,0,1,0,0,0,0,0,0,0,0,1
2018-01-09,12:09:00,02,03,01,01,02,,0,374219.9109,5030707.923,True,January,0,0,0,0,0,0,0,0,1,0,0,0,0,0,0,0,0,0,1
2018-01-09,09:06:00,03,02,01,01,01,,0,375574.9441,5034505.715,False,January,0,0,0,0,0,0,0,0,0,0,0,1,0,0,0,0,0,0,1
2018-01-09,13:02:00,03,03,01,01,02,01,0,366873.7066,5026438.532,False,January,1,0,0,0,0,0,0,0,0,1,0,0,0,0,0,0,0,0,1
2018-01-09,13:35:00,02,07,03,01,05,,0,376059.3306,5026778.11,False,January,0,0,0,0,0,0,0,0,1,0,0,0,0,0,0,0,0,0,1
2018-01-09,13:36:00,02,05,01,01,02,01,0,368373.9854,5031797.573,False,January,1,0,0,0,0,0,0,0,0,0,1,0,0,0,0,0,0,0,1
2018-01-09,13:50:00,03,02,01,01,03,01,0,368730.0586,5032357.584,False,January,0,1,0,0,0,0,0,0,0,0,1,0,0,0,0,0,0,0,1
2018-01-09,13:59:00,02,07,01,01,02,,1,368968.9443,5032317.852,False,January,0,0,0,0,0,0,0,0,0,0,0,1,0,0,0,0,0,0,1
2018-01-09,14:19:00,02,02,01,01,02,01,0,350593.1249,5019403.338,False,January,1,0,0,0,0,0,0,0,0,0,1,0,0,0,0,0,0,0,1
2018-01-09,15:01:00,03,04,01,01,05,,0,350277.5396,5019408.072,False,January,0,0,0,0,0,0,0,0,1,0,0,0,0,0,0,0,0,0,1
2018-01-18,09:04:00,03,04,01,01,02,,0,374613.8966,5032703.327,False,January,0,0,0,0,0,0,0,0,1,0,0,0,0,0,0,0,0,0,1
2018-01-17,09:12:00,03,07,01,01,03,01,0,355347.5695,5018096.324,False,January,0,1,0,0,0,0,0,0,0,1,0,0,0,0,0,0,0,0,1
2018-01-18,11:06:00,03,03,01,01,02,01,0,381117.7534,5036286.583000001,False,January,1,0,0,0,0,0,0,0,0,1,0,0,0,0,0,0,0,0,1
2018-01-18,11:32:00,02,04,01,01,01,,0,374305.066,5032450.597,True,January,0,0,0,0,0,0,0,0,1,0,0,0,0,0,0,0,0,0,1
2018-01-17,12:00:00,03,06,01,01,03,,0,364725.5097,5030246.092,False,January,0,0,0,0,0,0,0,0,1,0,0,0,0,0,0,0,0,0,1
2018-01-18,13:54:00,03,03,01,01,01,01,0,360006.6758,5024632.528,False,January,1,0,0,0,0,0,0,0,0,0,1,0,0,0,0,0,0,0,1
2018-01-16,17:30:00,03,02,03,05,03,01,0,374364.7389,5011409.421,False,January,0,1,0,0,0,0,0,0,0,0,1,0,0,0,0,0,0,0,1
2018-01-18,15:43:00,03,0,01,01,02,,0,360567.9009,5023991.572,False,January,0,0,0,0,0,0,0,0,1,0,0,0,0,0,0,0,0,0,1
2018-01-18,18:44:00,02,07,01,07,01,01,1,360659.3372,5025042.402,False,January,1,0,0,0,0,0,0,0,0,0,1,0,0,0,0,0,0,0,1
2018-01-18,16:24:00,02,03,01,01,03,01,0,380211.74100000004,5037785.598,False,January,0,1,0,0,0,0,0,0,0,1,0,0,0,0,0,0,0,0,1
2018-01-18,16:29:00,02,03,01,01,06,01,0,354336.5422,4989351.272,False,January,0,1,0,0,0,0,0,0,0,1,0,0,0,0,0,0,0,0,1
2018-01-18,16:35:00,03,03,01,01,04,,0,372486.1675,5030063.065,False,January,0,0,0,0,0,0,0,0,1,0,0,0,0,0,0,0,0,0,1
2018-01-18,16:50:00,03,04,01,05,05,01,0,364929.7014,5029153.555,False,January,1,0,0,0,0,0,0,0,0,1,0,0,0,0,0,0,0,0,1
2018-01-18,17:27:00,03,03,03,05,02,01,0,367094.7114,5029106.56,False,January,1,0,0,0,0,0,0,0,0,1,0,0,0,0,0,0,0,0,1
2018-01-18,17:41:00,03,07,01,07,01,,0,378691.374,4999736.142,False,January,0,0,0,0,0,0,0,0,1,0,0,0,0,0,0,0,0,0,1
2018-01-18,15:30:00,03,02,01,01,01,,0,362951.6318,5026465.785,False,January,0,0,0,0,0,0,0,0,0,0,0,1,0,0,0,0,0,0,1
2018-01-18,17:50:00,02,07,03,07,03,,0,366456.4192,4996335.174,False,January,0,0,0,0,0,0,0,0,1,0,0,0,0,0,0,0,0,0,1
2018-01-18,17:51:00,03,02,01,07,04,01,0,372560.7408,5017440.463,False,January,0,1,0,0,0,0,0,0,0,0,1,0,0,0,0,0,0,0,1
2018-01-18,,03,06,01,00,02,,0,366299.4765,5029358.681,False,January,0,0,0,0,0,0,0,0,1,0,0,0,0,0,0,0,0,0,1
2018-01-18,17:58:00,03,06,01,07,05,,0,368506.9335,5031404.0030000005,False,January,0,0,0,0,0,0,0,0,0,0,0,1,0,0,0,0,0,0,1
2018-01-18,,03,06,01,00,04,,0,363217.7535,5027253.737,False,January,0,0,0,0,0,0,0,0,1,0,0,0,0,0,0,0,0,0,1
2018-01-18,19:02:00,03,06,01,07,01,,0,365059.54799999995,5014480.466,False,January,0,0,0,0,0,0,0,0,0,0,0,1,0,0,0,0,0,0,1
2018-01-18,19:11:00,03,04,01,07,02,,0,368373.1926,5031831.97,False,January,0,0,0,0,0,0,0,0,1,0,0,0,0,0,0,0,0,0,1
2018-01-18,19:16:00,03,07,01,07,01,,0,378040.7422,4998803.983,False,January,0,0,0,0,0,0,0,0,1,0,0,0,0,0,0,0,0,0,1
2018-01-18,19:18:00,03,03,01,07,01,01,0,379617.7471,5033274.563,False,January,1,0,0,0,0,0,0,0,0,1,0,0,0,0,0,0,0,0,1
2018-01-18,19:20:00,02,05,01,07,02,01,0,364275.6924,5027493.534,False,January,1,0,0,0,0,0,0,0,0,0,1,0,0,0,0,0,0,0,1
2018-01-18,19:44:00,02,04,01,07,01,01,0,364358.7027,5024890.513,False,January,1,0,0,0,0,0,0,0,0,1,0,0,0,0,0,0,0,0,1
2018-01-18,19:55:00,03,04,01,07,01,01,0,364880.7063,5025067.52,False,January,1,0,0,0,0,0,0,0,0,1,0,0,0,0,0,0,0,0,1
2018-01-18,20:06:00,02,05,01,07,02,01,0,375907.2051,5014804.675,False,January,1,0,0,0,0,0,0,0,0,0,1,0,0,0,0,0,0,0,1
2018-01-18,20:25:00,03,03,01,07,01,01,0,367948.7097,5031549.576,False,January,1,0,0,0,0,0,0,0,0,1,0,0,0,0,0,0,0,0,1
2018-01-18,20:48:00,02,02,01,07,02,01,0,343839.8569,5004007.71,False,January,0,1,0,0,0,0,0,0,0,0,1,0,0,0,0,0,0,0,1
2018-01-18,21:14:00,02,05,01,07,02,01,0,372465.7284,5030279.553,False,January,1,0,0,0,0,0,0,0,0,0,1,0,0,0,0,0,0,0,1
2018-01-18,23:01:00,03,04,01,07,02,01,0,369127.7972,5033487.134,False,January,1,0,0,0,0,0,0,0,0,1,0,0,0,0,0,0,0,0,1
2018-01-19,06:32:00,03,03,01,07,02,,0,385926.2363,5041933.579,False,January,0,0,0,0,0,0,0,0,1,0,0,0,0,0,0,0,0,0,1
2018-01-19,06:57:00,03,07,01,03,02,,0,378314.3238,4999507.271000001,False,January,0,0,0,0,0,0,0,0,1,0,0,0,0,0,0,0,0,0,1
2018-01-18,19:10:00,03,02,01,07,02,,0,349922.43200000003,5017094.829,False,January,0,0,0,0,0,0,0,0,0,0,0,1,0,0,0,0,0,0,1
2018-01-19,09:07:00,03,03,01,01,01,01,0,365348.6993,5027997.5430000005,False,January,1,0,0,0,0,0,0,0,0,1,0,0,0,0,0,0,0,0,1
2018-01-19,09:16:00,02,02,01,01,02,,0,365390.4656,5030160.763,False,January,0,0,0,0,0,0,0,0,0,0,0,1,0,0,0,0,0,0,1
2018-01-19,11:08:00,03,05,01,01,04,,0,362975.9491,5026405.655,False,January,0,0,0,0,0,0,0,0,1,0,0,0,0,0,0,0,0,0,1
2018-01-19,11:21:00,03,03,01,01,02,01,0,359040.7311,5023377.007,False,January,1,0,0,0,0,0,0,0,0,1,0,0,0,0,0,0,0,0,1
2018-01-19,12:38:00,03,03,01,01,02,01,0,364673.6969,5024151.5139999995,False,January,0,1,0,0,0,0,0,0,0,0,1,0,0,0,0,0,0,0,1
2018-01-19,11:30:00,02,07,01,01,02,,1,370959.8168,5032771.574,False,January,0,0,0,0,0,0,0,0,1,0,0,0,0,0,0,0,0,0,1
2018-01-19,13:16:00,03,02,01,01,02,01,0,385756.0453,5031833.927,False,January,1,0,0,0,0,0,0,0,0,0,1,0,0,0,0,0,0,0,1
2018-01-19,13:19:00,03,03,01,01,02,,0,364834.1252,5023782.131,False,January,0,0,0,0,0,0,0,0,1,0,0,0,0,0,0,0,0,0,1
2018-01-19,13:29:00,03,02,01,01,02,01,0,388559.7987,5032375.526000001,False,January,0,1,0,0,0,0,0,0,0,0,1,0,0,0,0,0,0,0,1
2018-01-19,13:30:00,03,04,01,01,04,01,0,368427.714,5029328.562,False,January,0,1,0,0,0,0,0,0,0,1,0,0,0,0,0,0,0,0,1
2018-01-19,13:42:00,03,04,01,01,02,,0,364834.3177,5023781.691000001,False,January,0,0,0,0,0,0,0,0,1,0,0,0,0,0,0,0,0,0,1
2018-01-19,14:00:00,02,05,01,01,02,01,0,375907.2051,5014803.998,False,January,1,0,0,0,0,0,0,0,0,0,1,0,0,0,0,0,0,0,1
2018-01-19,14:18:00,02,03,01,01,02,,0,370772.908,5030920.289,True,January,0,0,0,0,0,0,0,0,1,0,0,0,0,0,0,0,0,0,1
2018-01-19,12:00:00,03,03,01,01,01,01,0,364737.1351,5024005.45,False,January,1,0,0,0,0,0,0,0,0,1,0,0,0,0,0,0,0,0,1
2018-01-19,14:45:00,03,03,01,01,01,,0,375129.0523,5027332.963,False,January,0,0,0,0,0,0,0,0,1,0,0,0,0,0,0,0,0,0,1
2018-01-19,08:40:00,03,03,01,01,03,,0,371599.3265,5032415.472,False,January,0,0,0,0,0,0,0,0,1,0,0,0,0,0,0,0,0,0,1
2018-01-19,14:45:00,03,03,01,01,01,,0,363286.6738,5025634.79,False,January,0,0,0,0,0,0,0,0,1,0,0,0,0,0,0,0,0,0,1
2018-01-19,18:12:00,03,02,01,07,02,,0,369706.3752,5023332.119,False,January,0,0,0,0,0,0,0,0,0,0,1,0,0,0,0,0,0,0,1
2018-01-19,18:22:00,03,04,01,07,01,,0,374095.2915,5022669.964,False,January,0,0,0,0,0,0,0,0,1,0,0,0,0,0,0,0,0,0,1
2018-01-19,19:01:00,02,03,01,07,02,,0,367658.8134,5021882.54,False,January,0,0,0,0,0,0,0,0,1,0,0,0,0,0,0,0,0,0,1
2018-01-19,19:23:00,03,04,01,07,02,,0,362542.1461,5023789.898,False,January,0,0,0,0,0,0,0,0,1,0,0,0,0,0,0,0,0,0,1
2018-01-19,20:45:00,03,04,01,07,01,01,0,367907.7073,5030188.565,False,January,1,0,0,0,0,0,0,0,0,1,0,0,0,0,0,0,0,0,1
2018-01-19,20:47:00,03,02,03,07,03,01,0,364844.69399999996,5026809.538,False,January,1,0,0,0,0,0,0,0,0,1,0,0,0,0,0,0,0,0,1
2018-01-19,21:06:00,03,05,01,07,02,01,0,367526.7013,5030815.565,False,January,1,0,0,0,0,0,0,0,0,0,1,0,0,0,0,0,0,0,1
2018-01-19,23:16:00,03,07,01,07,02,01,0,365383.0392,5013222.72,False,January,0,0,0,0,0,0,0,1,0,0,1,0,0,0,0,0,0,0,1
2018-01-19,23:51:00,03,07,02,07,02,01,0,367412.6964,5026904.598,False,January,0,1,0,0,0,0,0,0,0,1,0,0,0,0,0,0,0,0,1
2018-01-20,00:29:00,03,03,04,07,06,01,0,360765.6777,5022186.502,False,January,0,1,0,0,0,0,0,0,0,1,0,0,0,0,0,0,0,0,1
2018-01-20,00:46:00,03,06,01,07,05,,0,368930.1045,5033727.404,False,January,0,0,0,0,0,0,0,0,1,0,0,0,0,0,0,0,0,0,1
2018-01-20,00:50:00,03,02,02,07,06,01,0,380630.4311,5036981.113,False,January,1,0,0,0,0,0,0,0,0,0,1,0,0,0,0,0,0,0,1
2018-01-20,01:40:00,02,07,03,07,06,,0,365134.4341,5030414.84,False,January,0,0,0,0,0,0,0,0,1,0,0,0,0,0,0,0,0,0,1
2018-01-20,05:17:00,02,06,01,07,02,,0,366815.7953,5025198.364,False,January,0,0,0,0,0,0,0,0,1,0,0,0,0,0,0,0,0,0,1
2018-01-10,11:45:00,02,03,03,01,04,01,0,372212.7033,5002825.333000001,False,January,0,1,0,0,0,0,0,0,0,1,0,0,0,0,0,0,0,0,1
2018-01-20,12:42:00,03,05,01,01,01,01,0,363419.6901,5021826.4860000005,False,January,1,0,0,0,0,0,0,0,0,0,1,0,0,0,0,0,0,0,1
2018-01-20,12:15:00,03,03,01,01,01,01,0,364742.6509,5025129.4969999995,False,January,1,0,0,0,0,0,0,0,0,1,0,0,0,0,0,0,0,0,1
2018-01-20,12:52:00,03,05,01,01,01,01,0,371946.7274,5024129.5,False,January,1,0,0,0,0,0,0,0,0,0,1,0,0,0,0,0,0,0,1
2018-01-20,13:13:00,03,03,01,01,01,01,0,363194.6846,5022397.492,False,January,1,0,0,0,0,0,0,0,0,1,0,0,0,0,0,0,0,0,1
2018-01-20,14:22:00,03,04,01,01,02,01,0,381798.7508,5035073.557,False,January,1,0,0,0,0,0,0,0,0,1,0,0,0,0,0,0,0,0,1
2018-01-20,15:15:00,03,03,01,01,03,01,0,368167.7111,5026222.522,False,January,1,0,0,0,0,0,0,0,0,1,0,0,0,0,0,0,0,0,1
2018-01-20,15:41:00,02,04,01,01,01,01,0,370884.7236,5030557.57,False,January,1,0,0,0,0,0,0,0,0,1,0,0,0,0,0,0,0,0,1
2018-01-20,15:39:00,03,04,01,01,01,01,0,371092.7218,5030527.557,False,January,0,1,0,0,0,0,0,0,0,1,0,0,0,0,0,0,0,0,1
2018-01-20,15:51:00,03,05,01,01,01,01,0,368511.7072,5032413.589,False,January,1,0,0,0,0,0,0,0,0,0,1,0,0,0,0,0,0,0,1
2018-01-20,14:00:00,03,06,01,01,02,,0,364508.11299999995,5011576.407,False,January,0,0,0,0,0,0,0,0,0,0,0,1,0,0,0,0,0,0,1
2018-01-20,16:06:00,03,0,01,01,01,,0,371997.482,5032448.109,False,January,0,0,0,0,0,0,0,0,1,0,0,0,0,0,0,0,0,0,1
2018-01-20,13:45:00,03,0,01,01,01,01,0,367115.7386,5030569.015,False,January,1,0,0,0,0,0,0,0,0,0,1,0,0,0,0,0,0,0,1
2018-01-20,16:43:00,03,03,01,05,06,,0,370764.8074,5030842.772,False,January,0,0,0,0,0,0,0,0,1,0,0,0,0,0,0,0,0,0,1
2018-01-20,16:30:00,03,03,01,05,02,,0,370333.5056,5032055.277,False,January,0,0,0,0,0,0,0,0,1,0,0,0,0,0,0,0,0,0,1
2018-01-20,17:33:00,03,04,01,05,02,01,0,379860.7428,5036471.581,False,January,0,0,0,0,0,0,0,1,0,0,1,0,0,0,0,0,0,0,1
2018-01-20,17:49:00,03,05,01,07,02,01,0,367912.6972,5032713.588,False,January,0,1,0,0,0,0,0,0,0,0,1,0,0,0,0,0,0,0,1
2018-01-20,18:03:00,03,03,01,07,01,,0,358670.1081,5021850.648,False,January,0,0,0,0,0,0,0,0,1,0,0,0,0,0,0,0,0,0,1
2018-01-20,18:38:00,03,07,01,07,03,01,0,347235.4509,4995376.657,False,January,0,1,0,0,0,0,0,0,0,0,1,0,0,0,0,0,0,0,1
2018-01-20,,03,06,01,00,02,,0,368603.1651,5025576.632,False,January,0,0,0,0,0,0,0,0,1,0,0,0,0,0,0,0,0,0,1
2018-01-20,22:09:00,03,04,01,07,01,,0,367314.8114,5019113.176,False,January,0,0,0,0,0,0,0,0,1,0,0,0,0,0,0,0,0,0,1
2018-01-20,22:53:00,03,03,01,07,01,01,0,368121.1047,5026647.221,False,January,1,0,0,0,0,0,0,0,0,1,0,0,0,0,0,0,0,0,1
2018-01-21,01:16:00,03,02,01,07,02,01,0,369303.6718,5027895.25,False,January,1,0,0,0,0,0,0,0,0,0,1,0,0,0,0,0,0,0,1
2018-01-21,07:10:00,03,07,01,03,01,,0,376418.7619,5034911.414,False,January,0,0,0,0,0,0,0,0,1,0,0,0,0,0,0,0,0,0,1
2018-01-20,18:30:00,03,06,01,07,01,,0,360963.9694,5023270.147,False,January,0,0,0,0,0,0,0,0,0,0,0,1,0,0,0,0,0,0,1
2018-01-02,14:30:00,03,03,03,01,03,,0,384417.2353,5035017.658,False,January,0,0,0,0,0,0,0,0,1,0,0,0,0,0,0,0,0,0,1
2018-01-21,11:23:00,02,03,01,01,01,01,0,362549.6901,5023770.505,False,January,1,0,0,0,0,0,0,0,0,1,0,0,0,0,0,0,0,0,1
2018-01-21,11:30:00,03,02,01,01,01,,0,356858.7147,5020331.238,False,January,0,0,0,0,0,0,0,0,0,0,0,1,0,0,0,0,0,0,1
2018-01-21,14:21:00,03,07,01,01,01,,0,392413.6828,5010960.742,False,January,0,0,0,0,0,0,0,0,1,0,0,0,0,0,0,0,0,0,1
2018-01-21,14:34:00,03,04,01,01,01,,0,371006.2595,5032777.034,False,January,0,0,0,0,0,0,0,0,1,0,0,0,0,0,0,0,0,0,1
2018-01-21,14:30:00,03,04,01,01,01,01,0,361479.6763,5020502.478999999,False,January,1,0,0,0,0,0,0,0,0,1,0,0,0,0,0,0,0,0,1
2018-01-21,14:49:00,02,01,01,01,02,,0,355124.3535,5017133.813999999,False,January,0,0,0,0,0,0,0,0,1,0,0,0,0,0,0,0,0,0,1
2018-01-21,15:24:00,02,03,01,01,01,01,0,367390.7111,5021523.487,False,January,1,0,0,0,0,0,0,0,0,0,1,0,0,0,0,0,0,0,1
2018-01-21,15:36:00,03,05,01,01,01,,0,370902.9236,5021118.217,False,January,0,0,0,0,0,0,0,0,1,0,0,0,0,0,0,0,0,0,1
2018-01-21,,03,06,01,00,01,,0,364398.0748,5028985.408,False,January,0,0,0,0,0,0,0,0,1,0,0,0,0,0,0,0,0,0,1
2018-01-21,15:30:00,03,05,01,01,01,,0,367318.7033,5029643.552,False,January,0,0,0,0,0,0,0,0,0,0,1,0,0,0,0,0,0,0,1
2018-01-21,,03,06,01,00,02,,0,363050.3221,5026129.25,False,January,0,0,0,0,0,0,0,0,1,0,0,0,0,0,0,0,0,0,1
2018-01-21,17:19:00,03,07,03,05,02,,0,346482.4233,5024922.598,False,January,0,0,0,0,0,0,0,0,1,0,0,0,0,0,0,0,0,0,1
2018-01-19,17:21:00,03,05,01,05,02,01,0,370492.7222,5026902.538,False,January,1,0,0,0,0,0,0,0,0,0,1,0,0,0,0,0,0,0,1
2018-01-21,19:45:00,03,03,04,07,02,01,0,357907.6513,5018498.456,False,January,1,0,0,0,0,0,0,0,0,1,0,0,0,0,0,0,0,0,1
2018-01-21,20:49:00,03,03,01,07,01,,0,368525.3847,5031319.511,False,January,0,0,0,0,0,0,0,0,1,0,0,0,0,0,0,0,0,0,1
2018-01-21,21:32:00,03,02,01,07,01,01,0,349864.2602,5023400.206,False,January,1,0,0,0,0,0,0,0,0,0,1,0,0,0,0,0,0,0,1
2018-01-21,23:09:00,03,07,03,07,05,01,0,373224.4611,5034516.592,False,January,1,0,0,0,0,0,0,0,0,0,1,0,0,0,0,0,0,0,1
2018-01-22,07:15:00,03,03,03,03,05,01,0,384262.1286,5035420.69,False,January,1,0,0,0,0,0,0,0,0,1,0,0,0,0,0,0,0,0,1
2018-01-22,07:37:00,03,05,01,03,02,,0,346695.1106,5014825.76,False,January,0,0,0,0,0,0,0,0,1,0,0,0,0,0,0,0,0,0,1
2018-01-22,09:33:00,03,02,01,01,06,,0,370744.7216,5035408.796,False,January,0,0,0,0,0,0,0,0,0,0,0,1,0,0,0,0,0,0,1
2018-01-22,09:45:00,03,03,01,01,02,01,0,361767.6838,5025725.513,False,January,1,0,0,0,0,0,0,0,0,1,0,0,0,0,0,0,0,0,1
2018-01-22,10:51:00,03,02,01,01,02,01,0,365341.6965,5028208.553,False,January,0,1,0,0,0,0,0,0,0,0,1,0,0,0,0,0,0,0,1
2018-01-22,,03,06,01,00,02,,0,365885.0134,5015156.706,False,January,0,0,0,0,0,0,0,0,1,0,0,0,0,0,0,0,0,0,1
2018-01-21,13:00:00,03,03,01,01,01,01,0,363056.6898,5022730.494,False,January,1,0,0,0,0,0,0,0,0,1,0,0,0,0,0,0,0,0,1
2018-01-22,13:02:00,03,03,01,01,01,01,0,364521.6984,5024507.526000001,False,January,1,0,0,0,0,0,0,0,0,1,0,0,0,0,0,0,0,0,1
2018-01-20,,03,06,01,00,04,,0,382633.6949,5036144.287,False,January,0,0,0,0,0,0,0,0,1,0,0,0,0,0,0,0,0,0,1
2018-01-22,14:19:00,02,02,01,01,02,01,0,369987.8867,5029120.227,False,January,1,0,0,0,0,0,0,0,0,0,1,0,0,0,0,0,0,0,1
2018-01-22,14:27:00,02,03,03,01,03,01,0,367321.706,5030792.563,False,January,0,1,0,0,0,0,0,0,0,0,1,0,0,0,0,0,0,0,1