DATE,TIME,CLASS_OF_ACCIDENT,IMPACT_TYPE,ENVIRONMENT,LIGHT,ROAD_SURFACE_CONDITION,TRAFFIC_CONTROL_CONDITION,NO_OF_PEDESTRIANS,X,Y,Highway,Month,categorical_TRAFFIC_CONTROL_01,categorical_TRAFFIC_CONTROL_02,categorical_TRAFFIC_CONTROL_03,categorical_TRAFFIC_CONTROL_04,categorical_TRAFFIC_CONTROL_07,categorical_TRAFFIC_CONTROL_08,categorical_TRAFFIC_CONTROL_09,categorical_TRAFFIC_CONTROL_11,categorical_ACCIDENT_LOCATION_01,categorical_ACCIDENT_LOCATION_02,categorical_ACCIDENT_LOCATION_03,categorical_ACCIDENT_LOCATION_04,categorical_ACCIDENT_LOCATION_05,categorical_ACCIDENT_LOCATION_06,categorical_ACCIDENT_LOCATION_07,categorical_Seasons_Fall,categorical_Seasons_Spring,categorical_Seasons_Summer,categorical_Seasons_Winter
2018-01-22,14:48:00,03,06,01,01,02,,0,367002.635,5030000.612,False,January,0,0,0,0,0,0,0,0,1,0,0,0,0,0,0,0,0,0,1
2018-01-22,,03,06,03,00,03,,0,369231.2763,5033681.576,False,January,0,0,0,0,0,0,0,0,1,0,0,0,0,0,0,0,0,0,1
2018-01-22,15:47:00,03,02,03,01,03,01,0,370065.7069,5032674.584,False,January,0,1,0,0,0,0,0,0,0,0,1,0,0,0,0,0,0,0,1
2018-01-22,15:50:00,03,07,01,01,02,,0,325153.8957,5032692.803,False,January,0,0,0,0,0,0,0,0,1,0,0,0,0,0,0,0,0,0,1
2018-01-22,15:56:00,03,03,03,01,03,,0,368579.7128,5028961.526000001,False,January,0,0,0,0,0,0,0,0,0,0,0,1,0,0,0,0,0,0,1
2018-01-22,16:19:00,03,05,03,01,03,01,0,373828.7218,5032800.577,False,January,1,0,0,0,0,0,0,0,0,0,1,0,0,0,0,0,0,0,1
2018-01-22,16:36:00,02,07,03,05,06,,0,356749.6429,5010526.105,False,January,0,0,0,0,0,0,0,0,1,0,0,0,0,0,0,0,0,0,1
2018-01-22,16:37:00,03,04,03,05,03,,0,381323.0442,5034794.831,False,January,0,0,0,0,0,0,0,0,1,0,0,0,0,0,0,0,0,0,1
2018-01-22,16:43:00,03,02,03,05,03,01,0,369470.7145,5031504.581,False,January,0,1,0,0,0,0,0,0,0,0,1,0,0,0,0,0,0,0,1
2018-01-22,,03,06,01,00,02,,0,368527.3312,5029224.843,False,January,0,0,0,0,0,0,0,0,1,0,0,0,0,0,0,0,0,0,1
2018-01-22,16:30:00,03,07,03,05,06,01,0,383120.0925,5038786.291,False,January,1,0,0,0,0,0,0,0,0,1,0,0,0,0,0,0,0,0,1
2018-01-22,16:49:00,03,02,01,05,01,01,0,369512.7539,5031781.275,False,January,0,1,0,0,0,0,0,0,0,0,1,0,0,0,0,0,0,0,1
2018-01-22,17:03:00,03,03,03,05,05,01,0,384072.7636,5035874.563,False,January,1,0,0,0,0,0,0,0,0,0,1,0,0,0,0,0,0,0,1
2018-01-22,17:26:00,03,06,03,05,06,,0,368218.1137,5032598.535,False,January,0,0,0,0,0,0,0,0,1,0,0,0,0,0,0,0,0,0,1
2018-01-22,17:56:00,03,01,03,07,03,01,0,362282.6922,5024441.52,False,January,1,0,0,0,0,0,0,0,0,1,0,0,0,0,0,0,0,0,1
2018-01-22,17:57:00,02,07,03,07,03,01,1,368948.6641,5033055.893999999,False,January,0,1,0,0,0,0,0,0,0,0,1,0,0,0,0,0,0,0,1
2018-01-22,18:13:00,03,05,03,07,03,01,0,361294.6675,5015664.442,False,January,1,0,0,0,0,0,0,0,0,0,1,0,0,0,0,0,0,0,1
2018-01-21,,03,06,01,00,01,,0,369536.9881,5023503.977,False,January,0,0,0,0,0,0,0,0,1,0,0,0,0,0,0,0,0,0,1
2018-01-22,18:21:00,03,02,03,07,03,,0,367685.5409,5030910.066000001,False,January,0,0,0,0,0,0,0,0,0,0,0,1,0,0,0,0,0,0,1
2018-01-22,16:30:00,03,04,03,05,04,01,0,352323.6221,5021528.488,False,January,1,0,0,0,0,0,0,0,0,0,1,0,0,0,0,0,0,0,1
2018-01-22,18:23:00,03,05,03,07,03,01,0,365527.3772,5015321.482,False,January,1,0,0,0,0,0,0,0,0,0,1,0,0,0,0,0,0,0,1
2018-01-22,18:40:00,02,04,04,07,06,,0,362232.7562,5023570.106000001,False,January,0,0,0,0,0,0,0,0,1,0,0,0,0,0,0,0,0,0,1
2018-01-22,18:56:00,03,02,03,07,03,01,0,373401.7229,5031681.558999999,False,January,0,1,0,0,0,0,0,0,0,0,1,0,0,0,0,0,0,0,1
2018-01-22,19:07:00,03,05,03,07,05,01,0,372091.6332,5030434.623,False,January,1,0,0,0,0,0,0,0,0,0,1,0,0,0,0,0,0,0,1
2018-01-21,,03,06,01,00,05,,0,348570.51200000005,5019882.183,False,January,0,0,0,0,0,0,0,0,1,0,0,0,0,0,0,0,0,0,1
2018-01-22,18:00:00,03,03,04,07,05,,0,368048.1514,5032125.523,False,January,0,0,0,0,0,0,0,0,1,0,0,0,0,0,0,0,0,0,1
2018-01-22,19:39:00,03,07,03,07,03,,0,369985.4976,5025641.77,False,January,0,0,0,0,0,0,0,0,1,0,0,0,0,0,0,0,0,0,1
2018-01-22,21:37:00,03,07,03,07,03,,0,366418.0535,5022431.612,False,January,0,0,0,0,0,0,0,0,1,0,0,0,0,0,0,0,0,0,1
2018-01-22,23:15:00,03,07,04,07,06,,0,357248.6569,5014743.938,False,January,0,0,0,0,0,0,0,0,1,0,0,0,0,0,0,0,0,0,1
2018-01-23,00:39:00,03,02,04,07,06,01,0,372402.3878,5028586.55,False,January,0,1,0,0,0,0,0,0,0,0,1,0,0,0,0,0,0,0,1
2018-01-23,01:15:00,03,07,04,07,04,,0,375006.5642,5016865.977,False,January,0,0,0,0,0,0,0,0,1,0,0,0,0,0,0,0,0,0,1
2018-01-23,01:24:00,03,07,04,07,06,,0,365483.4078,5018207.023,False,January,0,0,0,0,0,0,0,0,1,0,0,0,0,0,0,0,0,0,1
2018-01-23,06:19:00,03,05,04,07,04,01,0,381379.7446,5038723.598999999,False,January,1,0,0,0,0,0,0,0,0,0,1,0,0,0,0,0,0,0,1
2018-01-23,,03,06,04,00,06,,0,365612.9673,5020175.976,False,January,0,0,0,0,0,0,0,0,1,0,0,0,0,0,0,0,0,0,1
2018-01-23,07:27:00,02,03,04,03,06,01,0,347300.5773,5015926.448,True,January,1,0,0,0,0,0,0,0,0,1,0,0,0,0,0,0,0,0,1
2018-01-23,08:40:00,03,07,04,01,04,,0,388727.6999,5020496.401000001,False,January,0,0,0,0,0,0,0,0,1,0,0,0,0,0,0,0,0,0,1
2018-01-23,08:15:00,03,07,04,01,04,,0,342443.1717,5031370.262,False,January,0,0,0,0,0,0,0,0,1,0,0,0,0,0,0,0,0,0,1
2018-01-22,16:50:00,03,03,03,05,03,,0,350346.5488,5013209.818,False,January,0,0,0,0,0,0,0,0,1,0,0,0,0,0,0,0,0,0,1
2018-01-23,11:01:00,02,07,04,01,06,01,0,370156.0693,5015960.451,False,January,1,0,0,0,0,0,0,0,0,1,0,0,0,0,0,0,0,0,1
2018-01-23,10:14:00,03,07,04,01,06,,0,378044.1281,5025518.175,False,January,0,0,0,0,0,0,0,0,1,0,0,0,0,0,0,0,0,0,1
2018-01-23,13:21:00,03,0,02,01,03,,0,393006.4047,5042735.088,False,January,0,0,0,0,0,0,0,0,1,0,0,0,0,0,0,0,0,0,1
2018-01-23,13:46:00,03,0,02,01,02,,0,379284.1966,5036926.643,False,January,0,0,0,0,0,0,0,0,1,0,0,0,0,0,0,0,0,0,1
2018-01-23,13:20:00,03,0,04,01,04,,0,362289.8731,5018569.985,False,January,0,0,0,0,0,0,0,0,1,0,0,0,0,0,0,0,0,0,1
2018-01-23,14:38:00,03,02,02,01,02,,0,364341.8108,5014664.271000001,False,January,0,0,0,0,0,0,0,0,0,0,0,1,0,0,0,0,0,0,1
2018-01-23,16:05:00,03,04,01,01,02,01,0,376125.7299,5034853.575,False,January,1,0,0,0,0,0,0,0,0,1,0,0,0,0,0,0,0,0,1
2018-01-23,15:58:00,02,07,01,01,02,01,1,361845.47799999994,5026036.785,False,January,1,0,0,0,0,0,0,0,0,1,0,0,0,0,0,0,0,0,1
2018-01-23,16:30:00,03,04,02,05,02,01,0,368039.7055,5030267.572,False,January,1,0,0,0,0,0,0,0,0,1,0,0,0,0,0,0,0,0,1
2018-01-23,17:14:00,02,05,02,05,02,01,0,374907.89,5032661.54,False,January,1,0,0,0,0,0,0,0,0,0,1,0,0,0,0,0,0,0,1
2018-01-23,17:27:00,03,04,01,05,02,,0,365582.436,5029654.779,False,January,0,0,0,0,0,0,0,0,1,0,0,0,0,0,0,0,0,0,1
2018-01-23,18:00:00,03,07,02,07,02,,0,360878.2265,5014939.8889999995,False,January,0,0,0,0,0,0,0,0,1,0,0,0,0,0,0,0,0,0,1
2018-01-23,18:14:00,03,03,02,07,02,01,0,368739.7071,5032034.583000001,False,January,1,0,0,0,0,0,0,0,0,0,1,0,0,0,0,0,0,0,1
2018-01-23,19:59:00,02,07,04,07,04,01,1,365555.8394,5029699.284,False,January,1,0,0,0,0,0,0,0,0,0,1,0,0,0,0,0,0,0,1
2018-01-23,23:47:00,03,01,07,07,06,,0,358479.9471,5014057.006,False,January,0,0,0,0,0,0,0,0,1,0,0,0,0,0,0,0,0,0,1
2018-01-24,06:57:00,02,03,01,03,06,01,0,365416.6988,5028038.547,False,January,1,0,0,0,0,0,0,0,0,0,1,0,0,0,0,0,0,0,1
2018-01-24,07:05:00,03,07,01,03,06,,0,335163.5775,5023428.678,False,January,0,0,0,0,0,0,0,0,1,0,0,0,0,0,0,0,0,0,1
2018-01-24,07:29:00,02,04,01,03,06,01,0,368109.0468,5027766.436000001,False,January,1,0,0,0,0,0,0,0,0,1,0,0,0,0,0,0,0,0,1
2018-01-24,07:35:00,03,03,01,03,06,,0,379404.4443,5037007.399,False,January,0,0,0,0,0,0,0,0,1,0,0,0,0,0,0,0,0,0,1
2018-01-24,08:35:00,03,05,01,01,01,01,0,362679.6919,5027865.55,False,January,0,1,0,0,0,0,0,0,0,0,1,0,0,0,0,0,0,0,1
2018-01-24,08:45:00,02,03,01,01,02,,0,351896.8319,5021663.055,False,January,0,0,0,0,0,0,0,0,1,0,0,0,0,0,0,0,0,0,1
2018-01-24,08:49:00,02,05,01,01,01,01,0,362706.242,5023492.801,False,January,1,0,0,0,0,0,0,0,0,0,1,0,0,0,0,0,0,0,1
2018-01-24,08:48:00,03,02,01,01,01,01,0,363592.3417,5028305.249,False,January,0,1,0,0,0,0,0,0,0,0,1,0,0,0,0,0,0,0,1
2018-01-24,09:42:00,03,02,01,01,01,,0,374922.9987,5027836.558,False,January,0,0,0,0,0,0,0,0,0,0,0,1,0,0,0,0,0,0,1
2018-01-24,09:45:00,02,02,01,01,06,01,0,345200.5059,4997747.382,False,January,0,1,0,0,0,0,0,0,0,0,1,0,0,0,0,0,0,0,1
2018-01-23,,03,06,01,00,06,,0,365110.445,5013397.256,False,January,0,0,0,0,0,0,0,0,1,0,0,0,0,0,0,0,0,0,1
2018-01-24,10:06:00,03,06,03,01,06,,0,368854.7526,5031855.678,False,January,0,0,0,0,0,0,0,0,1,0,0,0,0,0,0,0,0,0,1
2018-01-24,10:15:00,03,04,01,01,01,,0,364975.9746,5023454.575,False,January,0,0,0,0,0,0,0,0,0,0,0,1,0,0,0,0,0,0,1
2018-01-24,10:31:00,03,05,01,01,02,01,0,359058.6715,5022748.4969999995,False,January,1,0,0,0,0,0,0,0,0,0,1,0,0,0,0,0,0,0,1
2018-01-24,10:31:00,03,07,01,01,06,,0,368179.9555,5027807.64,False,January,0,0,0,0,0,0,0,0,1,0,0,0,0,0,0,0,0,0,1
2018-01-24,10:51:00,02,03,01,01,01,01,0,360245.6788,5024781.512,False,January,1,0,0,0,0,0,0,0,0,1,0,0,0,0,0,0,0,0,1
2018-01-24,11:14:00,03,03,01,01,01,01,0,362282.6919,5024441.52,False,January,1,0,0,0,0,0,0,0,0,1,0,0,0,0,0,0,0,0,1
2018-01-24,11:05:00,03,03,01,01,06,01,0,368511.7066,5032413.59,False,January,1,0,0,0,0,0,0,0,0,1,0,0,0,0,0,0,0,0,1
2018-01-23,14:50:00,03,02,01,01,02,,0,377583.1343,5025372.633,False,January,0,0,0,0,0,0,0,0,0,0,0,1,0,0,0,0,0,0,1
2018-01-24,12:21:00,02,07,01,01,06,,1,373516.8389,5032884.534,False,January,0,0,0,0,0,0,0,0,0,0,0,1,0,0,0,0,0,0,1
2018-01-24,13:06:00,03,04,01,01,01,01,0,364275.6921,5027493.534,False,January,1,0,0,0,0,0,0,0,0,1,0,0,0,0,0,0,0,0,1
2018-01-24,,03,06,01,00,01,,0,368775.7194,5028490.123,False,January,0,0,0,0,0,0,0,0,1,0,0,0,0,0,0,0,0,0,1
2018-01-24,14:59:00,03,03,01,01,01,01,0,368418.7237,5024853.529,False,January,1,0,0,0,0,0,0,0,0,1,0,0,0,0,0,0,0,0,1
2018-01-24,15:03:00,03,04,03,01,05,,0,349040.9693,5024304.1389999995,False,January,0,0,0,0,0,0,0,0,1,0,0,0,0,0,0,0,0,0,1
2018-01-24,15:34:00,03,03,01,01,01,01,0,366106.1537,5015395.149,False,January,1,0,0,0,0,0,0,0,0,1,0,0,0,0,0,0,0,0,1
2018-01-24,15:49:00,03,03,01,01,01,,0,368451.9078,5031735.101,False,January,0,0,0,0,0,0,0,0,1,0,0,0,0,0,0,0,0,0,1
2018-01-13,23:36:00,03,04,01,07,02,01,0,367097.6976,5031526.573,False,January,1,0,0,0,0,0,0,0,0,1,0,0,0,0,0,0,0,0,1
2018-01-14,00:43:00,03,07,01,07,06,,0,366842.3964,5017388.063999999,False,January,0,0,0,0,0,0,0,0,1,0,0,0,0,0,0,0,0,0,1
2018-01-14,02:04:00,03,07,01,07,06,,0,364407.7981,5027551.4860000005,True,January,0,0,0,0,0,0,0,0,1,0,0,0,0,0,0,0,0,0,1
2018-01-14,02:40:00,02,01,01,07,06,,0,369633.4858,5024390.842,False,January,0,0,0,0,0,0,0,0,1,0,0,0,0,0,0,0,0,0,1
2018-01-14,03:17:00,03,07,01,07,05,,0,350740.1095,5018791.501,True,January,0,0,0,0,0,0,0,0,1,0,0,0,0,0,0,0,0,0,1
2018-01-14,06:12:00,03,07,01,07,02,,0,367409.4864,5033228.084,False,January,0,0,0,0,0,0,0,0,0,0,0,0,0,0,1,0,0,0,1
2018-01-14,07:31:00,03,07,01,03,05,,0,375031.7766,5016811.045,False,January,0,0,0,0,0,0,0,0,1,0,0,0,0,0,0,0,0,0,1
2018-01-14,07:35:00,03,06,01,03,06,,0,374096.5756,5025824.212,False,January,0,0,0,0,0,0,0,0,1,0,0,0,0,0,0,0,0,0,1
2018-01-14,08:21:00,03,02,01,01,04,01,0,373571.2596,5029259.82,False,January,1,0,0,0,0,0,0,0,0,0,1,0,0,0,0,0,0,0,1
2018-01-14,08:24:00,03,03,01,01,06,01,0,370802.0781,5031015.907,True,January,1,0,0,0,0,0,0,0,0,1,0,0,0,0,0,0,0,0,1
2018-01-13,12:30:00,03,07,05,01,05,,0,370396.4584,5029300.196,False,January,0,0,0,0,0,0,0,0,0,0,0,1,0,0,0,0,0,0,1
2018-01-12,,03,06,03,00,03,,0,369415.7106,5031595.576,False,January,0,0,0,0,0,0,0,0,1,0,0,0,0,0,0,0,0,0,1
2018-01-14,,03,06,01,00,01,,0,363115.7836,5025578.879,False,January,0,0,0,0,0,0,0,0,1,0,0,0,0,0,0,0,0,0,1
2018-01-13,12:15:00,03,02,01,01,05,,0,364450.6426,5025269.246,False,January,0,0,0,0,0,0,0,0,0,0,0,1,0,0,0,0,0,0,1
2018-01-14,,03,06,01,00,05,,0,364914.6961,5028771.351,False,January,0,0,0,0,0,0,0,0,1,0,0,0,0,0,0,0,0,0,1
2018-01-14,09:52:00,03,02,01,01,04,,0,372815.4208,5025386.427,False,January,0,0,0,0,0,0,0,0,0,0,0,1,0,0,0,0,0,0,1
2018-01-14,10:00:00,03,02,01,01,02,01,0,373098.6821,5030004.87,False,January,1,0,0,0,0,0,0,0,0,0,1,0,0,0,0,0,0,0,1
2018-01-13,,03,06,01,00,05,,0,349843.49700000003,5015844.901000001,False,January,0,0,0,0,0,0,0,0,1,0,0,0,0,0,0,0,0,0,1
2018-01-14,10:17:00,03,03,01,01,05,01,0,370851.7306,5024839.528,False,January,1,0,0,0,0,0,0,0,0,1,0,0,0,0,0,0,0,0,1
2018-01-14,10:22:00,03,02,01,01,02,01,0,364547.7652,5015173.325,False,January,1,0,0,0,0,0,0,0,0,0,1,0,0,0,0,0,0,0,1
2018-01-14,10:36:00,03,03,01,01,06,01,0,375199.7409,5031216.563999999,False,January,1,0,0,0,0,0,0,0,0,1,0,0,0,0,0,0,0,0,1
2018-01-14,10:57:00,03,04,01,01,03,,0,384573.32899999997,5034282.666999999,False,January,0,0,0,0,0,0,0,0,0,0,0,1,0,0,0,0,0,0,1
2018-01-14,11:07:00,03,03,01,01,04,,0,367230.088,5019059.988,False,January,0,0,0,0,0,0,0,0,1,0,0,0,0,0,0,0,0,0,1
2018-01-14,10:20:00,03,03,01,01,06,01,0,382890.8039,5038666.453,False,January,1,0,0,0,0,0,0,0,0,1,0,0,0,0,0,0,0,0,1
2018-01-14,11:46:00,03,04,01,01,05,01,0,362942.6977,5026488.527,False,January,1,0,0,0,0,0,0,0,0,1,0,0,0,0,0,0,0,0,1
2018-01-14,11:52:00,03,04,01,01,01,01,0,374639.7382,5025907.521000001,False,January,0,1,0,0,0,0,0,0,0,1,0,0,0,0,0,0,0,0,1
2018-01-14,11:45:00,03,07,01,01,01,,0,347653.7895,5025813.7360000005,False,January,0,0,0,0,0,0,0,0,1,0,0,0,0,0,0,0,0,0,1
2018-01-14,12:18:00,03,07,01,01,06,01,0,374501.9811,5034383.973,False,January,0,1,0,0,0,0,0,0,0,0,1,0,0,0,0,0,0,0,1
2018-01-14,12:21:00,02,05,01,01,02,01,0,369653.7199,5027427.548,False,January,1,0,0,0,0,0,0,0,0,0,1,0,0,0,0,0,0,0,1
2018-01-14,12:23:00,02,03,01,01,05,01,0,390896.8364,5014589.4180000005,False,January,0,1,0,0,0,0,0,0,0,1,0,0,0,0,0,0,0,0,1
2018-01-14,12:37:00,03,03,01,01,06,01,0,349864.6085,5023399.509,False,January,1,0,0,0,0,0,0,0,0,1,0,0,0,0,0,0,0,0,1
2018-01-14,12:39:00,03,03,01,01,02,01,0,367664.7032,5031877.577,False,January,1,0,0,0,0,0,0,0,0,1,0,0,0,0,0,0,0,0,1
2018-01-14,08:35:00,03,02,01,01,05,01,0,373053.0769,5029059.848999999,False,January,0,1,0,0,0,0,0,0,0,0,1,0,0,0,0,0,0,0,1
2018-01-14,13:03:00,03,03,01,01,04,01,0,363933.6839,5014784.416999999,False,January,1,0,0,0,0,0,0,0,0,1,0,0,0,0,0,0,0,0,1
2018-01-14,13:05:00,02,03,01,01,01,01,0,351269.7177,5018181.775,False,January,1,0,0,0,0,0,0,0,0,1,0,0,0,0,0,0,0,0,1
2018-01-14,13:11:00,03,07,01,01,04,,0,367889.2122,5033271.183999999,False,January,0,0,0,0,0,0,0,0,1,0,0,0,0,0,0,0,0,0,1
2018-01-14,13:38:00,03,02,01,01,05,,0,375260.9488,5026723.926,False,January,0,0,0,0,0,0,0,0,0,0,0,1,0,0,0,0,0,0,1
2018-01-14,14:07:00,03,05,01,01,01,01,0,362949.5871,5013991.964,False,January,0,1,0,0,0,0,0,0,0,0,1,0,0,0,0,0,0,0,1
2018-01-14,14:23:00,03,04,01,01,01,,0,374964.8674,5031062.411,True,January,0,0,0,0,0,0,0,0,1,0,0,0,0,0,0,0,0,0,1
2018-01-14,14:45:00,03,06,01,01,05,,0,364656.6765,5016854.183999999,False,January,0,0,0,0,0,0,0,0,0,0,0,1,0,0,0,0,0,0,1
2018-01-14,15:14:00,02,03,01,01,02,,0,368537.8447,5027345.737,False,January,0,0,0,0,0,0,0,0,1,0,0,0,0,0,0,0,0,0,1
2018-01-14,16:27:00,03,05,01,01,06,01,0,367550.7119,5029087.558,False,January,0,1,0,0,0,0,0,0,0,0,1,0,0,0,0,0,0,0,1
2018-01-14,16:59:00,03,04,01,05,01,,0,362443.1739,5020673.993,False,January,0,0,0,0,0,0,0,0,1,0,0,0,0,0,0,0,0,0,1
2018-01-14,17:04:00,03,03,01,05,05,01,0,361863.6851,5020584.477,False,January,1,0,0,0,0,0,0,0,0,1,0,0,0,0,0,0,0,0,1
2018-01-14,17:28:00,03,03,01,05,01,01,0,374507.7237,5033198.575,False,January,1,0,0,0,0,0,0,0,0,0,1,0,0,0,0,0,0,0,1
2018-01-14,18:12:00,02,0,01,07,05,,0,364741.6497,5015287.77,False,January,0,0,0,0,0,0,0,0,1,0,0,0,0,0,0,0,0,0,1
2018-01-14,18:24:00,03,03,01,07,06,01,0,370802.0781,5031015.908,True,January,1,0,0,0,0,0,0,0,0,0,1,0,0,0,0,0,0,0,1
2018-01-13,,03,06,01,00,04,,0,368297.0213,5030985.368,False,January,0,0,0,0,0,0,0,0,1,0,0,0,0,0,0,0,0,0,1
2018-01-14,18:43:00,03,05,01,07,05,,0,369645.2104,5030944.114,True,January,0,0,0,0,0,0,0,0,0,0,0,1,0,0,0,0,0,0,1
2018-01-14,19:48:00,03,04,01,07,04,01,0,363742.6857,5017134.444,False,January,0,1,0,0,0,0,0,0,0,1,0,0,0,0,0,0,0,0,1
2018-01-14,20:26:00,03,04,01,07,02,,0,364197.5189,5027432.972,True,January,0,0,0,0,0,0,0,0,1,0,0,0,0,0,0,0,0,0,1
2018-01-14,21:32:00,03,07,01,07,01,,0,376647.7394,5031609.825,False,January,0,0,0,0,0,0,0,0,1,0,0,0,0,0,0,0,0,0,1
2018-01-15,03:35:00,03,07,01,07,04,01,0,361491.5116,5014098.852,False,January,1,0,0,0,0,0,0,0,0,1,0,0,0,0,0,0,0,0,1
2018-01-15,07:07:00,02,03,01,07,02,01,0,363419.6901,5021826.4860000005,False,January,1,0,0,0,0,0,0,0,0,1,0,0,0,0,0,0,0,0,1
2018-01-15,07:58:00,03,04,01,01,06,,0,374284.5883,5032455.719,False,January,0,0,0,0,0,0,0,0,1,0,0,0,0,0,0,0,0,0,1
2018-01-15,07:17:00,02,01,01,03,01,,0,384749.9292,5040583.808999999,False,January,0,0,0,0,0,0,0,0,1,0,0,0,0,0,0,0,0,0,1
2018-01-15,07:26:00,03,0,01,03,02,,0,372758.0268,5030839.431,False,January,0,0,0,0,0,0,0,0,1,0,0,0,0,0,0,0,0,0,1
2018-01-15,07:27:00,03,07,01,03,02,,0,343475.7356,5036279.416999999,False,January,0,0,0,0,0,0,0,0,1,0,0,0,0,0,0,0,0,0,1
2018-01-15,08:00:00,03,03,01,01,02,01,0,351553.6089,5017864.464,False,January,1,0,0,0,0,0,0,0,0,1,0,0,0,0,0,0,0,0,1
2018-01-15,08:30:00,02,07,01,01,01,01,0,352323.2738,5021528.488,False,January,1,0,0,0,0,0,0,0,0,0,1,0,0,0,0,0,0,0,1
2018-01-15,08:39:00,02,03,01,01,02,01,0,373902.7496,5028046.853999999,False,January,1,0,0,0,0,0,0,0,0,1,0,0,0,0,0,0,0,0,1
2018-01-15,08:54:00,02,03,01,01,01,01,0,366829.7099,5028935.553,False,January,1,0,0,0,0,0,0,0,0,1,0,0,0,0,0,0,0,0,1
2018-01-15,09:03:00,03,03,01,01,01,01,0,371143.7291,5026979.545,False,January,1,0,0,0,0,0,0,0,0,1,0,0,0,0,0,0,0,0,1
2018-01-15,09:08:00,03,06,01,01,03,,0,365041.43,5029212.68,False,January,0,0,0,0,0,0,0,0,1,0,0,0,0,0,0,0,0,0,1
2018-01-15,09:12:00,03,03,01,01,02,,0,349218.7932,4999441.6389999995,False,January,0,0,0,0,0,0,0,0,1,0,0,0,0,0,0,0,0,0,1
2018-01-15,09:10:00,03,02,01,01,04,,0,365241.19700000004,5012862.183999999,False,January,0,0,0,0,0,0,0,0,0,0,0,1,0,0,0,0,0,0,1
2018-01-15,09:23:00,03,02,03,01,06,01,0,391641.7215,5039326.763,False,January,0,1,0,0,0,0,0,0,0,0,1,0,0,0,0,0,0,0,1
2018-01-15,09:42:00,03,07,01,01,02,,0,353638.7215,5023156.313,False,January,0,0,0,0,0,0,0,0,1,0,0,0,0,0,0,0,0,0,1
2018-01-15,10:07:00,03,03,01,01,01,01,0,372823.7387,5024807.504,False,January,1,0,0,0,0,0,0,0,0,1,0,0,0,0,0,0,0,0,1
2018-01-12,,03,06,02,00,02,,0,367352.5574,5027083.927,False,January,0,0,0,0,0,0,0,0,1,0,0,0,0,0,0,0,0,0,1
2018-01-15,10:17:00,03,02,01,01,03,,0,366343.8267,5028753.673,False,January,0,0,0,0,0,0,0,0,0,0,0,1,0,0,0,0,0,0,1
2018-01-15,11:02:00,03,03,03,01,03,01,0,370802.0783,5031015.908,True,January,1,0,0,0,0,0,0,0,0,1,0,0,0,0,0,0,0,0,1
2018-01-15,11:10:00,03,02,01,01,05,,0,385880.6268,5036462.029,False,January,0,0,0,0,0,0,0,0,0,0,0,1,0,0,0,0,0,0,1
2018-01-15,11:54:00,03,03,02,01,02,01,0,373763.7395,5025404.523,False,January,1,0,0,0,0,0,0,0,0,1,0,0,0,0,0,0,0,0,1
2018-01-15,11:50:00,03,03,01,01,01,,0,364595.696,5027761.546,True,January,0,0,0,0,0,0,0,0,0,1,0,0,0,0,0,0,0,0,1
2018-01-15,11:58:00,03,02,01,01,05,01,0,381964.7402,5038137.592,False,January,1,0,0,0,0,0,0,0,0,1,0,0,0,0,0,0,0,0,1
2018-01-15,09:25:00,03,03,01,01,01,01,0,351269.7177,5018181.775,False,January,1,0,0,0,0,0,0,0,0,1,0,0,0,0,0,0,0,0,1
2018-01-15,12:20:00,03,03,01,01,02,01,0,381870.7504,5035883.574,False,January,1,0,0,0,0,0,0,0,0,1,0,0,0,0,0,0,0,0,1
2018-01-15,12:26:00,03,02,01,01,03,01,0,370366.0715,5027750.842,False,January,1,0,0,0,0,0,0,0,0,0,1,0,0,0,0,0,0,0,1
2018-01-15,12:28:00,03,03,01,01,01,01,0,375654.7353,5034556.586,False,January,1,0,0,0,0,0,0,0,0,1,0,0,0,0,0,0,0,0,1
2018-01-15,12:38:00,03,05,01,01,02,,0,378935.3375,5033394.086,False,January,0,0,0,0,0,0,0,0,0,0,0,1,0,0,0,0,0,0,1
2018-01-15,12:43:00,03,0,01,01,01,01,0,360552.9329,5022894.188999999,False,January,1,0,0,0,0,0,0,0,0,1,0,0,0,0,0,0,0,0,1
2018-01-15,12:47:00,03,04,01,01,01,01,0,353673.6255,5018424.46,False,January,1,0,0,0,0,0,0,0,0,1,0,0,0,0,0,0,0,0,1
2018-01-15,09:44:00,03,03,01,01,01,01,0,364853.7012,5026646.541999999,False,January,1,0,0,0,0,0,0,0,0,0,1,0,0,0,0,0,0,0,1
2018-01-15,13:11:00,03,04,01,01,01,01,0,367252.7083,5029796.567,False,January,1,0,0,0,0,0,0,0,0,1,0,0,0,0,0,0,0,0,1
2018-01-15,13:52:00,03,03,01,01,02,01,0,360245.6784,5024781.513,False,January,1,0,0,0,0,0,0,0,0,1,0,0,0,0,0,0,0,0,1