DATE,TIME,CLASS_OF_ACCIDENT,IMPACT_TYPE,ENVIRONMENT,LIGHT,ROAD_SURFACE_CONDITION,TRAFFIC_CONTROL_CONDITION,NO_OF_PEDESTRIANS,X,Y,Highway,Month,categorical_TRAFFIC_CONTROL_01,categorical_TRAFFIC_CONTROL_02,categorical_TRAFFIC_CONTROL_03,categorical_TRAFFIC_CONTROL_04,categorical_TRAFFIC_CONTROL_07,categorical_TRAFFIC_CONTROL_08,categorical_TRAFFIC_CONTROL_09,categorical_TRAFFIC_CONTROL_11,categorical_ACCIDENT_LOCATION_01,categorical_ACCIDENT_LOCATION_02,categorical_ACCIDENT_LOCATION_03,categorical_ACCIDENT_LOCATION_04,categorical_ACCIDENT_LOCATION_05,categorical_ACCIDENT_LOCATION_06,categorical_ACCIDENT_LOCATION_07,categorical_Seasons_Fall,categorical_Seasons_Spring,categorical_Seasons_Summer,categorical_Seasons_Winter
2018-01-15,14:32:00,03,03,01,01,01,01,0,381597.24600000004,5038180.816000001,False,January,1,0,0,0,0,0,0,0,0,1,0,0,0,0,0,0,0,0,1
2018-01-15,14:36:00,03,04,01,01,03,01,0,360597.6844,5022584.5,False,January,1,0,0,0,0,0,0,0,0,1,0,0,0,0,0,0,0,0,1
2018-01-12,16:18:00,02,07,04,05,06,00,0,384324.9994,5014088.89,False,January,0,1,0,0,0,0,0,0,0,1,0,0,0,0,0,0,0,0,1
2018-01-15,15:54:00,03,04,01,01,05,01,0,381798.7508,5035073.556,False,January,1,0,0,0,0,0,0,0,0,1,0,0,0,0,0,0,0,0,1
2018-01-15,16:00:00,02,03,01,05,06,,0,354908.4973,5016944.933999999,False,January,0,0,0,0,0,0,0,0,1,0,0,0,0,0,0,0,0,0,1
2018-01-15,16:15:00,03,04,01,01,05,01,0,366626.6551,5028809.844,False,January,1,0,0,0,0,0,0,0,0,1,0,0,0,0,0,0,0,0,1
2018-01-15,16:30:00,03,07,01,01,05,,0,350038.4498,5015396.397,False,January,0,0,0,0,0,0,0,0,0,0,0,1,0,0,0,0,0,0,1
2018-01-15,16:25:00,03,03,01,01,06,,0,382761.7929,5038939.723,False,January,0,0,0,0,0,0,0,0,0,1,0,0,0,0,0,0,0,0,1
2018-01-15,17:20:00,03,03,01,05,02,,0,394616.6043,5043035.517,False,January,0,0,0,0,0,0,0,0,1,0,0,0,0,0,0,0,0,0,1
2018-01-15,16:30:00,03,02,01,01,04,01,0,364031.6902,5023267.516,False,January,0,1,0,0,0,0,0,0,0,0,1,0,0,0,0,0,0,0,1
2018-01-15,17:43:00,03,03,01,07,02,01,0,359310.6666,5021789.491,False,January,1,0,0,0,0,0,0,0,0,0,1,0,0,0,0,0,0,0,1
2018-01-15,17:56:00,02,03,01,07,06,01,0,380596.5179,5033091.748,False,January,1,0,0,0,0,0,0,0,0,1,0,0,0,0,0,0,0,0,1
2018-01-15,18:15:00,03,03,01,07,01,01,0,372908.7212,5034446.585,False,January,0,1,0,0,0,0,0,0,0,1,0,0,0,0,0,0,0,0,1
2018-01-15,19:15:00,03,04,01,07,03,00,0,363094.6894,5028584.549,False,January,0,1,0,0,0,0,0,0,0,1,0,0,0,0,0,0,0,0,1
2018-01-09,15:40:00,03,07,03,01,05,,0,370153.1994,5030012.786,False,January,0,0,0,0,0,0,0,0,1,0,0,0,0,0,0,0,0,0,1
2018-01-09,16:37:00,03,02,01,01,02,01,0,350005.929,5013640.023,False,January,1,0,0,0,0,0,0,0,0,0,1,0,0,0,0,0,0,0,1
2018-01-09,17:26:00,03,02,01,05,01,,0,365046.7089,5029385.796,False,January,0,0,0,0,0,0,0,0,1,0,0,0,0,0,0,0,0,0,1
2018-01-09,17:37:00,03,04,01,05,04,01,0,367252.7091,5029796.566000001,False,January,1,0,0,0,0,0,0,0,0,1,0,0,0,0,0,0,0,0,1
2018-01-09,17:44:00,03,03,01,07,01,00,0,366992.7138,5029042.553,False,January,0,1,0,0,0,0,0,0,0,1,0,0,0,0,0,0,0,0,1
2018-01-09,17:44:00,03,07,03,07,03,,0,369476.88700000005,5029427.71,False,January,0,0,0,0,0,0,0,0,1,0,0,0,0,0,0,0,0,0,1
2018-01-09,17:46:00,03,07,03,07,03,,0,333562.8405,5023434.836,False,January,0,0,0,0,0,0,0,0,1,0,0,0,0,0,0,0,0,0,1
2018-01-02,23:00:00,03,05,03,07,04,01,0,384558.7151,5038047.866,False,January,0,1,0,0,0,0,0,0,0,0,1,0,0,0,0,0,0,0,1
2018-01-08,06:00:00,02,07,01,07,05,,1,369760.2964,5031019.961,False,January,0,0,0,0,0,0,0,0,1,0,0,0,0,0,0,0,0,0,1
2018-01-09,18:14:00,03,02,01,07,04,,0,381706.9937,5036863.692,False,January,0,0,0,0,0,0,0,0,0,0,0,1,0,0,0,0,0,0,1
2018-01-09,18:42:00,03,03,03,07,04,01,0,370684.7188,5030592.554,False,January,1,0,0,0,0,0,0,0,0,1,0,0,0,0,0,0,0,0,1
2018-01-09,18:55:00,03,05,01,07,02,01,0,366662.3496,5029787.566000001,False,January,1,0,0,0,0,0,0,0,0,0,1,0,0,0,0,0,0,0,1
2018-01-08,,03,06,03,00,03,,0,362723.5428,5026901.402,False,January,0,0,0,0,0,0,0,0,1,0,0,0,0,0,0,0,0,0,1
2018-01-09,19:12:00,03,05,01,07,01,,0,373065.167,5031805.483,False,January,0,0,0,0,0,0,0,0,0,0,0,1,0,0,0,0,0,0,1
2018-01-09,11:47:00,03,04,01,01,04,01,0,373364.7292,5029424.55,False,January,1,0,0,0,0,0,0,0,0,1,0,0,0,0,0,0,0,0,1
2018-01-09,20:10:00,03,05,01,07,02,01,0,370826.5288,5033473.42,False,January,1,0,0,0,0,0,0,0,0,0,1,0,0,0,0,0,0,0,1
2018-01-09,20:44:00,03,03,03,07,03,00,0,386424.8129,5014140.435,False,January,0,1,0,0,0,0,0,0,0,1,0,0,0,0,0,0,0,0,1
2018-01-09,21:40:00,02,02,01,07,01,01,0,373672.3897,5022923.513,False,January,1,0,0,0,0,0,0,0,0,0,1,0,0,0,0,0,0,0,1
2018-01-09,21:41:00,03,04,01,07,04,01,0,363520.6911,5026850.541999999,False,January,1,0,0,0,0,0,0,0,0,1,0,0,0,0,0,0,0,0,1
2018-01-09,23:18:00,02,07,01,07,04,,1,367987.0583,5031477.579,False,January,0,0,0,0,0,0,0,0,0,0,1,0,0,0,0,0,0,0,1
2018-01-10,02:54:00,03,07,01,07,02,01,0,376280.3927,5031840.17,False,January,1,0,0,0,0,0,0,0,0,1,0,0,0,0,0,0,0,0,1
2018-01-10,06:41:00,03,03,04,07,06,01,0,389860.7739,5042617.565,False,January,1,0,0,0,0,0,0,0,0,1,0,0,0,0,0,0,0,0,1
2018-01-10,06:59:00,02,05,01,03,04,01,0,366873.2418,5026438.377,False,January,1,0,0,0,0,0,0,0,0,0,1,0,0,0,0,0,0,0,1
2018-01-10,07:14:00,03,02,01,03,02,01,0,349987.2591,5023474.516,False,January,0,1,0,0,0,0,0,0,0,0,1,0,0,0,0,0,0,0,1
2018-01-10,07:20:00,03,07,01,03,05,,0,380612.8854,5038143.617,False,January,0,0,0,0,0,0,0,0,1,0,0,0,0,0,0,0,0,0,1
2018-01-10,07:54:00,03,03,01,03,06,01,0,360839.6814,5022007.494,False,January,1,0,0,0,0,0,0,0,0,1,0,0,0,0,0,0,0,0,1
2018-01-10,08:02:00,03,03,01,01,02,01,0,392542.7971,5042741.556,False,January,0,1,0,0,0,0,0,0,0,1,0,0,0,0,0,0,0,0,1
2018-01-10,07:00:00,03,02,01,03,05,01,0,377679.1054,5014172.135,False,January,0,1,0,0,0,0,0,0,0,0,1,0,0,0,0,0,0,0,1
2018-01-10,08:16:00,03,04,01,01,05,,0,365450.3962,5025576.43,False,January,0,0,0,0,0,0,0,0,1,0,0,0,0,0,0,0,0,0,1
2018-01-10,08:25:00,03,05,01,01,02,01,0,368163.6633,5031198.572,False,January,1,0,0,0,0,0,0,0,0,0,1,0,0,0,0,0,0,0,1
2018-01-10,08:16:00,03,03,01,01,05,,0,365441.8226,5025571.041,False,January,0,0,0,0,0,0,0,0,1,0,0,0,0,0,0,0,0,0,1
2018-01-10,08:59:00,02,02,01,01,01,00,0,359491.9718,5023527.2639999995,False,January,0,1,0,0,0,0,0,0,0,0,1,0,0,0,0,0,0,0,1
2018-01-09,09:02:00,03,02,01,01,06,,0,383383.9785,5037835.051,False,January,0,0,0,0,0,0,0,0,0,0,0,1,0,0,0,0,0,0,1
2018-01-10,09:05:00,03,03,01,01,01,,0,374217.9399,5030706.871,True,January,0,0,0,0,0,0,0,0,1,0,0,0,0,0,0,0,0,0,1
2018-01-10,09:17:00,02,02,01,01,02,01,0,382110.8323,5026270.9,False,January,0,1,0,0,0,0,0,0,0,0,1,0,0,0,0,0,0,0,1
2018-01-09,,03,06,03,00,05,,0,384262.099,5034786.823,False,January,0,0,0,0,0,0,0,0,1,0,0,0,0,0,0,0,0,0,1
2018-01-10,09:29:00,03,06,01,01,02,,0,352999.6276,5017120.255,False,January,0,0,0,0,0,0,0,0,1,0,0,0,0,0,0,0,0,0,1
2018-01-09,18:45:00,03,03,03,07,04,01,0,360597.6848,5022584.5,False,January,1,0,0,0,0,0,0,0,0,1,0,0,0,0,0,0,0,0,1
2018-01-10,09:05:00,03,03,01,01,06,01,0,360072.6708,5024471.513,False,January,1,0,0,0,0,0,0,0,0,1,0,0,0,0,0,0,0,0,1
2018-01-10,10:46:00,03,0,01,01,01,,0,352713.0697,5017635.654,False,January,0,0,0,0,0,0,0,0,0,0,0,1,0,0,0,0,0,0,1
2018-01-10,11:03:00,03,05,01,01,02,01,0,369716.9461,5028628.078,False,January,1,0,0,0,0,0,0,0,0,0,1,0,0,0,0,0,0,0,1
2018-01-10,11:21:00,03,05,03,01,02,01,0,367603.0578,5025873.538,False,January,1,0,0,0,0,0,0,0,0,0,1,0,0,0,0,0,0,0,1
2018-01-09,,03,06,01,00,05,,0,365137.0924,5026770.569,False,January,0,0,0,0,0,0,0,0,1,0,0,0,0,0,0,0,0,0,1
2018-01-07,19:00:00,03,06,03,07,03,,0,348587.30700000003,5023026.529,False,January,0,0,0,0,0,0,0,0,0,0,0,1,0,0,0,0,0,0,1
2018-01-10,12:13:00,02,02,01,01,01,01,0,364036.3322,5010032.782,False,January,0,1,0,0,0,0,0,0,0,0,1,0,0,0,0,0,0,0,1
2018-01-10,12:42:00,03,04,01,01,01,01,0,368694.7209,5026294.528,False,January,0,0,0,0,0,0,0,1,0,0,1,0,0,0,0,0,0,0,1
2018-01-10,12:56:00,03,02,01,01,02,01,0,363294.5017,5028337.473999999,False,January,0,1,0,0,0,0,0,0,0,0,1,0,0,0,0,0,0,0,1
2018-01-01,,03,06,01,00,05,,0,356219.5587,5015641.453,False,January,0,0,0,0,0,0,0,0,1,0,0,0,0,0,0,0,0,0,1
2018-01-10,13:28:00,03,03,01,01,02,01,0,370337.8514,5025947.735,False,January,1,0,0,0,0,0,0,0,0,1,0,0,0,0,0,0,0,0,1
2018-01-10,13:35:00,03,04,01,01,02,,0,370200.073,5025309.951,False,January,0,0,0,0,0,0,0,0,1,0,0,0,0,0,0,0,0,0,1
2018-01-10,14:10:00,03,04,01,01,03,,0,363822.5174,5025160.807,False,January,0,0,0,0,0,0,0,0,0,0,0,1,0,0,0,0,0,0,1
2018-01-10,13:52:00,03,04,01,01,01,,0,371169.1485,5026891.856000001,False,January,0,0,0,0,0,0,0,0,1,0,0,0,0,0,0,0,0,0,1
2018-01-10,14:30:00,03,03,01,01,06,01,0,382890.8034,5038666.452,False,January,1,0,0,0,0,0,0,0,0,1,0,0,0,0,0,0,0,0,1
2018-01-10,14:37:00,03,03,01,01,04,01,0,366489.7063,5029712.558,False,January,1,0,0,0,0,0,0,0,0,0,1,0,0,0,0,0,0,0,1
2018-01-05,,03,06,01,00,05,,0,368224.4969,5031136.271000001,False,January,0,0,0,0,0,0,0,0,1,0,0,0,0,0,0,0,0,0,1
2018-01-10,16:05:00,03,0,05,01,05,,0,372450.3,5034708.629,False,January,0,0,0,0,0,0,0,0,1,0,0,0,0,0,0,0,0,0,1
2018-01-10,17:02:00,03,04,04,05,02,01,0,368315.9328,5032191.978,False,January,1,0,0,0,0,0,0,0,0,1,0,0,0,0,0,0,0,0,1
2018-01-10,17:20:00,03,05,03,05,02,01,0,367153.4344,5031068.569,False,January,1,0,0,0,0,0,0,0,0,1,0,0,0,0,0,0,0,0,1
2018-01-10,17:37:00,03,03,04,05,04,00,0,363763.66299999994,5021067.234,False,January,1,0,0,0,0,0,0,0,0,1,0,0,0,0,0,0,0,0,1
2018-01-10,15:00:00,03,04,01,01,02,,0,372203.7237,5032204.567,False,January,0,0,0,0,0,0,0,0,1,0,0,0,0,0,0,0,0,0,1
2018-01-10,18:03:00,03,05,04,07,02,,0,378012.0217,5002769.19,False,January,0,0,0,0,0,0,0,0,1,0,0,0,0,0,0,0,0,0,1
2018-01-10,18:06:00,02,05,02,07,02,01,0,356781.1325,5015889.981000001,False,January,1,0,0,0,0,0,0,0,0,0,1,0,0,0,0,0,0,0,1
2018-01-10,18:04:00,03,03,04,07,03,01,0,373798.7315,5029097.549,False,January,1,0,0,0,0,0,0,0,0,0,1,0,0,0,0,0,0,0,1
2018-01-10,18:18:00,03,03,04,07,06,,0,379552.1942,5037082.233,False,January,0,0,0,0,0,0,0,0,1,0,0,0,0,0,0,0,0,0,1
2018-01-10,18:29:00,03,02,03,07,04,01,0,371785.8361,5033226.3,False,January,1,0,0,0,0,0,0,0,0,0,1,0,0,0,0,0,0,0,1
2018-01-10,18:46:00,03,02,01,07,02,,0,372188.081,5027097.392,False,January,0,0,0,0,0,0,0,0,0,0,0,1,0,0,0,0,0,0,1
2018-01-10,19:00:00,03,03,04,07,06,01,0,354386.0729,5015808.352,False,January,0,1,0,0,0,0,0,0,0,1,0,0,0,0,0,0,0,0,1
2018-01-10,19:35:00,02,02,04,07,06,01,0,379860.3941,5036472.278,False,January,0,0,0,0,0,0,0,1,0,0,1,0,0,0,0,0,0,0,1
2018-01-08,,03,06,01,00,05,,0,356220.0172,5015640.723,False,January,0,0,0,0,0,0,0,0,1,0,0,0,0,0,0,0,0,0,1
2018-01-10,19:51:00,02,02,04,07,06,01,0,379454.8192,5036918.968,False,January,1,0,0,0,0,0,0,0,0,1,0,0,0,0,0,0,0,0,1
2018-01-10,19:40:00,03,03,04,07,06,01,0,379617.7471,5033274.563,False,January,1,0,0,0,0,0,0,0,0,1,0,0,0,0,0,0,0,0,1
2018-01-10,14:30:00,03,06,01,01,05,,0,360489.6348,5025476.6680000005,False,January,0,0,0,0,0,0,0,0,0,0,0,1,0,0,0,0,0,0,1
2018-01-10,21:16:00,03,05,01,07,02,01,0,363520.3422,5026851.239,False,January,1,0,0,0,0,0,0,0,0,0,1,0,0,0,0,0,0,0,1
2018-01-09,08:10:00,03,04,03,01,03,,0,380839.2678,5037811.511,False,January,0,0,0,0,0,0,0,0,1,0,0,0,0,0,0,0,0,0,1
2018-01-10,23:59:00,03,07,04,07,06,,0,347038.5129,5016212.682,True,January,0,0,0,0,0,0,0,0,1,0,0,0,0,0,0,0,0,0,1
2018-01-11,01:28:00,03,07,04,07,06,,0,373222.8274,5029434.071,False,January,0,0,0,0,0,0,0,0,1,0,0,0,0,0,0,0,0,0,1
2018-01-11,01:44:00,03,03,02,07,02,,0,379967.8567,5024606.097,False,January,0,0,0,0,0,0,0,0,1,0,0,0,0,0,0,0,0,0,1
2018-01-11,05:19:00,03,07,04,07,06,,0,342241.0842,5027445.806,False,January,0,0,0,0,0,0,0,0,1,0,0,0,0,0,0,0,0,0,1
2018-01-11,06:39:00,03,07,01,07,04,,0,346282.5498,5035025.181,False,January,0,0,0,0,0,0,0,0,1,0,0,0,0,0,0,0,0,0,1
2018-01-11,07:04:00,03,07,04,03,06,,0,389493.37,5018403.914,False,January,0,0,0,0,0,0,0,0,1,0,0,0,0,0,0,0,0,0,1
2018-01-11,07:13:00,03,02,02,03,06,01,0,383490.7063,5038090.88,False,January,0,1,0,0,0,0,0,0,0,0,1,0,0,0,0,0,0,0,1
2018-01-11,07:25:00,03,03,01,03,04,01,0,365625.98,5028172.87,False,January,1,0,0,0,0,0,0,0,0,0,1,0,0,0,0,0,0,0,1
2018-01-11,07:49:00,03,06,02,03,04,,0,370972.4579,5032345.2360000005,False,January,0,0,0,0,0,0,0,0,1,0,0,0,0,0,0,0,0,0,1
2018-01-11,08:01:00,03,04,04,01,06,,0,367967.6901,5031513.605,False,January,0,0,0,0,0,0,0,0,1,0,0,0,0,0,0,0,0,0,1
2018-01-11,08:11:00,03,03,02,01,02,01,0,370858.7248,5028520.554,False,January,0,1,0,0,0,0,0,0,0,1,0,0,0,0,0,0,0,0,1
2018-01-11,08:52:00,03,03,02,01,02,01,0,364858.6999,5023725.51,False,January,1,0,0,0,0,0,0,0,0,1,0,0,0,0,0,0,0,0,1
2018-01-11,09:06:00,03,02,04,01,06,01,0,382659.36100000003,5037784.275,False,January,0,1,0,0,0,0,0,0,0,1,0,0,0,0,0,0,0,0,1
2018-01-09,17:40:00,03,03,01,07,04,01,0,372903.723,5027463.532,False,January,1,0,0,0,0,0,0,0,0,0,1,0,0,0,0,0,0,0,1
2018-01-10,17:10:00,03,03,03,05,02,,0,365195.7691,5023960.8319999995,False,January,0,0,0,0,0,0,0,0,1,0,0,0,0,0,0,0,0,0,1
2018-01-11,12:23:00,03,05,01,01,02,,0,374214.0687,5032952.49,False,January,0,0,0,0,0,0,0,0,1,0,0,0,0,0,0,0,0,0,1
2018-01-11,13:50:00,03,05,01,01,02,,0,352857.717,5015043.137,False,January,0,0,0,0,0,0,0,0,1,0,0,0,0,0,0,0,0,0,1
2018-01-11,14:15:00,02,07,02,01,02,01,1,371306.4666,5024318.121,False,January,1,0,0,0,0,0,0,0,0,0,1,0,0,0,0,0,0,0,1
2018-01-11,14:42:00,03,03,01,01,02,01,0,373364.7293,5029424.551,False,January,1,0,0,0,0,0,0,0,0,1,0,0,0,0,0,0,0,0,1
2018-01-11,14:47:00,03,04,01,01,02,01,0,371608.7366,5024096.506,False,January,1,0,0,0,0,0,0,0,0,1,0,0,0,0,0,0,0,0,1
2018-01-10,17:00:00,03,03,01,05,04,,0,372558.3284,5027258.203,False,January,0,0,0,0,0,0,0,0,1,0,0,0,0,0,0,0,0,0,1
2018-01-11,15:03:00,03,03,02,01,02,01,0,364233.6835,5019974.478,False,January,1,0,0,0,0,0,0,0,0,1,0,0,0,0,0,0,0,0,1
2018-01-11,07:50:00,03,04,02,03,02,01,0,373364.1564,5029422.842,False,January,1,0,0,0,0,0,0,0,0,1,0,0,0,0,0,0,0,0,1
2018-01-11,16:29:00,03,04,01,01,04,01,0,364351.7001,5027337.549,False,January,1,0,0,0,0,0,0,0,0,1,0,0,0,0,0,0,0,0,1
2018-01-11,17:14:00,03,04,02,05,02,,0,372586.1824,5031265.702,True,January,0,0,0,0,0,0,0,0,1,0,0,0,0,0,0,0,0,0,1
2018-01-11,17:32:00,02,05,02,05,02,01,0,364274.0002,5027493.647,False,January,1,0,0,0,0,0,0,0,0,0,1,0,0,0,0,0,0,0,1
2018-10-17,10:45:00,03,02,01,01,01,,0,371212.6793,5032799.706,False,October,0,0,0,0,0,0,0,0,0,0,0,1,0,0,0,1,0,0,0
2018-10-17,10:45:00,03,04,01,01,01,01,0,366935.2707,5031426.166999999,False,October,1,0,0,0,0,0,0,0,0,1,0,0,0,0,0,1,0,0,0
2018-10-17,10:59:00,03,03,01,01,01,01,0,362417.6926,5024106.507,False,October,0,1,0,0,0,0,0,0,0,1,0,0,0,0,0,1,0,0,0
2018-10-03,13:30:00,03,03,01,01,01,,0,360443.8176,5023536.0430000005,True,October,0,0,0,0,0,0,0,0,1,0,0,0,0,0,0,1,0,0,0
2018-10-17,11:55:00,03,04,01,01,01,01,0,368650.9814,5032498.951,False,October,1,0,0,0,0,0,0,0,0,1,0,0,0,0,0,1,0,0,0
2018-10-17,10:15:00,03,03,01,01,01,,0,372537.3152,5027245.453,False,October,0,0,0,0,0,0,0,0,1,0,0,0,0,0,0,1,0,0,0
2018-10-17,12:15:00,03,03,01,01,01,01,0,372093.7082,5032472.64,False,October,1,0,0,0,0,0,0,0,0,1,0,0,0,0,0,1,0,0,0
2018-10-17,12:34:00,03,03,01,01,01,,0,364629.6386,5029530.984,False,October,0,0,0,0,0,0,0,0,1,0,0,0,0,0,0,1,0,0,0
2018-10-17,12:50:00,03,03,01,01,01,01,0,364907.398,5026230.413,False,October,1,0,0,0,0,0,0,0,0,1,0,0,0,0,0,1,0,0,0
2018-10-17,13:27:00,03,05,01,01,02,,0,366562.3129,5029744.041,False,October,0,0,0,0,0,0,0,0,0,0,0,1,0,0,0,1,0,0,0
2018-10-17,13:34:00,03,04,01,01,01,01,0,369127.6178,5033487.225,False,October,1,0,0,0,0,0,0,0,0,1,0,0,0,0,0,1,0,0,0
2018-10-13,,03,06,01,00,01,,0,370283.0401,5023464.555,False,October,0,0,0,0,0,0,0,0,1,0,0,0,0,0,0,1,0,0,0
2018-10-17,15:00:00,03,05,01,01,01,,0,374137.2147,5030691.256,False,October,0,0,0,0,0,0,0,0,0,0,0,1,0,0,0,1,0,0,0
2018-10-17,15:08:00,03,02,01,01,01,01,0,343091.5589,5022592.501,False,October,0,1,0,0,0,0,0,0,0,0,1,0,0,0,0,1,0,0,0
2018-10-19,14:30:00,03,04,01,01,01,,0,366503.3738,5030787.431,False,October,0,0,0,0,0,0,0,0,1,0,0,0,0,0,0,1,0,0,0
2018-10-22,15:52:00,03,05,01,01,01,01,0,362378.6777,5015759.441000001,False,October,0,1,0,0,0,0,0,0,0,1,0,0,0,0,0,1,0,0,0
2018-10-05,11:45:00,03,03,01,01,01,00,0,368970.7101,5030632.557,False,October,1,0,0,0,0,0,0,0,0,1,0,0,0,0,0,1,0,0,0
2018-10-11,23:39:00,03,05,01,07,01,01,0,368943.6934,5028262.494,False,October,1,0,0,0,0,0,0,0,0,0,1,0,0,0,0,1,0,0,0
2018-10-17,12:30:00,03,06,01,01,01,,0,368323.9602,5029838.49,False,October,0,0,0,0,0,0,0,0,0,0,0,1,0,0,0,1,0,0,0
2018-10-17,15:38:00,03,03,01,01,01,01,0,364737.1347,5024005.45,False,October,1,0,0,0,0,0,0,0,0,1,0,0,0,0,0,1,0,0,0
2018-10-17,16:09:00,03,02,01,01,01,01,0,363592.6903,5028304.552,False,October,0,1,0,0,0,0,0,0,0,0,1,0,0,0,0,1,0,0,0
2018-10-17,16:12:00,03,02,01,01,01,01,0,356952.6367,5015485.435,False,October,0,1,0,0,0,0,0,0,0,0,1,0,0,0,0,1,0,0,0
2018-10-09,20:54:00,02,07,01,07,01,,0,338949.1904,5024364.862,False,October,0,0,0,0,0,0,0,0,1,0,0,0,0,0,0,1,0,0,0
2018-10-12,,03,06,01,00,01,,0,370045.5032,5028431.03,False,October,0,0,0,0,0,0,0,0,1,0,0,0,0,0,0,1,0,0,0
2018-10-15,15:40:00,03,02,01,01,01,01,0,384428.3389,5035022.308,False,October,1,0,0,0,0,0,0,0,0,1,0,0,0,0,0,1,0,0,0
2018-10-17,16:27:00,03,04,01,01,01,01,0,362368.6892,5024229.509,False,October,0,1,0,0,0,0,0,0,0,1,0,0,0,0,0,1,0,0,0
2018-10-17,16:35:00,03,04,01,01,01,01,0,372333.714,5032480.586,False,October,1,0,0,0,0,0,0,0,0,1,0,0,0,0,0,1,0,0,0
2018-10-17,16:53:00,03,03,01,05,02,01,0,384844.76399999997,5036560.558999999,False,October,1,0,0,0,0,0,0,0,0,1,0,0,0,0,0,1,0,0,0
2018-10-17,16:52:00,03,02,01,01,01,,0,365281.7004,5023001.36,False,October,0,0,0,0,0,0,0,0,0,0,0,1,0,0,0,1,0,0,0
2018-10-17,17:05:00,02,05,01,01,01,01,0,370337.8521,5025947.735,False,October,1,0,0,0,0,0,0,0,0,1,0,0,0,0,0,1,0,0,0
2018-10-17,17:28:00,03,01,01,05,01,,0,387902.1479,5025689.978999999,False,October,0,0,0,0,0,0,0,0,1,0,0,0,0,0,0,1,0,0,0
2018-10-17,11:10:00,03,04,01,01,01,01,0,371516.6877,5029181.642,False,October,1,0,0,0,0,0,0,0,0,1,0,0,0,0,0,1,0,0,0
2018-10-17,18:32:00,02,07,01,05,01,,1,371603.7517,5029165.321,False,October,0,0,0,0,0,0,0,0,1,0,0,0,0,0,0,1,0,0,0
2018-10-17,19:08:00,02,05,01,07,01,01,0,363833.6889,5029040.553,False,October,1,0,0,0,0,0,0,0,0,0,1,0,0,0,0,1,0,0,0
2018-10-12,18:30:00,03,03,01,07,01,,0,383975.1005,5036104.489,False,October,0,0,0,0,0,0,0,0,1,0,0,0,0,0,0,1,0,0,0
2018-10-17,21:28:00,03,03,01,07,01,01,0,371018.5273,5023702.998,False,October,1,0,0,0,0,0,0,0,0,1,0,0,0,0,0,1,0,0,0
2018-10-18,06:27:00,03,07,05,07,06,,0,397733.506,5035225.563,False,October,0,0,0,0,0,0,0,0,1,0,0,0,0,0,0,1,0,0,0
2018-10-18,07:03:00,02,05,01,01,01,01,0,367094.71200000006,5029106.561000001,False,October,1,0,0,0,0,0,0,0,0,0,1,0,0,0,0,1,0,0,0
2018-10-18,07:13:00,03,07,01,01,01,,0,364993.1074,5026726.469,False,October,0,0,0,0,0,0,0,0,1,0,0,0,0,0,0,1,0,0,0
2018-10-18,07:54:00,02,04,01,01,01,01,0,366856.6982,5031279.59,False,October,1,0,0,0,0,0,0,0,0,0,1,0,0,0,0,1,0,0,0
2018-10-18,08:01:00,02,03,01,01,01,01,0,369917.18799999997,5029121.391,False,October,0,0,1,0,0,0,0,0,0,1,0,0,0,0,0,1,0,0,0
2018-10-18,08:44:00,03,03,01,01,01,,0,367450.8153,5017524.475,False,October,0,0,0,0,0,0,0,0,1,0,0,0,0,0,0,1,0,0,0
2018-10-18,09:03:00,02,03,01,01,01,,0,362978.8643,5024031.426,False,October,0,0,0,0,0,0,0,0,1,0,0,0,0,0,0,1,0,0,0
2018-10-18,09:05:00,03,03,01,01,01,01,0,354681.0812,5016827.404,False,October,0,1,0,0,0,0,0,0,0,1,0,0,0,0,0,1,0,0,0
2018-10-18,10:52:00,03,03,01,01,01,01,0,375578.7539,5031439.563,False,October,1,0,0,0,0,0,0,0,0,1,0,0,0,0,0,1,0,0,0
2018-10-17,12:30:00,02,03,01,01,01,01,0,370802.0391,5031015.96,True,October,1,0,0,0,0,0,0,0,0,1,0,0,0,0,0,1,0,0,0
2018-10-18,11:30:00,03,03,01,01,01,01,0,353214.6239,5019565.469,False,October,1,0,0,0,0,0,0,0,0,1,0,0,0,0,0,1,0,0,0
2018-10-18,11:48:00,03,0,01,01,01,01,0,364521.6985,5024507.526000001,False,October,1,0,0,0,0,0,0,0,0,1,0,0,0,0,0,1,0,0,0
2018-10-18,12:25:00,02,05,01,01,01,01,0,370220.7094,5033148.59,False,October,0,1,0,0,0,0,0,0,0,1,0,0,0,0,0,1,0,0,0
2018-10-18,13:02:00,03,04,01,01,01,01,0,369813.7121,5032920.588,False,October,1,0,0,0,0,0,0,0,0,1,0,0,0,0,0,1,0,0,0
2018-10-17,17:00:00,03,04,01,01,01,01,0,365612.7054,5021942.505,False,October,1,0,0,0,0,0,0,0,0,1,0,0,0,0,0,1,0,0,0
2018-10-18,13:58:00,03,03,01,01,01,,0,362058.2431,5025011.963,True,October,0,0,0,0,0,0,0,0,1,0,0,0,0,0,0,1,0,0,0