DATE,TIME,CLASS_OF_ACCIDENT,IMPACT_TYPE,ENVIRONMENT,LIGHT,ROAD_SURFACE_CONDITION,TRAFFIC_CONTROL_CONDITION,NO_OF_PEDESTRIANS,X,Y,Highway,Month,categorical_TRAFFIC_CONTROL_01,categorical_TRAFFIC_CONTROL_02,categorical_TRAFFIC_CONTROL_03,categorical_TRAFFIC_CONTROL_04,categorical_TRAFFIC_CONTROL_07,categorical_TRAFFIC_CONTROL_08,categorical_TRAFFIC_CONTROL_09,categorical_TRAFFIC_CONTROL_11,categorical_ACCIDENT_LOCATION_01,categorical_ACCIDENT_LOCATION_02,categorical_ACCIDENT_LOCATION_03,categorical_ACCIDENT_LOCATION_04,categorical_ACCIDENT_LOCATION_05,categorical_ACCIDENT_LOCATION_06,categorical_ACCIDENT_LOCATION_07,categorical_Seasons_Fall,categorical_Seasons_Spring,categorical_Seasons_Summer,categorical_Seasons_Winter
2018-10-18,14:10:00,02,05,01,01,01,01,0,368418.7241,5024853.529,False,October,1,0,0,0,0,0,0,0,0,0,1,0,0,0,0,1,0,0,0
2018-10-17,15:00:00,03,06,01,01,01,,0,370700.1186,5033378.921,False,October,0,0,0,0,0,0,0,0,1,0,0,0,0,0,0,1,0,0,0
2018-10-18,14:10:00,03,03,01,01,01,01,0,375047.7214,5031119.57,False,October,1,0,0,0,0,0,0,0,0,1,0,0,0,0,0,1,0,0,0
2018-10-18,14:59:00,03,05,01,01,01,01,0,362706.242,5023492.801,False,October,1,0,0,0,0,0,0,0,0,0,1,0,0,0,0,1,0,0,0
2018-10-18,14:13:00,03,03,01,01,01,01,0,368082.7116,5030166.563,False,October,1,0,0,0,0,0,0,0,0,1,0,0,0,0,0,1,0,0,0
2018-10-18,15:14:00,03,02,01,01,01,01,0,370311.7127,5032270.585,False,October,1,0,0,0,0,0,0,0,0,0,1,0,0,0,0,1,0,0,0
2018-10-18,15:18:00,03,03,01,01,01,01,0,371018.4413,5023703.052,False,October,1,0,0,0,0,0,0,0,0,1,0,0,0,0,0,1,0,0,0
2018-10-18,15:21:00,03,03,01,01,01,,0,364821.7484,5029113.366,False,October,0,0,0,0,0,0,0,0,1,0,0,0,0,0,0,1,0,0,0
2018-10-18,15:33:00,03,03,01,01,01,,0,359673.5669,5019530.734,True,October,0,0,0,0,0,0,0,0,1,0,0,0,0,0,0,1,0,0,0
2018-10-18,15:39:00,03,02,01,01,01,01,0,360658.6806,5025042.517,False,October,1,0,0,0,0,0,0,0,0,0,1,0,0,0,0,1,0,0,0
2018-10-18,14:45:00,03,05,01,01,01,,0,371586.1547,5029109.568,False,October,0,0,0,0,0,0,0,0,1,0,0,0,0,0,0,1,0,0,0
2018-10-17,18:05:00,03,03,01,01,01,00,0,365085.1489,5017903.193,False,October,1,0,0,0,0,0,0,0,0,1,0,0,0,0,0,1,0,0,0
2018-10-18,16:00:00,03,04,01,01,01,01,0,367874.7143,5031319.574,False,October,1,0,0,0,0,0,0,0,0,1,0,0,0,0,0,1,0,0,0
2018-10-18,16:07:00,03,03,01,01,01,,0,367169.4976,5026488.631,False,October,0,0,0,0,0,0,0,0,1,0,0,0,0,0,0,1,0,0,0
2018-10-18,16:10:00,02,03,01,01,01,01,0,368441.8798,5027266.802,False,October,0,0,1,0,0,0,0,0,0,1,0,0,0,0,0,1,0,0,0
2018-10-18,16:12:00,03,0,01,01,01,01,0,369653.7196,5027427.547,False,October,1,0,0,0,0,0,0,0,0,1,0,0,0,0,0,1,0,0,0
2018-10-18,16:18:00,03,04,01,01,01,01,0,364064.6916,5027195.546,False,October,1,0,0,0,0,0,0,0,0,0,1,0,0,0,0,1,0,0,0
2018-10-18,16:18:00,03,03,01,01,01,01,0,372146.717,5034108.583000001,False,October,1,0,0,0,0,0,0,0,0,1,0,0,0,0,0,1,0,0,0
2018-10-28,11:58:00,03,07,03,01,04,01,0,346126.3398,5006050.44,False,October,0,1,0,0,0,0,0,0,0,0,1,0,0,0,0,1,0,0,0
2018-10-18,16:40:00,03,0,01,01,01,01,0,375357.7545,5021619.4969999995,False,October,1,0,0,0,0,0,0,0,0,1,0,0,0,0,0,1,0,0,0
2018-10-18,16:48:00,03,02,01,01,01,,0,375566.5342,5034499.687,False,October,0,0,0,0,0,0,0,0,0,0,0,1,0,0,0,1,0,0,0
2018-10-18,16:52:00,03,03,01,01,01,,0,374705.2546,5032750.274,True,October,0,0,0,0,0,0,0,0,1,0,0,0,0,0,0,1,0,0,0
2018-10-18,17:13:00,03,03,01,01,01,,0,383704.7744,5026805.161,False,October,0,0,0,0,0,0,0,0,1,0,0,0,0,0,0,1,0,0,0
2018-10-18,17:36:00,02,02,01,01,01,01,0,384351.7403,5039990.37,False,October,1,0,0,0,0,0,0,0,0,0,1,0,0,0,0,1,0,0,0
2018-10-18,17:36:00,03,03,01,05,01,01,0,369776.9996,5016878.728999999,False,October,1,0,0,0,0,0,0,0,0,1,0,0,0,0,0,1,0,0,0
2018-10-18,17:25:00,03,03,01,05,01,,0,349923.4387,5019024.938999999,False,October,0,0,0,0,0,0,0,0,1,0,0,0,0,0,0,1,0,0,0
2018-10-18,18:16:00,03,06,01,07,01,,0,370331.4986,5033206.81,False,October,0,0,0,0,0,0,0,0,1,0,0,0,0,0,0,1,0,0,0
2018-10-18,20:25:00,03,03,01,07,01,01,0,365576.6999,5016707.443,False,October,1,0,0,0,0,0,0,0,0,1,0,0,0,0,0,1,0,0,0
2018-10-18,21:29:00,03,03,01,07,01,,0,351916.953,5018981.465,False,October,0,0,0,0,0,0,0,0,1,0,0,0,0,0,0,1,0,0,0
2018-10-18,21:49:00,03,03,01,07,01,01,0,365356.6913,5025517.533,False,October,1,0,0,0,0,0,0,0,0,1,0,0,0,0,0,1,0,0,0
2018-10-18,21:43:00,03,04,01,07,01,01,0,374298.8726,5030754.318,True,October,1,0,0,0,0,0,0,0,0,0,1,0,0,0,0,1,0,0,0
2018-10-19,06:28:00,03,07,01,03,01,,0,348721.6332,5014441.563,False,October,0,0,0,0,0,0,0,0,1,0,0,0,0,0,0,1,0,0,0
2018-10-19,07:12:00,03,03,01,01,01,01,0,363080.6755,5016732.455,False,October,1,0,0,0,0,0,0,0,0,1,0,0,0,0,0,1,0,0,0
2018-10-19,07:52:00,03,05,01,01,01,,0,363123.9636,5022564.86,False,October,0,0,0,0,0,0,0,0,1,0,0,0,0,0,0,1,0,0,0
2018-10-19,08:10:00,03,03,01,01,01,01,0,365997.70200000005,5026425.532,False,October,1,0,0,0,0,0,0,0,0,1,0,0,0,0,0,1,0,0,0
2018-10-19,08:41:00,03,03,01,01,01,01,0,371331.7168,5034336.594,False,October,1,0,0,0,0,0,0,0,0,1,0,0,0,0,0,1,0,0,0
2018-10-19,09:19:00,03,05,01,01,01,01,0,363520.6909,5026850.541999999,False,October,1,0,0,0,0,0,0,0,0,0,1,0,0,0,0,1,0,0,0
2018-10-19,09:25:00,03,01,01,01,01,01,0,351315.2088,5019659.086,False,October,0,1,0,0,0,0,0,0,0,1,0,0,0,0,0,1,0,0,0
2018-10-19,10:05:00,03,05,01,01,01,01,0,384428.3389,5035022.308,False,October,1,0,0,0,0,0,0,0,0,1,0,0,0,0,0,1,0,0,0
2018-10-19,09:40:00,03,02,01,01,01,01,0,369637.7104,5033567.59,False,October,0,1,0,0,0,0,0,0,0,0,1,0,0,0,0,1,0,0,0
2018-10-19,10:53:00,03,03,01,01,01,,0,364879.5152,5023677.881,False,October,0,0,0,0,0,0,0,0,1,0,0,0,0,0,0,1,0,0,0
2018-10-19,,03,06,01,00,01,,0,383068.981,5037328.148,False,October,0,0,0,0,0,0,0,0,1,0,0,0,0,0,0,1,0,0,0
2018-10-17,,03,06,01,00,01,,0,368496.348,5026256.447,False,October,0,0,0,0,0,0,0,0,1,0,0,0,0,0,0,1,0,0,0
2018-10-19,12:35:00,03,05,01,01,01,01,0,366402.703,5030675.571,False,October,0,1,0,0,0,0,0,0,0,0,1,0,0,0,0,1,0,0,0
2018-10-19,12:55:00,03,05,01,01,01,01,0,367768.7099,5033733.93,False,October,1,0,0,0,0,0,0,0,0,0,1,0,0,0,0,1,0,0,0
2018-10-12,06:10:00,03,07,01,07,01,,0,345679.0822,5033936.26,False,October,0,0,0,0,0,0,0,0,1,0,0,0,0,0,0,1,0,0,0
2018-10-19,13:21:00,03,03,01,01,01,,0,369804.7697,5027206.186000001,False,October,0,0,0,0,0,0,0,0,1,0,0,0,0,0,0,1,0,0,0
2018-10-19,08:00:00,03,04,01,01,01,01,0,368252.6615,5032157.636,False,October,1,0,0,0,0,0,0,0,0,1,0,0,0,0,0,1,0,0,0
2018-10-18,19:12:00,03,03,01,07,01,01,0,353214.5202,5019565.473999999,False,October,1,0,0,0,0,0,0,0,0,1,0,0,0,0,0,1,0,0,0
2018-10-19,13:48:00,03,03,01,01,01,01,0,365519.0369,5030071.563999999,False,October,1,0,0,0,0,0,0,0,0,0,1,0,0,0,0,1,0,0,0
2018-10-19,13:49:00,03,02,01,01,01,,0,364351.0266,5024593.092,False,October,0,0,0,0,0,0,0,0,0,0,0,1,0,0,0,1,0,0,0
2018-10-19,,03,06,01,00,01,,0,366566.1575,5023855.791,False,October,0,0,0,0,0,0,0,0,1,0,0,0,0,0,0,1,0,0,0
2018-10-19,14:02:00,03,02,01,01,01,01,0,366646.6965,5011532.413,False,October,0,1,0,0,0,0,0,0,0,0,1,0,0,0,0,1,0,0,0
2018-10-19,14:08:00,02,03,01,01,01,01,0,371867.7337,5024320.518,False,October,1,0,0,0,0,0,0,0,0,1,0,0,0,0,0,1,0,0,0
2018-10-02,20:14:00,02,02,02,07,02,01,0,384261.99,5035420.7,False,October,1,0,0,0,0,0,0,0,0,0,1,0,0,0,0,1,0,0,0
2018-10-25,18:15:00,03,07,01,07,01,,0,340229.3598,5033609.551,False,October,0,0,0,0,0,0,0,0,1,0,0,0,0,0,0,1,0,0,0
2018-10-22,15:57:00,03,04,01,01,01,01,0,379860.7422,5036471.58,False,October,0,0,0,0,0,0,0,1,0,0,1,0,0,0,0,1,0,0,0
2018-10-02,20:32:00,03,03,02,07,02,01,0,366575.06700000004,5025045.4180000005,False,October,1,0,0,0,0,0,0,0,0,1,0,0,0,0,0,1,0,0,0
2018-10-04,,03,06,01,00,01,,0,364854.6572,5016536.048,False,October,0,0,0,0,0,0,0,0,1,0,0,0,0,0,0,1,0,0,0
2018-10-25,18:32:00,03,03,01,05,01,,0,375567.33,5031468.154,False,October,0,0,0,0,0,0,0,0,1,0,0,0,0,0,0,1,0,0,0
2018-10-09,21:47:00,03,02,01,07,01,,0,362246.7692,5015780.352,False,October,0,0,0,0,0,0,0,0,0,0,0,1,0,0,0,1,0,0,0
2018-10-19,14:40:00,03,03,01,01,01,,0,364804.0538,5023851.371,False,October,0,0,0,0,0,0,0,0,1,0,0,0,0,0,0,1,0,0,0
2018-10-11,23:46:00,03,04,01,07,01,01,0,367194.6195,5031001.597,False,October,1,0,0,0,0,0,0,0,0,1,0,0,0,0,0,1,0,0,0
2018-10-22,17:11:00,03,07,01,05,02,01,0,368252.7012,5032157.575,False,October,1,0,0,0,0,0,0,0,0,1,0,0,0,0,0,1,0,0,0
2018-10-28,12:45:00,02,05,02,01,02,,0,364463.7421,5024647.73,False,October,0,0,0,0,0,0,0,0,1,0,0,0,0,0,0,1,0,0,0
2018-10-12,06:31:00,02,02,01,07,01,01,0,371674.8533,5019287.448,False,October,0,1,0,0,0,0,0,0,0,0,1,0,0,0,0,1,0,0,0
2018-10-19,15:46:00,03,03,01,01,01,01,0,369356.7057,5032925.588,False,October,1,0,0,0,0,0,0,0,0,1,0,0,0,0,0,1,0,0,0
2018-10-02,20:51:00,03,04,02,07,02,,0,360535.1137,5023248.656,True,October,0,0,0,0,0,0,0,0,1,0,0,0,0,0,0,1,0,0,0
2018-10-09,22:52:00,03,03,01,07,01,,0,381105.2384,5032937.787,False,October,0,0,0,0,0,0,0,0,1,0,0,0,0,0,0,1,0,0,0
2018-10-04,15:10:00,03,04,01,01,01,,0,361432.6601,5020609.638,False,October,0,0,0,0,0,0,0,0,1,0,0,0,0,0,0,1,0,0,0
2018-10-22,17:36:00,03,02,01,05,01,01,0,364681.6418,4998309.267,False,October,0,1,0,0,0,0,0,0,0,0,1,0,0,0,0,1,0,0,0
2018-10-28,10:00:00,03,07,03,01,06,01,0,354014.6101,5011021.384,False,October,0,1,0,0,0,0,0,0,0,1,0,0,0,0,0,1,0,0,0
2018-10-28,13:57:00,03,02,01,01,04,01,0,366737.6993,5029618.56,True,October,1,0,0,0,0,0,0,0,0,0,1,0,0,0,0,1,0,0,0
2018-10-28,14:38:00,02,07,03,01,02,01,1,370826.7767,5033474.506,False,October,1,0,0,0,0,0,0,0,0,0,1,0,0,0,0,1,0,0,0
2018-10-28,15:00:00,03,05,01,01,02,01,0,363419.6897,5021826.487,False,October,1,0,0,0,0,0,0,0,0,1,0,0,0,0,0,1,0,0,0
2018-10-28,15:08:00,03,04,01,01,04,,0,365101.1766,5017866.212,False,October,0,0,0,0,0,0,0,0,1,0,0,0,0,0,0,1,0,0,0
2018-10-28,15:15:00,03,03,02,01,02,01,0,368109.047,5027766.436000001,False,October,1,0,0,0,0,0,0,0,0,1,0,0,0,0,0,1,0,0,0
2018-10-28,15:16:00,02,07,01,01,02,00,0,347245.4713,5013963.165,False,October,0,1,0,0,0,0,0,0,0,1,0,0,0,0,0,1,0,0,0
2018-10-28,14:30:00,03,04,01,01,02,01,0,363194.6837,5022397.492,False,October,1,0,0,0,0,0,0,0,0,1,0,0,0,0,0,1,0,0,0
2018-10-27,19:00:00,03,06,01,07,01,,0,370392.2214,5023661.642,False,October,0,0,0,0,0,0,0,0,1,0,0,0,0,0,0,1,0,0,0
2018-10-27,,03,06,02,00,02,,0,367987.0797,5032469.313,False,October,0,0,0,0,0,0,0,0,1,0,0,0,0,0,0,1,0,0,0
2018-10-28,22:14:00,03,02,02,07,02,01,0,368767.71,5030525.567,False,October,1,0,0,0,0,0,0,0,0,0,1,0,0,0,0,1,0,0,0
2018-10-29,00:34:00,03,02,01,07,02,01,0,385688.7739,5035639.881,False,October,0,1,0,0,0,0,0,0,0,0,1,0,0,0,0,1,0,0,0
2018-10-29,07:18:00,03,03,02,01,02,,0,359550.6265,5014650.063999999,True,October,0,0,0,0,0,0,0,0,1,0,0,0,0,0,0,1,0,0,0
2018-10-29,07:27:00,03,03,02,01,02,,0,349695.8918,5023580.693,False,October,0,0,0,0,0,0,0,0,1,0,0,0,0,0,0,1,0,0,0
2018-10-29,06:10:00,02,07,02,07,02,,0,361213.3606,5015848.068,False,October,0,0,0,0,0,0,0,0,1,0,0,0,0,0,0,1,0,0,0
2018-10-29,08:41:00,03,03,02,01,02,01,0,364548.8103,5015173.324,False,October,1,0,0,0,0,0,0,0,0,0,1,0,0,0,0,1,0,0,0
2018-10-25,18:39:00,03,07,01,07,01,,0,384583.3933,5013463.387,False,October,0,0,0,0,0,0,0,0,1,0,0,0,0,0,0,1,0,0,0
2018-10-29,09:39:00,03,03,01,01,02,01,0,370851.7301,5024839.528,False,October,1,0,0,0,0,0,0,0,0,1,0,0,0,0,0,1,0,0,0
2018-10-29,09:30:00,03,0,01,01,02,,0,356364.0973,5015437.039,False,October,0,0,0,0,0,0,0,0,0,0,0,1,0,0,0,1,0,0,0
2018-10-29,08:40:00,03,03,02,01,02,,0,375486.3937,5034950.235,False,October,0,0,0,0,0,0,0,0,1,0,0,0,0,0,0,1,0,0,0
2018-10-27,12:50:00,03,04,01,01,01,,0,350505.0299,5018991.423,False,October,0,0,0,0,0,0,0,0,1,0,0,0,0,0,0,1,0,0,0
2018-10-29,11:03:00,03,04,01,01,02,01,0,364358.7031,5024890.513,False,October,1,0,0,0,0,0,0,0,0,1,0,0,0,0,0,1,0,0,0
2018-10-29,11:15:00,03,03,02,01,02,01,0,367458.7105,5021891.504,False,October,1,0,0,0,0,0,0,0,0,1,0,0,0,0,0,1,0,0,0
2018-10-24,11:00:00,03,06,01,01,01,,0,380350.7969,5035013.323,False,October,0,0,0,0,0,0,0,0,0,0,0,1,0,0,0,1,0,0,0
2018-10-29,11:59:00,02,03,01,01,01,01,0,368109.0473,5027766.436000001,False,October,1,0,0,0,0,0,0,0,0,1,0,0,0,0,0,1,0,0,0
2018-10-29,11:35:00,03,05,01,01,02,01,0,367261.7073,5031252.586,False,October,1,0,0,0,0,0,0,0,0,0,1,0,0,0,0,1,0,0,0
2018-10-29,12:17:00,03,04,01,01,01,,0,363735.4891,5028615.0139999995,False,October,0,0,0,0,0,0,0,0,1,0,0,0,0,0,0,1,0,0,0
2018-10-29,12:15:00,03,02,02,01,02,,0,369709.765,5034208.602,False,October,0,0,0,0,0,0,0,0,0,0,0,1,0,0,0,1,0,0,0
2018-10-26,17:33:00,03,05,01,01,01,,0,368383.024,5015003.3780000005,False,October,0,0,0,0,0,0,0,0,1,0,0,0,0,0,0,1,0,0,0
2018-10-29,12:40:00,03,07,02,01,02,01,0,356074.7927,5014981.066000001,False,October,0,1,0,0,0,0,0,0,0,1,0,0,0,0,0,1,0,0,0
2018-10-29,12:54:00,03,03,01,01,02,01,0,354124.6345,5017288.449,False,October,1,0,0,0,0,0,0,0,0,1,0,0,0,0,0,1,0,0,0
2018-10-29,14:09:00,02,02,07,01,02,01,0,371790.7278,5027214.547,False,October,0,1,0,0,0,0,0,0,0,1,0,0,0,0,0,1,0,0,0
2018-10-28,18:00:00,03,05,01,07,02,01,0,368010.7044,5031104.573,False,October,1,0,0,0,0,0,0,0,0,1,0,0,0,0,0,1,0,0,0
2018-10-27,13:50:00,03,06,01,01,01,,0,363646.73600000003,5015453.891,False,October,0,0,0,0,0,0,0,0,1,0,0,0,0,0,0,1,0,0,0
2018-10-29,14:15:00,03,03,02,01,02,01,0,389860.774,5042617.563999999,False,October,1,0,0,0,0,0,0,0,0,1,0,0,0,0,0,1,0,0,0
2018-10-29,15:36:00,02,05,02,01,02,01,0,351950.4526,5018943.516,False,October,1,0,0,0,0,0,0,0,0,0,1,0,0,0,0,1,0,0,0
2018-10-29,12:00:00,03,0,01,01,01,01,0,366994.7176,5026707.538,False,October,0,1,0,0,0,0,0,0,0,1,0,0,0,0,0,1,0,0,0
2018-10-29,16:03:00,02,03,01,01,02,01,0,386131.2701,5035613.092,False,October,1,0,0,0,0,0,0,0,0,1,0,0,0,0,0,1,0,0,0
2018-10-29,15:45:00,03,03,01,01,02,01,0,352037.6201,5022300.493,False,October,1,0,0,0,0,0,0,0,0,1,0,0,0,0,0,1,0,0,0
2018-10-29,16:38:00,02,02,02,05,02,01,0,379029.7581,5028508.532,False,October,0,1,0,0,0,0,0,0,0,0,1,0,0,0,0,1,0,0,0
2018-10-29,16:47:00,03,04,02,01,02,01,0,368002.7114,5031904.58,False,October,1,0,0,0,0,0,0,0,0,1,0,0,0,0,0,1,0,0,0
2018-10-29,15:45:00,03,03,02,01,02,,0,367465.3889,5024864.008,False,October,0,0,0,0,0,0,0,0,1,0,0,0,0,0,0,1,0,0,0
2018-10-26,12:10:00,03,04,01,01,01,,0,361922.9137,5025853.212,False,October,0,0,0,0,0,0,0,0,1,0,0,0,0,0,0,1,0,0,0
2018-10-29,17:39:00,03,03,02,05,02,01,0,367371.9183,5025693.477,False,October,1,0,0,0,0,0,0,0,0,1,0,0,0,0,0,1,0,0,0
2018-10-29,15:35:00,03,03,01,01,01,01,0,368970.71,5030632.567,False,October,1,0,0,0,0,0,0,0,0,1,0,0,0,0,0,1,0,0,0
2018-10-29,18:03:00,02,05,02,07,02,01,0,383951.7607,5036159.561000001,False,October,1,0,0,0,0,0,0,0,0,0,1,0,0,0,0,1,0,0,0
2018-10-29,18:01:00,03,05,02,07,02,01,0,351416.5964,5010740.397,False,October,0,1,0,0,0,0,0,0,0,0,1,0,0,0,0,1,0,0,0
2018-10-29,18:00:00,03,05,02,05,02,01,0,373099.7274,5030005.566000001,False,October,1,0,0,0,0,0,0,0,0,0,1,0,0,0,0,1,0,0,0
2018-10-29,18:18:00,03,03,02,07,02,01,0,370218.7051,5032690.586,False,October,1,0,0,0,0,0,0,0,0,1,0,0,0,0,0,1,0,0,0
2018-10-29,18:23:00,03,03,02,05,02,01,0,368373.6375,5031798.27,False,October,1,0,0,0,0,0,0,0,0,1,0,0,0,0,0,1,0,0,0
2018-10-29,18:24:00,03,02,01,07,02,01,0,336736.6951,5037257.143999999,False,October,0,1,0,0,0,0,0,0,0,0,1,0,0,0,0,1,0,0,0
2018-10-29,08:22:00,03,03,02,01,02,01,0,363311.6864,5016194.433,False,October,1,0,0,0,0,0,0,0,0,1,0,0,0,0,0,1,0,0,0
2018-10-29,18:39:00,03,07,02,07,02,,0,368064.7129,5029577.97,False,October,0,0,0,0,0,0,0,0,1,0,0,0,0,0,0,1,0,0,0
2018-10-29,17:30:00,03,07,02,01,02,,0,364388.8359,5007829.605,True,October,0,0,0,0,0,0,0,0,1,0,0,0,0,0,0,1,0,0,0
2018-10-29,18:46:00,03,03,02,07,02,,0,372400.3991,5034228.298,False,October,0,0,0,0,0,0,0,0,1,0,0,0,0,0,0,1,0,0,0
2018-10-29,18:49:00,02,03,02,07,02,01,0,363419.6896,5021826.487,False,October,1,0,0,0,0,0,0,0,0,1,0,0,0,0,0,1,0,0,0
2018-10-29,18:10:00,03,06,01,05,02,,0,362361.9199,5016120.74,False,October,0,0,0,0,0,0,0,0,0,0,0,1,0,0,0,1,0,0,0
2018-10-29,19:01:00,03,02,02,07,02,,0,350820.9874,5018149.388,False,October,0,0,0,0,0,0,0,0,0,0,0,1,0,0,0,1,0,0,0
2018-10-29,19:00:00,03,04,01,07,01,,0,367939.2246,5030509.7930000005,False,October,0,0,0,0,0,0,0,0,1,0,0,0,0,0,0,1,0,0,0
2018-10-29,19:34:00,02,02,03,07,02,01,0,371145.8407,5034781.546,False,October,1,0,0,0,0,0,0,0,0,0,1,0,0,0,0,1,0,0,0
2018-10-29,20:45:00,03,05,01,07,02,01,0,358496.6748,5022986.456,False,October,1,0,0,0,0,0,0,0,0,0,1,0,0,0,0,1,0,0,0
2018-10-29,21:06:00,03,03,02,07,02,,0,368762.7195,5026514.53,False,October,0,0,0,0,0,0,0,0,0,1,0,0,0,0,0,1,0,0,0
2018-10-29,21:25:00,03,05,01,07,02,01,0,367252.7085,5029796.567,False,October,1,0,0,0,0,0,0,0,0,0,1,0,0,0,0,1,0,0,0
2018-10-29,22:15:00,03,05,02,07,02,01,0,372823.7386,5024807.504,False,October,1,0,0,0,0,0,0,0,0,0,1,0,0,0,0,1,0,0,0
2018-10-29,23:06:00,03,04,01,07,01,,0,361720.0363,5023259.6219999995,False,October,0,0,0,0,0,0,0,0,1,0,0,0,0,0,0,1,0,0,0
2018-10-30,06:17:00,02,07,01,07,01,01,1,381156.4263,5032327.413,False,October,0,1,0,0,0,0,0,0,0,0,1,0,0,0,0,1,0,0,0
2018-10-30,06:54:00,02,03,01,03,01,,0,357937.6739,5007347.137,False,October,0,0,0,0,0,0,0,0,1,0,0,0,0,0,0,1,0,0,0
2018-10-30,07:05:00,03,07,01,07,02,,0,358190.4979,5006990.818,False,October,0,0,0,0,0,0,0,0,1,0,0,0,0,0,0,1,0,0,0
2018-10-30,07:25:00,03,05,01,01,01,01,0,364894.7035,5027700.544,False,October,1,0,0,0,0,0,0,0,0,0,1,0,0,0,0,1,0,0,0
2018-10-30,08:02:00,03,04,01,01,01,,0,375783.5275,5029068.119,True,October,0,0,0,0,0,0,0,0,1,0,0,0,0,0,0,1,0,0,0
2018-10-30,08:30:00,03,05,01,01,01,01,0,359140.6686,5024077.505,False,October,0,1,0,0,0,0,0,0,0,0,1,0,0,0,0,1,0,0,0
2018-10-27,21:00:00,03,04,02,07,02,01,0,368448.7062,5030399.565,True,October,1,0,0,0,0,0,0,0,0,1,0,0,0,0,0,1,0,0,0
2018-10-30,08:40:00,03,04,01,01,01,,0,377079.0794,5032195.02,False,October,0,0,0,0,0,0,0,0,1,0,0,0,0,0,0,1,0,0,0
2018-10-30,09:33:00,03,03,01,01,01,01,0,371608.7368,5024096.506,False,October,1,0,0,0,0,0,0,0,0,1,0,0,0,0,0,1,0,0,0
2018-10-29,,03,06,01,00,02,,0,366405.6414,5030169.782,False,October,0,0,0,0,0,0,0,0,1,0,0,0,0,0,0,1,0,0,0
2018-10-30,10:15:00,03,05,01,01,01,01,0,379860.7428,5036471.581,False,October,0,0,0,0,0,0,0,1,0,1,0,0,0,0,0,1,0,0,0
2018-10-30,10:32:00,03,03,01,01,01,01,0,368036.7033,5021945.499,False,October,1,0,0,0,0,0,0,0,0,1,0,0,0,0,0,1,0,0,0
2018-10-30,10:45:00,03,02,01,01,01,,0,372159.8383,5027094.359,False,October,0,0,0,0,0,0,0,0,0,0,0,1,0,0,0,1,0,0,0
2018-10-30,11:10:00,03,03,01,01,01,01,0,378746.7659,5014207.442,False,October,1,0,0,0,0,0,0,0,0,1,0,0,0,0,0,1,0,0,0
2018-10-29,17:45:00,02,07,02,01,02,01,1,367943.7074,5032442.597,False,October,0,1,0,0,0,0,0,0,0,0,1,0,0,0,0,1,0,0,0
2018-10-30,12:02:00,03,02,01,01,01,,0,371502.7921,5026253.228,False,October,0,0,0,0,0,0,0,0,0,0,0,1,0,0,0,1,0,0,0
2018-10-30,12:13:00,03,03,01,01,01,01,0,372564.725,5029298.549,False,October,1,0,0,0,0,0,0,0,0,1,0,0,0,0,0,1,0,0,0
2018-10-30,12:29:00,02,03,01,01,01,,0,365324.7823,5022636.991,False,October,0,0,0,0,0,0,0,0,1,0,0,0,0,0,0,1,0,0,0
2018-10-30,12:48:00,03,04,01,01,01,01,0,365077.6926,5029231.562,False,October,0,1,0,0,0,0,0,0,0,1,0,0,0,0,0,1,0,0,0
2018-10-30,12:30:00,03,03,01,01,01,01,0,371867.73299999995,5024320.518,False,October,1,0,0,0,0,0,0,0,0,1,0,0,0,0,0,1,0,0,0
2018-10-30,12:56:00,03,03,01,01,01,01,0,367460.706,5024904.5139999995,False,October,1,0,0,0,0,0,0,0,0,1,0,0,0,0,0,1,0,0,0
2018-10-30,13:10:00,03,03,01,01,01,01,0,363080.67600000004,5016732.455,False,October,1,0,0,0,0,0,0,0,0,1,0,0,0,0,0,1,0,0,0
2018-10-30,13:27:00,03,03,01,01,01,01,0,383696.7884,5010121.406,False,October,1,0,0,0,0,0,0,0,0,1,0,0,0,0,0,1,0,0,0
2018-10-10,01:30:00,03,05,02,07,02,01,0,376683.7457,5028863.537,False,October,0,1,0,0,0,0,0,0,0,0,1,0,0,0,0,1,0,0,0
2018-10-30,14:30:00,03,03,01,01,01,01,0,375357.7546,5021619.4969999995,False,October,1,0,0,0,0,0,0,0,0,1,0,0,0,0,0,1,0,0,0
2018-10-29,,03,06,01,00,02,,0,366235.0564,5025215.955,False,October,0,0,0,0,0,0,0,0,1,0,0,0,0,0,0,1,0,0,0
2018-10-30,15:19:00,03,03,01,01,01,01,0,362282.6924,5024441.52,False,October,1,0,0,0,0,0,0,0,0,1,0,0,0,0,0,1,0,0,0
2018-10-30,15:20:00,03,03,01,01,01,,0,364949.4416,5025260.745,False,October,0,0,0,0,0,0,0,0,1,0,0,0,0,0,0,1,0,0,0
2018-10-30,15:47:00,03,04,01,01,01,,0,367452.6372,5032962.505,False,October,0,0,0,0,0,0,0,0,1,0,0,0,0,0,0,1,0,0,0