DATE,TIME,CLASS_OF_ACCIDENT,IMPACT_TYPE,ENVIRONMENT,LIGHT,ROAD_SURFACE_CONDITION,TRAFFIC_CONTROL_CONDITION,NO_OF_PEDESTRIANS,X,Y,Highway,Month,categorical_TRAFFIC_CONTROL_01,categorical_TRAFFIC_CONTROL_02,categorical_TRAFFIC_CONTROL_03,categorical_TRAFFIC_CONTROL_04,categorical_TRAFFIC_CONTROL_07,categorical_TRAFFIC_CONTROL_08,categorical_TRAFFIC_CONTROL_09,categorical_TRAFFIC_CONTROL_11,categorical_ACCIDENT_LOCATION_01,categorical_ACCIDENT_LOCATION_02,categorical_ACCIDENT_LOCATION_03,categorical_ACCIDENT_LOCATION_04,categorical_ACCIDENT_LOCATION_05,categorical_ACCIDENT_LOCATION_06,categorical_ACCIDENT_LOCATION_07,categorical_Seasons_Fall,categorical_Seasons_Spring,categorical_Seasons_Summer,categorical_Seasons_Winter
2018-10-28,,03,06,02,00,02,,0,356090.8819,5016830.742,False,October,0,0,0,0,0,0,0,0,0,0,0,1,0,0,0,1,0,0,0
2018-10-28,20:15:00,03,03,03,07,02,01,0,372212.7031,5002825.333000001,False,October,0,1,0,0,0,0,0,0,0,1,0,0,0,0,0,1,0,0,0
2018-10-30,16:43:00,03,02,01,01,01,01,0,380572.6745,5035315.456,False,October,1,0,0,0,0,0,0,0,0,0,1,0,0,0,0,1,0,0,0
2018-10-30,17:07:00,03,05,01,01,01,01,0,364521.6983,5024507.526000001,False,October,1,0,0,0,0,0,0,0,0,0,1,0,0,0,0,1,0,0,0
2018-10-30,17:12:00,03,03,01,01,01,,0,349998.62799999997,5023250.996,False,October,0,0,0,0,0,0,0,0,1,0,0,0,0,0,0,1,0,0,0
2018-10-14,18:38:00,03,02,01,05,01,,0,367365.3893,5029530.643,False,October,0,0,0,0,0,0,0,0,0,0,0,1,0,0,0,1,0,0,0
2018-10-19,15:59:00,03,03,01,01,01,01,0,362282.6918,5024441.52,False,October,1,0,0,0,0,0,0,0,0,1,0,0,0,0,0,1,0,0,0
2018-10-11,,03,06,01,00,01,,0,360704.77200000006,5025552.665,False,October,0,0,0,0,0,0,0,0,1,0,0,0,0,0,0,1,0,0,0
2018-10-02,22:10:00,03,07,02,07,02,,0,377537.3713,5031562.795,False,October,0,0,0,0,0,0,0,0,1,0,0,0,0,0,0,1,0,0,0
2018-10-05,14:27:00,03,02,01,01,01,01,0,363970.6021,5028478.506,False,October,0,1,0,0,0,0,0,0,0,0,1,0,0,0,0,1,0,0,0
2018-10-09,23:29:00,03,04,01,07,01,01,0,374298.729,5030754.359,True,October,1,0,0,0,0,0,0,0,0,0,1,0,0,0,0,1,0,0,0
2018-10-10,01:48:00,03,03,01,07,01,,0,366421.7915,5030622.282,False,October,0,0,0,0,0,0,0,0,1,0,0,0,0,0,0,1,0,0,0
2018-10-18,20:00:00,03,02,01,07,01,01,0,368534.7122,5032050.584,False,October,0,1,0,0,0,0,0,0,0,0,1,0,0,0,0,1,0,0,0
2018-10-22,18:07:00,02,03,01,05,01,,0,364844.5996,5026815.446,False,October,0,0,0,0,0,0,0,0,1,0,0,0,0,0,0,1,0,0,0
2018-10-10,05:49:00,03,04,02,07,02,01,0,367957.5296,5032640.673,False,October,1,0,0,0,0,0,0,0,0,0,1,0,0,0,0,1,0,0,0
2018-10-11,18:40:00,03,03,01,07,01,01,0,382890.6727,5038666.763,False,October,1,0,0,0,0,0,0,0,0,1,0,0,0,0,0,1,0,0,0
2018-10-02,23:27:00,03,07,02,07,02,01,0,356952.7735,5015485.343,False,October,0,1,0,0,0,0,0,0,0,1,0,0,0,0,0,1,0,0,0
2018-10-05,14:36:00,03,05,01,01,01,01,0,367869.69899999996,5032009.58,False,October,1,0,0,0,0,0,0,0,0,0,1,0,0,0,0,1,0,0,0
2018-10-14,19:11:00,02,02,02,07,02,,0,368093.69299999997,5032274.06,False,October,0,0,0,0,0,0,0,0,0,0,0,1,0,0,0,1,0,0,0
2018-10-22,18:05:00,03,07,01,05,01,,0,353174.9361,5002935.485,False,October,0,0,0,0,0,0,0,0,1,0,0,0,0,0,0,1,0,0,0
2018-10-24,16:15:00,03,03,01,01,01,01,0,361863.6852,5020584.477,False,October,1,0,0,0,0,0,0,0,0,1,0,0,0,0,0,1,0,0,0
2018-10-19,16:30:00,03,02,01,01,01,,0,371084.1923,5032358.346,False,October,0,0,0,0,0,0,0,0,0,0,0,1,0,0,0,1,0,0,0
2018-10-10,06:17:00,02,07,01,03,01,,0,325385.8927,5032892.412,False,October,0,0,0,0,0,0,0,0,1,0,0,0,0,0,0,1,0,0,0
2018-10-12,07:21:00,03,04,01,01,01,,0,364102.0285,5027107.666,True,October,0,0,0,0,0,0,0,0,0,0,0,0,0,1,0,1,0,0,0
2018-10-03,02:24:00,03,07,01,07,01,,0,359779.0042,5019423.383,False,October,0,0,0,0,0,0,0,0,1,0,0,0,0,0,0,1,0,0,0
2018-10-05,14:44:00,03,05,01,01,01,01,0,366992.7126,5029042.554,False,October,0,1,0,0,0,0,0,0,0,1,0,0,0,0,0,1,0,0,0
2018-10-20,16:00:00,03,02,01,01,01,,0,382603.6696,5035651.532,False,October,0,0,0,0,0,0,0,0,0,0,0,1,0,0,0,1,0,0,0
2018-10-25,20:37:00,03,05,01,07,01,,0,384681.8089,5040353.455,False,October,0,0,0,0,0,0,0,0,1,0,0,0,0,0,0,1,0,0,0
2018-10-26,02:34:00,03,07,01,07,01,,0,371465.9415,5032826.909,False,October,0,0,0,0,0,0,0,0,1,0,0,0,0,0,0,1,0,0,0
2018-10-26,06:38:00,03,05,01,07,01,01,0,375257.7356,5028784.539,False,October,1,0,0,0,0,0,0,0,0,0,1,0,0,0,0,1,0,0,0
2018-10-25,19:15:00,03,03,01,07,01,01,0,382325.7449,5038273.585,False,October,1,0,0,0,0,0,0,0,0,1,0,0,0,0,0,1,0,0,0
2018-10-26,08:18:00,03,04,01,01,01,,0,367318.7097,5029643.713,False,October,0,0,0,0,0,0,0,0,0,1,0,0,0,0,0,1,0,0,0
2018-10-26,07:00:00,03,06,01,03,01,,0,362194.6867,5022257.4969999995,False,October,0,0,0,0,0,0,0,0,1,0,0,0,0,0,0,1,0,0,0
2018-10-26,09:08:00,03,07,01,01,01,,0,370701.2024,5030124.573,False,October,0,0,0,0,0,0,0,0,1,0,0,0,0,0,0,1,0,0,0
2018-10-26,09:21:00,02,03,01,01,01,01,0,364105.6937,5024731.527,False,October,0,1,0,0,0,0,0,0,0,0,1,0,0,0,0,1,0,0,0
2018-10-26,09:46:00,02,03,01,01,01,,0,373521.8616,5034489.244,False,October,0,0,0,0,0,0,0,0,1,0,0,0,0,0,0,1,0,0,0
2018-10-25,23:00:00,03,06,01,07,01,,0,363935.0769,5015929.216,False,October,0,0,0,0,0,0,0,0,1,0,0,0,0,0,0,1,0,0,0
2018-10-26,11:14:00,02,02,01,01,01,,0,367037.6745,5002449.367,False,October,0,0,0,0,0,0,0,0,1,0,0,0,0,0,0,1,0,0,0
2018-10-26,11:47:00,03,04,01,01,01,,0,372484.7826,5031523.429,True,October,0,0,0,0,0,0,0,0,1,0,0,0,0,0,0,1,0,0,0
2018-10-26,11:50:00,03,03,01,01,01,,0,367595.0156,5028982.794,False,October,0,0,0,0,0,0,0,0,1,0,0,0,0,0,0,1,0,0,0
2018-10-18,,03,06,01,00,01,,0,359633.1521,5024253.563,False,October,0,0,0,0,0,0,0,0,1,0,0,0,0,0,0,1,0,0,0
2018-10-26,13:38:00,03,03,01,01,01,01,0,350489.6081,5022710.502,False,October,1,0,0,0,0,0,0,0,0,1,0,0,0,0,0,1,0,0,0
2018-10-26,13:42:00,03,03,01,01,01,01,0,367458.7108,5021891.504,False,October,1,0,0,0,0,0,0,0,0,0,1,0,0,0,0,1,0,0,0
2018-10-14,19:08:00,02,07,01,07,01,,0,358003.6668,5007403.06,False,October,0,0,0,0,0,0,0,0,1,0,0,0,0,0,0,1,0,0,0
2018-09-29,,03,06,01,00,01,,0,369461.0951,5031520.485,False,September,0,0,0,0,0,0,0,0,1,0,0,0,0,0,0,1,0,0,0
2018-10-26,14:04:00,03,05,01,01,01,01,0,375968.7319,5034756.595,False,October,1,0,0,0,0,0,0,0,0,0,1,0,0,0,0,1,0,0,0
2018-10-26,14:05:00,03,05,01,01,01,01,0,368362.8986,5022133.937,False,October,1,0,0,0,0,0,0,0,0,0,1,0,0,0,0,1,0,0,0
2018-10-26,14:31:00,02,02,01,01,01,01,0,370904.7101,5032766.574,False,October,0,1,0,0,0,0,0,0,0,0,1,0,0,0,0,1,0,0,0
2018-10-26,14:51:00,03,05,01,01,01,,0,367357.9648,5031405.9860000005,False,October,0,0,0,0,0,0,0,0,0,0,0,1,0,0,0,1,0,0,0
2018-10-26,15:10:00,03,02,01,01,01,01,0,364061.6898,5028822.552,False,October,0,1,0,0,0,0,0,0,0,0,1,0,0,0,0,1,0,0,0
2018-10-24,19:45:00,03,03,01,07,01,,0,367332.375,5029610.468,False,October,0,0,0,0,0,0,0,0,1,0,0,0,0,0,0,1,0,0,0
2018-10-26,14:30:00,03,03,01,01,01,01,0,364521.69899999996,5024507.525,False,October,1,0,0,0,0,0,0,0,0,1,0,0,0,0,0,1,0,0,0
2018-10-26,15:38:00,03,05,01,01,01,01,0,370136.7079,5033101.586,False,October,0,1,0,0,0,0,0,0,0,0,1,0,0,0,0,1,0,0,0
2018-10-26,16:09:00,03,04,01,01,01,01,0,352657.6131,5020883.4860000005,False,October,0,1,0,0,0,0,0,0,0,1,0,0,0,0,0,1,0,0,0
2018-10-26,16:22:00,02,02,01,01,01,01,0,384682.7536,5039285.5819999995,False,October,0,0,0,0,0,0,0,1,0,0,1,0,0,0,0,1,0,0,0
2018-10-26,16:37:00,02,01,01,01,01,01,0,364847.237,5017766.021000001,False,October,1,0,0,0,0,0,0,0,0,0,1,0,0,0,0,1,0,0,0
2018-10-26,17:03:00,02,03,01,05,01,01,0,366379.6901,5008975.386,False,October,1,0,0,0,0,0,0,0,0,1,0,0,0,0,0,1,0,0,0
2018-10-26,17:10:00,03,03,01,05,01,01,0,360770.6761,5025117.5139999995,False,October,1,0,0,0,0,0,0,0,0,0,1,0,0,0,0,1,0,0,0
2018-10-26,17:19:00,03,02,01,01,01,01,0,365149.7005,5029270.556,False,October,1,0,0,0,0,0,0,0,0,1,0,0,0,0,0,1,0,0,0
2018-10-26,17:33:00,02,05,01,05,01,01,0,360006.6751,5024632.528,False,October,1,0,0,0,0,0,0,0,0,0,1,0,0,0,0,1,0,0,0
2018-10-26,17:15:00,03,03,01,01,01,01,0,363670.6908,5021246.489,False,October,1,0,0,0,0,0,0,0,0,1,0,0,0,0,0,1,0,0,0
2018-10-30,16:10:00,03,04,01,01,01,01,0,369653.72,5027427.548,False,October,1,0,0,0,0,0,0,0,0,1,0,0,0,0,0,1,0,0,0
2018-10-25,18:36:00,03,02,01,07,01,01,0,372694.7432,5022332.496,False,October,1,0,0,0,0,0,0,0,0,0,1,0,0,0,0,1,0,0,0
2018-10-26,17:40:00,03,03,01,05,01,,0,350691.1479,5018849.25,True,October,0,0,0,0,0,0,0,0,0,1,0,0,0,0,0,1,0,0,0
2018-10-26,19:19:00,03,03,01,07,01,,0,362684.3335,5017651.299,False,October,0,0,0,0,0,0,0,0,1,0,0,0,0,0,0,1,0,0,0
2018-10-26,19:35:00,03,05,01,07,01,,0,375276.1154,5023921.714,False,October,0,0,0,0,0,0,0,0,1,0,0,0,0,0,0,1,0,0,0
2018-10-26,20:17:00,02,03,01,07,01,,0,359059.0568,5023388.286,False,October,0,0,0,0,0,0,0,0,1,0,0,0,0,0,0,1,0,0,0
2018-10-26,20:57:00,03,07,01,07,01,,0,367745.0348,5028524.113,False,October,0,0,0,0,0,0,0,0,1,0,0,0,0,0,0,1,0,0,0
2018-10-26,21:19:00,03,05,01,07,01,01,0,382890.8044,5038666.453,False,October,1,0,0,0,0,0,0,0,0,0,1,0,0,0,0,1,0,0,0
2018-10-26,21:00:00,03,02,01,07,01,01,0,355105.6322,5016984.447,False,October,0,0,0,0,0,0,0,1,0,0,1,0,0,0,0,1,0,0,0
2018-10-27,00:17:00,03,05,01,07,01,,0,369104.5253,5032772.914,False,October,0,0,0,0,0,0,0,0,0,0,0,1,0,0,0,1,0,0,0
2018-10-25,17:08:00,03,05,01,01,01,01,0,367869.6991,5032009.58,False,October,1,0,0,0,0,0,0,0,0,1,0,0,0,0,0,1,0,0,0
2018-10-05,11:20:00,03,05,01,01,01,,0,368430.6375,5020379.284,False,October,0,0,0,0,0,0,0,0,1,0,0,0,0,0,0,1,0,0,0
2018-10-24,12:20:00,03,04,01,01,01,01,0,367613.7128,5028938.553,False,October,1,0,0,0,0,0,0,0,0,1,0,0,0,0,0,1,0,0,0
2018-10-27,11:49:00,03,04,01,01,01,01,0,371867.7334,5024320.518,False,October,1,0,0,0,0,0,0,0,0,1,0,0,0,0,0,1,0,0,0
2018-10-27,12:00:00,03,04,01,01,01,01,0,361934.6841,5025830.528,False,October,1,0,0,0,0,0,0,0,0,1,0,0,0,0,0,1,0,0,0
2018-10-27,12:02:00,03,02,01,01,01,01,0,366423.6951,5029861.562,False,October,0,1,0,0,0,0,0,0,0,0,1,0,0,0,0,1,0,0,0
2018-10-26,19:56:00,03,04,01,07,01,01,0,367175.4039,5014823.937,False,October,1,0,0,0,0,0,0,0,0,1,0,0,0,0,0,1,0,0,0
2018-10-27,13:08:00,02,03,01,01,01,01,0,370218.4053,5032690.853,False,October,1,0,0,0,0,0,0,0,0,1,0,0,0,0,0,1,0,0,0
2018-10-25,16:30:00,03,04,01,01,01,,0,385902.2095,5035128.164,False,October,0,0,0,0,0,0,0,0,1,0,0,0,0,0,0,1,0,0,0
2018-10-27,13:40:00,03,03,01,01,01,,0,379780.1343,5036420.017,False,October,0,0,0,0,0,0,0,0,1,0,0,0,0,0,0,1,0,0,0
2018-10-27,14:01:00,03,03,01,01,01,01,0,367565.6986,5031817.5819999995,False,October,1,0,0,0,0,0,0,0,0,1,0,0,0,0,0,1,0,0,0
2018-10-27,10:40:00,03,04,01,01,01,01,0,367691.7011,5031613.5819999995,False,October,1,0,0,0,0,0,0,0,0,1,0,0,0,0,0,1,0,0,0
2018-10-27,14:10:00,03,06,01,01,01,,0,368060.3988,5032514.035,False,October,0,0,0,0,0,0,0,0,1,0,0,0,0,0,0,1,0,0,0
2018-10-27,14:14:00,03,03,01,01,01,01,0,358635.6655,5021821.487,True,October,1,0,0,0,0,0,0,0,0,1,0,0,0,0,0,1,0,0,0
2018-10-27,14:30:00,03,03,01,01,01,,0,364114.6428,5024737.343,False,October,0,0,0,0,0,0,0,0,1,0,0,0,0,0,0,1,0,0,0
2018-10-27,11:30:00,03,0,01,01,01,,0,366623.3791,5030371.071,False,October,0,0,0,0,0,0,0,0,1,0,0,0,0,0,0,1,0,0,0
2018-10-27,14:49:00,03,03,01,01,01,01,0,360982.3112,5014901.733,False,October,1,0,0,0,0,0,0,0,0,1,0,0,0,0,0,1,0,0,0
2018-10-27,15:04:00,03,03,01,01,01,01,0,369653.7196,5027427.548,False,October,1,0,0,0,0,0,0,0,0,1,0,0,0,0,0,1,0,0,0
2018-10-27,13:10:00,03,04,01,01,01,01,0,360325.6791,5024900.5139999995,False,October,1,0,0,0,0,0,0,0,0,1,0,0,0,0,0,1,0,0,0
2018-10-27,17:50:00,03,02,01,07,01,01,0,360245.6795,5024781.512,False,October,1,0,0,0,0,0,0,0,0,0,1,0,0,0,0,1,0,0,0
2018-10-27,18:11:00,03,04,01,01,01,01,0,364130.6868,5028867.556,False,October,1,0,0,0,0,0,0,0,0,1,0,0,0,0,0,1,0,0,0
2018-10-27,18:30:00,03,03,02,07,02,01,0,375578.7351,5031439.555,False,October,1,0,0,0,0,0,0,0,0,1,0,0,0,0,0,1,0,0,0
2018-10-27,18:33:00,03,07,03,07,02,,0,327095.8151,5036835.436000001,False,October,0,0,0,0,0,0,0,0,1,0,0,0,0,0,0,1,0,0,0
2018-10-27,18:45:00,03,03,03,07,02,01,0,369365.4746,5031279.83,True,October,1,0,0,0,0,0,0,0,0,1,0,0,0,0,0,1,0,0,0
2018-10-27,18:45:00,03,05,02,07,02,01,0,368970.7102,5030632.567,False,October,1,0,0,0,0,0,0,0,0,0,1,0,0,0,0,1,0,0,0
2018-10-27,19:24:00,03,05,02,07,04,01,0,364459.6952,5024657.521000001,False,October,0,1,0,0,0,0,0,0,0,0,1,0,0,0,0,1,0,0,0
2018-10-27,19:44:00,03,05,03,07,04,01,0,350248.5839,5013331.416999999,False,October,1,0,0,0,0,0,0,0,0,0,1,0,0,0,0,1,0,0,0
2018-10-27,20:11:00,03,05,03,07,04,01,0,370884.724,5030557.57,False,October,1,0,0,0,0,0,0,0,0,0,1,0,0,0,0,1,0,0,0
2018-10-27,20:16:00,03,02,03,07,04,01,0,348208.5858,5018982.463,False,October,0,1,0,0,0,0,0,0,0,0,1,0,0,0,0,1,0,0,0
2018-10-27,20:35:00,02,03,02,07,04,01,0,364519.6942,5026958.5430000005,False,October,1,0,0,0,0,0,0,0,0,1,0,0,0,0,0,1,0,0,0
2018-10-27,21:39:00,02,07,03,07,02,01,2,363227.6937,5028292.551,False,October,1,0,0,0,0,0,0,0,0,0,1,0,0,0,0,1,0,0,0
2018-10-27,21:20:00,03,07,03,07,04,,0,364122.653,5021437.483,False,October,0,0,0,0,0,0,0,0,1,0,0,0,0,0,0,1,0,0,0
2018-10-27,09:45:00,03,05,02,01,02,01,0,384682.7535,5039285.5819999995,False,October,0,0,0,0,0,0,0,1,0,0,1,0,0,0,0,1,0,0,0
2018-10-27,22:18:00,03,07,03,07,04,01,0,365051.69399999996,5023901.507,False,October,1,0,0,0,0,0,0,0,0,0,1,0,0,0,0,1,0,0,0
2018-10-27,22:25:00,02,07,03,07,04,,0,360182.3788,5013052.527,False,October,0,0,0,0,0,0,0,0,1,0,0,0,0,0,0,1,0,0,0
2018-10-27,22:36:00,03,04,03,07,02,01,0,363520.6906,5026850.541999999,False,October,1,0,0,0,0,0,0,0,0,1,0,0,0,0,0,1,0,0,0
2018-10-27,22:49:00,03,02,03,07,04,,0,362668.7128,5013728.77,False,October,0,0,0,0,0,0,0,0,1,0,0,0,0,0,0,1,0,0,0
2018-10-27,23:17:00,02,04,03,07,04,01,0,351950.4523,5018943.516,False,October,1,0,0,0,0,0,0,0,0,0,1,0,0,0,0,1,0,0,0
2018-10-27,23:34:00,03,03,04,07,04,01,0,352511.8926,5016870.008,False,October,1,0,0,0,0,0,0,0,0,1,0,0,0,0,0,1,0,0,0
2018-10-27,23:58:00,02,07,04,07,04,,0,383259.1295,5016670.127,False,October,0,0,0,0,0,0,0,0,1,0,0,0,0,0,0,1,0,0,0
2018-10-28,00:09:00,03,07,03,07,03,,0,382484.7112,5019883.552,False,October,0,0,0,0,0,0,0,0,1,0,0,0,0,0,0,1,0,0,0
2018-10-28,01:47:00,03,06,03,07,03,,0,367288.7121,5030276.562,False,October,0,0,0,0,0,0,0,0,0,1,0,0,0,0,0,1,0,0,0
2018-10-28,02:43:00,02,07,02,07,02,01,0,368877.713,5032117.58,False,October,1,0,0,0,0,0,0,0,0,1,0,0,0,0,0,1,0,0,0
2018-10-28,03:12:00,03,07,02,07,02,01,0,351715.399,5019145.688999999,True,October,1,0,0,0,0,0,0,0,0,0,1,0,0,0,0,1,0,0,0
2018-10-27,19:30:00,03,02,03,07,04,01,0,355295.6318,5016272.431,False,October,0,1,0,0,0,0,0,0,0,0,1,0,0,0,0,1,0,0,0
2018-10-28,09:41:00,03,07,03,01,04,,0,339456.17,5013523.414,False,October,0,0,0,0,0,0,0,0,1,0,0,0,0,0,0,1,0,0,0
2018-10-28,09:48:00,03,05,02,01,02,01,0,368252.7014,5032157.574,False,October,1,0,0,0,0,0,0,0,0,1,0,0,0,0,0,1,0,0,0
2018-10-28,09:57:00,01,02,03,01,03,01,0,351693.6002,5015205.437,False,October,0,1,0,0,0,0,0,0,0,0,1,0,0,0,0,1,0,0,0
2018-10-28,09:50:00,03,02,03,01,02,01,0,381577.7371,5038228.581,False,October,0,1,0,0,0,0,0,0,0,0,1,0,0,0,0,1,0,0,0
2018-10-28,10:29:00,02,02,03,01,02,01,0,369324.7116,5032387.586,False,October,0,1,0,0,0,0,0,0,0,0,1,0,0,0,0,1,0,0,0
2018-10-28,10:51:00,02,07,03,01,04,,0,343694.9705,5003879.842,False,October,0,0,0,0,0,0,0,0,1,0,0,0,0,0,0,1,0,0,0
2018-10-27,20:30:00,03,03,03,07,02,,0,348323.4589,5002440.289,False,October,0,0,0,0,0,0,0,0,1,0,0,0,0,0,0,1,0,0,0
2018-10-19,19:00:00,03,06,01,07,01,,0,359718.11100000003,5022284.523,False,October,0,0,0,0,0,0,0,0,1,0,0,0,0,0,0,1,0,0,0
2018-10-11,16:40:00,03,03,01,01,01,01,0,364764.5829,5012872.551,False,October,0,0,0,0,0,0,0,1,0,1,0,0,0,0,0,1,0,0,0
2018-10-10,06:30:00,02,02,01,07,01,01,0,353673.7436,5018424.594,False,October,1,0,0,0,0,0,0,0,0,1,0,0,0,0,0,1,0,0,0
2018-10-19,16:39:00,03,02,01,01,01,01,0,369177.2967,5027785.492,False,October,0,1,0,0,0,0,0,0,0,1,0,0,0,0,0,1,0,0,0
2018-09-30,,03,06,01,00,01,,0,368357.5904,5032360.341,False,September,0,0,0,0,0,0,0,0,1,0,0,0,0,0,0,1,0,0,0
2018-10-22,19:00:00,03,05,02,05,02,01,0,382226.679,5035958.624,False,October,1,0,0,0,0,0,0,0,0,0,1,0,0,0,0,1,0,0,0
2018-10-03,06:15:00,03,03,02,03,02,,0,374748.6564,5032807.143999999,False,October,0,0,0,0,0,0,0,0,1,0,0,0,0,0,0,1,0,0,0
2018-10-12,09:06:00,03,03,01,01,01,01,0,378746.6885,5014207.548,False,October,1,0,0,0,0,0,0,0,0,1,0,0,0,0,0,1,0,0,0
2018-10-10,07:22:00,02,02,01,01,01,01,0,395345.7223,5022677.869,True,October,0,1,0,0,0,0,0,0,0,0,1,0,0,0,0,1,0,0,0
2018-10-22,19:02:00,03,05,01,05,01,,0,358120.2639,5021076.047,False,October,0,0,0,0,0,0,0,0,0,0,0,1,0,0,0,1,0,0,0
2018-10-18,16:42:00,03,04,01,01,01,01,0,369995.6416,5026851.483,False,October,1,0,0,0,0,0,0,0,0,0,1,0,0,0,0,1,0,0,0
2018-10-05,15:15:00,03,03,01,01,01,00,0,368976.9494,5022500.005,False,October,0,1,0,0,0,0,0,0,0,1,0,0,0,0,0,1,0,0,0
2018-10-03,06:21:00,03,05,01,03,01,01,0,367261.7002,5031252.663,False,October,1,0,0,0,0,0,0,0,0,0,1,0,0,0,0,1,0,0,0
2018-10-12,09:05:00,03,04,01,01,01,,0,367862.1376,5031311.828,False,October,0,0,0,0,0,0,0,0,1,0,0,0,0,0,0,1,0,0,0
2018-10-10,07:30:00,03,03,01,01,02,,0,366894.9468,5025276.322,False,October,0,0,0,0,0,0,0,0,1,0,0,0,0,0,0,1,0,0,0
2018-10-22,19:18:00,03,04,02,07,02,,0,383104.3992,5039143.529,False,October,0,0,0,0,0,0,0,0,1,0,0,0,0,0,0,1,0,0,0
2018-10-19,17:00:00,02,02,01,01,01,01,0,363078.6876,5026146.525,False,October,0,1,0,0,0,0,0,0,0,0,1,0,0,0,0,1,0,0,0
2018-10-05,15:15:00,03,03,01,01,01,01,0,362815.4796,5022618.515,False,October,0,1,0,0,0,0,0,0,0,1,0,0,0,0,0,1,0,0,0
2018-10-03,07:44:00,03,03,01,01,01,01,0,372903.7495,5027463.635,False,October,1,0,0,0,0,0,0,0,0,1,0,0,0,0,0,1,0,0,0
2018-10-12,09:08:00,03,03,01,01,01,,0,361849.7015,5019655.468,False,October,0,0,0,0,0,0,0,0,1,0,0,0,0,0,0,1,0,0,0
2018-10-10,08:04:00,02,07,01,01,01,,1,373670.2859,5023824.366,False,October,0,0,0,0,0,0,0,0,1,0,0,0,0,0,0,1,0,0,0
2018-10-22,20:15:00,03,03,01,07,01,01,0,365416.6987,5028038.547,False,October,1,0,0,0,0,0,0,0,0,1,0,0,0,0,0,1,0,0,0
2018-10-13,17:30:00,03,02,01,01,01,01,0,368276.5603,5031017.688,False,October,0,1,0,0,0,0,0,0,0,0,1,0,0,0,0,1,0,0,0
2018-10-19,17:50:00,03,07,01,01,01,01,0,318994.4416,5027166.642,True,October,0,1,0,0,0,0,0,0,0,1,0,0,0,0,0,1,0,0,0
2018-10-19,19:05:00,03,01,01,05,01,,0,373391.6938,5031191.351,False,October,0,0,0,0,0,0,0,0,1,0,0,0,0,0,0,1,0,0,0
2018-10-19,19:00:00,03,07,01,07,01,,0,374794.4326,5022986.049,False,October,0,0,0,0,0,0,0,0,1,0,0,0,0,0,0,1,0,0,0
2018-10-19,19:20:00,03,05,01,07,01,,0,366180.8573,5014796.8610000005,False,October,0,0,0,0,0,0,0,0,0,0,1,0,0,0,0,1,0,0,0
2018-10-19,19:21:00,03,02,01,07,01,01,0,371912.7118,5033994.5819999995,False,October,1,0,0,0,0,0,0,0,0,1,0,0,0,0,0,1,0,0,0
2018-10-19,19:00:00,03,05,0,07,01,01,0,370030.7177,5023280.517,False,October,0,0,1,0,0,0,0,0,0,0,1,0,0,0,0,1,0,0,0
2018-10-19,21:37:00,03,03,01,07,01,01,0,369788.4455,5028997.975,False,October,1,0,0,0,0,0,0,0,0,1,0,0,0,0,0,1,0,0,0
2018-10-19,21:00:00,03,06,01,07,01,,0,369068.124,5025345.145,False,October,0,0,0,0,0,0,0,0,1,0,0,0,0,0,0,1,0,0,0
2018-10-19,22:23:00,03,03,02,07,02,01,0,365612.6948,5021942.498,False,October,1,0,0,0,0,0,0,0,0,1,0,0,0,0,0,1,0,0,0
2018-10-19,22:30:00,02,07,01,07,02,01,1,368367.7163,5029476.565,False,October,0,1,0,0,0,0,0,0,0,0,1,0,0,0,0,1,0,0,0
2018-10-19,22:50:00,02,03,01,07,02,01,0,368577.7106,5028966.546,False,October,0,1,0,0,0,0,0,0,0,1,0,0,0,0,0,1,0,0,0
2018-10-19,23:21:00,03,02,01,07,01,,0,359035.3678,5023935.478999999,False,October,0,0,0,0,0,0,0,0,0,0,0,1,0,0,0,1,0,0,0
2018-10-19,23:44:00,03,03,01,07,01,01,0,367707.5296,5032394.498,False,October,1,0,0,0,0,0,0,0,0,1,0,0,0,0,0,1,0,0,0
2018-10-19,23:50:00,02,07,02,07,09,01,0,374646.7402,5030044.541,False,October,0,0,1,0,0,0,0,0,0,0,1,0,0,0,0,1,0,0,0
2018-10-20,03:41:00,03,06,02,07,02,,0,356565.5169,5015747.143,False,October,0,0,0,0,0,0,0,0,1,0,0,0,0,0,0,1,0,0,0
2018-10-20,06:30:00,02,02,01,07,02,01,0,366873.7068,5026438.532,False,October,1,0,0,0,0,0,0,0,0,0,1,0,0,0,0,1,0,0,0
2018-10-14,22:11:00,03,07,01,07,01,,0,338340.7745,5022376.64,False,October,0,0,0,0,0,0,0,0,1,0,0,0,0,0,0,1,0,0,0
2018-10-20,06:53:00,03,0,01,07,02,01,0,371033.7297,5026354.534,False,October,1,0,0,0,0,0,0,0,0,1,0,0,0,0,0,1,0,0,0
2018-10-11,15:30:00,03,06,01,01,01,,0,356192.3287,5015956.603999999,False,October,0,0,0,0,0,0,0,0,0,0,0,1,0,0,0,1,0,0,0