DATE,TIME,CLASS_OF_ACCIDENT,IMPACT_TYPE,ENVIRONMENT,LIGHT,ROAD_SURFACE_CONDITION,TRAFFIC_CONTROL_CONDITION,NO_OF_PEDESTRIANS,X,Y,Highway,Month,categorical_TRAFFIC_CONTROL_01,categorical_TRAFFIC_CONTROL_02,categorical_TRAFFIC_CONTROL_03,categorical_TRAFFIC_CONTROL_04,categorical_TRAFFIC_CONTROL_07,categorical_TRAFFIC_CONTROL_08,categorical_TRAFFIC_CONTROL_09,categorical_TRAFFIC_CONTROL_11,categorical_ACCIDENT_LOCATION_01,categorical_ACCIDENT_LOCATION_02,categorical_ACCIDENT_LOCATION_03,categorical_ACCIDENT_LOCATION_04,categorical_ACCIDENT_LOCATION_05,categorical_ACCIDENT_LOCATION_06,categorical_ACCIDENT_LOCATION_07,categorical_Seasons_Fall,categorical_Seasons_Spring,categorical_Seasons_Summer,categorical_Seasons_Winter
2018-10-20,07:51:00,03,07,01,01,02,01,0,379617.7469,5033274.562,False,October,1,0,0,0,0,0,0,0,0,1,0,0,0,0,0,1,0,0,0
2018-10-20,07:52:00,02,02,01,01,02,01,0,382729.7144,5035375.791,False,October,1,0,0,0,0,0,0,0,0,0,1,0,0,0,0,1,0,0,0
2018-10-20,06:59:00,03,07,01,03,02,,0,367458.724,5024579.425,False,October,0,0,0,0,0,0,0,0,1,0,0,0,0,0,0,1,0,0,0
2018-10-20,07:53:00,03,02,01,01,02,01,0,381580.8351,5032591.7,False,October,0,1,0,0,0,0,0,0,0,0,1,0,0,0,0,1,0,0,0
2018-10-20,08:19:00,03,06,01,01,01,,0,369415.665,5030154.391,False,October,0,0,0,0,0,0,0,0,1,0,0,0,0,0,0,1,0,0,0
2018-10-20,08:50:00,03,03,01,01,02,01,0,359058.5577,5022748.493,False,October,1,0,0,0,0,0,0,0,0,1,0,0,0,0,0,1,0,0,0
2018-10-19,21:00:00,03,03,01,07,01,,0,368724.91299999994,5028605.001,False,October,0,0,0,0,0,0,0,0,1,0,0,0,0,0,0,1,0,0,0
2018-10-20,10:45:00,03,04,01,01,01,01,0,354382.6255,5016623.444,False,October,1,0,0,0,0,0,0,0,0,1,0,0,0,0,0,1,0,0,0
2018-10-20,07:30:00,03,07,02,03,02,,0,366601.7467,5012237.655,False,October,0,0,0,0,0,0,0,0,1,0,0,0,0,0,0,1,0,0,0
2018-10-20,12:04:00,03,03,02,01,02,01,0,373597.7277,5028795.549,False,October,1,0,0,0,0,0,0,0,0,1,0,0,0,0,0,1,0,0,0
2018-10-20,12:19:00,03,03,01,01,02,01,0,395345.8803,5022677.87,True,October,0,1,0,0,0,0,0,0,0,0,1,0,0,0,0,1,0,0,0
2018-10-10,06:30:00,03,03,07,03,02,01,0,383523.5359,5034614.313,False,October,0,1,0,0,0,0,0,0,0,0,1,0,0,0,0,1,0,0,0
2018-10-20,13:05:00,03,03,01,01,01,01,0,367394.8616,5023266.619,False,October,1,0,0,0,0,0,0,0,0,1,0,0,0,0,0,1,0,0,0
2018-10-20,13:12:00,02,05,01,01,01,01,0,369836.7171,5025651.526000001,False,October,0,0,1,0,0,0,0,0,0,0,1,0,0,0,0,1,0,0,0
2018-10-20,13:53:00,03,0,01,01,01,01,0,381544.7355,5037641.594,False,October,0,1,0,0,0,0,0,0,0,0,1,0,0,0,0,1,0,0,0
2018-10-20,14:12:00,03,03,01,01,01,01,0,365431.7023,5021829.496,False,October,1,0,0,0,0,0,0,0,0,1,0,0,0,0,0,1,0,0,0
2018-10-20,14:07:00,03,05,01,01,01,01,0,367321.7051,5030792.563,False,October,0,1,0,0,0,0,0,0,0,1,0,0,0,0,0,1,0,0,0
2018-10-20,14:15:00,03,04,01,01,01,01,0,367387.8574,5029477.297,False,October,1,0,0,0,0,0,0,0,0,1,0,0,0,0,0,1,0,0,0
2018-10-20,15:08:00,02,03,01,01,01,01,0,381996.7358,5037996.589,False,October,1,0,0,0,0,0,0,0,0,1,0,0,0,0,0,1,0,0,0
2018-10-20,15:35:00,03,07,01,01,01,,0,365292.6169,5026901.4569999995,False,October,0,0,0,0,0,0,0,0,1,0,0,0,0,0,0,1,0,0,0
2018-10-20,11:30:00,03,03,01,01,02,01,0,364521.7365,5024507.546,False,October,1,0,0,0,0,0,0,0,0,1,0,0,0,0,0,1,0,0,0
2018-10-20,15:40:00,03,04,01,01,01,01,0,364351.7005,5027337.549,False,October,1,0,0,0,0,0,0,0,0,1,0,0,0,0,0,1,0,0,0
2018-10-20,15:53:00,03,03,01,01,01,01,0,350286.592,5019728.825,False,October,0,1,0,0,0,0,0,0,0,1,0,0,0,0,0,1,0,0,0
2018-10-20,16:00:00,03,03,01,01,01,01,0,350942.5978,5016079.432,False,October,1,0,0,0,0,0,0,0,0,1,0,0,0,0,0,1,0,0,0
2018-10-20,16:28:00,03,02,01,01,01,01,0,363593.6883,5024409.526000001,False,October,1,0,0,0,0,0,0,0,0,0,1,0,0,0,0,1,0,0,0
2018-10-20,14:53:00,03,03,01,01,01,01,0,351429.974,5019331.308999999,False,October,1,0,0,0,0,0,0,0,0,1,0,0,0,0,0,1,0,0,0
2018-10-20,16:52:00,03,03,01,01,01,,0,363214.4294,5024175.838,False,October,0,0,0,0,0,0,0,0,1,0,0,0,0,0,0,1,0,0,0
2018-10-20,17:15:00,03,04,01,01,01,01,0,368243.7115,5030392.565,True,October,1,0,0,0,0,0,0,0,0,0,1,0,0,0,0,1,0,0,0
2018-10-20,17:00:00,02,05,01,01,01,01,0,366428.69299999997,5030626.567,False,October,1,0,0,0,0,0,0,0,0,0,1,0,0,0,0,1,0,0,0
2018-10-20,18:47:00,02,05,01,07,01,01,0,373396.8065,5026308.459,False,October,1,0,0,0,0,0,0,0,0,0,1,0,0,0,0,1,0,0,0
2018-10-20,19:39:00,03,02,01,07,01,01,0,346209.5558,5017160.4569999995,False,October,1,0,0,0,0,0,0,0,0,0,1,0,0,0,0,1,0,0,0
2018-10-20,20:31:00,03,02,01,07,01,01,0,366106.1542,5015395.15,False,October,1,0,0,0,0,0,0,0,0,0,1,0,0,0,0,1,0,0,0
2018-10-20,21:00:00,03,07,01,07,01,,0,338191.2039,5038605.822,False,October,0,0,0,0,0,0,0,0,0,0,0,1,0,0,0,1,0,0,0
2018-10-20,22:19:00,03,04,01,07,01,,0,349411.3452,5017456.643,False,October,0,0,0,0,0,0,0,0,1,0,0,0,0,0,0,1,0,0,0
2018-10-20,16:35:00,03,03,01,01,01,01,0,366166.6937,5026028.533,False,October,1,0,0,0,0,0,0,0,0,1,0,0,0,0,0,1,0,0,0
2018-10-21,10:01:00,03,07,01,01,01,,0,370975.5714,5024623.033,False,October,0,0,0,0,0,0,0,0,1,0,0,0,0,0,0,1,0,0,0
2018-10-20,23:35:00,03,07,01,07,01,,0,370341.2204,5015488.267,False,October,0,0,0,0,0,0,0,0,1,0,0,0,0,0,0,1,0,0,0
2018-10-20,18:00:00,03,04,01,01,01,01,0,362942.6977,5026488.527,False,October,1,0,0,0,0,0,0,0,0,1,0,0,0,0,0,1,0,0,0
2018-10-21,11:30:00,03,02,01,01,01,01,0,365193.6968,5022948.495,False,October,1,0,0,0,0,0,0,0,0,0,1,0,0,0,0,1,0,0,0
2018-10-21,11:58:00,03,04,01,01,01,01,0,373224.7222,5034516.592,False,October,1,0,0,0,0,0,0,0,0,1,0,0,0,0,0,1,0,0,0
2018-10-20,17:30:00,03,06,01,01,01,,0,352168.7048,5019876.575,False,October,0,0,0,0,0,0,0,0,0,0,0,1,0,0,0,1,0,0,0
2018-10-21,12:15:00,03,04,01,01,01,01,0,368448.7068,5030399.565,True,October,1,0,0,0,0,0,0,0,0,1,0,0,0,0,0,1,0,0,0
2018-10-21,15:20:00,03,02,01,01,01,01,0,368374.5112,5032329.973999999,False,October,1,0,0,0,0,0,0,0,0,0,1,0,0,0,0,1,0,0,0
2018-10-20,18:11:00,03,03,01,05,01,01,0,352994.0093,5016304.808,False,October,1,0,0,0,0,0,0,0,0,1,0,0,0,0,0,1,0,0,0
2018-10-20,16:30:00,02,03,02,01,02,,0,371286.6878,5023861.455,False,October,0,0,0,0,0,0,0,0,1,0,0,0,0,0,0,1,0,0,0
2018-10-21,16:04:00,03,03,01,01,01,01,0,351543.9988,5016629.976,False,October,1,0,0,0,0,0,0,0,0,1,0,0,0,0,0,1,0,0,0
2018-10-21,16:04:00,03,02,01,01,01,,0,364927.5304,5026072.561000001,False,October,0,0,0,0,0,0,0,0,0,0,0,1,0,0,0,1,0,0,0
2018-10-21,17:05:00,03,05,01,01,01,01,0,341946.6017,5031874.588,False,October,0,1,0,0,0,0,0,0,0,0,1,0,0,0,0,1,0,0,0
2018-10-21,18:23:00,03,04,01,05,01,01,0,371611.7225,5029191.548,False,October,0,1,0,0,0,0,0,0,0,1,0,0,0,0,0,1,0,0,0
2018-10-21,19:04:00,03,07,01,05,01,,0,327668.2775,5038002.04,False,October,0,0,0,0,0,0,0,0,1,0,0,0,0,0,0,1,0,0,0
2018-10-21,19:41:00,02,05,01,07,01,,0,364225.7239,5023375.238,False,October,0,0,0,0,0,0,0,0,1,0,0,0,0,0,0,1,0,0,0
2018-10-21,21:28:00,03,02,01,07,01,01,0,368372.1454,5031992.638,False,October,1,0,0,0,0,0,0,0,0,0,1,0,0,0,0,1,0,0,0
2018-10-21,23:42:00,03,07,01,07,01,,0,371462.4511,5012561.865,False,October,0,0,0,0,0,0,0,0,1,0,0,0,0,0,0,1,0,0,0
2018-10-22,06:23:00,03,02,01,07,01,,0,338036.7698,5035921.606000001,False,October,0,0,0,0,0,0,0,0,0,0,0,1,0,0,0,1,0,0,0
2018-10-22,06:45:00,03,05,01,03,01,01,0,358786.6646,5022150.494,False,October,1,0,0,0,0,0,0,0,0,0,1,0,0,0,0,1,0,0,0
2018-10-22,07:02:00,03,03,01,03,01,01,0,375578.7735,5031439.517,False,October,1,0,0,0,0,0,0,0,0,1,0,0,0,0,0,1,0,0,0
2018-10-22,07:45:00,03,03,01,01,01,01,0,368839.9948,5015288.26,False,October,1,0,0,0,0,0,0,0,0,1,0,0,0,0,0,1,0,0,0
2018-10-22,07:45:00,03,02,01,01,01,,0,362696.6623,5027880.538,False,October,0,0,0,0,0,0,0,0,0,0,0,1,0,0,0,1,0,0,0
2018-10-18,,03,06,00,00,01,,0,367231.7502,5025461.377,False,October,0,0,0,0,0,0,0,0,1,0,0,0,0,0,0,1,0,0,0
2018-10-22,09:30:00,03,03,01,01,01,01,0,369355.7167,5017877.465,False,October,1,0,0,0,0,0,0,0,0,1,0,0,0,0,0,1,0,0,0
2018-10-22,10:03:00,03,04,01,01,01,01,0,372093.7123,5032472.585,False,October,1,0,0,0,0,0,0,0,0,1,0,0,0,0,0,1,0,0,0
2018-10-22,10:32:00,02,05,01,01,01,01,0,367602.7097,5025873.537,False,October,1,0,0,0,0,0,0,0,0,0,1,0,0,0,0,1,0,0,0
2018-10-22,12:07:00,03,04,01,01,01,01,0,368373.7624,5031798.393,False,October,1,0,0,0,0,0,0,0,0,1,0,0,0,0,0,1,0,0,0
2018-10-22,11:58:00,02,05,01,01,01,01,0,362291.2127,5013545.407,False,October,1,0,0,0,0,0,0,0,0,0,1,0,0,0,0,1,0,0,0
2018-10-22,12:08:00,02,02,0,01,01,,0,375829.907,5020449.454,False,October,0,0,0,0,0,0,0,0,0,0,0,1,0,0,0,1,0,0,0
2018-10-22,12:19:00,03,03,01,01,01,01,0,362706.2419,5023492.801,False,October,1,0,0,0,0,0,0,0,0,1,0,0,0,0,0,1,0,0,0
2018-10-22,11:30:00,03,05,01,01,01,,0,349851.9125,5023387.871,False,October,0,0,0,0,0,0,0,0,0,0,0,1,0,0,0,1,0,0,0
2018-10-20,15:00:00,03,03,01,01,01,01,0,370507.654,5023400.616,False,October,1,0,0,0,0,0,0,0,0,1,0,0,0,0,0,1,0,0,0
2018-10-22,11:45:00,03,03,01,01,01,01,0,352207.6107,5017242.45,False,October,1,0,0,0,0,0,0,0,0,1,0,0,0,0,0,1,0,0,0
2018-10-22,14:33:00,02,02,01,01,01,01,0,370835.7117,5032328.581,False,October,0,1,0,0,0,0,0,0,0,1,0,0,0,0,0,1,0,0,0
2018-10-22,13:10:00,03,03,01,01,01,01,0,363080.6021,5016732.551,False,October,1,0,0,0,0,0,0,0,0,1,0,0,0,0,0,1,0,0,0
2018-10-22,15:00:00,02,07,01,01,01,01,2,370213.3694,5025873.678,False,October,1,0,0,0,0,0,0,0,0,1,0,0,0,0,0,1,0,0,0
2018-10-05,17:17:00,02,03,01,01,01,,0,370059.0071,5025557.567,False,October,0,0,0,0,0,0,0,0,1,0,0,0,0,0,0,1,0,0,0
2018-10-03,07:43:00,03,03,01,01,01,,0,374741.7049,5032802.024,False,October,0,0,0,0,0,0,0,0,1,0,0,0,0,0,0,1,0,0,0
2018-10-12,09:13:00,03,03,01,01,01,00,0,358635.732,5021821.619,True,October,1,0,0,0,0,0,0,0,0,1,0,0,0,0,0,1,0,0,0
2018-10-23,06:00:00,03,07,01,07,01,,0,388073.7624,5022143.22,False,October,0,0,0,0,0,0,0,0,1,0,0,0,0,0,0,1,0,0,0
2018-10-23,08:11:00,02,02,0,01,01,01,0,389637.838,5021965.471,False,October,0,1,0,0,0,0,0,0,0,0,1,0,0,0,0,1,0,0,0
2018-10-10,08:07:00,03,03,01,01,02,01,0,385350.899,5037697.568,False,October,0,1,0,0,0,0,0,0,0,1,0,0,0,0,0,1,0,0,0
2018-10-02,09:30:00,03,03,02,01,02,01,0,371882.6444,5030913.6389999995,False,October,1,0,0,0,0,0,0,0,0,1,0,0,0,0,0,1,0,0,0
2018-10-05,16:01:00,03,05,01,01,01,01,0,374721.7989,5033324.71,False,October,0,1,0,0,0,0,0,0,0,1,0,0,0,0,0,1,0,0,0
2018-10-11,16:30:00,03,03,07,01,01,01,0,365356.6052,5025517.649,False,October,1,0,0,0,0,0,0,0,0,1,0,0,0,0,0,1,0,0,0
2018-10-23,08:38:00,03,07,01,01,01,,0,350062.3812,5028984.2069999995,False,October,0,0,0,0,0,0,0,0,1,0,0,0,0,0,0,1,0,0,0
2018-10-10,07:55:00,03,05,01,03,01,01,0,368634.7166,5032205.541999999,False,October,1,0,0,0,0,0,0,0,0,0,1,0,0,0,0,1,0,0,0
2018-10-10,08:08:00,03,04,01,01,01,,0,367882.6224,5033995.134,False,October,0,0,0,0,0,0,0,0,1,0,0,0,0,0,0,1,0,0,0
2018-10-10,09:22:00,02,07,01,01,01,,1,367090.8554,5029115.8,False,October,0,0,0,0,0,0,0,0,1,0,0,0,0,0,0,1,0,0,0
2018-10-10,10:44:00,03,05,01,01,01,01,0,350455.6007,5019010.455,False,October,1,0,0,0,0,0,0,0,0,1,0,0,0,0,0,1,0,0,0
2018-10-10,10:45:00,03,04,01,01,01,01,0,367413.5877,5031722.619,False,October,1,0,0,0,0,0,0,0,0,1,0,0,0,0,0,1,0,0,0
2018-10-10,10:56:00,02,02,01,01,01,01,0,370723.4618,5025605.476,False,October,0,1,0,0,0,0,0,0,0,0,1,0,0,0,0,1,0,0,0
2018-10-10,11:35:00,03,02,01,01,01,01,0,368384.7548,5030844.654,False,October,1,0,0,0,0,0,0,0,0,0,1,0,0,0,0,1,0,0,0
2018-10-10,12:22:00,02,07,01,01,01,,0,382080.2407,5038262.578,False,October,0,0,0,0,0,0,0,0,1,0,0,0,0,0,0,1,0,0,0
2018-10-10,12:34:00,03,03,01,01,01,01,0,361811.7289,5026115.635,False,October,0,1,0,0,0,0,0,0,0,1,0,0,0,0,0,1,0,0,0
2018-10-10,13:00:00,03,04,01,01,01,01,0,364841.334,5014200.437,False,October,0,1,0,0,0,0,0,0,0,1,0,0,0,0,0,1,0,0,0
2018-10-10,11:44:00,03,03,01,01,01,,0,370103.62299999996,5033082.812,False,October,0,0,0,0,0,0,0,0,1,0,0,0,0,0,0,1,0,0,0
2018-10-10,12:48:00,03,03,01,01,01,01,0,364858.625,5023725.64,False,October,1,0,0,0,0,0,0,0,0,1,0,0,0,0,0,1,0,0,0
2018-10-10,12:15:00,03,03,01,01,01,,0,364581.4201,5024368.351,False,October,0,0,0,0,0,0,0,0,1,0,0,0,0,0,0,1,0,0,0
2018-10-10,13:41:00,03,02,01,01,01,,0,369734.3841,5026396.3,False,October,0,0,0,0,0,0,0,0,0,0,0,1,0,0,0,1,0,0,0
2018-10-10,13:47:00,02,02,01,01,01,01,0,367377.6719,5030428.532,False,October,0,1,0,0,0,0,0,0,0,0,1,0,0,0,0,1,0,0,0
2018-10-10,13:46:00,03,07,01,01,01,,0,390901.4367,5040785.08,False,October,0,0,0,0,0,0,0,0,1,0,0,0,0,0,0,1,0,0,0
2018-10-10,14:05:00,03,04,01,01,01,01,0,368248.6784,5032823.589,False,October,1,0,0,0,0,0,0,0,0,1,0,0,0,0,0,1,0,0,0
2018-10-15,07:09:00,03,02,01,01,01,,0,371656.9637,5026730.02,False,October,0,0,0,0,0,0,0,0,0,0,0,1,0,0,0,1,0,0,0
2018-10-10,14:05:00,03,03,01,01,01,01,0,381798.6429,5035073.544,False,October,1,0,0,0,0,0,0,0,0,1,0,0,0,0,0,1,0,0,0
2018-10-10,14:22:00,03,02,01,01,01,01,0,348803.086,5019506.072,False,October,1,0,0,0,0,0,0,0,0,0,1,0,0,0,0,1,0,0,0
2018-10-05,11:15:00,03,06,01,01,01,,0,368297.9355,5029623.728999999,False,October,0,0,0,0,0,0,0,0,0,0,0,1,0,0,0,1,0,0,0
2018-10-10,14:20:00,03,05,01,01,01,,0,372773.8967,5027386.5819999995,False,October,0,0,0,0,0,0,0,0,1,0,0,0,0,0,0,1,0,0,0
2018-10-10,15:15:00,03,05,01,01,01,01,0,372748.7366,5032170.516,False,October,1,0,0,0,0,0,0,0,0,0,1,0,0,0,0,1,0,0,0
2018-10-10,15:34:00,02,05,01,01,01,01,0,364880.5852,5025067.521000001,False,October,1,0,0,0,0,0,0,0,0,0,1,0,0,0,0,1,0,0,0
2018-09-24,13:30:00,03,06,01,01,01,,0,369344.5523,5032639.283,False,September,0,0,0,0,0,0,0,0,0,0,0,1,0,0,0,1,0,0,0
2018-10-10,16:41:00,03,03,01,01,01,,0,389734.5465,5025321.26,False,October,0,0,0,0,0,0,0,0,1,0,0,0,0,0,0,1,0,0,0
2018-10-10,17:02:00,03,05,01,01,01,01,0,362213.7732,5026025.623,False,October,1,0,0,0,0,0,0,0,0,0,1,0,0,0,0,1,0,0,0
2018-10-10,17:07:00,03,03,01,01,01,,0,389717.5823,5025320.493,False,October,0,0,0,0,0,0,0,0,1,0,0,0,0,0,0,1,0,0,0
2018-10-10,17:19:00,03,03,01,01,01,,0,375464.8086,5035031.926,False,October,0,0,0,0,0,0,0,0,1,0,0,0,0,0,0,1,0,0,0
2018-10-08,18:30:00,03,04,02,05,02,01,0,367252.7984,5029796.589,False,October,1,0,0,0,0,0,0,0,0,1,0,0,0,0,0,1,0,0,0
2018-10-10,13:45:00,03,04,01,01,01,,0,364317.6902,5027514.908,True,October,0,0,0,0,0,0,0,0,1,0,0,0,0,0,0,1,0,0,0
2018-10-10,19:30:00,03,07,01,07,01,,0,337578.4809,5017526.773,False,October,0,0,0,0,0,0,0,0,1,0,0,0,0,0,0,1,0,0,0
2018-10-10,19:13:00,03,07,01,07,01,,0,355573.6734,5013608.353,False,October,0,0,0,0,0,0,0,0,1,0,0,0,0,0,0,1,0,0,0
2018-10-10,19:14:00,02,01,01,07,01,,0,387252.7382,5035596.565,False,October,0,0,0,0,0,0,0,0,1,0,0,0,0,0,0,1,0,0,0
2018-10-10,19:25:00,03,04,01,07,01,,0,364752.7995,5029558.051,False,October,0,0,0,0,0,0,0,0,1,0,0,0,0,0,0,1,0,0,0
2018-10-10,,03,06,01,00,01,,0,366732.10799999995,5029120.489,False,October,0,0,0,0,0,0,0,0,1,0,0,0,0,0,0,1,0,0,0
2018-10-10,20:37:00,03,03,01,07,01,01,0,367786.6558,5030774.395,False,October,1,0,0,0,0,0,0,0,0,1,0,0,0,0,0,1,0,0,0
2018-10-10,22:21:00,03,0,01,07,01,,0,366522.9047,5029546.626,False,October,0,0,0,0,0,0,0,0,1,0,0,0,0,0,0,1,0,0,0
2018-10-11,04:21:00,02,07,02,07,02,00,0,374477.43100000004,5019491.0430000005,False,October,0,1,0,0,0,0,0,0,0,1,0,0,0,0,0,1,0,0,0
2018-10-11,06:13:00,02,07,02,07,02,01,1,385553.3619,5034776.339,False,October,0,1,0,0,0,0,0,0,0,0,1,0,0,0,0,1,0,0,0
2018-10-11,06:36:00,02,03,02,07,02,,0,377031.9182,5017658.384,False,October,0,0,0,0,0,0,0,0,1,0,0,0,0,0,0,1,0,0,0
2018-10-11,06:46:00,03,05,02,07,02,01,0,368699.6373,5009932.365,False,October,1,0,0,0,0,0,0,0,0,0,1,0,0,0,0,1,0,0,0
2018-10-11,06:52:00,03,03,02,07,02,,0,366685.2788,5031294.64,False,October,0,0,0,0,0,0,0,0,1,0,0,0,0,0,0,1,0,0,0
2018-10-11,07:00:00,03,07,02,07,02,,0,357354.3736,5019105.545,False,October,0,0,0,0,0,0,0,0,1,0,0,0,0,0,0,1,0,0,0
2018-10-11,07:05:00,03,03,02,03,02,,0,357251.0271,5018173.376,False,October,0,0,0,0,0,0,0,0,1,0,0,0,0,0,0,1,0,0,0
2018-10-11,07:13:00,03,03,02,03,02,01,0,358635.6674,5021821.461,True,October,1,0,0,0,0,0,0,0,0,1,0,0,0,0,0,1,0,0,0
2018-10-11,07:18:00,02,05,02,01,02,,0,368251.2549,5006913.683999999,False,October,0,0,0,0,0,0,0,0,0,0,0,1,0,0,0,1,0,0,0
2018-10-11,07:33:00,03,05,02,01,02,01,0,350942.5633,5016079.56,False,October,1,0,0,0,0,0,0,0,0,0,1,0,0,0,0,1,0,0,0
2018-10-11,07:39:00,03,04,01,01,02,,0,352664.14700000006,5020868.694,True,October,0,0,0,0,0,0,0,0,1,0,0,0,0,0,0,1,0,0,0
2018-10-10,17:10:00,03,03,01,01,01,01,0,360554.4847,5022893.789,False,October,1,0,0,0,0,0,0,0,0,1,0,0,0,0,0,1,0,0,0
2018-10-10,08:17:00,03,03,01,01,01,01,0,352677.9288,5017676.731000001,False,October,1,0,0,0,0,0,0,0,0,1,0,0,0,0,0,1,0,0,0
2018-10-11,08:20:00,02,04,02,01,02,,0,375031.158,5031108.129,True,October,0,0,0,0,0,0,0,0,1,0,0,0,0,0,0,1,0,0,0
2018-10-11,09:19:00,03,04,02,01,02,,0,367266.6582,5031633.975,False,October,0,0,0,0,0,0,0,0,1,0,0,0,0,0,0,1,0,0,0
2018-10-11,09:34:00,03,05,01,01,02,01,0,363976.6487,5020575.523,False,October,0,1,0,0,0,0,0,0,0,0,1,0,0,0,0,1,0,0,0
2018-10-11,08:00:00,03,03,02,01,02,01,0,370507.6796,5023400.59,False,October,1,0,0,0,0,0,0,0,0,1,0,0,0,0,0,1,0,0,0
2018-10-11,11:09:00,02,02,01,01,02,01,0,368971.7403,5032505.643999999,False,October,0,1,0,0,0,0,0,0,0,0,1,0,0,0,0,1,0,0,0
2018-10-11,11:08:00,03,0,02,01,02,01,0,380028.8184,5038105.621,False,October,1,0,0,0,0,0,0,0,0,0,1,0,0,0,0,1,0,0,0
2018-10-11,11:00:00,03,0,02,01,02,,0,375284.9754,5026953.95,False,October,0,0,0,0,0,0,0,0,0,0,0,1,0,0,0,1,0,0,0
2018-10-11,09:30:00,03,06,02,01,02,,0,367203.7193,5030418.328,False,October,0,0,0,0,0,0,0,0,1,0,0,0,0,0,0,1,0,0,0
2018-10-11,12:00:00,03,02,01,01,01,,0,369085.9259,5031464.676,False,October,0,0,0,0,0,0,0,0,0,0,0,1,0,0,0,1,0,0,0
2018-10-11,12:24:00,02,0,01,01,01,01,0,376683.7762,5028863.516,False,October,0,1,0,0,0,0,0,0,0,0,1,0,0,0,0,1,0,0,0
2018-10-11,08:25:00,03,03,02,01,02,,0,367802.05100000004,5026011.363,False,October,0,0,0,0,0,0,0,0,1,0,0,0,0,0,0,1,0,0,0
2018-10-11,12:47:00,02,03,01,01,01,00,0,361471.6844,5026907.538,False,October,0,1,0,0,0,0,0,0,0,1,0,0,0,0,0,1,0,0,0
2018-10-11,13:45:00,03,02,01,01,01,01,0,362227.6927,4996129.296,False,October,0,1,0,0,0,0,0,0,0,0,1,0,0,0,0,1,0,0,0
2018-10-11,14:58:00,03,05,01,01,01,01,0,351431.5959,5018766.416999999,False,October,0,0,1,0,0,0,0,0,0,0,1,0,0,0,0,1,0,0,0
2018-10-11,15:18:00,03,05,01,01,02,01,0,346209.4377,5017160.562,False,October,1,0,0,0,0,0,0,0,0,0,1,0,0,0,0,1,0,0,0
2018-10-11,09:40:00,02,03,07,01,02,,0,352319.0038,5021655.598999999,False,October,0,0,0,0,0,0,0,0,1,0,0,0,0,0,0,1,0,0,0
2018-10-11,15:29:00,02,05,01,01,02,01,0,371452.6766,5027012.725,False,October,1,0,0,0,0,0,0,0,0,0,1,0,0,0,0,1,0,0,0
2018-10-11,15:45:00,02,03,01,01,01,,0,373244.3834,5029674.576,False,October,0,0,0,0,0,0,0,0,1,0,0,0,0,0,0,1,0,0,0
2018-10-03,15:30:00,03,05,01,01,01,,0,362848.94399999996,5023952.004,False,October,0,0,0,0,0,0,0,0,0,0,0,1,0,0,0,1,0,0,0
2018-10-11,16:12:00,03,03,01,01,01,01,0,368243.7109,5030392.563999999,True,October,1,0,0,0,0,0,0,0,0,1,0,0,0,0,0,1,0,0,0
2018-10-11,16:22:00,03,05,01,01,01,01,0,362291.4528,5013545.462,False,October,1,0,0,0,0,0,0,0,0,0,1,0,0,0,0,1,0,0,0
2018-10-11,16:23:00,03,03,01,01,01,,0,368297.0612,5010080.578,False,October,0,0,0,0,0,0,0,0,1,0,0,0,0,0,0,1,0,0,0
2018-10-11,16:31:00,03,03,07,05,02,,0,367317.6738,5019115.015,False,October,0,0,0,0,0,0,0,0,1,0,0,0,0,0,0,1,0,0,0
2018-10-11,16:46:00,03,02,01,01,01,01,0,374193.8196,5025653.642,False,October,0,1,0,0,0,0,0,0,0,0,1,0,0,0,0,1,0,0,0
2018-10-11,16:35:00,03,03,01,01,01,,0,367452.1034,5017707.981000001,False,October,0,0,0,0,0,0,0,0,1,0,0,0,0,0,0,1,0,0,0
2018-10-11,16:30:00,03,04,07,01,01,01,0,371291.7286,5023864.504,False,October,1,0,0,0,0,0,0,0,0,1,0,0,0,0,0,1,0,0,0
2018-10-11,16:59:00,03,02,07,01,01,01,0,363900.5871,5028349.626,False,October,0,1,0,0,0,0,0,0,0,0,1,0,0,0,0,1,0,0,0
2018-10-11,17:28:00,03,0,01,01,01,,0,359550.2768,5014650.164,True,October,0,0,0,0,0,0,0,0,1,0,0,0,0,0,0,1,0,0,0
2018-10-11,17:50:00,03,03,07,05,01,01,0,391167.8202,5007624.352,False,October,0,1,0,0,0,0,0,0,0,0,1,0,0,0,0,1,0,0,0
2018-10-11,17:53:00,02,03,01,05,01,00,0,371306.71,5024316.691000001,False,October,1,0,0,0,0,0,0,0,0,1,0,0,0,0,0,1,0,0,0
2018-10-11,18:50:00,03,03,01,05,01,01,0,383640.9751,5036900.456,False,October,1,0,0,0,0,0,0,0,0,1,0,0,0,0,0,1,0,0,0
2018-10-11,18:54:00,02,05,07,07,01,01,0,367882.9291,5014698.176,False,October,1,0,0,0,0,0,0,0,0,0,1,0,0,0,0,1,0,0,0