DATE,TIME,CLASS_OF_ACCIDENT,IMPACT_TYPE,ENVIRONMENT,LIGHT,ROAD_SURFACE_CONDITION,TRAFFIC_CONTROL_CONDITION,NO_OF_PEDESTRIANS,X,Y,Highway,Month,categorical_TRAFFIC_CONTROL_01,categorical_TRAFFIC_CONTROL_02,categorical_TRAFFIC_CONTROL_03,categorical_TRAFFIC_CONTROL_04,categorical_TRAFFIC_CONTROL_07,categorical_TRAFFIC_CONTROL_08,categorical_TRAFFIC_CONTROL_09,categorical_TRAFFIC_CONTROL_11,categorical_ACCIDENT_LOCATION_01,categorical_ACCIDENT_LOCATION_02,categorical_ACCIDENT_LOCATION_03,categorical_ACCIDENT_LOCATION_04,categorical_ACCIDENT_LOCATION_05,categorical_ACCIDENT_LOCATION_06,categorical_ACCIDENT_LOCATION_07,categorical_Seasons_Fall,categorical_Seasons_Spring,categorical_Seasons_Summer,categorical_Seasons_Winter
2018-10-11,19:01:00,03,03,07,07,01,01,0,362942.6599,5026488.566000001,False,October,1,0,0,0,0,0,0,0,0,1,0,0,0,0,0,1,0,0,0
2018-10-11,17:42:00,03,03,01,01,01,01,0,367922.6491,5028091.555,False,October,1,0,0,0,0,0,0,0,0,1,0,0,0,0,0,1,0,0,0
2018-10-11,19:36:00,02,07,07,07,02,01,1,374333.7872,5025940.659,False,October,0,1,0,0,0,0,0,0,0,1,0,0,0,0,0,1,0,0,0
2018-10-11,20:00:00,02,04,01,07,01,,0,363648.5527,5014626.601,False,October,0,0,0,0,0,0,0,0,1,0,0,0,0,0,0,1,0,0,0
2018-10-11,16:41:00,03,02,01,01,01,01,0,367478.7377,5022691.438,False,October,0,1,0,0,0,0,0,0,0,0,1,0,0,0,0,1,0,0,0
2018-10-11,21:00:00,03,06,01,07,02,,0,366398.1511,5029332.0819999995,False,October,0,0,0,0,0,0,0,0,0,0,0,1,0,0,0,1,0,0,0
2018-10-03,08:16:00,03,02,01,01,01,01,0,372565.0246,5029298.728999999,False,October,1,0,0,0,0,0,0,0,0,1,0,0,0,0,0,1,0,0,0
2018-10-05,16:10:00,03,02,01,01,01,01,0,368362.9637,5022133.962,False,October,0,1,0,0,0,0,0,0,0,0,1,0,0,0,0,1,0,0,0
2018-10-11,,03,06,01,00,01,,0,366865.6387,5025235.877,False,October,0,0,0,0,0,0,0,0,1,0,0,0,0,0,0,1,0,0,0
2018-10-17,10:40:00,02,05,01,01,01,01,0,369225.7155,5027983.545,False,October,1,0,0,0,0,0,0,0,0,1,0,0,0,0,0,1,0,0,0
2018-10-03,09:34:00,03,02,01,01,01,,0,366028.644,5012211.783,False,October,0,0,0,0,0,0,0,0,0,0,0,1,0,0,0,1,0,0,0
2018-10-11,09:59:00,03,02,01,01,01,01,0,363633.6984,5028746.532,False,October,0,1,0,0,0,0,0,0,0,1,0,0,0,0,0,1,0,0,0
2018-10-05,17:00:00,03,03,01,01,01,01,0,384964.6882,5038717.621,False,October,1,0,0,0,0,0,0,0,0,1,0,0,0,0,0,1,0,0,0
2018-10-23,08:15:00,03,03,01,01,01,01,0,369304.6703,5027894.666999999,False,October,1,0,0,0,0,0,0,0,0,1,0,0,0,0,0,1,0,0,0
2018-10-03,13:16:00,02,05,01,01,01,,0,384365.2678,5008341.79,False,October,0,0,0,0,0,0,0,0,0,0,0,1,0,0,0,1,0,0,0
2018-10-12,10:20:00,03,03,01,01,01,01,0,363775.6551,5027013.605,False,October,1,0,0,0,0,0,0,0,0,1,0,0,0,0,0,1,0,0,0
2018-10-05,17:14:00,02,05,01,01,01,01,0,368167.4691,5026222.534,False,October,1,0,0,0,0,0,0,0,0,0,1,0,0,0,0,1,0,0,0
2018-10-22,13:20:00,03,04,01,01,01,01,0,361767.79299999995,5025725.588,False,October,1,0,0,0,0,0,0,0,0,1,0,0,0,0,0,1,0,0,0
2018-10-03,11:19:00,03,03,01,01,01,00,0,366829.7013,5030391.563999999,False,October,1,0,0,0,0,0,0,0,0,1,0,0,0,0,0,1,0,0,0
2018-10-03,11:49:00,03,04,01,01,01,01,0,380940.9902,5036250.39,False,October,1,0,0,0,0,0,0,0,0,0,1,0,0,0,0,1,0,0,0
2018-10-03,12:45:00,02,07,01,01,01,01,1,361934.6841,5025830.528,False,October,1,0,0,0,0,0,0,0,0,0,1,0,0,0,0,1,0,0,0
2018-10-03,13:06:00,03,0,01,01,01,,0,362833.469,5028001.484,False,October,0,0,0,0,0,0,0,0,1,0,0,0,0,0,0,1,0,0,0
2018-09-25,21:15:00,03,07,02,07,02,,0,372173.1818,5018368.294,False,September,0,0,0,0,0,0,0,0,1,0,0,0,0,0,0,1,0,0,0
2018-10-03,13:34:00,03,04,01,01,01,,0,368211.0258,5032704.135,False,October,0,0,0,0,0,0,0,0,1,0,0,0,0,0,0,1,0,0,0
2018-10-02,09:00:00,03,06,01,01,01,,0,367657.7579,5031666.478,False,October,0,0,0,0,0,0,0,0,1,0,0,0,0,0,0,1,0,0,0
2018-10-03,14:18:00,02,02,01,01,01,01,0,367420.7017,5030356.638,False,October,0,1,0,0,0,0,0,0,0,0,1,0,0,0,0,1,0,0,0
2018-10-03,,03,06,01,00,01,,0,374435.8612,5026987.311000001,False,October,0,0,0,0,0,0,0,0,1,0,0,0,0,0,0,1,0,0,0
2018-10-03,15:58:00,03,06,01,01,07,,0,383903.3127,5034607.756,False,October,0,0,0,0,0,0,0,0,1,0,0,0,0,0,0,1,0,0,0
2018-10-03,16:22:00,02,01,01,01,01,,0,377406.648,4998957.9569999995,False,October,0,0,0,0,0,0,0,0,1,0,0,0,0,0,0,1,0,0,0
2018-10-03,16:20:00,03,03,01,01,01,,0,375091.9603,5031149.782,False,October,0,0,0,0,0,0,0,0,1,0,0,0,0,0,0,1,0,0,0
2018-10-03,16:51:00,03,05,01,01,01,01,0,366160.6781,5030464.577,False,October,1,0,0,0,0,0,0,0,0,0,1,0,0,0,0,1,0,0,0
2018-10-03,18:53:00,03,02,01,05,01,,0,371298.0381,5026249.795,False,October,0,0,0,0,0,0,0,0,0,0,0,1,0,0,0,1,0,0,0
2018-10-03,20:04:00,03,05,01,07,01,01,0,366709.6496,5012195.42,False,October,1,0,0,0,0,0,0,0,0,0,1,0,0,0,0,1,0,0,0
2018-10-03,22:55:00,02,06,01,07,01,,0,370547.2452,5023301.391,False,October,0,0,0,0,0,0,0,0,1,0,0,0,0,0,0,1,0,0,0
2018-10-15,07:47:00,03,04,01,03,01,01,0,362706.189,5023492.86,False,October,1,0,0,0,0,0,0,0,0,1,0,0,0,0,0,1,0,0,0
2018-10-03,23:39:00,03,05,01,07,01,01,0,376683.7719,5028863.521000001,False,October,0,1,0,0,0,0,0,0,0,0,1,0,0,0,0,1,0,0,0
2018-10-03,23:50:00,03,03,01,07,01,,0,371506.5318,5029179.916999999,False,October,0,0,0,0,0,0,0,0,1,0,0,0,0,0,0,1,0,0,0
2018-10-04,04:35:00,03,07,01,07,01,,0,362776.3932,5023908.061000001,False,October,0,0,0,0,0,0,0,0,1,0,0,0,0,0,0,1,0,0,0
2018-10-04,05:02:00,02,02,01,07,01,01,0,370140.7175,5033529.636,False,October,0,1,0,0,0,0,0,0,0,0,1,0,0,0,0,1,0,0,0
2018-10-03,15:45:00,03,02,01,01,01,01,0,358289.6948,5023363.57,False,October,0,1,0,0,0,0,0,0,0,0,1,0,0,0,0,1,0,0,0
2018-10-04,08:09:00,02,03,02,01,02,01,0,368108.9177,5027766.528,False,October,1,0,0,0,0,0,0,0,0,1,0,0,0,0,0,1,0,0,0
2018-10-04,08:14:00,02,05,02,01,02,01,0,373705.8795,5030406.55,False,October,1,0,0,0,0,0,0,0,0,0,1,0,0,0,0,1,0,0,0
2018-10-04,08:40:00,03,05,02,01,02,,0,356999.8869,5020417.325,False,October,0,0,0,0,0,0,0,0,0,0,0,1,0,0,0,1,0,0,0
2018-10-04,09:00:00,02,02,02,01,02,01,0,360658.4589,5025042.531,False,October,1,0,0,0,0,0,0,0,0,0,1,0,0,0,0,1,0,0,0
2018-10-04,08:45:00,03,02,02,01,02,01,0,368591.8088,5032273.619,False,October,0,1,0,0,0,0,0,0,0,0,1,0,0,0,0,1,0,0,0
2018-10-04,09:22:00,02,03,02,01,02,,0,367345.7037,5026514.498,False,October,0,0,0,0,0,0,0,0,1,0,0,0,0,0,0,1,0,0,0
2018-10-03,16:30:00,03,0,02,05,02,,0,378495.2302,5012703.754,False,October,0,0,0,0,0,0,0,0,1,0,0,0,0,0,0,1,0,0,0
2018-10-03,19:20:00,03,04,01,07,01,01,0,381601.8259,5037684.256,False,October,1,0,0,0,0,0,0,0,0,1,0,0,0,0,0,1,0,0,0
2018-10-03,10:06:00,03,03,01,01,01,01,0,380028.6243,5038105.501,False,October,1,0,0,0,0,0,0,0,0,1,0,0,0,0,0,1,0,0,0
2018-10-04,10:24:00,02,07,01,01,02,01,1,370271.6741,5023735.643999999,False,October,0,1,0,0,0,0,0,0,0,0,1,0,0,0,0,1,0,0,0
2018-09-26,11:15:00,03,02,01,01,01,01,0,364862.6806,5029306.683999999,False,September,0,1,0,0,0,0,0,0,0,0,1,0,0,0,0,1,0,0,0
2018-10-03,16:00:00,03,06,02,01,02,,0,366588.7194,5030452.0139999995,False,October,0,0,0,0,0,0,0,0,1,0,0,0,0,0,0,1,0,0,0
2018-10-04,11:45:00,03,03,01,01,01,,0,373699.2341,5030402.526000001,False,October,0,0,0,0,0,0,0,0,1,0,0,0,0,0,0,1,0,0,0
2018-10-04,11:49:00,03,07,01,01,01,,0,365103.20200000005,5029774.929,False,October,0,0,0,0,0,0,0,0,1,0,0,0,0,0,0,1,0,0,0
2018-10-04,12:07:00,03,02,01,01,01,,0,361958.1738,5025773.64,False,October,0,0,0,0,0,0,0,0,0,0,0,1,0,0,0,1,0,0,0
2018-10-04,12:57:00,03,04,01,01,01,,0,373135.1933,5034407.781,False,October,0,0,0,0,0,0,0,0,1,0,0,0,0,0,0,1,0,0,0
2018-10-04,13:20:00,03,03,01,01,01,00,0,365973.6494,5022169.563999999,False,October,1,0,0,0,0,0,0,0,0,1,0,0,0,0,0,1,0,0,0
2018-10-02,23:00:00,03,02,02,07,02,01,0,370759.8283,5034085.719,False,October,0,1,0,0,0,0,0,0,0,0,1,0,0,0,0,1,0,0,0
2018-10-04,14:42:00,03,02,01,01,01,01,0,357158.6085,5005791.327,False,October,0,1,0,0,0,0,0,0,0,0,1,0,0,0,0,1,0,0,0
2018-10-04,14:43:00,02,05,01,01,01,01,0,364949.6268,5029726.598,False,October,1,0,0,0,0,0,0,0,0,0,1,0,0,0,0,1,0,0,0
2018-10-04,15:04:00,02,05,01,01,01,01,0,370540.847,5025500.089,False,October,1,0,0,0,0,0,0,0,0,0,1,0,0,0,0,1,0,0,0
2018-10-04,15:38:00,03,02,01,01,01,,0,364922.0225,5025137.59,False,October,0,0,0,0,0,0,0,0,0,0,0,1,0,0,0,1,0,0,0
2018-10-02,15:52:00,02,03,01,01,01,01,0,371608.758,5024096.427,False,October,1,0,0,0,0,0,0,0,0,1,0,0,0,0,0,1,0,0,0
2018-10-04,15:30:00,03,03,01,01,01,01,0,368138.6803,5030028.605,False,October,1,0,0,0,0,0,0,0,0,0,1,0,0,0,0,1,0,0,0
2018-10-04,16:24:00,03,03,01,01,01,,0,350157.5312,5016834.926,False,October,0,0,0,0,0,0,0,0,1,0,0,0,0,0,0,1,0,0,0
2018-10-04,16:27:00,03,03,01,01,01,01,0,369777.6663,5022897.459,False,October,1,0,0,0,0,0,0,0,0,1,0,0,0,0,0,1,0,0,0
2018-10-04,16:38:00,03,02,01,01,01,01,0,367133.6549,5030081.619,False,October,1,0,0,0,0,0,0,0,0,0,1,0,0,0,0,1,0,0,0
2018-10-04,15:25:00,02,03,01,01,01,01,0,367399.6994,5019166.435,False,October,1,0,0,0,0,0,0,0,0,1,0,0,0,0,0,1,0,0,0
2018-09-30,18:26:00,03,03,02,01,02,,0,374730.6749,5032793.481000001,False,September,0,0,0,0,0,0,0,0,1,0,0,0,0,0,0,1,0,0,0
2018-10-04,16:52:00,03,03,01,01,01,,0,375077.2361,5026159.307,False,October,0,0,0,0,0,0,0,0,1,0,0,0,0,0,0,1,0,0,0
2018-10-04,16:50:00,03,03,01,01,01,,0,382549.726,5035519.536,False,October,0,0,0,0,0,0,0,0,1,0,0,0,0,0,0,1,0,0,0
2018-10-04,17:09:00,03,03,01,01,01,,0,353403.1651,5014321.89,False,October,0,0,0,0,0,0,0,0,0,0,0,1,0,0,0,1,0,0,0
2018-10-04,17:11:00,02,03,01,01,01,01,0,369954.7552,5011046.393999999,False,October,0,1,0,0,0,0,0,0,0,1,0,0,0,0,0,1,0,0,0
2018-10-04,17:19:00,03,02,01,01,01,01,0,372541.6638,5031688.662,True,October,0,1,0,0,0,0,0,0,0,0,1,0,0,0,0,1,0,0,0
2018-10-04,17:39:00,02,05,01,01,01,00,0,366122.6359,5024894.544,False,October,0,1,0,0,0,0,0,0,0,0,1,0,0,0,0,1,0,0,0
2018-10-04,15:40:00,03,05,01,01,01,01,0,365257.534,5015113.97,False,October,0,1,0,0,0,0,0,0,0,0,1,0,0,0,0,1,0,0,0
2018-10-04,17:51:00,02,02,01,01,01,,0,371248.7807,5030095.871,False,October,0,0,0,0,0,0,0,0,0,0,0,1,0,0,0,1,0,0,0
2018-10-04,15:20:00,03,04,01,01,01,01,0,360597.6065,5022584.505,False,October,1,0,0,0,0,0,0,0,0,1,0,0,0,0,0,1,0,0,0
2018-10-04,17:55:00,03,03,01,01,01,01,0,367601.925,5033361.472,False,October,1,0,0,0,0,0,0,0,0,1,0,0,0,0,0,1,0,0,0
2018-10-03,19:00:00,02,03,01,07,01,,0,382542.7913,5035515.267,False,October,0,0,0,0,0,0,0,0,1,0,0,0,0,0,0,1,0,0,0
2018-10-04,18:12:00,02,03,01,01,01,,0,374240.8379,5032420.672,False,October,0,0,0,0,0,0,0,0,1,0,0,0,0,0,0,1,0,0,0
2018-10-04,18:14:00,03,04,01,05,01,,0,374752.5746,5032810.226,False,October,0,0,0,0,0,0,0,0,1,0,0,0,0,0,0,1,0,0,0
2018-10-04,18:38:00,03,03,01,05,01,01,0,375578.7251,5031439.605,False,October,1,0,0,0,0,0,0,0,0,1,0,0,0,0,0,1,0,0,0
2018-10-04,17:55:00,03,03,01,01,01,,0,372152.5953,5027018.711,False,October,0,0,0,0,0,0,0,0,1,0,0,0,0,0,0,1,0,0,0
2018-10-04,19:15:00,03,02,02,07,02,01,0,367372.0138,5025693.535,False,October,1,0,0,0,0,0,0,0,0,1,0,0,0,0,0,1,0,0,0
2018-10-04,19:26:00,02,03,01,07,01,,0,374290.9918,5032460.424,False,October,0,0,0,0,0,0,0,0,1,0,0,0,0,0,0,1,0,0,0
2018-10-04,20:21:00,03,03,01,07,01,,0,367746.9635,5028499.114,False,October,0,0,0,0,0,0,0,0,1,0,0,0,0,0,0,1,0,0,0
2018-10-04,20:41:00,02,07,01,07,01,01,2,361184.6538,5022932.471,False,October,0,1,0,0,0,0,0,0,0,0,1,0,0,0,0,1,0,0,0
2018-10-04,21:21:00,02,05,01,07,01,01,0,372453.5849,5032005.688999999,False,October,1,0,0,0,0,0,0,0,0,0,1,0,0,0,0,1,0,0,0
2018-10-04,22:37:00,03,0,01,07,01,01,0,350623.5523,5018915.945,False,October,1,0,0,0,0,0,0,0,0,1,0,0,0,0,0,1,0,0,0
2018-10-04,21:45:00,02,04,01,07,01,01,0,375047.6965,5031119.657,False,October,1,0,0,0,0,0,0,0,0,1,0,0,0,0,0,1,0,0,0
2018-10-04,06:30:00,03,07,02,03,02,,0,345821.9641,5007596.282,False,October,0,0,0,0,0,0,0,0,1,0,0,0,0,0,0,1,0,0,0
2018-10-05,11:29:00,02,07,01,01,01,01,0,372610.7017,5009966.297,False,October,0,1,0,0,0,0,0,0,0,1,0,0,0,0,0,1,0,0,0
2018-10-05,08:17:00,02,07,01,01,01,01,1,375968.719,5034756.577,False,October,1,0,0,0,0,0,0,0,0,0,1,0,0,0,0,1,0,0,0
2018-10-02,08:30:00,03,03,01,01,02,01,0,377767.8039,5031503.556,False,October,0,0,0,0,0,0,0,1,0,1,0,0,0,0,0,1,0,0,0
2018-10-05,08:50:00,03,03,01,01,01,,0,372307.4254,5031947.333000001,False,October,0,0,0,0,0,0,0,0,1,0,0,0,0,0,0,1,0,0,0
2018-10-05,09:54:00,03,02,01,01,01,01,0,367412.7895,5026904.56,False,October,0,1,0,0,0,0,0,0,0,0,1,0,0,0,0,1,0,0,0
2018-10-05,09:58:00,03,03,01,01,01,00,0,362082.7938,5024939.522,True,October,1,0,0,0,0,0,0,0,0,1,0,0,0,0,0,1,0,0,0
2018-10-04,19:15:00,03,04,01,07,02,,0,364356.1393,5024896.518,False,October,0,0,0,0,0,0,0,0,1,0,0,0,0,0,0,1,0,0,0
2018-10-05,10:50:00,03,04,01,01,01,01,0,367869.0979,5032130.648,False,October,1,0,0,0,0,0,0,0,0,1,0,0,0,0,0,1,0,0,0
2018-10-04,12:30:00,03,03,01,01,01,,0,370102.2238,5026565.348999999,False,October,0,0,0,0,0,0,0,0,1,0,0,0,0,0,0,1,0,0,0
2018-10-05,11:10:00,03,0,01,01,01,,0,362612.008,5023614.891,False,October,0,0,0,0,0,0,0,0,0,0,0,1,0,0,0,1,0,0,0
2018-10-05,11:43:00,03,03,01,01,01,01,0,362082.7529,5024939.593,True,October,1,0,0,0,0,0,0,0,0,1,0,0,0,0,0,1,0,0,0
2018-10-05,12:00:00,03,02,01,01,01,01,0,364363.6858,5025494.735,False,October,0,1,0,0,0,0,0,0,0,0,1,0,0,0,0,1,0,0,0
2018-10-05,12:02:00,02,05,01,01,01,01,0,369166.6768,5030173.61,False,October,1,0,0,0,0,0,0,0,0,0,1,0,0,0,0,1,0,0,0
2018-10-12,09:45:00,03,04,01,01,01,01,0,381798.8524,5035073.538,False,October,1,0,0,0,0,0,0,0,0,1,0,0,0,0,0,1,0,0,0
2018-10-05,17:15:00,03,03,01,01,01,00,0,365263.8709,5029013.8719999995,False,October,0,1,0,0,0,0,0,0,0,1,0,0,0,0,0,1,0,0,0
2018-10-23,11:38:00,02,02,01,01,01,01,0,365363.6945,5022544.4969999995,False,October,1,0,0,0,0,0,0,0,0,0,1,0,0,0,0,1,0,0,0
2018-10-12,09:30:00,03,03,01,01,01,01,0,367804.6634,5031779.654,False,October,1,0,0,0,0,0,0,0,0,1,0,0,0,0,0,1,0,0,0
2018-10-05,17:21:00,03,03,01,01,01,01,0,364275.6581,5027493.557,False,October,1,0,0,0,0,0,0,0,0,1,0,0,0,0,0,1,0,0,0
2018-10-23,10:45:00,03,02,01,01,01,01,0,374401.7075,5000468.316000001,False,October,0,1,0,0,0,0,0,0,0,0,1,0,0,0,0,1,0,0,0
2018-10-12,12:04:00,02,03,01,01,01,01,0,354009.5287,5017577.462,False,October,1,0,0,0,0,0,0,0,0,1,0,0,0,0,0,1,0,0,0
2018-10-03,20:00:00,03,03,01,07,01,01,0,364351.6077,5027337.619,False,October,1,0,0,0,0,0,0,0,0,1,0,0,0,0,0,1,0,0,0
2018-10-23,11:40:00,03,03,01,01,01,01,0,370106.7175,5026552.523,False,October,0,1,0,0,0,0,0,0,0,1,0,0,0,0,0,1,0,0,0
2018-10-12,10:10:00,03,03,01,01,01,,0,373281.0153,5034512.4860000005,False,October,0,0,0,0,0,0,0,0,1,0,0,0,0,0,0,1,0,0,0
2018-10-05,18:06:00,03,03,01,05,01,01,0,351269.6589,5018181.781,False,October,1,0,0,0,0,0,0,0,0,1,0,0,0,0,0,1,0,0,0
2018-10-23,12:41:00,03,02,01,01,01,01,0,366994.7174,5026707.538,False,October,0,1,0,0,0,0,0,0,0,0,1,0,0,0,0,1,0,0,0
2018-10-12,12:24:00,02,02,01,01,01,01,0,362282.7387,5024441.437,False,October,1,0,0,0,0,0,0,0,0,0,1,0,0,0,0,1,0,0,0
2018-10-05,18:14:00,03,03,01,05,01,01,0,369995.6488,5026851.661,False,October,1,0,0,0,0,0,0,0,0,1,0,0,0,0,0,1,0,0,0
2018-10-22,,03,06,01,00,01,,0,364667.6657,5028527.01,False,October,0,0,0,0,0,0,0,0,1,0,0,0,0,0,0,1,0,0,0
2018-10-23,13:36:00,03,02,01,01,01,,0,372340.6681,5034199.915,False,October,0,0,0,0,0,0,0,0,0,0,0,1,0,0,0,1,0,0,0
2018-10-23,11:55:00,03,0,01,01,08,,0,383493.713,5033813.012,False,October,0,0,0,0,0,0,0,0,0,1,0,0,0,0,0,1,0,0,0
2018-10-23,14:00:00,03,03,01,01,01,01,0,352207.6112,5017242.451,False,October,1,0,0,0,0,0,0,0,0,1,0,0,0,0,0,1,0,0,0
2018-10-23,15:20:00,02,02,01,01,01,,0,371454.8341,5033774.596,False,October,0,0,0,0,0,0,0,0,0,0,0,1,0,0,0,1,0,0,0
2018-10-21,20:30:00,03,02,01,07,01,01,0,366106.0777,5015395.186000001,False,October,1,0,0,0,0,0,0,0,0,0,1,0,0,0,0,1,0,0,0
2018-10-23,15:15:00,03,03,01,01,01,01,0,372093.7132,5032472.584,False,October,1,0,0,0,0,0,0,0,0,1,0,0,0,0,0,1,0,0,0
2018-10-23,16:22:00,03,04,01,01,01,,0,370801.7206,5031359.567,True,October,0,0,0,0,0,0,0,0,0,1,0,0,0,0,0,1,0,0,0
2018-10-23,16:32:00,03,02,01,01,01,01,0,372860.5582,5031871.679,False,October,1,0,0,0,0,0,0,0,0,0,1,0,0,0,0,1,0,0,0
2018-10-23,16:41:00,03,03,01,01,01,,0,367432.1907,5021717.786,False,October,0,0,0,0,0,0,0,0,1,0,0,0,0,0,0,1,0,0,0
2018-10-23,16:49:00,03,03,01,01,01,01,0,349524.7862,5014330.203,False,October,1,0,0,0,0,0,0,0,0,1,0,0,0,0,0,1,0,0,0
2018-10-23,16:40:00,03,03,01,01,01,01,0,375578.7066,5031439.627,False,October,1,0,0,0,0,0,0,0,0,1,0,0,0,0,0,1,0,0,0
2018-10-23,17:05:00,02,02,01,01,01,,0,385659.4231,5036816.609,False,October,0,0,0,0,0,0,0,0,0,0,0,1,0,0,0,1,0,0,0
2018-10-23,17:07:00,03,04,01,01,01,01,0,364949.7347,5029726.48,False,October,1,0,0,0,0,0,0,0,0,1,0,0,0,0,0,1,0,0,0
2018-10-23,17:13:00,03,05,01,01,01,,0,369955.7157,5032998.585,False,October,0,0,0,0,0,0,0,0,0,0,1,0,0,0,0,1,0,0,0
2018-10-23,17:35:00,02,07,01,01,01,,0,382802.5614,5038944.787,False,October,0,0,0,0,0,0,0,0,1,0,0,0,0,0,0,1,0,0,0
2018-10-23,18:40:00,03,02,01,07,01,01,0,367555.7021,5032990.585,False,October,0,1,0,0,0,0,0,0,0,1,0,0,0,0,0,1,0,0,0
2018-10-23,,03,06,01,00,01,,0,366773.2318,5023995.834,False,October,0,0,0,0,0,0,0,0,1,0,0,0,0,0,0,1,0,0,0
2018-10-23,19:07:00,03,03,01,07,01,,0,376564.9869,5018766.013,False,October,0,0,0,0,0,0,0,0,1,0,0,0,0,0,0,1,0,0,0
2018-10-23,18:25:00,03,07,01,07,01,,0,337705.2614,5035649.196,False,October,0,0,0,0,0,0,0,0,1,0,0,0,0,0,0,1,0,0,0
2018-10-24,07:08:00,03,03,01,01,01,01,0,367969.141,5015644.859,False,October,1,0,0,0,0,0,0,0,0,1,0,0,0,0,0,1,0,0,0
2018-10-24,08:09:00,03,05,01,01,01,01,0,363832.1331,5020899.449,False,October,1,0,0,0,0,0,0,0,0,0,1,0,0,0,0,1,0,0,0
2018-10-24,08:27:00,03,03,01,01,01,,0,379495.4989,5037049.999,False,October,0,0,0,0,0,0,0,0,1,0,0,0,0,0,0,1,0,0,0
2018-10-24,08:00:00,03,03,01,01,01,01,0,347300.5773,5015926.448,True,October,1,0,0,0,0,0,0,0,0,1,0,0,0,0,0,1,0,0,0
2018-10-24,08:30:00,03,04,01,01,01,,0,350474.6616,5019082.649,False,October,0,0,0,0,0,0,0,0,0,0,0,1,0,0,0,1,0,0,0
2018-10-24,08:45:00,02,03,01,01,01,01,0,360752.2248,5014962.154,False,October,1,0,0,0,0,0,0,0,0,1,0,0,0,0,0,1,0,0,0
2018-10-24,10:09:00,02,07,01,01,01,01,1,368206.7091,5032227.5819999995,False,October,1,0,0,0,0,0,0,0,0,1,0,0,0,0,0,1,0,0,0
2018-10-24,11:15:00,03,0,01,01,01,01,0,367948.7097,5030487.574,False,October,0,1,0,0,0,0,0,0,0,1,0,0,0,0,0,1,0,0,0
2018-10-24,12:02:00,03,03,01,01,01,01,0,366106.154,5015395.149,False,October,1,0,0,0,0,0,0,0,0,1,0,0,0,0,0,1,0,0,0
2018-10-24,12:34:00,02,03,01,01,01,01,0,373236.7321,5029693.557,False,October,1,0,0,0,0,0,0,0,0,0,1,0,0,0,0,1,0,0,0
2018-10-24,12:43:00,03,05,01,01,01,01,0,363520.6582,5026850.648,False,October,1,0,0,0,0,0,0,0,0,0,1,0,0,0,0,1,0,0,0
2018-10-24,13:27:00,03,03,01,01,01,,0,363032.7083,5022786.124,False,October,0,0,0,0,0,0,0,0,1,0,0,0,0,0,0,1,0,0,0
2018-10-24,14:06:00,03,03,01,01,01,01,0,367458.7099,5021891.5030000005,False,October,1,0,0,0,0,0,0,0,0,1,0,0,0,0,0,1,0,0,0
2018-10-24,11:00:00,03,06,01,01,01,,0,365411.2508,5025431.089,False,October,0,0,0,0,0,0,0,0,1,0,0,0,0,0,0,1,0,0,0
2018-10-24,14:15:00,03,04,01,01,01,01,0,370513.7145,5033314.586,False,October,0,1,0,0,0,0,0,0,0,1,0,0,0,0,0,1,0,0,0
2018-10-24,14:54:00,03,05,01,01,01,01,0,365462.7013,5022298.499,False,October,1,0,0,0,0,0,0,0,0,0,1,0,0,0,0,1,0,0,0
2018-10-24,14:28:00,03,03,01,01,01,,0,372037.5707,5032612.259,False,October,0,0,0,0,0,0,0,0,1,0,0,0,0,0,0,1,0,0,0
2018-10-24,15:13:00,03,03,01,01,01,01,0,368373.6371,5031798.27,False,October,1,0,0,0,0,0,0,0,0,1,0,0,0,0,0,1,0,0,0
2018-10-24,14:25:00,02,03,01,01,01,01,0,383530.6997,5037154.969,False,October,1,0,0,0,0,0,0,0,0,1,0,0,0,0,0,1,0,0,0
2018-10-24,16:43:00,02,05,01,01,01,01,0,348803.086,5019506.072,False,October,1,0,0,0,0,0,0,0,0,0,1,0,0,0,0,1,0,0,0
2018-10-24,16:45:00,03,05,01,01,01,,0,358175.6601,5021108.485,False,October,0,0,0,0,0,0,0,0,0,0,1,0,0,0,0,1,0,0,0
2018-10-24,17:23:00,03,03,01,01,01,,0,361117.0194,5025315.222,False,October,0,0,0,0,0,0,0,0,1,0,0,0,0,0,0,1,0,0,0
2018-10-24,17:33:00,03,03,01,01,01,01,0,359492.6735,5023528.511,False,October,0,1,0,0,0,0,0,0,0,0,1,0,0,0,0,1,0,0,0
2018-10-24,17:43:00,03,06,01,01,01,,0,367952.5774,5032448.054,False,October,0,0,0,0,0,0,0,0,1,0,0,0,0,0,0,1,0,0,0
2018-10-24,17:46:00,02,03,01,05,01,01,0,373110.7139,5032376.586,False,October,1,0,0,0,0,0,0,0,0,1,0,0,0,0,0,1,0,0,0
2018-10-24,17:49:00,03,04,01,01,01,,0,364951.7503,5023511.881,False,October,0,0,0,0,0,0,0,0,1,0,0,0,0,0,0,1,0,0,0