DATE,TIME,CLASS_OF_ACCIDENT,IMPACT_TYPE,ENVIRONMENT,LIGHT,ROAD_SURFACE_CONDITION,TRAFFIC_CONTROL_CONDITION,NO_OF_PEDESTRIANS,X,Y,Highway,Month,categorical_TRAFFIC_CONTROL_01,categorical_TRAFFIC_CONTROL_02,categorical_TRAFFIC_CONTROL_03,categorical_TRAFFIC_CONTROL_04,categorical_TRAFFIC_CONTROL_07,categorical_TRAFFIC_CONTROL_08,categorical_TRAFFIC_CONTROL_09,categorical_TRAFFIC_CONTROL_11,categorical_ACCIDENT_LOCATION_01,categorical_ACCIDENT_LOCATION_02,categorical_ACCIDENT_LOCATION_03,categorical_ACCIDENT_LOCATION_04,categorical_ACCIDENT_LOCATION_05,categorical_ACCIDENT_LOCATION_06,categorical_ACCIDENT_LOCATION_07,categorical_Seasons_Fall,categorical_Seasons_Spring,categorical_Seasons_Summer,categorical_Seasons_Winter
2018-10-24,18:24:00,02,05,01,07,01,01,0,349675.6063,5017365.436000001,False,October,1,0,0,0,0,0,0,0,0,0,1,0,0,0,0,1,0,0,0
2018-10-24,19:05:00,03,03,01,07,01,,0,382800.5969,5038857.765,False,October,0,0,0,0,0,0,0,0,0,0,0,0,0,0,1,1,0,0,0
2018-10-24,18:00:00,03,03,01,01,01,01,0,368859.7036,5030914.574,False,October,0,1,0,0,0,0,0,0,0,1,0,0,0,0,0,1,0,0,0
2018-10-24,19:22:00,02,03,01,07,01,01,0,390281.776,5042682.57,False,October,0,1,0,0,0,0,0,0,0,0,1,0,0,0,0,1,0,0,0
2018-10-24,19:26:00,02,07,01,07,01,,1,367041.1442,5029717.478,False,October,0,0,0,0,0,0,0,0,1,0,0,0,0,0,0,1,0,0,0
2018-10-24,19:39:00,03,03,01,07,01,,0,389881.1352,5042620.594,False,October,0,0,0,0,0,0,0,0,1,0,0,0,0,0,0,1,0,0,0
2018-10-24,20:30:00,03,03,01,07,01,01,0,389860.7736,5042617.563999999,False,October,1,0,0,0,0,0,0,0,0,1,0,0,0,0,0,1,0,0,0
2018-10-24,20:38:00,03,04,01,07,01,01,0,366891.7122,5018844.469,False,October,1,0,0,0,0,0,0,0,0,1,0,0,0,0,0,1,0,0,0
2018-10-24,21:59:00,03,07,01,07,01,,0,338121.5479,5017946.135,False,October,0,0,0,0,0,0,0,0,1,0,0,0,0,0,0,1,0,0,0
2018-10-24,22:46:00,03,06,01,07,01,,0,366289.6745,5015053.711,False,October,0,0,0,0,0,0,0,0,1,0,0,0,0,0,0,1,0,0,0
2018-10-25,07:13:00,03,03,01,01,01,01,0,374634.731,5032991.575,False,October,1,0,0,0,0,0,0,0,0,1,0,0,0,0,0,1,0,0,0
2018-10-25,07:55:00,03,02,01,01,01,,0,374286.6463,5033762.452,False,October,0,0,0,0,0,0,0,0,0,0,0,1,0,0,0,1,0,0,0
2018-10-25,08:13:00,03,03,01,01,01,,0,360999.016,5025803.864,False,October,0,0,0,0,0,0,0,0,1,0,0,0,0,0,0,1,0,0,0
2018-10-25,08:29:00,02,07,01,01,01,01,1,360545.6865,5025272.52,False,October,1,0,0,0,0,0,0,0,0,1,0,0,0,0,0,1,0,0,0
2018-10-25,06:50:00,02,02,01,07,01,,0,372764.0948,5032178.6680000005,False,October,0,0,0,0,0,0,0,0,0,0,0,1,0,0,0,1,0,0,0
2018-10-25,,03,06,01,00,01,,0,363975.734,5029778.785,False,October,0,0,0,0,0,0,0,0,1,0,0,0,0,0,0,1,0,0,0
2018-10-19,15:00:00,03,04,01,01,01,,0,365429.434,5027937.616,False,October,0,0,0,0,0,0,0,0,1,0,0,0,0,0,0,1,0,0,0
2018-10-24,,03,06,01,00,01,,0,353353.5227,5016376.0030000005,False,October,0,0,0,0,0,0,0,0,1,0,0,0,0,0,0,1,0,0,0
2018-10-15,08:15:00,03,03,01,01,01,01,0,352037.5926,5022300.513,False,October,1,0,0,0,0,0,0,0,0,0,1,0,0,0,0,1,0,0,0
2018-10-25,11:45:00,03,03,01,01,01,,0,368696.1783,5032721.513,False,October,0,0,0,0,0,0,0,0,1,0,0,0,0,0,0,1,0,0,0
2018-10-25,12:14:00,03,07,01,01,01,,0,384961.2407,5038722.213,False,October,0,0,0,0,0,0,0,0,1,0,0,0,0,0,0,1,0,0,0
2018-10-25,12:42:00,02,03,01,01,01,01,0,370884.7244,5030557.57,False,October,1,0,0,0,0,0,0,0,0,1,0,0,0,0,0,1,0,0,0
2018-10-25,12:52:00,03,03,01,01,01,,0,372435.5298,5031641.39,True,October,0,0,0,0,0,0,0,0,1,0,0,0,0,0,0,1,0,0,0
2018-10-23,19:00:00,03,03,01,07,01,01,0,363080.5901,5016732.397,False,October,1,0,0,0,0,0,0,0,0,1,0,0,0,0,0,1,0,0,0
2018-10-25,14:07:00,03,07,01,01,01,01,0,349843.5835,5013825.425,False,October,1,0,0,0,0,0,0,0,0,1,0,0,0,0,0,1,0,0,0
2018-10-25,15:07:00,02,03,01,01,01,01,0,371332.73,5023890.517,False,October,0,1,0,0,0,0,0,0,0,1,0,0,0,0,0,1,0,0,0
2018-10-25,16:28:00,03,04,01,01,01,01,0,369249.7086,5032859.592,False,October,1,0,0,0,0,0,0,0,0,1,0,0,0,0,0,1,0,0,0
2018-10-25,16:34:00,03,03,01,01,01,01,0,383183.9301,5037977.883,False,October,1,0,0,0,0,0,0,0,0,1,0,0,0,0,0,1,0,0,0
2018-10-25,16:59:00,03,05,01,05,01,01,0,366307.698,5030127.568,False,October,1,0,0,0,0,0,0,0,0,0,1,0,0,0,0,1,0,0,0
2018-10-25,16:20:00,03,04,01,01,01,01,0,365054.6963,5025325.515,False,October,1,0,0,0,0,0,0,0,0,1,0,0,0,0,0,1,0,0,0
2018-10-25,17:00:00,03,01,01,01,01,01,0,365382.6904,5013223.416,False,October,0,0,0,0,0,0,0,1,0,0,1,0,0,0,0,1,0,0,0
2018-10-25,17:47:00,03,04,01,01,01,,0,368384.9467,5030480.928,False,October,0,0,0,0,0,0,0,0,1,0,0,0,0,0,0,1,0,0,0
2018-10-25,18:13:00,03,03,01,07,01,01,0,363131.6915,5028506.552,False,October,0,1,0,0,0,0,0,0,0,1,0,0,0,0,0,1,0,0,0
2018-10-25,18:22:00,03,04,01,07,01,01,0,372222.4248,5034144.244,False,October,1,0,0,0,0,0,0,0,0,1,0,0,0,0,0,1,0,0,0
2018-10-05,21:05:00,03,04,01,07,01,01,0,367700.6384,5028729.609,False,October,1,0,0,0,0,0,0,0,0,1,0,0,0,0,0,1,0,0,0
2018-10-12,12:41:00,03,07,01,01,01,,0,379563.4371,5027201.708000001,False,October,0,0,0,0,0,0,0,0,1,0,0,0,0,0,0,1,0,0,0
2018-10-05,22:45:00,03,04,01,07,01,01,0,368481.7542,5029197.705,False,October,1,0,0,0,0,0,0,0,0,1,0,0,0,0,0,1,0,0,0
2018-10-06,00:26:00,02,03,01,07,01,01,0,365250.6726,5017506.601,False,October,1,0,0,0,0,0,0,0,0,1,0,0,0,0,0,1,0,0,0
2018-10-06,06:19:00,03,06,02,07,02,,0,368018.6116,5031918.652,False,October,0,0,0,0,0,0,0,0,1,0,0,0,0,0,0,1,0,0,0
2018-10-05,22:10:00,03,03,01,07,01,01,0,368665.7468,5030476.566000001,False,October,1,0,0,0,0,0,0,0,0,1,0,0,0,0,0,1,0,0,0
2018-10-05,19:00:00,03,03,01,07,01,01,0,354009.6621,5017577.4860000005,False,October,1,0,0,0,0,0,0,0,0,1,0,0,0,0,0,1,0,0,0
2018-10-06,09:54:00,03,03,01,01,01,,0,366309.5395,5008938.432,False,October,0,0,0,0,0,0,0,0,0,0,0,1,0,0,0,1,0,0,0
2018-10-06,11:45:00,03,01,01,01,01,01,0,371092.8419,5030527.615,False,October,0,1,0,0,0,0,0,0,0,0,1,0,0,0,0,1,0,0,0
2018-10-06,14:07:00,02,03,01,01,01,01,0,371291.8374,5023864.631,False,October,1,0,0,0,0,0,0,0,0,1,0,0,0,0,0,1,0,0,0
2018-10-06,15:24:00,03,03,01,01,01,01,0,382936.5435,5035690.524,False,October,1,0,0,0,0,0,0,0,0,1,0,0,0,0,0,1,0,0,0
2018-10-06,15:28:00,03,02,01,01,01,01,0,360277.4766,5023953.413,False,October,0,1,0,0,0,0,0,0,0,0,1,0,0,0,0,1,0,0,0
2018-10-06,03:00:00,03,03,01,07,01,01,0,359823.4971,5014725.75,True,October,1,0,0,0,0,0,0,0,0,1,0,0,0,0,0,1,0,0,0
2018-10-06,16:56:00,03,06,01,01,01,,0,367035.0758,5030721.118,False,October,0,0,0,0,0,0,0,0,1,0,0,0,0,0,0,1,0,0,0
2018-10-06,03:00:00,03,02,01,07,01,,0,367892.3655,5032319.318,False,October,0,0,0,0,0,0,0,0,1,0,0,0,0,0,0,1,0,0,0
2018-10-06,16:30:00,03,04,01,01,01,01,0,370684.6643,5030592.703,False,October,1,0,0,0,0,0,0,0,0,1,0,0,0,0,0,1,0,0,0
2018-10-06,18:56:00,03,03,07,07,01,01,0,361909.5509,5025370.478,False,October,1,0,0,0,0,0,0,0,0,1,0,0,0,0,0,1,0,0,0
2018-10-06,18:30:00,03,03,01,05,01,01,0,348347.1182,5019895.0,False,October,0,1,0,0,0,0,0,0,0,1,0,0,0,0,0,1,0,0,0
2018-10-06,22:04:00,02,07,01,07,01,01,0,370435.8076,4991830.13,False,October,0,1,0,0,0,0,0,0,0,1,0,0,0,0,0,1,0,0,0
2018-10-07,02:17:00,03,07,01,07,01,01,0,349052.9582,5017058.649,True,October,0,1,0,0,0,0,0,0,0,0,1,0,0,0,0,1,0,0,0
2018-10-07,07:23:00,02,07,01,01,01,,0,326543.7888,5025715.947,True,October,0,0,0,0,0,0,0,0,1,0,0,0,0,0,0,1,0,0,0
2018-10-07,11:30:00,03,04,01,01,01,01,0,371291.7868,5023864.446,False,October,1,0,0,0,0,0,0,0,0,1,0,0,0,0,0,1,0,0,0
2018-10-07,11:50:00,03,02,01,01,01,01,0,361915.6383,5015397.568,False,October,0,1,0,0,0,0,0,0,0,0,1,0,0,0,0,1,0,0,0
2018-10-07,12:10:00,03,03,01,01,01,01,0,365193.633,5022948.535,False,October,1,0,0,0,0,0,0,0,0,1,0,0,0,0,0,1,0,0,0
2018-10-07,13:05:00,02,03,01,01,01,01,0,373569.532,5029260.476,False,October,1,0,0,0,0,0,0,0,0,1,0,0,0,0,0,1,0,0,0
2018-10-07,13:25:00,03,04,01,01,01,01,0,372793.6158,5029323.615,False,October,1,0,0,0,0,0,0,0,0,1,0,0,0,0,0,1,0,0,0
2018-10-07,13:40:00,02,05,01,01,01,01,0,359423.6681,5024258.541999999,False,October,1,0,0,0,0,0,0,0,0,0,1,0,0,0,0,1,0,0,0
2018-10-07,13:47:00,03,04,01,01,01,,0,369234.2451,5027813.458000001,False,October,0,0,0,0,0,0,0,0,1,0,0,0,0,0,0,1,0,0,0
2018-10-07,13:53:00,03,03,01,01,01,01,0,361491.81299999997,5014099.638,False,October,1,0,0,0,0,0,0,0,0,1,0,0,0,0,0,1,0,0,0
2018-10-07,14:39:00,03,04,01,01,01,00,0,370752.6778,5033438.518,False,October,0,1,0,0,0,0,0,0,0,1,0,0,0,0,0,1,0,0,0
2018-10-07,16:19:00,02,03,01,01,01,01,0,371921.6773,5032887.612,False,October,1,0,0,0,0,0,0,0,0,1,0,0,0,0,0,1,0,0,0
2018-10-07,16:23:00,03,02,01,01,01,,0,368022.9081,5031407.24,False,October,0,0,0,0,0,0,0,0,0,0,0,1,0,0,0,1,0,0,0
2018-10-07,19:40:00,03,04,01,07,01,01,0,371608.7283,5024096.687,False,October,1,0,0,0,0,0,0,0,0,1,0,0,0,0,0,1,0,0,0
2018-10-08,00:32:00,03,07,01,07,01,,0,344803.0789,5010516.172,False,October,0,0,0,0,0,0,0,0,1,0,0,0,0,0,0,1,0,0,0
2018-10-07,23:00:00,02,07,01,07,01,,1,369074.6223,5031795.911,False,October,0,0,0,0,0,0,0,0,1,0,0,0,0,0,0,1,0,0,0
2018-10-08,02:43:00,02,07,01,07,01,,1,365326.6,5015101.466,False,October,0,0,0,0,0,0,0,0,1,0,0,0,0,0,0,1,0,0,0
2018-10-07,,03,06,01,00,01,,0,368006.70200000005,5030671.141,False,October,0,0,0,0,0,0,0,0,1,0,0,0,0,0,0,1,0,0,0
2018-10-08,11:00:00,03,03,01,01,01,,0,368156.5133,5030339.212,False,October,0,0,0,0,0,0,0,0,1,0,0,0,0,0,0,1,0,0,0
2018-10-07,,03,06,01,00,01,,0,365963.35,5025397.219,False,October,0,0,0,0,0,0,0,0,1,0,0,0,0,0,0,1,0,0,0
2018-10-08,13:45:00,03,07,02,01,02,,0,362709.3586,5012256.505,False,October,0,0,0,0,0,0,0,0,1,0,0,0,0,0,0,1,0,0,0
2018-10-07,16:21:00,03,03,01,01,01,01,0,367948.6956,5031549.603,False,October,1,0,0,0,0,0,0,0,0,1,0,0,0,0,0,1,0,0,0
2018-10-08,21:02:00,02,03,02,07,02,01,0,369685.6445,5026804.626,False,October,1,0,0,0,0,0,0,0,0,1,0,0,0,0,0,1,0,0,0
2018-10-08,21:11:00,03,03,02,07,02,01,0,363670.6287,5021246.581,False,October,1,0,0,0,0,0,0,0,0,1,0,0,0,0,0,1,0,0,0
2018-10-09,07:06:00,02,05,07,03,02,01,0,373069.847,5027159.362,False,October,1,0,0,0,0,0,0,0,0,0,1,0,0,0,0,1,0,0,0
2018-10-09,07:12:00,03,03,07,01,02,01,0,368120.8743,5026647.288,False,October,1,0,0,0,0,0,0,0,0,1,0,0,0,0,0,1,0,0,0
2018-10-09,07:36:00,03,03,01,01,01,01,0,367447.6858,5029335.591,False,October,1,0,0,0,0,0,0,0,0,1,0,0,0,0,0,1,0,0,0
2018-10-09,06:53:00,03,03,01,03,02,01,0,350489.6845,5022710.578,False,October,1,0,0,0,0,0,0,0,0,1,0,0,0,0,0,1,0,0,0
2018-10-09,07:56:00,03,07,07,01,02,,0,358411.6624,5006441.121,False,October,0,0,0,0,0,0,0,0,0,0,0,0,1,0,0,1,0,0,0
2018-10-09,08:30:00,03,03,07,01,02,01,0,370365.6004,5028467.649,False,October,1,0,0,0,0,0,0,0,0,1,0,0,0,0,0,1,0,0,0
2018-10-08,16:15:00,03,04,01,01,01,,0,374964.7101,5031062.302,True,October,0,0,0,0,0,0,0,0,1,0,0,0,0,0,0,1,0,0,0
2018-10-09,10:17:00,03,02,01,01,01,01,0,356395.6845,5020053.445,False,October,1,0,0,0,0,0,0,0,0,0,1,0,0,0,0,1,0,0,0
2018-10-09,09:20:00,03,03,02,01,02,00,0,352293.356,5020788.47,False,October,1,0,0,0,0,0,0,0,0,1,0,0,0,0,0,1,0,0,0
2018-10-09,11:30:00,03,04,01,01,01,01,0,377758.7579,5015947.488,False,October,1,0,0,0,0,0,0,0,0,1,0,0,0,0,0,1,0,0,0
2018-09-28,14:00:00,03,03,01,01,01,01,0,361584.6319,5026654.525,False,September,1,0,0,0,0,0,0,0,0,1,0,0,0,0,0,1,0,0,0
2018-10-08,11:44:00,03,07,02,01,02,00,0,364249.6976,5025140.454,False,October,0,0,1,0,0,0,0,0,0,1,0,0,0,0,0,1,0,0,0
2018-10-09,12:00:00,03,0,01,01,01,01,0,377128.8288,5035239.609,False,October,1,0,0,0,0,0,0,0,0,1,0,0,0,0,0,1,0,0,0
2018-10-09,09:10:00,03,03,01,01,01,01,0,363273.6314,5025662.62,False,October,1,0,0,0,0,0,0,0,0,1,0,0,0,0,0,1,0,0,0
2018-10-09,10:00:00,03,03,01,01,01,01,0,368167.6557,5026222.656,False,October,1,0,0,0,0,0,0,0,0,1,0,0,0,0,0,1,0,0,0
2018-10-09,12:55:00,03,03,01,01,01,01,0,362888.5822,5023126.496,False,October,0,1,0,0,0,0,0,0,0,1,0,0,0,0,0,1,0,0,0
2018-10-09,11:45:00,03,03,01,01,01,01,0,370492.8214,5026902.562,False,October,1,0,0,0,0,0,0,0,0,1,0,0,0,0,0,1,0,0,0
2018-10-09,11:30:00,03,03,01,01,01,,0,349599.5006,5014129.282,False,October,0,0,0,0,0,0,0,0,1,0,0,0,0,0,0,1,0,0,0
2018-10-08,,03,06,02,00,02,,0,374788.5498,5031906.261,False,October,0,0,0,0,0,0,0,0,1,0,0,0,0,0,0,1,0,0,0
2018-10-09,14:09:00,03,03,01,01,01,01,0,383640.9751,5036900.456,False,October,1,0,0,0,0,0,0,0,0,1,0,0,0,0,0,1,0,0,0
2018-10-09,13:50:00,03,05,01,01,01,01,0,352207.4787,5017242.468,False,October,1,0,0,0,0,0,0,0,0,1,0,0,0,0,0,1,0,0,0
2018-10-09,15:00:00,03,03,01,01,01,01,0,383951.825,5036159.7,False,October,1,0,0,0,0,0,0,0,0,1,0,0,0,0,0,1,0,0,0
2018-10-09,15:51:00,03,03,01,01,02,01,0,367707.6235,5032394.623,False,October,1,0,0,0,0,0,0,0,0,1,0,0,0,0,0,1,0,0,0
2018-10-09,16:13:00,02,05,01,01,01,,0,383856.7615,5036119.745,False,October,0,0,0,0,0,0,0,0,0,0,0,1,0,0,0,1,0,0,0
2018-10-09,16:15:00,03,02,01,01,01,01,0,368367.7119,5029476.646000001,False,October,0,1,0,0,0,0,0,0,0,0,1,0,0,0,0,1,0,0,0
2018-10-09,16:15:00,03,03,01,01,01,01,0,361491.9383,5014099.76,False,October,1,0,0,0,0,0,0,0,0,1,0,0,0,0,0,1,0,0,0
2018-10-09,16:58:00,03,05,01,01,01,,0,374571.13200000004,5028439.922,False,October,0,0,0,0,0,0,0,0,0,0,0,1,0,0,0,1,0,0,0
2018-10-09,17:00:00,03,02,01,01,01,01,0,364351.6681,5027337.558,False,October,1,0,0,0,0,0,0,0,0,0,1,0,0,0,0,1,0,0,0
2018-10-09,15:50:00,03,02,01,01,01,,0,371384.4915,5026655.695,False,October,0,0,0,0,0,0,0,0,0,0,0,1,0,0,0,1,0,0,0
2018-10-09,17:18:00,03,03,01,01,01,01,0,371749.9154,5033916.804,False,October,1,0,0,0,0,0,0,0,0,1,0,0,0,0,0,1,0,0,0
2018-10-09,17:20:00,03,05,01,01,01,00,0,356182.525,5005741.368,False,October,0,1,0,0,0,0,0,0,0,0,1,0,0,0,0,1,0,0,0
2018-10-09,17:30:00,03,03,01,01,01,01,0,367700.4549,5028729.745,False,October,1,0,0,0,0,0,0,0,0,1,0,0,0,0,0,1,0,0,0
2018-10-06,16:40:00,03,04,01,01,01,01,0,368734.6721,5028581.55,False,October,1,0,0,0,0,0,0,0,0,1,0,0,0,0,0,1,0,0,0
2018-10-09,18:03:00,03,07,01,05,01,,0,370055.7203,5026685.379,False,October,0,0,0,0,0,0,0,0,1,0,0,0,0,0,0,1,0,0,0
2018-10-09,18:01:00,03,04,01,01,01,,0,366572.1031,5029524.5819999995,False,October,0,0,0,0,0,0,0,0,1,0,0,0,0,0,0,1,0,0,0
2018-10-05,16:09:00,03,03,01,01,01,01,0,363273.594,5025662.9569999995,False,October,1,0,0,0,0,0,0,0,0,1,0,0,0,0,0,1,0,0,0
2018-10-09,19:13:00,01,07,01,07,01,,1,374401.8769,5034398.232,False,October,0,0,0,0,0,0,0,0,1,0,0,0,0,0,0,1,0,0,0
2018-10-09,17:39:00,03,04,01,01,01,01,0,365205.0061,5024344.05,False,October,1,0,0,0,0,0,0,0,0,1,0,0,0,0,0,1,0,0,0
2018-10-09,19:56:00,02,02,01,07,01,01,0,370908.6327,5032245.669,False,October,0,1,0,0,0,0,0,0,0,0,1,0,0,0,0,1,0,0,0
2018-10-15,09:09:00,03,03,01,01,01,,0,360631.3653,5025025.749,False,October,0,0,0,0,0,0,0,0,1,0,0,0,0,0,0,1,0,0,0
2018-10-15,09:10:00,02,03,01,01,01,01,0,373902.7495,5028046.855,False,October,1,0,0,0,0,0,0,0,0,0,1,0,0,0,0,1,0,0,0
2018-10-12,12:40:00,03,03,01,01,01,01,0,348795.2,5022408.413,False,October,1,0,0,0,0,0,0,0,0,1,0,0,0,0,0,1,0,0,0
2018-10-12,12:50:00,03,04,01,01,01,,0,375500.0107,5028914.6680000005,True,October,0,0,0,0,0,0,0,0,1,0,0,0,0,0,0,1,0,0,0
2018-10-04,,03,06,01,00,01,,0,367146.9184,5030788.53,False,October,0,0,0,0,0,0,0,0,1,0,0,0,0,0,0,1,0,0,0
2018-10-12,14:00:00,03,04,01,01,01,01,0,369225.7682,5027983.589,False,October,1,0,0,0,0,0,0,0,0,1,0,0,0,0,0,1,0,0,0
2018-10-12,16:47:00,03,04,01,01,01,,0,370018.4717,5026854.7360000005,False,October,0,0,0,0,0,0,0,0,1,0,0,0,0,0,0,1,0,0,0
2018-10-12,15:07:00,03,03,01,01,01,01,0,367700.6238,5028729.5819999995,False,October,1,0,0,0,0,0,0,0,0,1,0,0,0,0,0,1,0,0,0
2018-10-12,15:42:00,03,05,01,01,01,01,0,368941.7066,5026732.541999999,False,October,0,1,0,0,0,0,0,0,0,0,1,0,0,0,0,1,0,0,0
2018-10-12,15:40:00,03,02,01,01,01,01,0,363078.6204,5026146.566000001,False,October,0,1,0,0,0,0,0,0,0,0,1,0,0,0,0,1,0,0,0
2018-10-12,15:48:00,02,03,01,01,01,,0,368376.6821,5010125.464,False,October,0,0,0,0,0,0,0,0,1,0,0,0,0,0,0,1,0,0,0
2018-10-12,15:30:00,03,05,01,01,01,01,0,360496.5213,5024942.572,False,October,1,0,0,0,0,0,0,0,0,0,1,0,0,0,0,1,0,0,0
2018-10-12,16:01:00,03,04,01,01,01,,0,367963.6363,5030064.806,False,October,0,0,0,0,0,0,0,0,1,0,0,0,0,0,0,1,0,0,0
2018-10-12,14:20:00,03,03,01,01,01,01,0,370882.589,5014019.462,False,October,0,1,0,0,0,0,0,0,0,1,0,0,0,0,0,1,0,0,0
2018-10-12,16:49:00,03,04,01,01,01,01,0,361863.7026,5020584.405,False,October,1,0,0,0,0,0,0,0,0,1,0,0,0,0,0,1,0,0,0
2018-10-12,16:50:00,03,05,01,05,01,,0,371745.9502,5030959.22,False,October,0,0,0,0,0,0,0,0,0,0,0,1,0,0,0,1,0,0,0
2018-10-12,16:57:00,03,05,01,01,01,00,0,366684.6295,5024782.567,False,October,0,1,0,0,0,0,0,0,0,0,1,0,0,0,0,1,0,0,0
2018-10-12,17:51:00,03,02,01,01,01,01,0,363085.721,5024097.54,False,October,1,0,0,0,0,0,0,0,0,0,1,0,0,0,0,1,0,0,0
2018-10-12,18:48:00,02,05,01,07,01,01,0,371867.6883,5024320.605,False,October,1,0,0,0,0,0,0,0,0,0,1,0,0,0,0,1,0,0,0
2018-10-12,18:56:00,02,05,01,07,01,01,0,365356.6655,5025517.648,False,October,1,0,0,0,0,0,0,0,0,0,1,0,0,0,0,1,0,0,0
2018-10-12,18:44:00,03,05,01,05,01,,0,371008.6884,5021227.449,False,October,0,0,0,0,0,0,0,0,1,0,0,0,0,0,0,1,0,0,0
2018-10-12,19:24:00,03,05,01,07,01,00,0,370686.7244,5033406.737,False,October,1,0,0,0,0,0,0,0,0,0,1,0,0,0,0,1,0,0,0
2018-10-12,20:28:00,02,05,01,07,01,01,0,373828.5775,5032800.801,False,October,1,0,0,0,0,0,0,0,0,0,1,0,0,0,0,1,0,0,0
2018-10-12,21:33:00,03,03,01,07,01,01,0,365149.7,5029270.555,False,October,1,0,0,0,0,0,0,0,0,1,0,0,0,0,0,1,0,0,0
2018-10-13,00:55:00,03,0,01,07,01,01,0,357128.6564,5019751.373,False,October,0,1,0,0,0,0,0,0,0,1,0,0,0,0,0,1,0,0,0
2018-09-30,01:30:00,03,07,01,07,01,01,0,368418.6972,5024853.583000001,False,September,1,0,0,0,0,0,0,0,0,1,0,0,0,0,0,1,0,0,0
2018-10-13,02:31:00,03,03,01,07,01,01,0,368206.5457,5032227.658,False,October,1,0,0,0,0,0,0,0,0,1,0,0,0,0,0,1,0,0,0
2018-10-11,07:24:00,03,03,01,01,01,01,0,364439.217,5023493.657,False,October,1,0,0,0,0,0,0,0,0,1,0,0,0,0,0,1,0,0,0
2018-10-12,,03,06,01,00,01,,0,370806.5364,5032905.825,False,October,0,0,0,0,0,0,0,0,1,0,0,0,0,0,0,1,0,0,0
2018-10-13,08:40:00,03,03,01,01,01,00,0,365085.1506,5017903.494,False,October,1,0,0,0,0,0,0,0,0,1,0,0,0,0,0,1,0,0,0
2018-10-13,09:55:00,02,07,01,01,01,01,1,359423.7063,5024258.624,False,October,1,0,0,0,0,0,0,0,0,1,0,0,0,0,0,1,0,0,0
2018-10-13,10:14:00,03,02,01,01,01,01,0,351693.5065,5015205.3889999995,False,October,0,1,0,0,0,0,0,0,0,0,1,0,0,0,0,1,0,0,0
2018-10-13,11:01:00,02,05,01,01,01,,0,348454.0369,5014694.6,False,October,0,0,0,0,0,0,0,0,0,0,0,1,0,0,0,1,0,0,0
2018-10-15,,03,07,01,00,01,,0,379708.8422,5016803.096,False,October,0,0,0,0,0,0,0,0,1,0,0,0,0,0,0,1,0,0,0
2018-10-13,10:00:00,03,04,01,01,01,00,0,368120.6937,5030923.676,False,October,0,1,0,0,0,0,0,0,0,1,0,0,0,0,0,1,0,0,0
2018-10-13,11:22:00,03,03,01,01,01,01,0,381601.8473,5037684.143,False,October,1,0,0,0,0,0,0,0,0,1,0,0,0,0,0,1,0,0,0
2018-10-13,11:00:00,03,03,01,01,01,01,0,351777.5543,5017613.345,False,October,1,0,0,0,0,0,0,0,0,0,1,0,0,0,0,1,0,0,0
2018-10-08,,03,06,02,00,02,,0,349871.7072,5024208.749,False,October,0,0,0,0,0,0,0,0,1,0,0,0,0,0,0,1,0,0,0
2018-10-13,11:55:00,03,05,01,01,01,01,0,364894.7041,5027700.544,False,October,1,0,0,0,0,0,0,0,0,0,1,0,0,0,0,1,0,0,0
2018-10-12,16:45:00,03,03,01,01,01,01,0,360856.5585,5025170.536,False,October,0,0,1,0,0,0,0,0,0,1,0,0,0,0,0,1,0,0,0
2018-10-12,19:30:00,03,03,01,07,01,01,0,365336.7036,5028845.593,True,October,1,0,0,0,0,0,0,0,0,1,0,0,0,0,0,1,0,0,0
2018-10-13,,03,06,01,00,01,,0,367926.8704,5031442.029,False,October,0,0,0,0,0,0,0,0,1,0,0,0,0,0,0,1,0,0,0
2018-10-12,15:15:00,03,03,01,01,01,01,0,367399.7274,5019166.563999999,False,October,1,0,0,0,0,0,0,0,0,1,0,0,0,0,0,1,0,0,0
2018-10-13,13:24:00,03,07,01,01,01,,0,373855.7659,5025197.928,False,October,0,0,0,0,0,0,0,0,0,0,0,1,0,0,0,1,0,0,0
2018-10-13,14:05:00,02,07,01,01,01,01,1,362884.6201,5027978.49,False,October,0,1,0,0,0,0,0,0,0,0,1,0,0,0,0,1,0,0,0
2018-10-13,14:22:00,03,02,01,01,01,01,0,384844.8421,5036560.743,False,October,1,0,0,0,0,0,0,0,0,0,1,0,0,0,0,1,0,0,0
2018-10-13,14:30:00,03,04,01,01,01,01,0,366918.719,5024209.404,False,October,1,0,0,0,0,0,0,0,0,1,0,0,0,0,0,1,0,0,0
2018-10-13,14:41:00,02,02,01,01,01,01,0,366646.5501,5011532.532,False,October,0,1,0,0,0,0,0,0,0,0,1,0,0,0,0,1,0,0,0
2018-10-13,14:17:00,03,03,01,01,01,01,0,380460.9087,5034296.438999999,False,October,1,0,0,0,0,0,0,0,0,1,0,0,0,0,0,1,0,0,0
2018-10-13,15:21:00,03,02,01,01,01,01,0,370248.0089,5026200.66,False,October,1,0,0,0,0,0,0,0,0,0,1,0,0,0,0,1,0,0,0