DATE,TIME,CLASS_OF_ACCIDENT,IMPACT_TYPE,ENVIRONMENT,LIGHT,ROAD_SURFACE_CONDITION,TRAFFIC_CONTROL_CONDITION,NO_OF_PEDESTRIANS,X,Y,Highway,Month,categorical_TRAFFIC_CONTROL_01,categorical_TRAFFIC_CONTROL_02,categorical_TRAFFIC_CONTROL_03,categorical_TRAFFIC_CONTROL_04,categorical_TRAFFIC_CONTROL_07,categorical_TRAFFIC_CONTROL_08,categorical_TRAFFIC_CONTROL_09,categorical_TRAFFIC_CONTROL_11,categorical_ACCIDENT_LOCATION_01,categorical_ACCIDENT_LOCATION_02,categorical_ACCIDENT_LOCATION_03,categorical_ACCIDENT_LOCATION_04,categorical_ACCIDENT_LOCATION_05,categorical_ACCIDENT_LOCATION_06,categorical_ACCIDENT_LOCATION_07,categorical_Seasons_Fall,categorical_Seasons_Spring,categorical_Seasons_Summer,categorical_Seasons_Winter
2018-10-13,15:32:00,02,03,01,01,01,01,0,377187.1524,5032175.731000001,False,October,1,0,0,0,0,0,0,0,0,1,0,0,0,0,0,1,0,0,0
2018-10-11,,03,06,01,00,01,,0,367217.1565,5031015.017,False,October,0,0,0,0,0,0,0,0,1,0,0,0,0,0,0,1,0,0,0
2018-10-13,16:28:00,03,02,01,01,01,,0,359100.5674,5023829.722,False,October,0,0,0,0,0,0,0,0,0,0,0,1,0,0,0,1,0,0,0
2018-10-13,17:03:00,02,03,01,05,01,01,0,368493.7045,5030671.536,False,October,1,0,0,0,0,0,0,0,0,1,0,0,0,0,0,1,0,0,0
2018-10-13,16:58:00,02,03,01,01,01,,0,373850.4437,5025454.821,False,October,0,0,0,0,0,0,0,0,1,0,0,0,0,0,0,1,0,0,0
2018-10-13,17:13:00,03,04,01,01,01,01,0,368373.6335,5031798.304,False,October,1,0,0,0,0,0,0,0,0,1,0,0,0,0,0,1,0,0,0
2018-10-13,13:15:00,03,04,01,01,01,01,0,364943.7539,5023530.626,False,October,1,0,0,0,0,0,0,0,0,1,0,0,0,0,0,1,0,0,0
2018-10-13,18:30:00,03,04,01,07,01,01,0,367921.7574,5032044.631,False,October,1,0,0,0,0,0,0,0,0,1,0,0,0,0,0,1,0,0,0
2018-10-13,18:30:00,03,04,01,07,01,,0,371804.7784,5026706.285,False,October,0,0,0,0,0,0,0,0,1,0,0,0,0,0,0,1,0,0,0
2018-10-14,00:24:00,02,03,01,07,01,01,0,380572.7541,5035315.569,False,October,1,0,0,0,0,0,0,0,0,1,0,0,0,0,0,1,0,0,0
2018-10-13,18:52:00,03,05,01,05,01,01,0,362942.726,5026488.581,False,October,1,0,0,0,0,0,0,0,0,1,0,0,0,0,0,1,0,0,0
2018-10-13,18:58:00,03,02,01,07,01,01,0,367482.7046,5030889.562,False,October,0,1,0,0,0,0,0,0,0,0,1,0,0,0,0,1,0,0,0
2018-10-13,19:01:00,03,0,01,07,01,,0,366426.8062,5030266.956,False,October,0,0,0,0,0,0,0,0,1,0,0,0,0,0,0,1,0,0,0
2018-10-13,19:16:00,02,02,01,07,01,01,0,370065.6423,5032674.712,False,October,0,1,0,0,0,0,0,0,0,0,1,0,0,0,0,1,0,0,0
2018-10-13,18:30:00,03,0,01,05,01,01,0,369995.5988,5026851.603999999,False,October,1,0,0,0,0,0,0,0,0,1,0,0,0,0,0,1,0,0,0
2018-10-12,12:30:00,03,06,01,01,01,,0,368965.3595,5032688.396000001,False,October,0,0,0,0,0,0,0,0,1,0,0,0,0,0,0,1,0,0,0
2018-10-13,21:59:00,03,05,01,07,01,01,0,366804.6028,5030861.817,False,October,1,0,0,0,0,0,0,0,0,1,0,0,0,0,0,1,0,0,0
2018-10-13,22:20:00,03,04,01,07,01,,0,368080.3323,5030649.936000001,False,October,0,0,0,0,0,0,0,0,1,0,0,0,0,0,0,1,0,0,0
2018-10-14,00:15:00,02,07,01,07,01,01,1,353037.3608,5020013.87,True,October,1,0,0,0,0,0,0,0,0,1,0,0,0,0,0,1,0,0,0
2018-10-14,03:45:00,03,05,01,07,01,01,0,367413.6994,5031722.583000001,False,October,1,0,0,0,0,0,0,0,0,0,1,0,0,0,0,1,0,0,0
2018-10-14,04:13:00,03,07,01,07,01,,0,355631.7718,5024088.273,False,October,0,0,0,0,0,0,0,0,1,0,0,0,0,0,0,1,0,0,0
2018-10-14,09:18:00,02,02,01,01,01,01,0,344427.4969,5033271.539,False,October,0,1,0,0,0,0,0,0,0,0,1,0,0,0,0,1,0,0,0
2018-10-14,11:05:00,03,05,01,01,01,01,0,371685.8631,5030539.416999999,False,October,1,0,0,0,0,0,0,0,0,0,1,0,0,0,0,1,0,0,0
2018-10-14,11:00:00,03,04,01,01,01,01,0,371685.9372,5030539.47,False,October,1,0,0,0,0,0,0,0,0,1,0,0,0,0,0,1,0,0,0
2018-10-12,,03,06,01,00,01,,0,368141.5136,5029827.221,False,October,0,0,0,0,0,0,0,0,1,0,0,0,0,0,0,1,0,0,0
2018-10-14,11:47:00,03,03,01,01,01,00,0,353673.6581,5018424.465,False,October,1,0,0,0,0,0,0,0,0,1,0,0,0,0,0,1,0,0,0
2018-10-14,,03,06,01,00,01,,0,368534.1441,5032901.262,False,October,0,0,0,0,0,0,0,0,1,0,0,0,0,0,0,1,0,0,0
2018-10-14,13:38:00,03,03,01,01,01,01,0,370337.7369,5025947.688,False,October,1,0,0,0,0,0,0,0,0,1,0,0,0,0,0,1,0,0,0
2018-10-14,14:20:00,03,04,01,01,01,01,0,370802.0409,5031016.077,True,October,1,0,0,0,0,0,0,0,0,1,0,0,0,0,0,1,0,0,0
2018-10-14,16:35:00,03,02,01,01,01,,0,365906.5421,5022278.994,False,October,0,0,0,0,0,0,0,0,0,0,0,1,0,0,0,1,0,0,0
2018-10-15,01:21:00,03,03,01,07,01,01,0,369077.59,5028116.95,False,October,1,0,0,0,0,0,0,0,0,1,0,0,0,0,0,1,0,0,0
2018-10-14,17:15:00,03,04,01,01,01,,0,372354.31799999997,5031834.43,False,October,0,0,0,0,0,0,0,0,1,0,0,0,0,0,0,1,0,0,0
2018-10-15,09:45:00,03,03,02,01,02,01,0,369995.7204,5026851.541999999,False,October,1,0,0,0,0,0,0,0,0,1,0,0,0,0,0,1,0,0,0
2018-10-15,09:57:00,02,03,01,01,01,01,0,383951.7483,5036159.546,False,October,1,0,0,0,0,0,0,0,0,1,0,0,0,0,0,1,0,0,0
2018-10-15,10:08:00,02,03,01,01,01,01,0,372386.7081,5034221.597,False,October,1,0,0,0,0,0,0,0,0,1,0,0,0,0,0,1,0,0,0
2018-10-12,07:30:00,03,06,01,01,01,,0,353001.485,5015091.127,False,October,0,0,0,0,0,0,0,0,1,0,0,0,0,0,0,1,0,0,0
2018-10-15,08:45:00,02,03,01,01,01,,0,373280.2135,5032476.7930000005,False,October,0,0,0,0,0,0,0,0,1,0,0,0,0,0,0,1,0,0,0
2018-10-15,11:12:00,02,03,01,01,01,01,0,369787.7033,5009020.342,False,October,0,1,0,0,0,0,0,0,0,0,1,0,0,0,0,1,0,0,0
2018-10-15,11:33:00,03,03,02,01,02,01,0,350907.5744,5022246.481000001,False,October,1,0,0,0,0,0,0,0,0,1,0,0,0,0,0,1,0,0,0
2018-10-15,11:48:00,02,02,02,01,02,,0,384029.8067,5037029.702,False,October,0,0,0,0,0,0,0,0,1,0,0,0,0,0,0,1,0,0,0
2018-10-15,12:00:00,03,04,02,01,02,00,0,379860.737,5036471.733,False,October,0,0,0,0,0,0,0,1,0,0,1,0,0,0,0,1,0,0,0
2018-10-07,,03,06,01,00,01,,0,374088.851,5019526.525,False,October,0,0,0,0,0,0,0,0,1,0,0,0,0,0,0,1,0,0,0
2018-10-15,12:36:00,03,03,02,01,02,,0,369251.6815,5033530.386,False,October,0,0,0,0,0,0,0,0,1,0,0,0,0,0,0,1,0,0,0
2018-10-10,13:40:00,03,03,01,01,01,,0,352758.445,5020659.338,True,October,0,0,0,0,0,0,0,0,1,0,0,0,0,0,0,1,0,0,0
2018-10-15,14:38:00,02,01,02,01,02,,0,383451.6625,5010734.64,False,October,0,0,0,0,0,0,0,0,1,0,0,0,0,0,0,1,0,0,0
2018-10-15,14:30:00,03,04,02,01,02,,0,370744.4974,5031538.49,True,October,0,0,0,0,0,0,0,0,1,0,0,0,0,0,0,1,0,0,0
2018-10-15,15:36:00,03,02,01,01,02,01,0,362235.6933,5025665.528,False,October,0,1,0,0,0,0,0,0,0,0,1,0,0,0,0,1,0,0,0
2018-10-15,15:56:00,03,01,02,01,02,,0,345869.665,5021641.1,False,October,0,0,0,0,0,0,0,0,1,0,0,0,0,0,0,1,0,0,0
2018-10-15,15:59:00,03,04,02,01,02,,0,373758.5069,5030436.352,False,October,0,0,0,0,0,0,0,0,1,0,0,0,0,0,0,1,0,0,0
2018-10-15,16:01:00,03,05,02,01,02,01,0,369995.7196,5026851.541999999,False,October,1,0,0,0,0,0,0,0,0,0,1,0,0,0,0,1,0,0,0
2018-10-15,16:08:00,03,03,02,01,02,,0,375455.1071,5026376.308,False,October,0,0,0,0,0,0,0,0,1,0,0,0,0,0,0,1,0,0,0
2018-10-15,16:17:00,03,02,02,01,02,01,0,368591.7078,5032273.586,False,October,0,1,0,0,0,0,0,0,0,0,1,0,0,0,0,1,0,0,0
2018-10-15,16:48:00,03,04,01,01,01,01,0,361479.6775,5020502.478999999,False,October,1,0,0,0,0,0,0,0,0,1,0,0,0,0,0,1,0,0,0
2018-10-15,17:01:00,03,03,02,01,02,01,0,368109.0504,5027766.589,False,October,1,0,0,0,0,0,0,0,0,1,0,0,0,0,0,1,0,0,0
2018-10-15,13:50:00,03,03,02,01,02,,0,367074.8906,5029150.983,False,October,0,0,0,0,0,0,0,0,1,0,0,0,0,0,0,1,0,0,0
2018-10-12,17:15:00,03,03,01,01,01,01,0,353673.6248,5018424.459,False,October,1,0,0,0,0,0,0,0,0,1,0,0,0,0,0,1,0,0,0
2018-10-15,17:40:00,03,03,02,05,02,01,0,383951.8545,5036159.633,False,October,1,0,0,0,0,0,0,0,0,1,0,0,0,0,0,1,0,0,0
2018-10-15,17:46:00,03,03,02,01,02,01,0,367371.919,5025693.477,False,October,1,0,0,0,0,0,0,0,0,0,1,0,0,0,0,1,0,0,0
2018-10-15,17:52:00,03,03,01,01,01,,0,367416.0185,5025718.166,False,October,0,0,0,0,0,0,0,0,1,0,0,0,0,0,0,1,0,0,0
2018-10-15,18:15:00,03,03,01,05,01,01,0,367107.7115,5022081.502,False,October,1,0,0,0,0,0,0,0,0,0,1,0,0,0,0,1,0,0,0
2018-10-15,18:47:00,03,04,01,07,01,01,0,375194.8258,5032311.6219999995,False,October,1,0,0,0,0,0,0,0,0,0,1,0,0,0,0,1,0,0,0
2018-10-15,19:30:00,03,03,02,07,02,01,0,368441.8802,5027266.803,False,October,0,0,1,0,0,0,0,0,0,1,0,0,0,0,0,1,0,0,0
2018-10-15,19:51:00,03,07,01,07,01,,0,334099.9424,5034004.416,False,October,0,0,0,0,0,0,0,0,1,0,0,0,0,0,0,1,0,0,0
2018-10-15,21:20:00,03,02,01,07,01,01,0,367869.6989,5032009.58,False,October,1,0,0,0,0,0,0,0,0,0,1,0,0,0,0,1,0,0,0
2018-10-16,00:13:00,03,06,01,07,01,,0,367391.5241,5031210.654,False,October,0,0,0,0,0,0,0,0,1,0,0,0,0,0,0,1,0,0,0
2018-10-16,01:00:00,03,06,01,07,01,,0,359601.9187,5023519.182,False,October,0,0,0,0,0,0,0,0,1,0,0,0,0,0,0,1,0,0,0
2018-10-16,04:16:00,03,07,01,07,01,01,0,372453.7189,5032005.57,False,October,1,0,0,0,0,0,0,0,0,1,0,0,0,0,0,1,0,0,0
2018-10-16,06:40:00,03,03,01,03,01,,0,367630.9373,5021884.028,False,October,0,0,0,0,0,0,0,0,1,0,0,0,0,0,0,1,0,0,0
2018-10-16,07:14:00,03,02,01,01,01,01,0,374908.7405,5028602.541,False,October,1,0,0,0,0,0,0,0,0,1,0,0,0,0,0,1,0,0,0
2018-10-16,07:15:00,03,02,01,01,01,,0,371257.895,5024265.7360000005,False,October,0,0,0,0,0,0,0,0,0,0,0,1,0,0,0,1,0,0,0
2018-10-16,08:03:00,03,07,01,01,01,,0,376578.6382,5019968.576,False,October,0,0,0,0,0,0,0,0,1,0,0,0,0,0,0,1,0,0,0
2018-10-16,08:11:00,02,03,01,01,01,01,0,363080.6688,5016732.461,False,October,1,0,0,0,0,0,0,0,0,1,0,0,0,0,0,1,0,0,0
2018-10-16,08:32:00,03,05,01,01,01,,0,367318.7031,5029643.552,False,October,0,0,0,0,0,0,0,0,0,1,0,0,0,0,0,1,0,0,0
2018-10-15,19:00:00,03,03,01,07,01,01,0,363056.6902,5022730.494,False,October,1,0,0,0,0,0,0,0,0,1,0,0,0,0,0,1,0,0,0
2018-10-16,08:54:00,03,03,01,01,01,,0,352662.2798,5022553.634,False,October,0,0,0,0,0,0,0,0,1,0,0,0,0,0,0,1,0,0,0
2018-10-16,09:20:00,03,03,01,01,01,,0,352283.4524,5022348.916,False,October,0,0,0,0,0,0,0,0,1,0,0,0,0,0,0,1,0,0,0
2018-10-16,09:41:00,03,03,01,01,01,,0,353049.8638,5018011.177,False,October,0,0,0,0,0,0,0,0,1,0,0,0,0,0,0,1,0,0,0
2018-10-16,09:48:00,03,07,01,01,01,,0,363812.19399999996,5002296.506,False,October,0,0,0,0,0,0,0,0,1,0,0,0,0,0,0,1,0,0,0
2018-10-16,09:59:00,03,05,01,01,01,01,0,362082.6872,5024939.518,True,October,1,0,0,0,0,0,0,0,0,0,1,0,0,0,0,1,0,0,0
2018-10-16,10:14:00,02,0,01,01,01,,0,364382.4976,5021731.78,False,October,0,0,0,0,0,0,0,0,0,0,0,1,0,0,0,1,0,0,0
2018-10-16,08:45:00,03,07,01,01,01,,0,344422.8918,5015510.021000001,False,October,0,0,0,0,0,0,0,0,1,0,0,0,0,0,0,1,0,0,0
2018-10-16,11:43:00,03,0,01,01,01,,0,386005.4461,5031805.546,False,October,0,0,0,0,0,0,0,0,1,0,0,0,0,0,0,1,0,0,0
2018-10-14,14:35:00,03,03,01,01,01,00,0,364764.5718,5012872.488,False,October,0,0,0,0,0,0,0,1,0,0,1,0,0,0,0,1,0,0,0
2018-10-15,20:15:00,03,03,01,07,01,,0,378734.6329,5023854.749,False,October,0,0,0,0,0,0,0,0,1,0,0,0,0,0,0,1,0,0,0
2018-10-15,09:10:00,03,04,01,01,01,,0,373350.7058,5023916.618,False,October,0,0,0,0,0,0,0,0,0,0,0,1,0,0,0,1,0,0,0
2018-10-16,09:30:00,03,06,01,01,01,,0,383886.951,5034280.367,False,October,0,0,0,0,0,0,0,0,1,0,0,0,0,0,0,1,0,0,0
2018-08-28,14:00:00,03,05,01,01,01,01,0,368002.7096,5031904.605,False,August,1,0,0,0,0,0,0,0,0,0,1,0,0,0,0,0,0,1,0
2018-10-16,13:17:00,03,04,01,01,01,01,0,354303.6318,5015130.412,False,October,1,0,0,0,0,0,0,0,0,0,1,0,0,0,0,1,0,0,0
2018-10-16,14:31:00,02,05,01,01,01,01,0,384682.7538,5039285.5819999995,False,October,0,0,0,0,0,0,0,1,0,0,1,0,0,0,0,1,0,0,0
2018-10-15,18:00:00,03,0,02,07,02,01,0,380567.73600000003,5036174.609,False,October,1,0,0,0,0,0,0,0,0,1,0,0,0,0,0,1,0,0,0
2018-10-16,15:45:00,03,03,01,01,01,,0,370501.9482,5025571.774,False,October,0,0,0,0,0,0,0,0,1,0,0,0,0,0,0,1,0,0,0
2018-10-16,16:20:00,03,03,01,01,01,01,0,373364.73,5029424.551,False,October,1,0,0,0,0,0,0,0,0,1,0,0,0,0,0,1,0,0,0
2018-10-16,16:25:00,03,06,01,01,01,,0,367422.8182,5031707.966,False,October,0,0,0,0,0,0,0,0,1,0,0,0,0,0,0,1,0,0,0
2018-10-16,17:25:00,03,02,01,01,01,01,0,364994.6252,5029622.524,False,October,0,1,0,0,0,0,0,0,0,0,1,0,0,0,0,1,0,0,0
2018-10-16,17:45:00,03,03,01,01,01,01,0,361934.6841,5025830.528,False,October,1,0,0,0,0,0,0,0,0,1,0,0,0,0,0,1,0,0,0
2018-10-16,18:00:00,03,04,01,01,01,01,0,379860.59,5036471.629,False,October,0,0,0,0,0,0,0,1,0,0,1,0,0,0,0,1,0,0,0
2018-10-16,18:21:00,03,03,01,05,01,01,0,351715.3979,5019145.549,True,October,1,0,0,0,0,0,0,0,0,1,0,0,0,0,0,1,0,0,0
2018-10-16,18:55:00,03,03,01,05,01,01,0,363933.5887,5014784.338,False,October,1,0,0,0,0,0,0,0,0,1,0,0,0,0,0,1,0,0,0
2018-10-16,18:45:00,03,07,01,05,01,,0,346127.2353,5025301.669,False,October,0,0,0,0,0,0,0,0,1,0,0,0,0,0,0,1,0,0,0
2018-10-16,19:39:00,03,03,01,07,01,,0,365105.4398,5023152.38,False,October,0,0,0,0,0,0,0,0,1,0,0,0,0,0,0,1,0,0,0
2018-10-16,21:30:00,03,07,01,07,01,01,0,367288.7124,5029710.558,True,October,1,0,0,0,0,0,0,0,0,0,1,0,0,0,0,1,0,0,0
2018-10-17,02:36:00,02,02,01,07,01,01,0,367828.6821,5030323.429,False,October,0,1,0,0,0,0,0,0,0,0,1,0,0,0,0,1,0,0,0
2018-10-17,06:43:00,03,04,01,03,01,,0,372186.5008,5032482.449,False,October,0,0,0,0,0,0,0,0,1,0,0,0,0,0,0,1,0,0,0
2018-10-16,08:30:00,03,03,01,01,01,,0,363153.3076,5016562.495,False,October,0,0,0,0,0,0,0,0,1,0,0,0,0,0,0,1,0,0,0
2018-10-17,07:37:00,03,03,01,01,01,01,0,372860.6567,5030578.718,False,October,1,0,0,0,0,0,0,0,0,1,0,0,0,0,0,1,0,0,0
2018-10-17,06:50:00,03,03,01,03,01,,0,373565.4449,5031919.518999999,True,October,0,0,0,0,0,0,0,0,1,0,0,0,0,0,0,1,0,0,0
2018-10-17,07:45:00,03,05,02,01,02,01,0,362291.2124,5013545.408,False,October,1,0,0,0,0,0,0,0,0,0,1,0,0,0,0,1,0,0,0
2018-10-17,07:52:00,03,05,01,01,01,,0,368305.2853,5026668.541,False,October,0,0,0,0,0,0,0,0,0,0,0,1,0,0,0,1,0,0,0
2018-10-17,07:58:00,03,03,01,01,01,,0,343436.4623,5020299.511,False,October,0,0,0,0,0,0,0,0,0,0,0,1,0,0,0,1,0,0,0
2018-10-17,08:09:00,03,03,01,01,01,01,0,350289.5953,5015488.445,False,October,0,1,0,0,0,0,0,0,0,1,0,0,0,0,0,1,0,0,0
2018-10-17,08:13:00,02,03,01,01,01,,0,377651.7646,5036037.822,False,October,0,0,0,0,0,0,0,0,1,0,0,0,0,0,0,1,0,0,0
2018-10-17,08:20:00,03,03,01,01,01,,0,374749.4793,5032807.469,False,October,0,0,0,0,0,0,0,0,1,0,0,0,0,0,0,1,0,0,0
2018-10-17,08:05:00,02,03,01,01,01,01,0,371608.73600000003,5024096.506,False,October,1,0,0,0,0,0,0,0,0,1,0,0,0,0,0,1,0,0,0
2018-10-17,08:39:00,02,02,01,01,01,,0,367366.2119,5029468.088,False,October,0,0,0,0,0,0,0,0,0,0,0,1,0,0,0,1,0,0,0
2018-10-17,08:30:00,03,02,01,01,01,01,0,361934.6841,5025830.528,False,October,1,0,0,0,0,0,0,0,0,0,1,0,0,0,0,1,0,0,0
2018-10-17,09:09:00,02,03,01,01,01,01,0,361863.6857,5020584.477,False,October,1,0,0,0,0,0,0,0,0,1,0,0,0,0,0,1,0,0,0
2018-10-17,09:16:00,03,02,01,01,01,01,0,380689.7854,5036866.569,False,October,0,1,0,0,0,0,0,0,0,0,1,0,0,0,0,1,0,0,0
2018-10-17,09:26:00,03,05,01,01,01,01,0,363723.68100000004,5015276.425,False,October,1,0,0,0,0,0,0,0,0,0,1,0,0,0,0,1,0,0,0
2018-10-17,09:00:00,02,02,01,01,01,,0,365229.6449,5028502.893999999,False,October,0,0,0,0,0,0,0,0,0,0,0,1,0,0,0,1,0,0,0
2018-10-17,09:53:00,02,03,01,01,01,01,0,375654.735,5034556.586,False,October,1,0,0,0,0,0,0,0,0,1,0,0,0,0,0,1,0,0,0
2018-10-17,10:23:00,03,02,01,01,01,,0,373737.1945,5029141.78,False,October,0,0,0,0,0,0,0,0,0,0,0,1,0,0,0,1,0,0,0
2018-10-17,10:34:00,03,06,01,01,01,,0,364964.1743,5017278.803,False,October,0,0,0,0,0,0,0,0,0,0,0,1,0,0,0,1,0,0,0
2018-09-21,18:00:00,03,07,06,01,02,,0,319019.4849,5027210.212,False,September,0,0,0,0,0,0,0,0,1,0,0,0,0,0,0,1,0,0,0
2018-09-20,08:37:00,03,07,02,01,02,01,0,368570.7076,5031473.578,False,September,0,1,0,0,0,0,0,0,0,1,0,0,0,0,0,1,0,0,0
2018-09-21,17:00:00,03,07,02,01,02,,0,342591.0667,5031691.092,False,September,0,0,0,0,0,0,0,0,1,0,0,0,0,0,0,1,0,0,0
2018-09-25,08:30:00,02,03,02,01,02,01,0,362061.5549,5023465.522,False,September,1,0,0,0,0,0,0,0,0,1,0,0,0,0,0,1,0,0,0
2018-09-09,09:05:00,03,07,01,01,01,,0,333868.5763,5023695.136,False,September,0,0,0,0,0,0,0,0,1,0,0,0,0,0,0,1,0,0,0
2018-09-12,15:24:00,02,03,01,01,01,,0,372494.5769,5031499.884,True,September,0,0,0,0,0,0,0,0,1,0,0,0,0,0,0,1,0,0,0
2018-09-17,17:34:00,02,02,01,01,01,01,0,372560.7008,5017440.51,False,September,0,1,0,0,0,0,0,0,0,0,1,0,0,0,0,1,0,0,0
2018-09-06,15:51:00,02,02,01,01,01,01,0,368039.7051,5030267.572,False,September,1,0,0,0,0,0,0,0,0,0,1,0,0,0,0,1,0,0,0
2018-09-22,12:45:00,03,02,01,01,01,02,0,366428.6934,5030626.566000001,False,September,1,0,0,0,0,0,0,0,0,0,1,0,0,0,0,1,0,0,0
2018-09-22,13:02:00,03,06,01,01,01,,0,368954.4494,5033052.112,False,September,0,0,0,0,0,0,0,0,1,0,0,0,0,0,0,1,0,0,0
2018-09-22,12:45:00,03,02,01,01,01,01,0,354571.76200000005,5016744.311000001,False,September,1,0,0,0,0,0,0,0,0,0,1,0,0,0,0,1,0,0,0
2018-09-22,11:30:00,03,07,01,01,01,01,0,368418.7238,5024853.53,False,September,1,0,0,0,0,0,0,0,0,1,0,0,0,0,0,1,0,0,0
2018-09-22,14:36:00,03,03,01,01,01,02,0,360770.6764,5025117.515,False,September,1,0,0,0,0,0,0,0,0,1,0,0,0,0,0,1,0,0,0
2018-09-22,14:38:00,02,03,01,01,01,01,0,371297.7256,5021622.498,False,September,0,0,1,0,0,0,0,0,0,1,0,0,0,0,0,1,0,0,0
2018-08-31,08:30:00,03,04,01,01,01,,0,375465.84,5034570.126,False,August,0,0,0,0,0,0,0,0,1,0,0,0,0,0,0,0,0,1,0
2018-09-22,15:16:00,03,03,01,01,01,01,0,368970.6977,5030632.61,False,September,1,0,0,0,0,0,0,0,0,1,0,0,0,0,0,1,0,0,0
2018-09-22,10:00:00,03,06,01,01,01,,0,349185.141,5019497.477,False,September,0,0,0,0,0,0,0,0,0,0,0,1,0,0,0,1,0,0,0
2018-09-22,16:05:00,03,03,01,01,01,02,0,363982.6844,5021424.491,False,September,1,0,0,0,0,0,0,0,0,1,0,0,0,0,0,1,0,0,0
2018-09-22,16:37:00,02,02,01,01,01,02,0,372407.7344,5024542.509,False,September,1,0,0,0,0,0,0,0,0,0,1,0,0,0,0,1,0,0,0
2018-09-22,16:52:00,03,03,01,01,01,01,0,360388.0863,5023677.836,True,September,1,0,0,0,0,0,0,0,0,1,0,0,0,0,0,1,0,0,0
2018-09-22,17:03:00,03,02,01,01,01,01,0,371462.7247,5027872.531,False,September,0,1,0,0,0,0,0,0,0,1,0,0,0,0,0,1,0,0,0
2018-09-22,17:15:00,02,05,01,01,01,01,0,351483.783,5014434.804,False,September,0,1,0,0,0,0,0,0,0,0,1,0,0,0,0,1,0,0,0
2018-09-22,17:32:00,02,05,01,01,01,02,0,351410.32,5016506.602,False,September,1,0,0,0,0,0,0,0,0,0,1,0,0,0,0,1,0,0,0
2018-09-22,17:46:00,03,02,01,01,01,02,0,366709.6061,5012195.549,False,September,1,0,0,0,0,0,0,0,0,0,1,0,0,0,0,1,0,0,0
2018-09-14,20:00:00,03,05,01,07,01,,0,376150.0612,5024431.836,False,September,0,0,0,0,0,0,0,0,0,0,0,1,0,0,0,1,0,0,0
2018-09-30,01:29:00,02,0,01,07,01,01,0,368418.6693,5024853.5819999995,False,September,1,0,0,0,0,0,0,0,0,1,0,0,0,0,0,1,0,0,0
2018-09-22,18:00:00,02,02,01,01,01,01,0,375354.7352,5033720.586,False,September,0,1,0,0,0,0,0,0,0,0,1,0,0,0,0,1,0,0,0
2018-09-22,17:45:00,03,03,01,01,01,02,0,365085.1508,5017903.188999999,False,September,1,0,0,0,0,0,0,0,0,1,0,0,0,0,0,1,0,0,0
2018-09-22,18:20:00,03,04,01,01,01,02,0,362282.6919,5024441.518999999,False,September,1,0,0,0,0,0,0,0,0,1,0,0,0,0,0,1,0,0,0
2018-09-22,18:28:00,03,07,01,01,01,01,0,370706.6337,5033416.557,False,September,0,1,0,0,0,0,0,0,0,1,0,0,0,0,0,1,0,0,0
2018-09-20,18:47:00,03,03,01,05,01,,0,363615.2954,5021369.076,False,September,0,0,0,0,0,0,0,0,1,0,0,0,0,0,0,1,0,0,0
2018-09-22,18:55:00,03,05,01,05,01,02,0,363419.6904,5021826.487,False,September,1,0,0,0,0,0,0,0,0,0,1,0,0,0,0,1,0,0,0
2018-09-22,19:14:00,02,03,01,05,01,,0,349287.922,5019221.48,False,September,0,0,0,0,0,0,0,0,1,0,0,0,0,0,0,1,0,0,0
2018-09-22,19:40:00,03,03,01,07,01,01,0,367916.7063,5030562.571,False,September,1,0,0,0,0,0,0,0,0,1,0,0,0,0,0,1,0,0,0
2018-09-22,19:51:00,03,05,01,07,01,01,0,373268.7432,5023500.518999999,False,September,0,1,0,0,0,0,0,0,0,0,1,0,0,0,0,1,0,0,0
2018-09-22,20:39:00,03,02,01,07,01,02,0,363080.6755,5016732.455,False,September,1,0,0,0,0,0,0,0,0,0,1,0,0,0,0,1,0,0,0
2018-09-22,20:52:00,03,03,01,07,01,,0,373056.4134,5031156.853999999,False,September,0,0,0,0,0,0,0,0,1,0,0,0,0,0,0,1,0,0,0
2018-09-22,21:08:00,03,03,01,07,01,,0,364968.7531,5025272.756,False,September,0,0,0,0,0,0,0,0,1,0,0,0,0,0,0,1,0,0,0
2018-09-22,21:00:00,03,06,01,07,01,,0,355255.3605,5017403.633,False,September,0,0,0,0,0,0,0,0,0,0,0,1,0,0,0,1,0,0,0
2018-09-22,22:41:00,03,04,01,07,01,,0,368035.2095,5032255.541,False,September,0,0,0,0,0,0,0,0,1,0,0,0,0,0,0,1,0,0,0
2018-09-22,23:33:00,03,07,01,07,01,,0,387679.1214,5037437.783,False,September,0,0,0,0,0,0,0,0,1,0,0,0,0,0,0,1,0,0,0
2018-09-22,23:30:00,03,06,01,07,01,,0,349688.436,5012260.65,False,September,0,0,0,0,0,0,0,0,1,0,0,0,0,0,0,1,0,0,0