DATE,TIME,CLASS_OF_ACCIDENT,IMPACT_TYPE,ENVIRONMENT,LIGHT,ROAD_SURFACE_CONDITION,TRAFFIC_CONTROL_CONDITION,NO_OF_PEDESTRIANS,X,Y,Highway,Month,categorical_TRAFFIC_CONTROL_01,categorical_TRAFFIC_CONTROL_02,categorical_TRAFFIC_CONTROL_03,categorical_TRAFFIC_CONTROL_04,categorical_TRAFFIC_CONTROL_07,categorical_TRAFFIC_CONTROL_08,categorical_TRAFFIC_CONTROL_09,categorical_TRAFFIC_CONTROL_11,categorical_ACCIDENT_LOCATION_01,categorical_ACCIDENT_LOCATION_02,categorical_ACCIDENT_LOCATION_03,categorical_ACCIDENT_LOCATION_04,categorical_ACCIDENT_LOCATION_05,categorical_ACCIDENT_LOCATION_06,categorical_ACCIDENT_LOCATION_07,categorical_Seasons_Fall,categorical_Seasons_Spring,categorical_Seasons_Summer,categorical_Seasons_Winter
2018-09-23,01:03:00,03,05,01,07,01,01,0,370072.6977,5033065.842,False,September,1,0,0,0,0,0,0,0,0,1,0,0,0,0,0,1,0,0,0
2018-09-23,07:56:00,03,07,01,01,01,01,0,354872.6551,5015403.882,False,September,0,1,0,0,0,0,0,0,0,1,0,0,0,0,0,1,0,0,0
2018-09-23,08:45:00,03,02,01,01,01,02,0,360982.3112,5014901.733,False,September,1,0,0,0,0,0,0,0,0,0,1,0,0,0,0,1,0,0,0
2018-09-23,10:12:00,03,03,01,01,01,02,0,365612.6107,5021942.428,False,September,1,0,0,0,0,0,0,0,0,1,0,0,0,0,0,1,0,0,0
2018-09-21,11:02:00,03,02,02,01,02,02,0,365612.6107,5021942.492,False,September,1,0,0,0,0,0,0,0,0,0,1,0,0,0,0,1,0,0,0
2018-09-21,18:00:00,03,02,02,01,02,02,0,364275.6924,5027493.534,False,September,1,0,0,0,0,0,0,0,0,0,1,0,0,0,0,1,0,0,0
2018-09-23,12:15:00,03,03,01,01,01,,0,370167.2898,5029818.397,False,September,0,0,0,0,0,0,0,0,1,0,0,0,0,0,0,1,0,0,0
2018-09-23,12:41:00,03,05,01,01,01,01,0,374507.7242,5033198.575,False,September,1,0,0,0,0,0,0,0,0,0,1,0,0,0,0,1,0,0,0
2018-09-23,12:59:00,03,03,01,01,01,02,0,367370.3659,5016577.02,False,September,1,0,0,0,0,0,0,0,0,1,0,0,0,0,0,1,0,0,0
2018-09-23,12:50:00,03,03,01,01,01,01,0,367458.7098,5021891.504,False,September,1,0,0,0,0,0,0,0,0,1,0,0,0,0,0,1,0,0,0
2018-09-23,13:04:00,02,02,01,01,01,02,0,355961.5549,5012594.4180000005,False,September,1,0,0,0,0,0,0,0,0,0,1,0,0,0,0,1,0,0,0
2018-09-23,13:17:00,03,03,01,01,01,02,0,360278.3918,5014851.593,True,September,0,1,0,0,0,0,0,0,0,1,0,0,0,0,0,1,0,0,0
2018-09-23,13:14:00,03,03,01,01,01,,0,349590.68700000003,5014144.902,False,September,0,0,0,0,0,0,0,0,1,0,0,0,0,0,0,1,0,0,0
2018-09-23,13:50:00,03,03,01,01,01,,0,337277.3336,5023178.187,False,September,0,0,0,0,0,0,0,0,0,0,0,1,0,0,0,1,0,0,0
2018-09-23,15:20:00,03,02,01,01,01,01,0,372601.7266,5027284.544,False,September,1,0,0,0,0,0,0,0,0,0,1,0,0,0,0,1,0,0,0
2018-09-23,15:22:00,03,05,01,01,01,01,0,366920.6117,5025322.534,False,September,1,0,0,0,0,0,0,0,0,0,1,0,0,0,0,1,0,0,0
2018-09-23,15:55:00,03,02,01,01,01,02,0,372407.7344,5024542.51,False,September,1,0,0,0,0,0,0,0,0,0,1,0,0,0,0,1,0,0,0
2018-09-23,16:38:00,03,02,01,01,01,02,0,360278.3916,5014851.593,True,September,1,0,0,0,0,0,0,0,0,0,1,0,0,0,0,1,0,0,0
2018-09-23,18:23:00,03,05,01,05,01,01,0,350455.6004,5019010.456,False,September,1,0,0,0,0,0,0,0,0,0,1,0,0,0,0,1,0,0,0
2018-09-23,18:10:00,03,03,01,01,01,01,0,371912.7117,5033994.5819999995,False,September,1,0,0,0,0,0,0,0,0,0,1,0,0,0,0,1,0,0,0
2018-09-23,19:56:00,03,04,01,07,01,01,0,380460.7277,5034296.383,False,September,1,0,0,0,0,0,0,0,0,1,0,0,0,0,0,1,0,0,0
2018-09-23,20:16:00,03,02,01,07,01,02,0,366346.8719,5015471.188,False,September,1,0,0,0,0,0,0,0,0,0,1,0,0,0,0,1,0,0,0
2018-09-23,20:20:00,02,05,01,07,01,02,0,361479.6763,5020502.478999999,False,September,1,0,0,0,0,0,0,0,0,0,1,0,0,0,0,1,0,0,0
2018-09-23,20:30:00,03,03,01,07,01,01,0,384351.7362,5039990.327,False,September,1,0,0,0,0,0,0,0,0,1,0,0,0,0,0,1,0,0,0
2018-09-23,21:39:00,03,04,01,07,01,01,0,367097.6531,5031526.596,False,September,1,0,0,0,0,0,0,0,0,1,0,0,0,0,0,1,0,0,0
2018-09-23,21:52:00,03,02,01,07,01,02,0,364858.7432,5023725.51,False,September,1,0,0,0,0,0,0,0,0,0,1,0,0,0,0,1,0,0,0
2018-09-24,07:30:00,02,02,01,01,01,01,0,373570.6101,5026159.651000001,False,September,0,1,0,0,0,0,0,0,0,0,1,0,0,0,0,1,0,0,0
2018-09-22,09:45:00,03,03,01,01,01,02,0,361075.6489,5025883.52,False,September,1,0,0,0,0,0,0,0,0,1,0,0,0,0,0,1,0,0,0
2018-09-24,09:09:00,03,03,02,01,02,00,0,363933.8365,5014784.545,False,September,1,0,0,0,0,0,0,0,0,1,0,0,0,0,0,1,0,0,0
2018-09-24,09:51:00,02,07,01,01,01,01,1,359004.8707,5023990.612,False,September,1,0,0,0,0,0,0,0,0,0,1,0,0,0,0,1,0,0,0
2018-09-22,12:00:00,03,03,01,01,01,01,0,349661.609,5023617.51,False,September,1,0,0,0,0,0,0,0,0,1,0,0,0,0,0,1,0,0,0
2018-09-24,10:38:00,03,02,01,01,01,01,0,369177.2945,5027785.495,False,September,0,1,0,0,0,0,0,0,0,0,1,0,0,0,0,1,0,0,0
2018-09-24,10:38:00,03,06,01,01,01,,0,337768.6267,5018583.574,False,September,0,0,0,0,0,0,0,0,0,0,0,1,0,0,0,1,0,0,0
2018-09-24,10:41:00,03,05,01,01,01,01,0,382637.7535,5035567.553,False,September,1,0,0,0,0,0,0,0,0,1,0,0,0,0,0,1,0,0,0
2018-09-24,11:21:00,02,03,01,01,01,01,0,361129.8487,5023663.334,False,September,0,1,0,0,0,0,0,0,0,1,0,0,0,0,0,1,0,0,0
2018-09-21,11:40:00,03,02,01,01,01,01,0,372541.7198,5031688.57,True,September,0,1,0,0,0,0,0,0,0,0,1,0,0,0,0,1,0,0,0
2018-09-23,13:08:00,03,04,01,01,01,01,0,369699.7208,5023876.505,False,September,1,0,0,0,0,0,0,0,0,1,0,0,0,0,0,1,0,0,0
2018-09-24,13:17:00,02,03,01,01,01,01,0,374908.7406,5028602.541999999,False,September,1,0,0,0,0,0,0,0,0,1,0,0,0,0,0,1,0,0,0
2018-09-22,11:00:00,03,03,01,01,01,01,0,366646.6967,5011532.413,False,September,0,1,0,0,0,0,0,0,0,0,1,0,0,0,0,1,0,0,0
2018-09-24,09:55:00,03,03,01,01,01,,0,370432.469,5025700.566000001,False,September,0,0,0,0,0,0,0,0,1,0,0,0,0,0,0,1,0,0,0
2018-09-24,14:43:00,02,03,01,01,01,01,0,364548.8107,5015173.325,False,September,1,0,0,0,0,0,0,0,0,1,0,0,0,0,0,1,0,0,0
2018-09-20,19:00:00,03,03,01,01,01,01,0,369449.7228,5024837.528,False,September,0,1,0,0,0,0,0,0,0,1,0,0,0,0,0,1,0,0,0
2018-09-24,13:30:00,03,06,01,01,01,,0,367026.0747,5016579.195,False,September,0,0,0,0,0,0,0,0,1,0,0,0,0,0,0,1,0,0,0
2018-09-18,17:00:00,03,03,01,01,01,01,0,366186.7036,5028527.554,False,September,1,0,0,0,0,0,0,0,0,1,0,0,0,0,0,1,0,0,0
2018-09-23,15:54:00,02,03,01,01,01,,0,374776.6808,5032828.342,False,September,0,0,0,0,0,0,0,0,1,0,0,0,0,0,0,1,0,0,0
2018-09-24,15:40:00,03,04,01,01,01,00,0,368384.7103,5030844.584,False,September,1,0,0,0,0,0,0,0,0,1,0,0,0,0,0,1,0,0,0
2018-09-24,16:09:00,03,04,01,01,01,,0,354289.7888,5015145.682,False,September,0,0,0,0,0,0,0,0,1,0,0,0,0,0,0,1,0,0,0
2018-09-20,,03,06,02,00,02,,0,350517.3121,5024009.815,False,September,0,0,0,0,0,0,0,0,1,0,0,0,0,0,0,1,0,0,0
2018-09-24,09:54:00,03,02,01,01,01,01,0,370908.7182,5032245.5819999995,False,September,0,1,0,0,0,0,0,0,0,0,1,0,0,0,0,1,0,0,0
2018-09-24,16:43:00,03,04,01,01,01,,0,369557.64,5010803.283,False,September,0,0,0,0,0,0,0,0,0,0,0,1,0,0,0,1,0,0,0
2018-09-21,13:30:00,03,02,01,01,01,01,0,368321.3194,5031893.739,False,September,1,0,0,0,0,0,0,0,0,0,1,0,0,0,0,1,0,0,0
2018-09-22,,03,06,01,00,01,,0,365578.8976,5023898.119,False,September,0,0,0,0,0,0,0,0,1,0,0,0,0,0,0,1,0,0,0
2018-09-23,03:00:00,03,03,01,07,01,01,0,367449.7117,5017616.46,False,September,1,0,0,0,0,0,0,0,0,1,0,0,0,0,0,1,0,0,0
2018-09-23,19:30:00,03,05,01,05,01,01,0,373569.7335,5029260.544,False,September,1,0,0,0,0,0,0,0,0,0,1,0,0,0,0,1,0,0,0
2018-09-24,20:28:00,03,07,01,07,01,,0,359978.3968,5013529.256,False,September,0,0,0,0,0,0,0,0,0,0,0,1,0,0,0,1,0,0,0
2018-09-25,05:59:00,02,06,02,03,02,,0,369284.334,5031393.23,False,September,0,0,0,0,0,0,0,0,1,0,0,0,0,0,0,1,0,0,0
2018-09-25,07:15:00,03,07,02,03,02,,0,337719.1803,5014372.143999999,False,September,0,0,0,0,0,0,0,0,1,0,0,0,0,0,0,1,0,0,0
2018-09-25,07:20:00,02,05,02,01,02,01,0,383640.9751,5036900.456,False,September,1,0,0,0,0,0,0,0,0,0,1,0,0,0,0,1,0,0,0
2018-09-25,07:20:00,03,04,02,03,02,,0,361847.1745,5023336.353,False,September,0,0,0,0,0,0,0,0,1,0,0,0,0,0,0,1,0,0,0
2018-09-25,08:00:00,03,03,02,01,02,01,0,360072.6705,5024471.513,False,September,1,0,0,0,0,0,0,0,0,1,0,0,0,0,0,1,0,0,0
2018-09-25,08:15:00,03,03,02,01,02,01,0,367387.8794,5029477.214,False,September,1,0,0,0,0,0,0,0,0,1,0,0,0,0,0,1,0,0,0
2018-09-23,,03,06,01,00,01,,0,360510.0597,5024687.907,False,September,0,0,0,0,0,0,0,0,1,0,0,0,0,0,0,1,0,0,0
2018-09-25,09:00:00,03,03,02,01,02,,0,361659.59,5023223.141,False,September,0,0,0,0,0,0,0,0,1,0,0,0,0,0,0,1,0,0,0
2018-09-25,09:18:00,02,05,02,01,02,01,0,375257.7667,5028784.666999999,False,September,1,0,0,0,0,0,0,0,0,0,1,0,0,0,0,1,0,0,0
2018-09-25,09:19:00,03,03,02,01,02,,0,355923.5615,5012687.759,False,September,0,0,0,0,0,0,0,0,1,0,0,0,0,0,0,1,0,0,0
2018-09-25,09:15:00,03,03,02,01,02,,0,370589.3478,5030621.026000001,False,September,0,0,0,0,0,0,0,0,1,0,0,0,0,0,0,1,0,0,0
2018-09-27,13:39:00,03,02,01,01,01,,0,348695.2116,5014467.126,False,September,0,0,0,0,0,0,0,0,0,0,0,1,0,0,0,1,0,0,0
2018-09-25,09:39:00,03,02,01,01,01,01,0,383951.7598,5036159.561000001,False,September,1,0,0,0,0,0,0,0,0,1,0,0,0,0,0,1,0,0,0
2018-09-27,13:55:00,03,03,01,01,01,01,0,348804.5758,5014360.436000001,False,September,1,0,0,0,0,0,0,0,0,1,0,0,0,0,0,1,0,0,0
2018-09-06,,03,06,01,00,01,,0,368230.2141,5029214.257,False,September,0,0,0,0,0,0,0,0,1,0,0,0,0,0,0,1,0,0,0
2018-09-12,15:15:00,03,06,01,01,01,,0,367554.3373,5016356.754,False,September,0,0,0,0,0,0,0,0,1,0,0,0,0,0,0,1,0,0,0
2018-09-09,17:49:00,03,02,01,01,01,01,0,377767.7482,5031503.561000001,False,September,0,0,0,0,0,0,0,1,0,0,1,0,0,0,0,1,0,0,0
2018-09-25,09:52:00,03,03,02,01,02,,0,383234.6704,5037836.461,False,September,0,0,0,0,0,0,0,0,1,0,0,0,0,0,0,1,0,0,0
2018-09-27,14:19:00,03,07,00,00,01,,0,347764.6199,5018589.164,False,September,0,0,0,0,0,0,0,0,1,0,0,0,0,0,0,1,0,0,0
2018-09-20,07:20:00,03,03,02,01,02,01,0,353251.6751,5015999.8,False,September,1,0,0,0,0,0,0,0,0,1,0,0,0,0,0,1,0,0,0
2018-09-17,17:50:00,03,04,01,01,01,01,0,367922.7208,5028091.536,False,September,1,0,0,0,0,0,0,0,0,1,0,0,0,0,0,1,0,0,0
2018-09-09,18:38:00,02,07,01,01,01,,0,363013.6718,5026311.29,False,September,0,0,0,0,0,0,0,0,1,0,0,0,0,0,0,1,0,0,0
2018-09-25,08:10:00,03,03,02,01,02,01,0,354796.0297,5016897.353,False,September,0,1,0,0,0,0,0,0,0,0,1,0,0,0,0,1,0,0,0
2018-09-27,15:00:00,03,05,01,01,01,01,0,379860.7419,5036471.581,False,September,0,0,0,0,0,0,0,1,0,0,1,0,0,0,0,1,0,0,0
2018-09-06,15:25:00,03,05,01,01,01,,0,369835.9277,5027907.4,False,September,0,0,0,0,0,0,0,0,0,0,0,1,0,0,0,1,0,0,0
2018-09-12,16:00:00,03,05,01,01,01,01,0,364264.2043,5016434.759,False,September,0,1,0,0,0,0,0,0,0,0,1,0,0,0,0,1,0,0,0
2018-09-19,14:45:00,03,04,01,01,01,00,0,370676.4187,5031611.813,False,September,1,0,0,0,0,0,0,0,0,1,0,0,0,0,0,1,0,0,0
2018-09-30,01:50:00,03,07,01,07,01,,0,369129.1366,5013057.007,False,September,0,0,0,0,0,0,0,0,1,0,0,0,0,0,0,1,0,0,0
2018-09-06,16:30:00,02,05,01,01,01,01,0,362213.6856,5026025.53,False,September,1,0,0,0,0,0,0,0,0,0,1,0,0,0,0,1,0,0,0
2018-09-14,20:35:00,02,05,01,07,01,01,0,365885.5891,5015940.308999999,False,September,1,0,0,0,0,0,0,0,0,0,1,0,0,0,0,1,0,0,0
2018-09-17,07:45:00,02,03,01,01,01,01,0,362282.6426,5024441.666999999,False,September,1,0,0,0,0,0,0,0,0,1,0,0,0,0,0,1,0,0,0
2018-09-09,19:25:00,03,07,01,05,01,,0,350555.6363,5022634.716,False,September,0,0,0,0,0,0,0,0,1,0,0,0,0,0,0,1,0,0,0
2018-09-21,18:00:00,03,02,02,01,02,01,0,373205.7319,5023550.576,False,September,1,0,0,0,0,0,0,0,0,0,1,0,0,0,0,1,0,0,0
2018-09-27,15:28:00,02,05,01,01,01,01,0,365149.4304,5028648.679,False,September,0,1,0,0,0,0,0,0,0,0,1,0,0,0,0,1,0,0,0
2018-09-12,16:25:00,03,05,01,01,01,01,0,363778.6895,5028641.556,False,September,1,0,0,0,0,0,0,0,0,1,0,0,0,0,0,1,0,0,0
2018-09-05,18:00:00,02,03,02,01,02,02,0,381870.7507,5035883.574,False,September,1,0,0,0,0,0,0,0,0,1,0,0,0,0,0,1,0,0,0
2018-09-09,19:31:00,02,01,01,05,01,,0,371839.8518,5033411.799,False,September,0,0,0,0,0,0,0,0,1,0,0,0,0,0,0,1,0,0,0
2018-09-25,11:45:00,02,05,02,01,02,01,0,364351.6574,5027337.573,False,September,1,0,0,0,0,0,0,0,0,0,1,0,0,0,0,1,0,0,0
2018-09-20,08:30:00,03,02,01,01,01,01,0,384072.763,5035874.563999999,False,September,1,0,0,0,0,0,0,0,0,0,1,0,0,0,0,1,0,0,0
2018-09-16,,03,06,01,00,01,,0,353576.8252,5016649.383,False,September,0,0,0,0,0,0,0,0,1,0,0,0,0,0,0,1,0,0,0
2018-09-14,20:51:00,03,03,01,07,01,01,0,363697.7149,5025211.554,False,September,1,0,0,0,0,0,0,0,0,1,0,0,0,0,0,1,0,0,0
2018-09-30,09:03:00,03,07,01,01,01,,0,376536.8974,5035132.77,False,September,0,0,0,0,0,0,0,0,1,0,0,0,0,0,0,1,0,0,0
2018-09-17,18:59:00,03,06,01,01,01,,0,364486.8401,5016952.383,False,September,0,0,0,0,0,0,0,0,0,0,0,1,0,0,0,1,0,0,0
2018-09-12,16:44:00,01,01,01,01,01,,0,358830.1363,5016220.682,False,September,0,0,0,0,0,0,0,0,1,0,0,0,0,0,0,1,0,0,0
2018-09-14,21:38:00,03,07,01,07,01,01,0,377038.8224,5022709.553,False,September,1,0,0,0,0,0,0,0,0,1,0,0,0,0,0,1,0,0,0
2018-09-27,15:40:00,03,03,01,01,01,,0,376564.4426,5035194.27,False,September,0,0,0,0,0,0,0,0,1,0,0,0,0,0,0,1,0,0,0
2018-09-06,17:30:00,03,03,01,01,01,01,0,360245.679,5024781.512,False,September,1,0,0,0,0,0,0,0,0,1,0,0,0,0,0,1,0,0,0
2018-09-09,19:49:00,02,02,01,05,01,01,0,367371.9189,5025693.477,False,September,1,0,0,0,0,0,0,0,0,0,1,0,0,0,0,1,0,0,0
2018-09-24,16:00:00,03,04,01,01,01,01,0,368384.716,5030844.568,False,September,1,0,0,0,0,0,0,0,0,1,0,0,0,0,0,1,0,0,0
2018-09-20,09:17:00,03,03,01,01,01,00,0,363857.7027,5024575.556,False,September,0,1,0,0,0,0,0,0,0,1,0,0,0,0,0,1,0,0,0
2018-09-29,18:15:00,03,07,01,01,01,,0,354716.6628,5019810.8889999995,False,September,0,0,0,0,0,0,0,0,1,0,0,0,0,0,0,1,0,0,0
2018-09-12,17:09:00,02,03,01,01,01,,0,376917.5988,5015441.815,False,September,0,0,0,0,0,0,0,0,1,0,0,0,0,0,0,1,0,0,0
2018-09-14,23:48:00,03,05,01,07,01,00,0,368006.7397,5030345.568,False,September,0,1,0,0,0,0,0,0,0,1,0,0,0,0,0,1,0,0,0
2018-09-27,15:46:00,03,02,01,01,01,01,0,369470.7149,5033730.606000001,False,September,0,1,0,0,0,0,0,0,0,0,1,0,0,0,0,1,0,0,0
2018-09-09,19:52:00,03,02,01,05,01,01,0,383696.7886,5010121.407,False,September,1,0,0,0,0,0,0,0,0,0,1,0,0,0,0,1,0,0,0
2018-09-25,12:20:00,03,03,02,01,02,00,0,363743.8888,5014679.369,False,September,1,0,0,0,0,0,0,0,0,1,0,0,0,0,0,1,0,0,0
2018-09-06,17:10:00,03,02,01,01,01,,0,370116.8192,5033090.302,False,September,0,0,0,0,0,0,0,0,0,0,0,1,0,0,0,1,0,0,0
2018-09-17,20:15:00,03,02,01,07,01,01,0,370786.6865,5033018.603,False,September,0,1,0,0,0,0,0,0,0,0,1,0,0,0,0,1,0,0,0
2018-09-25,12:23:00,03,04,01,01,01,01,0,380460.7943,5034296.402,False,September,1,0,0,0,0,0,0,0,0,1,0,0,0,0,0,1,0,0,0
2018-09-27,15:46:00,03,03,01,01,01,01,0,365250.7016,5017506.46,False,September,1,0,0,0,0,0,0,0,0,1,0,0,0,0,0,1,0,0,0
2018-09-20,09:15:00,03,03,02,01,02,01,0,363670.6804,5021246.518999999,False,September,1,0,0,0,0,0,0,0,0,1,0,0,0,0,0,1,0,0,0
2018-09-06,15:10:00,03,02,01,01,01,01,0,387508.8777,5023593.548,True,September,0,1,0,0,0,0,0,0,0,0,1,0,0,0,0,1,0,0,0
2018-09-28,17:15:00,03,05,01,01,01,01,0,360545.6472,5025272.652,False,September,1,0,0,0,0,0,0,0,0,1,0,0,0,0,0,1,0,0,0
2018-09-15,00:35:00,03,04,01,07,01,01,0,369225.6624,5027983.69,False,September,1,0,0,0,0,0,0,0,0,0,1,0,0,0,0,1,0,0,0
2018-09-09,20:18:00,02,02,01,07,01,01,0,376239.755,5012603.426,False,September,0,1,0,0,0,0,0,0,0,0,1,0,0,0,0,1,0,0,0
2018-09-12,17:12:00,03,02,01,01,01,01,0,373361.7009,5015566.437,False,September,0,1,0,0,0,0,0,0,0,0,1,0,0,0,0,1,0,0,0
2018-09-19,13:00:00,03,03,01,01,01,01,0,362549.6209,5023770.499,False,September,1,0,0,0,0,0,0,0,0,1,0,0,0,0,0,1,0,0,0
2018-09-26,20:00:00,03,04,02,07,02,01,0,367962.7077,5031178.57,False,September,0,1,0,0,0,0,0,0,0,1,0,0,0,0,0,1,0,0,0
2018-09-25,13:15:00,02,04,02,01,02,01,0,375578.7348,5031439.555,False,September,1,0,0,0,0,0,0,0,0,1,0,0,0,0,0,1,0,0,0
2018-09-29,00:01:00,03,06,01,07,01,,0,349564.8677,5020146.328,False,September,0,0,0,0,0,0,0,0,1,0,0,0,0,0,0,1,0,0,0
2018-09-17,20:22:00,03,02,01,07,01,,0,364793.9449,5023690.477,False,September,0,0,0,0,0,0,0,0,0,0,0,1,0,0,0,1,0,0,0
2018-09-15,,03,06,01,07,01,,0,371528.7799,5032151.882,False,September,0,0,0,0,0,0,0,0,1,0,0,0,0,0,0,1,0,0,0
2018-09-25,12:30:00,03,03,01,01,01,01,0,365263.7104,5029013.633,False,September,0,1,0,0,0,0,0,0,0,1,0,0,0,0,0,1,0,0,0
2018-09-06,18:08:00,03,05,01,01,01,01,0,381379.7444,5038723.598999999,False,September,1,0,0,0,0,0,0,0,0,0,1,0,0,0,0,1,0,0,0
2018-09-14,,03,06,01,00,01,,0,368313.6737,5030226.0819999995,False,September,0,0,0,0,0,0,0,0,1,0,0,0,0,0,0,1,0,0,0
2018-09-25,13:15:00,03,03,02,01,02,01,0,350267.6049,5016713.453,False,September,1,0,0,0,0,0,0,0,0,0,1,0,0,0,0,1,0,0,0
2018-09-17,18:00:00,03,04,01,01,01,,0,372859.1816,5030582.6,False,September,0,0,0,0,0,0,0,0,1,0,0,0,0,0,0,1,0,0,0
2018-09-30,11:53:00,03,03,01,01,01,01,0,365085.2442,5017903.203,False,September,1,0,0,0,0,0,0,0,0,1,0,0,0,0,0,1,0,0,0
2018-09-27,16:01:00,03,02,01,01,01,01,0,363742.5775,5017134.518999999,False,September,0,1,0,0,0,0,0,0,0,1,0,0,0,0,0,1,0,0,0
2018-09-20,11:00:00,03,04,01,01,01,,0,363966.453,5025137.72,False,September,0,0,0,0,0,0,0,0,1,0,0,0,0,0,0,1,0,0,0
2018-09-11,13:30:00,03,03,01,01,01,,0,367430.3281,5021708.134,False,September,0,0,0,0,0,0,0,0,0,0,0,1,0,0,0,1,0,0,0
2018-09-09,20:51:00,03,05,01,07,01,01,0,368970.6687,5030632.528,False,September,1,0,0,0,0,0,0,0,0,0,1,0,0,0,0,1,0,0,0
2018-09-20,11:28:00,03,07,01,01,01,,0,368370.8463,5026660.82,False,September,0,0,0,0,0,0,0,0,1,0,0,0,0,0,0,1,0,0,0
2018-09-06,18:28:00,03,03,01,01,01,01,0,347300.476,5015926.395,True,September,1,0,0,0,0,0,0,0,0,1,0,0,0,0,0,1,0,0,0
2018-09-14,08:45:00,02,02,01,01,01,01,0,367840.3417,5028399.297,False,September,0,0,1,0,0,0,0,0,0,0,1,0,0,0,0,1,0,0,0
2018-09-12,18:01:00,03,04,01,01,01,01,0,384535.0693,5039595.5,False,September,0,0,0,0,0,0,0,1,0,1,0,0,0,0,0,1,0,0,0
2018-09-25,13:52:00,03,07,02,01,02,,0,391848.2035,5039427.713,False,September,0,0,0,0,0,0,0,0,1,0,0,0,0,0,0,1,0,0,0
2018-09-17,21:45:00,03,04,01,07,01,01,0,371306.649,5021353.834,False,September,1,0,0,0,0,0,0,0,0,0,1,0,0,0,0,1,0,0,0
2018-09-25,13:50:00,03,02,02,01,02,01,0,381996.7357,5037996.588,False,September,1,0,0,0,0,0,0,0,0,1,0,0,0,0,0,1,0,0,0
2018-09-30,12:11:00,03,03,02,01,02,01,0,367916.7103,5030562.483,False,September,1,0,0,0,0,0,0,0,0,1,0,0,0,0,0,1,0,0,0
2018-09-21,18:20:00,03,03,01,05,02,,0,364291.9751,5027256.699,True,September,0,0,0,0,0,0,0,0,1,0,0,0,0,0,0,1,0,0,0
2018-09-09,22:44:00,02,02,01,07,01,01,0,371608.7367,5024096.506,False,September,1,0,0,0,0,0,0,0,0,0,1,0,0,0,0,1,0,0,0
2018-09-20,11:38:00,03,03,01,01,01,00,0,373065.166,5031805.48,False,September,0,1,0,0,0,0,0,0,0,1,0,0,0,0,0,1,0,0,0
2018-09-15,10:30:00,03,03,01,01,01,01,0,360597.5785,5022584.615,False,September,1,0,0,0,0,0,0,0,0,1,0,0,0,0,0,1,0,0,0
2018-09-12,18:15:00,03,04,01,01,01,,0,364649.6308,5027564.558999999,True,September,0,0,0,0,0,0,0,0,1,0,0,0,0,0,0,1,0,0,0
2018-09-17,22:23:00,03,0,01,07,01,01,0,362729.69299999997,5026458.524,False,September,0,1,0,0,0,0,0,0,0,0,1,0,0,0,0,1,0,0,0
2018-09-09,23:07:00,02,05,01,07,01,00,0,373511.6959,5026361.547,False,September,0,0,1,0,0,0,0,0,0,0,1,0,0,0,0,1,0,0,0
2018-09-06,19:03:00,02,02,01,01,01,01,0,355984.6137,5007387.363,False,September,0,1,0,0,0,0,0,0,0,0,1,0,0,0,0,1,0,0,0
2018-09-27,16:20:00,03,02,01,01,01,01,0,363864.6864,5029334.562,False,September,0,1,0,0,0,0,0,0,0,0,1,0,0,0,0,1,0,0,0
2018-09-10,07:26:00,03,04,01,01,01,01,0,352841.5232,5020476.517,True,September,1,0,0,0,0,0,0,0,0,1,0,0,0,0,0,1,0,0,0
2018-09-06,17:08:00,03,02,01,01,01,,0,366864.2976,5031382.4180000005,False,September,0,0,0,0,0,0,0,0,0,0,0,1,0,0,0,1,0,0,0
2018-09-14,20:45:00,03,05,01,07,01,01,0,369739.7136,5032887.69,False,September,1,0,0,0,0,0,0,0,0,1,0,0,0,0,0,1,0,0,0
2018-09-12,18:24:00,03,02,01,01,01,,0,351356.7592,5014620.005,False,September,0,0,0,0,0,0,0,0,0,0,0,1,0,0,0,1,0,0,0
2018-09-18,02:12:00,02,07,01,07,01,,0,379250.8478,5033032.556,False,September,0,0,0,0,0,0,0,0,1,0,0,0,0,0,0,1,0,0,0
2018-09-30,12:31:00,02,03,01,01,01,,0,370157.3757,5030115.558999999,False,September,0,0,0,0,0,0,0,0,1,0,0,0,0,0,0,1,0,0,0
2018-09-20,13:10:00,02,06,01,01,01,,1,367605.6648,5031653.502,False,September,0,0,0,0,0,0,0,0,1,0,0,0,0,0,0,1,0,0,0
2018-09-23,17:30:00,03,03,01,01,01,01,0,368167.7117,5026222.522,False,September,1,0,0,0,0,0,0,0,0,1,0,0,0,0,0,1,0,0,0
2018-09-29,13:34:00,03,02,01,01,01,,0,366885.6269,5030464.132,False,September,0,0,0,0,0,0,0,0,1,0,0,0,0,0,0,1,0,0,0