DATE,TIME,CLASS_OF_ACCIDENT,IMPACT_TYPE,ENVIRONMENT,LIGHT,ROAD_SURFACE_CONDITION,TRAFFIC_CONTROL_CONDITION,NO_OF_PEDESTRIANS,X,Y,Highway,Month,categorical_TRAFFIC_CONTROL_01,categorical_TRAFFIC_CONTROL_02,categorical_TRAFFIC_CONTROL_03,categorical_TRAFFIC_CONTROL_04,categorical_TRAFFIC_CONTROL_07,categorical_TRAFFIC_CONTROL_08,categorical_TRAFFIC_CONTROL_09,categorical_TRAFFIC_CONTROL_11,categorical_ACCIDENT_LOCATION_01,categorical_ACCIDENT_LOCATION_02,categorical_ACCIDENT_LOCATION_03,categorical_ACCIDENT_LOCATION_04,categorical_ACCIDENT_LOCATION_05,categorical_ACCIDENT_LOCATION_06,categorical_ACCIDENT_LOCATION_07,categorical_Seasons_Fall,categorical_Seasons_Spring,categorical_Seasons_Summer,categorical_Seasons_Winter
2018-09-20,11:25:00,03,04,01,01,01,01,0,351777.5268,5017613.482,False,September,1,0,0,0,0,0,0,0,0,1,0,0,0,0,0,1,0,0,0
2018-09-27,15:50:00,03,02,01,01,01,,0,357112.0385,5020355.384,False,September,0,0,0,0,0,0,0,0,0,0,0,1,0,0,0,1,0,0,0
2018-09-10,07:52:00,03,03,01,01,01,01,0,372823.7388,5024807.504,False,September,1,0,0,0,0,0,0,0,0,1,0,0,0,0,0,1,0,0,0
2018-09-18,07:01:00,02,03,01,01,01,01,0,368121.1347,5026647.204,False,September,1,0,0,0,0,0,0,0,0,1,0,0,0,0,0,1,0,0,0
2018-09-12,18:26:00,03,02,01,01,01,,0,349613.4451,5022441.719,False,September,0,0,0,0,0,0,0,0,0,0,0,1,0,0,0,1,0,0,0
2018-09-06,18:00:00,03,03,01,01,01,01,0,383951.7601,5036159.561000001,False,September,1,0,0,0,0,0,0,0,0,1,0,0,0,0,0,1,0,0,0
2018-09-15,11:12:00,02,07,01,01,01,,0,373237.5002,5034516.075,False,September,0,0,0,0,0,0,0,0,1,0,0,0,0,0,0,1,0,0,0
2018-09-25,14:52:00,03,04,02,01,02,01,0,363180.6935,5026638.662,False,September,1,0,0,0,0,0,0,0,0,1,0,0,0,0,0,1,0,0,0
2018-09-30,14:00:00,03,04,01,01,01,01,0,372595.7134,5031241.576,False,September,1,0,0,0,0,0,0,0,0,1,0,0,0,0,0,1,0,0,0
2018-09-20,12:14:00,02,07,01,01,01,,1,368228.1636,5032195.329,False,September,0,0,0,0,0,0,0,0,1,0,0,0,0,0,0,1,0,0,0
2018-09-12,19:05:00,03,07,01,05,01,01,1,349384.9849,5022955.843,False,September,1,0,0,0,0,0,0,0,0,0,1,0,0,0,0,1,0,0,0
2018-09-27,16:00:00,03,04,01,01,01,01,0,372305.7192,5031951.574,False,September,1,0,0,0,0,0,0,0,0,1,0,0,0,0,0,1,0,0,0
2018-09-10,07:45:00,03,04,01,01,01,01,0,360752.2245,5014962.154,False,September,1,0,0,0,0,0,0,0,0,1,0,0,0,0,0,1,0,0,0
2018-09-18,06:30:00,03,03,01,03,01,,0,374534.8932,5032645.469,False,September,0,0,0,0,0,0,0,0,1,0,0,0,0,0,0,1,0,0,0
2018-09-09,16:00:00,03,03,01,01,01,01,0,364233.5244,5027587.556,False,September,1,0,0,0,0,0,0,0,0,1,0,0,0,0,0,1,0,0,0
2018-09-20,12:46:00,03,05,01,01,01,01,0,380631.7022,5036980.619,False,September,1,0,0,0,0,0,0,0,0,0,1,0,0,0,0,1,0,0,0
2018-09-27,18:59:00,03,04,01,01,01,00,0,367907.5951,5030188.693,False,September,1,0,0,0,0,0,0,0,0,1,0,0,0,0,0,1,0,0,0
2018-09-15,11:21:00,03,02,01,01,01,01,0,372793.7264,5029323.547,False,September,1,0,0,0,0,0,0,0,0,0,1,0,0,0,0,1,0,0,0
2018-09-25,15:10:00,03,02,02,01,02,00,0,373269.0162,5023500.681,False,September,0,1,0,0,0,0,0,0,0,1,0,0,0,0,0,1,0,0,0
2018-09-06,20:10:00,03,03,01,07,01,01,0,363080.6751,5016732.455,False,September,1,0,0,0,0,0,0,0,0,1,0,0,0,0,0,1,0,0,0
2018-09-10,10:08:00,03,05,01,01,01,01,0,372146.7595,5034108.592,False,September,1,0,0,0,0,0,0,0,0,0,1,0,0,0,0,1,0,0,0
2018-09-18,07:21:00,02,04,01,01,01,,0,374845.6443,5032855.298,False,September,0,0,0,0,0,0,0,0,1,0,0,0,0,0,0,1,0,0,0
2018-09-12,21:11:00,02,02,01,07,01,01,0,364866.7227,5026492.674,False,September,0,1,0,0,0,0,0,0,0,0,1,0,0,0,0,1,0,0,0
2018-09-25,06:50:00,03,03,02,03,02,01,0,379791.7482,5033781.565,False,September,1,0,0,0,0,0,0,0,0,1,0,0,0,0,0,1,0,0,0
2018-09-20,12:00:00,03,06,01,01,01,,0,367927.9983,5032313.335,False,September,0,0,0,0,0,0,0,0,1,0,0,0,0,0,0,1,0,0,0
2018-09-14,,03,06,01,00,01,,0,364854.6255,5029381.259,False,September,0,0,0,0,0,0,0,0,1,0,0,0,0,0,0,1,0,0,0
2018-09-25,15:15:00,03,03,02,01,02,,0,376530.0354,5035117.634,False,September,0,0,0,0,0,0,0,0,1,0,0,0,0,0,0,1,0,0,0
2018-09-30,14:28:00,03,07,01,01,01,,0,355189.1681,5017264.284,False,September,0,0,0,0,0,0,0,0,1,0,0,0,0,0,0,1,0,0,0
2018-09-06,20:14:00,02,02,01,07,01,01,0,366064.7031,5022022.506,False,September,0,1,0,0,0,0,0,0,0,0,1,0,0,0,0,1,0,0,0
2018-09-10,10:36:00,03,05,01,01,01,,0,370012.5647,5026803.499,False,September,0,0,0,0,0,0,0,0,0,0,0,1,0,0,0,1,0,0,0
2018-09-15,11:56:00,03,03,01,01,01,01,0,374298.8555,5030754.36,True,September,1,0,0,0,0,0,0,0,0,1,0,0,0,0,0,1,0,0,0
2018-09-18,06:15:00,03,07,01,03,01,,0,352291.3934,5021719.248,False,September,0,0,0,0,0,0,0,0,1,0,0,0,0,0,0,1,0,0,0
2018-09-20,11:45:00,03,06,01,01,01,,0,367924.3576,5032311.303,False,September,0,0,0,0,0,0,0,0,1,0,0,0,0,0,0,1,0,0,0
2018-09-25,14:20:00,03,02,02,01,02,00,0,368367.6829,5029476.552,False,September,0,1,0,0,0,0,0,0,0,1,0,0,0,0,0,1,0,0,0
2018-09-13,06:26:00,03,03,01,03,01,01,0,366379.595,5008975.358,False,September,1,0,0,0,0,0,0,0,0,1,0,0,0,0,0,1,0,0,0
2018-09-30,15:23:00,02,02,01,01,01,01,0,381144.791,5018038.402,False,September,0,1,0,0,0,0,0,0,0,0,1,0,0,0,0,1,0,0,0
2018-09-13,06:43:00,03,03,01,03,01,,0,377340.2317,5032157.709,False,September,0,0,0,0,0,0,0,0,1,0,0,0,0,0,0,1,0,0,0
2018-09-06,20:22:00,02,05,01,07,01,01,0,382890.8039,5038666.453,False,September,1,0,0,0,0,0,0,0,0,0,1,0,0,0,0,1,0,0,0
2018-09-27,20:33:00,03,05,01,07,01,01,0,363833.5018,5029040.501,False,September,1,0,0,0,0,0,0,0,0,0,1,0,0,0,0,1,0,0,0
2018-09-18,10:13:00,03,04,01,01,01,01,0,367922.7056,5028091.547,False,September,1,0,0,0,0,0,0,0,0,1,0,0,0,0,0,1,0,0,0
2018-09-15,12:03:00,03,06,01,01,01,,0,368482.903,5029450.093,False,September,0,0,0,0,0,0,0,0,1,0,0,0,0,0,0,1,0,0,0
2018-09-20,14:08:00,02,03,01,01,01,00,0,384049.6974,5037034.578,False,September,1,0,0,0,0,0,0,0,0,1,0,0,0,0,0,1,0,0,0
2018-09-25,11:00:00,03,06,02,01,02,,0,381194.5377,5038910.865,False,September,0,0,0,0,0,0,0,0,0,0,0,1,0,0,0,1,0,0,0
2018-09-10,11:00:00,03,07,01,01,01,,0,376422.925,5027340.732,True,September,0,0,0,0,0,0,0,0,1,0,0,0,0,0,0,1,0,0,0
2018-09-25,15:38:00,03,03,02,01,02,01,0,367107.6703,5022081.385,False,September,1,0,0,0,0,0,0,0,0,1,0,0,0,0,0,1,0,0,0
2018-09-30,15:47:00,03,03,01,01,01,,0,369449.19399999996,5010795.901000001,False,September,0,0,0,0,0,0,0,0,0,0,0,1,0,0,0,1,0,0,0
2018-09-13,07:17:00,02,02,07,03,01,01,0,383165.7833,5016891.591,False,September,0,1,0,0,0,0,0,0,0,0,1,0,0,0,0,1,0,0,0
2018-09-06,21:38:00,03,05,01,07,01,01,0,369739.709,5032887.585,False,September,1,0,0,0,0,0,0,0,0,1,0,0,0,0,0,1,0,0,0
2018-09-27,20:16:00,03,04,01,07,01,,0,368322.7088,5031891.281,False,September,0,0,0,0,0,0,0,0,1,0,0,0,0,0,0,1,0,0,0
2018-09-17,15:20:00,03,03,01,01,01,01,0,361863.6679,5020584.531,False,September,1,0,0,0,0,0,0,0,0,1,0,0,0,0,0,1,0,0,0
2018-09-19,07:40:00,02,07,01,01,01,01,1,369995.4793,5026851.571,False,September,1,0,0,0,0,0,0,0,0,1,0,0,0,0,0,1,0,0,0
2018-09-15,12:09:00,03,03,01,01,01,,0,354341.3084,5016729.129,False,September,0,0,0,0,0,0,0,0,1,0,0,0,0,0,0,1,0,0,0
2018-09-09,08:40:00,03,07,01,01,01,,0,350335.2703,5016639.44,False,September,0,0,0,0,0,0,0,0,1,0,0,0,0,0,0,1,0,0,0
2018-09-25,16:27:00,02,05,02,01,02,,0,375898.0237,5014824.261,False,September,0,0,0,0,0,0,0,0,0,0,0,1,0,0,0,1,0,0,0
2018-09-30,16:37:00,03,02,01,01,01,01,0,372402.6834,5028586.53,False,September,0,1,0,0,0,0,0,0,0,0,1,0,0,0,0,1,0,0,0
2018-09-13,08:04:00,02,05,01,01,01,,0,359597.4949,5019761.811000001,True,September,0,0,0,0,0,0,0,0,0,0,1,0,0,0,0,1,0,0,0
2018-09-27,20:28:00,03,06,01,07,01,,0,374386.2462,5028496.618,False,September,0,0,0,0,0,0,0,0,1,0,0,0,0,0,0,1,0,0,0
2018-09-20,12:00:00,03,06,01,01,01,,0,361464.2151,5025888.928,False,September,0,0,0,0,0,0,0,0,1,0,0,0,0,0,0,1,0,0,0
2018-09-17,21:00:00,03,06,01,07,01,,0,383178.6188,5037403.3,False,September,0,0,0,0,0,0,0,0,0,0,0,1,0,0,0,1,0,0,0
2018-09-15,12:29:00,03,02,01,01,01,,0,370532.6505,5025514.876,False,September,0,0,0,0,0,0,0,0,0,0,0,1,0,0,0,1,0,0,0
2018-09-13,08:19:00,03,03,01,01,01,01,0,352323.6056,5017351.445,False,September,1,0,0,0,0,0,0,0,0,0,1,0,0,0,0,1,0,0,0
2018-09-30,17:25:00,03,07,01,01,01,01,0,365356.7609,5025517.665,False,September,1,0,0,0,0,0,0,0,0,1,0,0,0,0,0,1,0,0,0
2018-09-25,16:40:00,03,04,02,01,02,,0,375368.3209,5031316.304,False,September,0,0,0,0,0,0,0,0,1,0,0,0,0,0,0,1,0,0,0
2018-09-08,,03,06,01,00,01,,0,365235.6776,5028449.429,False,September,0,0,0,0,0,0,0,0,1,0,0,0,0,0,0,1,0,0,0
2018-09-09,,03,06,01,00,01,,0,363055.2322,5026359.383,False,September,0,0,0,0,0,0,0,0,1,0,0,0,0,0,0,1,0,0,0
2018-09-20,15:25:00,02,07,01,01,01,,0,370337.3702,5022703.347,False,September,0,0,0,0,0,0,0,0,1,0,0,0,0,0,0,1,0,0,0
2018-09-18,11:07:00,03,03,01,01,01,,0,371908.756,5027064.722,False,September,0,0,0,0,0,0,0,0,0,0,0,1,0,0,0,1,0,0,0
2018-09-13,08:22:00,03,05,01,01,01,01,0,363070.7375,5026906.456,False,September,0,1,0,0,0,0,0,0,0,0,1,0,0,0,0,1,0,0,0
2018-09-06,21:42:00,02,02,01,07,01,01,0,370507.7341,5023400.509,False,September,1,0,0,0,0,0,0,0,0,0,1,0,0,0,0,1,0,0,0
2018-09-15,12:39:00,02,03,01,01,01,01,0,383558.7154,5036863.478999999,False,September,0,1,0,0,0,0,0,0,0,1,0,0,0,0,0,1,0,0,0
2018-09-30,18:45:00,03,03,02,05,02,01,0,363670.5721,5021246.637,False,September,1,0,0,0,0,0,0,0,0,1,0,0,0,0,0,1,0,0,0
2018-09-25,14:00:00,03,03,02,01,02,01,0,376029.6836,5035093.587,False,September,1,0,0,0,0,0,0,0,0,1,0,0,0,0,0,1,0,0,0
2018-09-10,13:24:00,03,03,01,01,01,,0,360656.43200000003,5022446.38,False,September,0,0,0,0,0,0,0,0,1,0,0,0,0,0,0,1,0,0,0
2018-09-27,21:59:00,03,05,01,07,01,01,0,367252.5366,5029796.397,False,September,1,0,0,0,0,0,0,0,0,0,1,0,0,0,0,1,0,0,0
2018-09-18,11:00:00,03,04,01,01,01,,0,367734.5977,5028629.843,False,September,0,0,0,0,0,0,0,0,1,0,0,0,0,0,0,1,0,0,0
2018-09-20,15:35:00,02,05,01,01,01,01,0,374019.7202,5034439.585,False,September,1,0,0,0,0,0,0,0,0,0,1,0,0,0,0,1,0,0,0
2018-09-15,12:40:00,03,02,01,01,01,,0,371830.0285,5011746.86,False,September,0,0,0,0,0,0,0,0,0,0,0,1,0,0,0,1,0,0,0
2018-09-13,08:39:00,03,05,01,01,01,01,0,365626.0394,5028172.8610000005,False,September,1,0,0,0,0,0,0,0,0,1,0,0,0,0,0,1,0,0,0
2018-09-25,08:00:00,03,06,01,01,01,,0,368848.0403,5009962.708000001,False,September,0,0,0,0,0,0,0,0,1,0,0,0,0,0,0,1,0,0,0
2018-09-30,19:05:00,03,03,02,05,02,01,0,364153.04799999995,5025146.088,False,September,0,1,0,0,0,0,0,0,0,0,1,0,0,0,0,1,0,0,0
2018-09-04,15:30:00,03,06,01,01,01,,0,368099.1156,5031259.249,False,September,0,0,0,0,0,0,0,0,1,0,0,0,0,0,0,1,0,0,0
2018-09-15,12:43:00,03,04,01,01,01,01,0,360388.0733,5023677.775,True,September,1,0,0,0,0,0,0,0,0,1,0,0,0,0,0,1,0,0,0
2018-09-07,06:23:00,03,02,01,03,01,01,0,390267.7619,5042527.592,False,September,0,1,0,0,0,0,0,0,0,0,1,0,0,0,0,1,0,0,0
2018-09-30,19:30:00,03,03,01,07,01,01,0,369995.6619,5026851.54,False,September,1,0,0,0,0,0,0,0,0,1,0,0,0,0,0,1,0,0,0
2018-09-15,13:06:00,02,03,01,01,01,,0,366347.7364,5026141.7639999995,False,September,0,0,0,0,0,0,0,0,1,0,0,0,0,0,0,1,0,0,0
2018-09-10,16:09:00,03,04,02,01,02,,0,384183.8386,5039848.96,False,September,0,0,0,0,0,0,0,0,1,0,0,0,0,0,0,1,0,0,0
2018-09-13,08:51:00,02,05,01,01,01,,0,367550.03799999994,5031306.903,False,September,0,0,0,0,0,0,0,0,0,0,0,1,0,0,0,1,0,0,0
2018-09-20,16:15:00,03,04,01,01,01,,0,382642.2459,5035561.482,False,September,0,0,0,0,0,0,0,0,1,0,0,0,0,0,0,1,0,0,0
2018-09-18,11:40:00,03,02,01,01,01,01,0,367808.7115,5031085.571,False,September,0,1,0,0,0,0,0,0,0,0,1,0,0,0,0,1,0,0,0
2018-09-25,17:05:00,02,03,02,01,02,,0,367584.9898,5033181.114,False,September,0,0,0,0,0,0,0,0,1,0,0,0,0,0,0,1,0,0,0
2018-09-25,17:48:00,03,03,02,01,02,01,0,372305.6391,5031951.525,False,September,1,0,0,0,0,0,0,0,0,1,0,0,0,0,0,1,0,0,0
2018-09-15,13:14:00,03,05,01,01,01,01,0,383190.8578,5035796.608,False,September,1,0,0,0,0,0,0,0,0,0,1,0,0,0,0,1,0,0,0
2018-09-30,19:38:00,02,02,02,07,02,01,0,374019.4157,5034439.774,False,September,1,0,0,0,0,0,0,0,0,0,1,0,0,0,0,1,0,0,0
2018-09-10,16:38:00,03,03,02,01,02,,0,375220.7028,5021481.643,False,September,0,0,0,0,0,0,0,0,1,0,0,0,0,0,0,1,0,0,0
2018-09-27,23:08:00,03,07,01,07,01,,0,361036.1294,5010754.14,False,September,0,0,0,0,0,0,0,0,1,0,0,0,0,0,0,1,0,0,0
2018-09-13,08:52:00,03,02,01,01,01,01,0,375199.7589,5031216.675,False,September,1,0,0,0,0,0,0,0,0,0,1,0,0,0,0,1,0,0,0
2018-09-18,11:44:00,03,07,01,01,01,,0,363307.4165,5016204.449,False,September,0,0,0,0,0,0,0,0,1,0,0,0,0,0,0,1,0,0,0
2018-09-21,17:10:00,03,04,02,01,02,01,0,360496.6769,5024942.518999999,False,September,1,0,0,0,0,0,0,0,0,1,0,0,0,0,0,1,0,0,0
2018-09-15,13:30:00,03,04,01,01,01,01,0,361767.8082,5025725.557,False,September,1,0,0,0,0,0,0,0,0,0,1,0,0,0,0,1,0,0,0
2018-09-30,19:43:00,03,05,02,07,02,01,0,375129.6399,5026189.641,False,September,1,0,0,0,0,0,0,0,0,0,1,0,0,0,0,1,0,0,0
2018-10-01,06:30:00,03,02,01,07,0,01,0,367175.3068,5014824.12,False,October,1,0,0,0,0,0,0,0,0,1,0,0,0,0,0,1,0,0,0
2018-10-01,06:43:00,02,01,01,03,01,,0,373840.7935,5029488.563,False,October,0,0,0,0,0,0,0,0,1,0,0,0,0,0,0,1,0,0,0
2018-10-01,06:55:00,03,03,01,07,01,01,0,371673.8109,5012108.204,False,October,1,0,0,0,0,0,0,0,0,1,0,0,0,0,0,1,0,0,0
2018-10-01,06:55:00,03,02,01,03,01,,0,364706.7654,5026395.103,False,October,0,0,0,0,0,0,0,0,0,0,0,1,0,0,0,1,0,0,0
2018-10-01,08:57:00,03,03,01,01,01,,0,368030.6783,5033244.576,False,October,0,0,0,0,0,0,0,0,0,0,0,0,0,0,1,1,0,0,0
2018-10-01,09:39:00,02,03,01,01,01,,0,362280.4406,5024447.11,True,October,0,0,0,0,0,0,0,0,1,0,0,0,0,0,0,1,0,0,0
2018-10-01,09:52:00,03,03,01,01,01,01,0,368515.9148,5031898.66,False,October,1,0,0,0,0,0,0,0,0,1,0,0,0,0,0,1,0,0,0
2018-09-30,14:14:00,03,0,01,01,01,01,0,364008.3557,5014602.19,False,September,1,0,0,0,0,0,0,0,0,1,0,0,0,0,0,1,0,0,0
2018-10-01,11:51:00,02,03,01,01,01,01,0,368751.7172,5026892.536,False,October,0,1,0,0,0,0,0,0,0,1,0,0,0,0,0,1,0,0,0
2018-10-01,12:17:00,03,03,01,01,01,01,0,368248.7254,5032823.566000001,False,October,1,0,0,0,0,0,0,0,0,1,0,0,0,0,0,1,0,0,0
2018-10-01,12:29:00,03,02,01,01,01,,0,372068.54299999995,5030442.337,False,October,0,0,0,0,0,0,0,0,0,0,0,1,0,0,0,1,0,0,0
2018-07-23,22:05:00,03,06,02,07,02,,0,369020.6926,5032698.782,False,July,0,0,0,0,0,0,0,0,1,0,0,0,0,0,0,0,0,1,0
2018-09-30,18:00:00,03,06,02,01,02,,0,341807.8377,5022818.5430000005,False,September,0,0,0,0,0,0,0,0,1,0,0,0,0,0,0,1,0,0,0
2018-09-29,18:00:00,03,06,01,01,01,,0,366027.7375,5014885.643999999,False,September,0,0,0,0,0,0,0,0,1,0,0,0,0,0,0,1,0,0,0
2018-10-01,14:43:00,02,07,01,01,01,01,1,374188.7288,5033010.577,False,October,1,0,0,0,0,0,0,0,0,1,0,0,0,0,0,1,0,0,0
2018-09-07,07:01:00,03,03,01,01,01,01,0,355188.1531,5014616.005,False,September,1,0,0,0,0,0,0,0,0,1,0,0,0,0,0,1,0,0,0
2018-09-20,13:20:00,03,02,01,01,01,01,0,372146.7862,5034108.7069999995,False,September,1,0,0,0,0,0,0,0,0,0,1,0,0,0,0,1,0,0,0
2018-10-01,14:48:00,02,03,01,01,01,01,0,358137.686,5021086.374,False,October,1,0,0,0,0,0,0,0,0,1,0,0,0,0,0,1,0,0,0
2018-10-01,15:07:00,02,05,01,01,01,01,0,365973.7625,5022169.676,False,October,1,0,0,0,0,0,0,0,0,0,1,0,0,0,0,1,0,0,0
2018-10-01,15:16:00,03,03,01,01,01,01,0,364439.2745,5023493.627,False,October,1,0,0,0,0,0,0,0,0,1,0,0,0,0,0,1,0,0,0
2018-10-01,15:15:00,03,03,01,01,01,,0,375833.9446,5029092.536,True,October,0,0,0,0,0,0,0,0,0,0,0,0,0,0,1,1,0,0,0
2018-10-01,15:31:00,03,05,01,01,01,01,0,363229.6432,5025774.375,True,October,1,0,0,0,0,0,0,0,0,0,1,0,0,0,0,1,0,0,0
2018-10-01,15:47:00,03,06,01,01,01,,0,364417.064,5028650.294,False,October,0,0,0,0,0,0,0,0,1,0,0,0,0,0,0,1,0,0,0
2018-10-01,15:50:00,03,03,01,01,01,,0,375184.2925,5033115.494,False,October,0,0,0,0,0,0,0,0,1,0,0,0,0,0,0,1,0,0,0
2018-10-01,15:45:00,02,05,01,01,01,,0,352374.0081,5016927.4569999995,False,October,0,0,0,0,0,0,0,0,0,0,0,1,0,0,0,1,0,0,0
2018-10-01,15:45:00,03,04,01,01,01,01,0,368248.7019,5032823.589,False,October,1,0,0,0,0,0,0,0,0,1,0,0,0,0,0,1,0,0,0
2018-10-01,15:58:00,03,03,01,01,01,00,0,368340.345,5015176.723999999,False,October,0,1,0,0,0,0,0,0,0,1,0,0,0,0,0,1,0,0,0
2018-09-26,16:23:00,03,06,01,01,01,,0,368668.3796,5032320.267,False,September,0,0,0,0,0,0,0,0,1,0,0,0,0,0,0,1,0,0,0
2018-10-01,16:55:00,03,03,01,01,01,01,0,365085.1754,5017903.337,False,October,1,0,0,0,0,0,0,0,0,1,0,0,0,0,0,1,0,0,0
2018-10-01,17:00:00,03,04,02,01,02,01,0,375906.6671,5014804.659,False,October,1,0,0,0,0,0,0,0,0,1,0,0,0,0,0,1,0,0,0
2018-10-01,14:30:00,03,05,01,01,01,01,0,367161.7043,5023942.511,False,October,1,0,0,0,0,0,0,0,0,0,1,0,0,0,0,1,0,0,0
2018-10-01,17:10:00,03,0,01,01,01,01,0,380887.79600000003,5034540.598,False,October,1,0,0,0,0,0,0,0,0,1,0,0,0,0,0,1,0,0,0
2018-10-01,17:27:00,02,02,01,01,01,01,0,369472.7132,5031989.785,False,October,0,1,0,0,0,0,0,0,0,0,1,0,0,0,0,1,0,0,0
2018-10-01,17:44:00,02,03,01,01,01,00,0,369547.7583,5026786.56,False,October,1,0,0,0,0,0,0,0,0,1,0,0,0,0,0,1,0,0,0
2018-10-01,17:43:00,03,03,02,01,02,01,0,367458.7065,5021891.616,False,October,1,0,0,0,0,0,0,0,0,1,0,0,0,0,0,1,0,0,0
2018-10-01,19:31:00,03,03,01,07,01,,0,347901.2117,5025550.521000001,False,October,0,0,0,0,0,0,0,0,1,0,0,0,0,0,0,1,0,0,0
2018-10-01,19:56:00,03,02,01,07,01,01,0,367489.5801,5029236.648,False,October,0,1,0,0,0,0,0,0,0,0,1,0,0,0,0,1,0,0,0
2018-10-01,20:30:00,03,06,01,07,02,,0,366371.9308,5016486.735,False,October,0,0,0,0,0,0,0,0,0,0,0,1,0,0,0,1,0,0,0
2018-10-02,04:48:00,03,02,02,07,02,,0,372774.0742,5030546.567,False,October,0,0,0,0,0,0,0,0,0,0,0,1,0,0,0,1,0,0,0
2018-10-02,06:18:00,02,02,02,07,02,01,0,367102.7044,5031152.588,False,October,1,0,0,0,0,0,0,0,0,1,0,0,0,0,0,1,0,0,0
2018-10-02,07:08:00,03,07,02,03,02,,0,369871.4488,5015839.492,False,October,0,0,0,0,0,0,0,0,1,0,0,0,0,0,0,1,0,0,0
2018-10-02,07:14:00,02,07,02,03,02,01,1,365425.5864,5027917.617,False,October,1,0,0,0,0,0,0,0,0,0,1,0,0,0,0,1,0,0,0
2018-10-02,07:20:00,02,03,02,03,02,,0,368212.025,5032924.103999999,False,October,0,0,0,0,0,0,0,0,1,0,0,0,0,0,0,1,0,0,0
2018-10-02,07:35:00,03,02,02,01,02,01,0,364866.679,5030131.609,False,October,0,1,0,0,0,0,0,0,0,0,1,0,0,0,0,1,0,0,0
2018-10-02,07:44:00,02,02,02,01,02,01,0,375047.6968,5031119.57,False,October,1,0,0,0,0,0,0,0,0,0,1,0,0,0,0,1,0,0,0
2018-10-02,07:45:00,02,03,02,01,02,01,0,363560.4556,5014577.893,False,October,1,0,0,0,0,0,0,0,0,1,0,0,0,0,0,1,0,0,0
2018-10-02,08:02:00,03,03,02,01,02,01,0,373600.7406,5032664.5139999995,False,October,1,0,0,0,0,0,0,0,0,1,0,0,0,0,0,1,0,0,0
2018-10-02,08:10:00,03,04,01,01,02,01,0,377187.0462,5032175.7530000005,False,October,1,0,0,0,0,0,0,0,0,1,0,0,0,0,0,1,0,0,0
2018-10-02,09:00:00,03,03,02,01,02,,0,362548.0413,5023774.888,False,October,0,0,0,0,0,0,0,0,1,0,0,0,0,0,0,1,0,0,0
2018-10-02,09:12:00,02,02,02,01,02,,0,357589.8734,5020734.444,False,October,0,0,0,0,0,0,0,0,0,0,0,1,0,0,0,1,0,0,0
2018-10-01,17:50:00,03,03,01,01,01,01,0,367969.1463,5015644.802,False,October,1,0,0,0,0,0,0,0,0,1,0,0,0,0,0,1,0,0,0
2018-10-02,09:28:00,03,02,02,01,02,,0,368763.3791,5030540.71,False,October,0,0,0,0,0,0,0,0,0,0,0,1,0,0,0,1,0,0,0
2018-10-02,,03,06,02,00,02,,0,350164.6596,5016618.807,False,October,0,0,0,0,0,0,0,0,1,0,0,0,0,0,0,1,0,0,0
2018-10-02,10:41:00,03,04,01,01,01,01,0,373099.6352,5030005.581,False,October,1,0,0,0,0,0,0,0,0,0,1,0,0,0,0,1,0,0,0
2018-10-02,11:53:00,03,02,02,01,02,01,0,372694.7948,5022332.557,False,October,1,0,0,0,0,0,0,0,0,0,1,0,0,0,0,1,0,0,0
2018-10-02,11:54:00,03,02,01,01,01,,0,374007.2365,5029770.743,False,October,0,0,0,0,0,0,0,0,1,0,0,0,0,0,0,1,0,0,0
2018-10-02,12:38:00,02,02,02,01,02,01,0,369465.7676,5021479.798,False,October,0,1,0,0,0,0,0,0,0,0,1,0,0,0,0,1,0,0,0
2018-09-28,12:30:00,03,03,01,01,01,01,0,365156.696,5030377.6389999995,False,September,1,0,0,0,0,0,0,0,0,1,0,0,0,0,0,1,0,0,0
2018-10-02,13:55:00,03,03,01,01,01,01,0,390281.6985,5042682.669,False,October,0,1,0,0,0,0,0,0,0,1,0,0,0,0,0,1,0,0,0
2018-10-01,07:26:00,03,03,01,01,02,01,0,365363.6922,5022544.512,False,October,1,0,0,0,0,0,0,0,0,1,0,0,0,0,0,1,0,0,0
2018-10-02,14:00:00,02,02,01,01,01,01,0,375047.7439,5031119.539,False,October,1,0,0,0,0,0,0,0,0,0,1,0,0,0,0,1,0,0,0
2018-10-02,14:09:00,03,02,02,01,02,,0,374476.9287,5031293.365,False,October,0,0,0,0,0,0,0,0,0,0,0,1,0,0,0,1,0,0,0
2018-10-02,15:59:00,03,05,01,01,02,,0,368146.4645,5026220.544,False,October,0,0,0,0,0,0,0,0,1,0,0,0,0,0,0,1,0,0,0