DATE,TIME,CLASS_OF_ACCIDENT,IMPACT_TYPE,ENVIRONMENT,LIGHT,ROAD_SURFACE_CONDITION,TRAFFIC_CONTROL_CONDITION,NO_OF_PEDESTRIANS,X,Y,Highway,Month,categorical_TRAFFIC_CONTROL_01,categorical_TRAFFIC_CONTROL_02,categorical_TRAFFIC_CONTROL_03,categorical_TRAFFIC_CONTROL_04,categorical_TRAFFIC_CONTROL_07,categorical_TRAFFIC_CONTROL_08,categorical_TRAFFIC_CONTROL_09,categorical_TRAFFIC_CONTROL_11,categorical_ACCIDENT_LOCATION_01,categorical_ACCIDENT_LOCATION_02,categorical_ACCIDENT_LOCATION_03,categorical_ACCIDENT_LOCATION_04,categorical_ACCIDENT_LOCATION_05,categorical_ACCIDENT_LOCATION_06,categorical_ACCIDENT_LOCATION_07,categorical_Seasons_Fall,categorical_Seasons_Spring,categorical_Seasons_Summer,categorical_Seasons_Winter
2018-10-02,16:00:00,02,07,02,01,02,01,1,367200.7045,5029385.567,False,October,0,1,0,0,0,0,0,0,0,0,1,0,0,0,0,1,0,0,0
2018-10-02,16:24:00,03,05,02,01,02,,0,350584.1689,5022795.102,False,October,0,0,0,0,0,0,0,0,0,0,0,1,0,0,0,1,0,0,0
2018-10-02,15:55:00,03,04,01,01,01,,0,367824.484,5031381.188999999,False,October,0,0,0,0,0,0,0,0,1,0,0,0,0,0,0,1,0,0,0
2018-10-02,17:45:00,03,05,02,05,02,01,0,342164.4791,5021732.66,False,October,1,0,0,0,0,0,0,0,0,0,1,0,0,0,0,1,0,0,0
2018-10-02,17:54:00,03,03,02,05,02,01,0,367175.1962,5014824.507,False,October,1,0,0,0,0,0,0,0,0,1,0,0,0,0,0,1,0,0,0
2018-10-02,16:30:00,03,04,01,01,01,,0,374610.2691,5032065.951,False,October,0,0,0,0,0,0,0,0,1,0,0,0,0,0,0,1,0,0,0
2018-10-02,18:05:00,03,02,01,05,02,00,0,374193.4761,5025653.761,False,October,0,1,0,0,0,0,0,0,0,0,1,0,0,0,0,1,0,0,0
2018-10-02,17:20:00,03,05,01,01,02,,0,348760.6967,5014402.43,False,October,0,0,0,0,0,0,0,0,0,0,0,1,0,0,0,1,0,0,0
2018-10-02,18:40:00,03,05,02,05,02,01,0,350594.823,5019402.089,False,October,1,0,0,0,0,0,0,0,0,0,1,0,0,0,0,1,0,0,0
2018-10-02,18:41:00,03,03,01,05,02,01,0,368248.4598,5032823.775,False,October,1,0,0,0,0,0,0,0,0,1,0,0,0,0,0,1,0,0,0
2018-10-02,18:54:00,03,05,02,05,02,,0,352643.2949,5017717.118,False,October,0,0,0,0,0,0,0,0,0,0,0,1,0,0,0,1,0,0,0
2018-10-02,14:35:00,03,05,01,01,01,01,0,367161.8945,5023942.536,False,October,1,0,0,0,0,0,0,0,0,0,1,0,0,0,0,1,0,0,0
2018-10-02,18:15:00,03,03,02,05,02,,0,362424.6068,5024088.881,False,October,0,0,0,0,0,0,0,0,1,0,0,0,0,0,0,1,0,0,0
2018-09-27,13:15:00,03,04,01,01,01,01,0,368039.8578,5030267.686000001,False,September,1,0,0,0,0,0,0,0,0,1,0,0,0,0,0,1,0,0,0
2018-10-02,19:34:00,03,02,01,07,01,01,0,379860.7579,5036471.533,False,October,0,0,0,0,0,0,0,1,0,0,1,0,0,0,0,1,0,0,0
2018-10-02,19:37:00,03,03,02,07,02,01,0,370254.6469,5033169.728,False,October,1,0,0,0,0,0,0,0,0,1,0,0,0,0,0,1,0,0,0
2018-10-02,19:44:00,02,07,02,07,02,01,0,372529.5674,5010156.403,False,October,0,1,0,0,0,0,0,0,0,1,0,0,0,0,0,1,0,0,0
2018-10-02,19:48:00,03,03,02,07,02,00,0,368075.6239,5028519.8,False,October,0,1,0,0,0,0,0,0,0,1,0,0,0,0,0,1,0,0,0
2018-09-13,09:31:00,03,03,01,01,01,,0,373718.4694,5032033.024,True,September,0,0,0,0,0,0,0,0,1,0,0,0,0,0,0,1,0,0,0
2018-09-15,13:30:00,03,02,01,01,01,,0,381020.1538,5035001.675,False,September,0,0,0,0,0,0,0,0,0,0,0,1,0,0,0,1,0,0,0
2018-09-18,11:44:00,03,04,01,01,01,00,0,367922.7093,5028091.594,False,September,1,0,0,0,0,0,0,0,0,1,0,0,0,0,0,1,0,0,0
2018-09-10,16:47:00,02,05,02,01,02,01,0,365014.7606,5028958.492,False,September,0,1,0,0,0,0,0,0,0,0,1,0,0,0,0,1,0,0,0
2018-09-28,01:20:00,03,07,01,07,01,,0,376458.8436,5034922.201,False,September,0,0,0,0,0,0,0,0,1,0,0,0,0,0,0,1,0,0,0
2018-09-25,18:41:00,03,03,02,05,02,01,0,370292.7333,5022804.511,False,September,0,1,0,0,0,0,0,0,0,1,0,0,0,0,0,1,0,0,0
2018-09-20,16:36:00,03,04,01,01,01,01,0,359501.5021,5014636.341,False,September,1,0,0,0,0,0,0,0,0,1,0,0,0,0,0,1,0,0,0
2018-09-07,07:12:00,02,07,01,01,01,01,1,366011.823,5015622.318,False,September,0,1,0,0,0,0,0,0,0,0,1,0,0,0,0,1,0,0,0
2018-09-15,14:19:00,02,07,01,01,01,01,0,359085.5059,5004722.362,False,September,0,1,0,0,0,0,0,0,0,1,0,0,0,0,0,1,0,0,0
2018-09-15,14:39:00,03,03,01,01,01,01,0,372222.4356,5034144.279,False,September,1,0,0,0,0,0,0,0,0,1,0,0,0,0,0,1,0,0,0
2018-09-15,15:17:00,03,03,01,01,01,,0,371076.9603,5023239.0139999995,False,September,0,0,0,0,0,0,0,0,1,0,0,0,0,0,0,1,0,0,0
2018-09-15,15:26:00,03,02,01,01,01,01,0,356789.4864,5020289.336,False,September,1,0,0,0,0,0,0,0,0,0,1,0,0,0,0,1,0,0,0
2018-09-15,17:30:00,03,07,01,01,01,,0,362911.1117,5011954.592,False,September,0,0,0,0,0,0,0,0,1,0,0,0,0,0,0,1,0,0,0
2018-09-15,17:20:00,03,03,01,01,01,01,0,347737.5198,5015442.488,False,September,1,0,0,0,0,0,0,0,0,1,0,0,0,0,0,1,0,0,0
2018-09-15,,03,06,01,00,01,,0,352872.0502,5016846.297,False,September,0,0,0,0,0,0,0,0,1,0,0,0,0,0,0,1,0,0,0
2018-09-15,17:52:00,03,03,01,01,01,01,0,359372.6599,5023368.538,False,September,1,0,0,0,0,0,0,0,0,1,0,0,0,0,0,1,0,0,0
2018-09-15,17:15:00,03,03,01,01,01,01,0,371766.3949,5026794.674,False,September,1,0,0,0,0,0,0,0,0,1,0,0,0,0,0,1,0,0,0
2018-09-15,18:26:00,02,05,01,01,01,01,0,361584.5332,5026654.723999999,False,September,1,0,0,0,0,0,0,0,0,0,1,0,0,0,0,1,0,0,0
2018-09-15,18:27:00,03,04,01,01,01,01,0,375357.7107,5021619.579,False,September,1,0,0,0,0,0,0,0,0,1,0,0,0,0,0,1,0,0,0
2018-09-15,18:59:00,02,02,01,05,01,01,0,364275.70200000005,5027493.595,False,September,1,0,0,0,0,0,0,0,0,0,1,0,0,0,0,1,0,0,0
2018-09-15,20:13:00,03,03,01,07,01,01,0,375257.6423,5028784.7069999995,False,September,1,0,0,0,0,0,0,0,0,1,0,0,0,0,0,1,0,0,0
2018-09-15,20:45:00,03,0,01,07,01,,0,383215.9207,5037883.149,False,September,0,0,0,0,0,0,0,0,1,0,0,0,0,0,0,1,0,0,0
2018-09-15,21:49:00,03,06,01,07,01,,0,363038.0109,5025981.6,False,September,0,0,0,0,0,0,0,0,1,0,0,0,0,0,0,1,0,0,0
2018-09-16,01:41:00,03,07,01,07,01,,0,369113.3993,5032261.19,False,September,0,0,0,0,0,0,0,0,1,0,0,0,0,0,0,1,0,0,0
2018-09-16,04:04:00,03,07,01,07,01,01,0,364548.8309,5015173.193,False,September,1,0,0,0,0,0,0,0,0,1,0,0,0,0,0,1,0,0,0
2018-09-16,07:09:00,02,03,01,01,01,,0,371553.3721,5024040.073,False,September,0,0,0,0,0,0,0,0,1,0,0,0,0,0,0,1,0,0,0
2018-09-16,10:38:00,03,02,01,01,01,,0,367685.0427,5030909.875,False,September,0,0,0,0,0,0,0,0,0,0,0,1,0,0,0,1,0,0,0
2018-09-16,09:50:00,02,03,01,01,01,01,0,376000.5775,5035167.788,False,September,0,1,0,0,0,0,0,0,0,1,0,0,0,0,0,1,0,0,0
2018-09-16,,03,06,01,00,01,,0,373894.524,5029329.006,False,September,0,0,0,0,0,0,0,0,1,0,0,0,0,0,0,1,0,0,0
2018-09-16,12:33:00,03,03,01,01,01,01,0,375507.8114,5026406.54,False,September,1,0,0,0,0,0,0,0,0,1,0,0,0,0,0,1,0,0,0
2018-09-16,12:42:00,02,05,01,01,01,01,0,366768.6369,5030948.822,False,September,1,0,0,0,0,0,0,0,0,0,1,0,0,0,0,1,0,0,0
2018-09-16,12:55:00,02,03,01,01,01,01,0,372639.51200000005,5030159.8719999995,False,September,1,0,0,0,0,0,0,0,0,1,0,0,0,0,0,1,0,0,0
2018-09-16,13:24:00,03,04,01,01,01,01,0,368262.7873,5032521.472,False,September,1,0,0,0,0,0,0,0,0,0,1,0,0,0,0,1,0,0,0
2018-09-16,13:41:00,03,07,01,01,01,01,0,349415.5779,5014324.44,False,September,1,0,0,0,0,0,0,0,0,1,0,0,0,0,0,1,0,0,0
2018-09-16,13:43:00,02,03,01,01,01,,0,367967.0551,5026152.943,False,September,0,0,0,0,0,0,0,0,1,0,0,0,0,0,0,1,0,0,0
2018-09-16,13:58:00,03,06,01,01,01,,0,383330.531,5036805.664,False,September,0,0,0,0,0,0,0,0,0,0,0,1,0,0,0,1,0,0,0
2018-09-16,,03,06,01,00,01,,0,364656.638,5026751.936000001,False,September,0,0,0,0,0,0,0,0,1,0,0,0,0,0,0,1,0,0,0
2018-09-14,20:00:00,03,02,01,07,01,,0,363178.5608,5026643.677,False,September,0,0,0,0,0,0,0,0,0,0,0,1,0,0,0,1,0,0,0
2018-09-16,16:18:00,03,01,01,01,01,,0,364064.4826,5014466.083000001,False,September,0,0,0,0,0,0,0,0,1,0,0,0,0,0,0,1,0,0,0
2018-09-16,17:22:00,02,03,01,01,01,01,0,374387.6945,4996968.218,False,September,0,1,0,0,0,0,0,0,0,0,1,0,0,0,0,1,0,0,0
2018-09-16,17:28:00,03,04,01,01,01,,0,381988.5963,5038486.96,False,September,0,0,0,0,0,0,0,0,1,0,0,0,0,0,0,1,0,0,0
2018-09-16,17:34:00,03,02,01,01,01,,0,385621.1494,5036917.808999999,False,September,0,0,0,0,0,0,0,0,0,0,0,1,0,0,0,1,0,0,0
2018-09-16,17:44:00,02,02,01,01,01,,0,372654.3944,5032403.16,False,September,0,0,0,0,0,0,0,0,0,0,0,1,0,0,0,1,0,0,0
2018-09-16,18:09:00,03,03,01,01,01,01,0,368511.6128,5032413.492,False,September,1,0,0,0,0,0,0,0,0,1,0,0,0,0,0,1,0,0,0
2018-09-16,18:03:00,03,02,01,01,01,00,0,384682.6828,5039285.663,False,September,0,0,0,0,0,0,0,1,0,0,1,0,0,0,0,1,0,0,0
2018-09-16,18:28:00,03,0,01,01,01,01,0,368028.5769,5021766.281,False,September,1,0,0,0,0,0,0,0,0,1,0,0,0,0,0,1,0,0,0
2018-09-16,18:50:00,02,02,01,01,01,,0,368486.1516,5028431.329,False,September,0,0,0,0,0,0,0,0,0,0,0,1,0,0,0,1,0,0,0
2018-09-16,22:41:00,02,02,01,07,01,01,0,372370.64700000006,5025399.558999999,False,September,0,0,1,0,0,0,0,0,0,1,0,0,0,0,0,1,0,0,0
2018-09-17,05:20:00,02,07,07,07,01,01,0,352994.0397,5016304.8,False,September,1,0,0,0,0,0,0,0,0,0,1,0,0,0,0,1,0,0,0
2018-09-17,06:00:00,03,07,01,03,01,,0,379871.7239,5033220.037,False,September,0,0,0,0,0,0,0,0,1,0,0,0,0,0,0,1,0,0,0
2018-09-17,07:29:00,03,06,01,01,01,,0,361108.345,5020856.17,False,September,0,0,0,0,0,0,0,0,1,0,0,0,0,0,0,1,0,0,0
2018-09-17,07:30:00,02,02,01,01,01,01,0,366889.7001,5029270.555,False,September,0,1,0,0,0,0,0,0,0,0,1,0,0,0,0,1,0,0,0
2018-09-17,07:41:00,03,02,01,01,01,01,0,371306.7591,5021353.913,False,September,1,0,0,0,0,0,0,0,0,0,1,0,0,0,0,1,0,0,0
2018-09-17,07:39:00,03,03,01,01,01,,0,360661.6032,5022622.227,False,September,0,0,0,0,0,0,0,0,1,0,0,0,0,0,0,1,0,0,0
2018-09-17,07:46:00,03,03,01,01,01,01,0,359058.7149,5022748.483,False,September,1,0,0,0,0,0,0,0,0,1,0,0,0,0,0,1,0,0,0
2018-09-17,07:50:00,03,07,01,01,01,,0,329564.7598,5020005.9969999995,False,September,0,0,0,0,0,0,0,0,1,0,0,0,0,0,0,1,0,0,0
2018-09-17,08:03:00,03,03,01,01,01,01,0,351624.5261,5022236.491,False,September,0,1,0,0,0,0,0,0,0,1,0,0,0,0,0,1,0,0,0
2018-09-17,08:17:00,02,02,01,01,01,01,0,364186.2637,5012513.461,False,September,0,1,0,0,0,0,0,0,0,0,1,0,0,0,0,1,0,0,0
2018-09-17,08:43:00,02,07,01,01,01,01,1,371766.8305,5026794.524,False,September,1,0,0,0,0,0,0,0,0,0,1,0,0,0,0,1,0,0,0
2018-09-17,09:17:00,02,02,01,01,01,01,0,394887.8789,5024096.429,False,September,0,1,0,0,0,0,0,0,0,0,1,0,0,0,0,1,0,0,0
2018-09-17,,03,07,00,00,0,,0,327412.0381,5037134.419,False,September,0,0,0,0,0,0,0,0,1,0,0,0,0,0,0,1,0,0,0
2018-09-16,21:00:00,03,06,01,07,01,00,0,368813.7487,5032223.583000001,False,September,0,1,0,0,0,0,0,0,0,1,0,0,0,0,0,1,0,0,0
2018-09-14,18:45:00,03,04,01,01,01,,0,368429.7472,5030388.171,False,September,0,0,0,0,0,0,0,0,1,0,0,0,0,0,0,1,0,0,0
2018-09-17,10:12:00,02,05,01,01,01,01,0,372650.6593,5032411.775,False,September,1,0,0,0,0,0,0,0,0,0,1,0,0,0,0,1,0,0,0
2018-09-17,11:22:00,03,05,01,01,01,01,0,363933.7169,5014784.436000001,False,September,1,0,0,0,0,0,0,0,0,0,1,0,0,0,0,1,0,0,0
2018-09-17,12:28:00,03,03,01,01,01,01,0,367916.6606,5030562.672,False,September,1,0,0,0,0,0,0,0,0,1,0,0,0,0,0,1,0,0,0
2018-09-17,12:35:00,02,02,01,01,01,02,0,372093.7299,5032472.62,False,September,1,0,0,0,0,0,0,0,0,0,1,0,0,0,0,1,0,0,0
2018-09-17,12:35:00,03,04,01,01,01,01,0,363085.666,5024097.502,False,September,1,0,0,0,0,0,0,0,0,1,0,0,0,0,0,1,0,0,0
2018-09-17,12:46:00,02,07,01,01,01,,0,344803.5438,5010516.362,False,September,0,0,0,0,0,0,0,0,1,0,0,0,0,0,0,1,0,0,0
2018-09-17,12:05:00,02,07,01,01,01,,1,368139.5098,5030328.62,False,September,0,0,0,0,0,0,0,0,0,0,0,1,0,0,0,1,0,0,0
2018-09-17,13:40:00,03,03,01,01,01,00,0,377346.7461,5032465.581,False,September,0,1,0,0,0,0,0,0,0,1,0,0,0,0,0,1,0,0,0
2018-09-17,14:10:00,03,03,01,01,01,01,0,360752.2604,5014962.204,False,September,1,0,0,0,0,0,0,0,0,1,0,0,0,0,0,1,0,0,0
2018-09-17,14:22:00,03,07,01,01,01,,0,381585.0476,5038257.683,False,September,0,0,0,0,0,0,0,0,1,0,0,0,0,0,0,1,0,0,0
2018-09-17,15:47:00,02,03,01,01,01,01,0,367458.7508,5021891.502,False,September,1,0,0,0,0,0,0,0,0,1,0,0,0,0,0,1,0,0,0
2018-09-17,14:44:00,03,03,01,01,01,01,0,367387.8476,5029477.176,False,September,1,0,0,0,0,0,0,0,0,1,0,0,0,0,0,1,0,0,0
2018-09-17,14:56:00,03,07,01,01,01,01,0,368185.6958,5032111.496,False,September,1,0,0,0,0,0,0,0,0,1,0,0,0,0,0,1,0,0,0
2018-09-17,15:21:00,03,02,01,01,01,01,0,368361.6862,5009841.331,False,September,0,1,0,0,0,0,0,0,0,0,1,0,0,0,0,1,0,0,0
2018-09-17,15:28:00,03,06,01,01,01,,0,352395.0704,5019615.656,False,September,0,0,0,0,0,0,0,0,1,0,0,0,0,0,0,1,0,0,0
2018-09-17,15:59:00,03,03,01,01,01,01,0,371545.6234,5033817.656,False,September,1,0,0,0,0,0,0,0,0,1,0,0,0,0,0,1,0,0,0
2018-09-17,16:30:00,02,07,01,01,01,,1,368525.3813,5032421.925,False,September,0,0,0,0,0,0,0,0,1,0,0,0,0,0,0,1,0,0,0
2018-09-17,19:48:00,02,02,01,05,01,,0,364854.0648,5026812.771000001,False,September,0,0,0,0,0,0,0,0,0,0,0,1,0,0,0,1,0,0,0
2018-09-17,16:57:00,03,02,01,01,01,01,0,379860.6896,5036471.528,False,September,0,0,0,0,0,0,0,1,0,0,1,0,0,0,0,1,0,0,0
2018-09-17,17:30:00,02,05,01,01,01,01,0,370432.6627,5029081.549,False,September,1,0,0,0,0,0,0,0,0,0,1,0,0,0,0,1,0,0,0
2018-09-13,10:57:00,02,06,01,01,01,,2,369690.6023,5035185.81,False,September,0,0,0,0,0,0,0,0,1,0,0,0,0,0,0,1,0,0,0
2018-09-28,06:44:00,03,03,01,03,01,01,0,368802.3231,5033234.416,False,September,1,0,0,0,0,0,0,0,0,1,0,0,0,0,0,1,0,0,0
2018-09-13,11:43:00,03,05,01,01,01,01,0,362706.1678,5023492.79,False,September,1,0,0,0,0,0,0,0,0,0,1,0,0,0,0,1,0,0,0
2018-09-07,07:55:00,03,02,01,01,01,01,0,364859.706,5027164.541999999,False,September,1,0,0,0,0,0,0,0,0,0,1,0,0,0,0,1,0,0,0
2018-09-20,11:55:00,03,04,01,01,01,01,0,367664.7911,5031877.65,False,September,1,0,0,0,0,0,0,0,0,1,0,0,0,0,0,1,0,0,0
2018-09-18,11:47:00,02,03,01,01,01,,0,359291.6677,5020597.43,True,September,0,0,0,0,0,0,0,0,0,0,0,1,0,0,0,1,0,0,0
2018-09-25,18:50:00,03,07,07,05,02,,0,319142.655,5027336.368,False,September,0,0,0,0,0,0,0,0,1,0,0,0,0,0,0,1,0,0,0
2018-09-18,11:56:00,03,05,01,01,01,01,0,362213.6229,5026025.646000001,False,September,1,0,0,0,0,0,0,0,0,0,1,0,0,0,0,1,0,0,0
2018-09-10,13:00:00,03,06,01,01,01,,0,363239.1784,5022420.719,False,September,0,0,0,0,0,0,0,0,1,0,0,0,0,0,0,1,0,0,0
2018-09-12,13:00:00,03,04,01,01,01,,0,371124.6108,5033618.085,False,September,0,0,0,0,0,0,0,0,1,0,0,0,0,0,0,1,0,0,0
2018-09-25,19:15:00,02,07,02,07,02,01,1,386622.8708,5037797.561000001,False,September,0,1,0,0,0,0,0,0,0,1,0,0,0,0,0,1,0,0,0
2018-09-07,08:03:00,03,03,01,01,01,01,0,371421.7306,5026590.527,False,September,1,0,0,0,0,0,0,0,0,1,0,0,0,0,0,1,0,0,0
2018-09-28,07:43:00,03,03,01,01,01,01,0,365421.1511,5017106.992,False,September,1,0,0,0,0,0,0,0,0,1,0,0,0,0,0,1,0,0,0
2018-09-20,17:16:00,03,03,01,01,01,01,0,361863.4766,5020584.568,False,September,1,0,0,0,0,0,0,0,0,1,0,0,0,0,0,1,0,0,0
2018-09-10,17:20:00,03,03,02,01,02,01,0,361633.68100000004,5023207.548,False,September,1,0,0,0,0,0,0,0,0,1,0,0,0,0,0,1,0,0,0
2018-09-18,12:23:00,03,03,01,01,01,00,0,349524.7682,5014330.238,False,September,1,0,0,0,0,0,0,0,0,1,0,0,0,0,0,1,0,0,0
2018-09-13,12:38:00,03,04,01,01,01,01,0,371017.6629,5033565.553,False,September,1,0,0,0,0,0,0,0,0,1,0,0,0,0,0,1,0,0,0
2018-09-25,20:00:00,02,03,02,07,02,01,0,373705.7348,5030406.573,False,September,1,0,0,0,0,0,0,0,0,1,0,0,0,0,0,1,0,0,0
2018-09-07,08:39:00,03,03,01,01,01,,0,363400.8585,5021874.065,False,September,0,0,0,0,0,0,0,0,1,0,0,0,0,0,0,1,0,0,0
2018-09-20,17:22:00,03,02,01,01,01,01,0,368010.4659,5031104.35,False,September,1,0,0,0,0,0,0,0,0,0,1,0,0,0,0,1,0,0,0
2018-09-20,17:45:00,03,05,01,01,01,01,0,373497.585,5020419.261,False,September,1,0,0,0,0,0,0,0,0,0,1,0,0,0,0,1,0,0,0
2018-09-20,18:09:00,03,05,01,01,01,,0,371664.1752,5024616.984,False,September,0,0,0,0,0,0,0,0,1,0,0,0,0,0,0,1,0,0,0
2018-09-20,18:42:00,02,07,01,05,01,,0,391708.12700000004,5040831.37,False,September,0,0,0,0,0,0,0,0,1,0,0,0,0,0,0,1,0,0,0
2018-09-20,19:49:00,03,03,01,07,01,01,0,349480.5766,5023492.602,False,September,0,1,0,0,0,0,0,0,0,1,0,0,0,0,0,1,0,0,0
2018-09-20,16:15:00,03,06,01,01,01,,0,365009.81299999997,5013251.679,False,September,0,0,0,0,0,0,0,0,0,0,0,1,0,0,0,1,0,0,0
2018-09-20,21:30:00,03,03,01,07,01,,0,389055.7024,5027170.708000001,False,September,0,0,0,0,0,0,0,0,1,0,0,0,0,0,0,1,0,0,0
2018-09-20,22:00:00,03,06,01,07,01,,0,376472.3226,5029411.978,False,September,0,0,0,0,0,0,0,0,1,0,0,0,0,0,0,1,0,0,0
2018-09-21,01:48:00,02,03,01,07,01,,0,382587.3856,5038825.687,False,September,0,0,0,0,0,0,0,0,1,0,0,0,0,0,0,1,0,0,0
2018-09-21,02:00:00,02,02,01,07,01,01,0,373029.8288,5033806.659,False,September,0,1,0,0,0,0,0,0,0,0,1,0,0,0,0,1,0,0,0
2018-09-21,05:57:00,02,05,02,07,02,01,0,373902.75,5028046.855,False,September,1,0,0,0,0,0,0,0,0,0,1,0,0,0,0,1,0,0,0
2018-09-21,06:12:00,03,04,02,03,02,01,0,368252.7682,5032157.702,False,September,1,0,0,0,0,0,0,0,0,0,1,0,0,0,0,1,0,0,0
2018-09-21,06:39:00,03,07,01,03,01,,0,382263.93299999996,5034944.848,False,September,0,0,0,0,0,0,0,0,1,0,0,0,0,0,0,1,0,0,0
2018-09-21,07:02:00,03,07,02,01,02,,0,349172.7688,5026197.924,False,September,0,0,0,0,0,0,0,0,1,0,0,0,0,0,0,1,0,0,0
2018-09-20,16:40:00,03,02,01,01,01,01,0,369480.7149,5029416.304,False,September,0,1,0,0,0,0,0,0,0,0,1,0,0,0,0,1,0,0,0
2018-09-19,16:00:00,03,06,01,01,01,,0,366465.9642,5029179.268999999,False,September,0,0,0,0,0,0,0,0,1,0,0,0,0,0,0,1,0,0,0
2018-09-21,08:07:00,03,03,02,01,02,00,0,371026.9191,5029125.687,False,September,0,1,0,0,0,0,0,0,0,1,0,0,0,0,0,1,0,0,0
2018-09-21,08:19:00,02,03,02,01,02,,0,367748.7087,5028477.551,False,September,0,0,0,0,0,0,0,0,0,1,0,0,0,0,0,1,0,0,0
2018-09-21,08:36:00,02,03,02,01,02,,0,366081.6128,5025972.863,False,September,0,0,0,0,0,0,0,0,1,0,0,0,0,0,0,1,0,0,0
2018-09-21,11:11:00,02,07,01,01,02,01,1,366873.6794,5026438.625,False,September,1,0,0,0,0,0,0,0,0,1,0,0,0,0,0,1,0,0,0
2018-09-21,09:58:00,02,01,02,01,02,,0,383454.2327,5010741.1219999995,False,September,0,0,0,0,0,0,0,0,1,0,0,0,0,0,0,1,0,0,0
2018-09-21,10:08:00,02,05,02,01,02,01,0,381601.9636,5037684.242,False,September,1,0,0,0,0,0,0,0,0,0,1,0,0,0,0,1,0,0,0
2018-09-21,09:10:00,02,03,02,01,02,,0,351076.3602,5022060.7469999995,False,September,0,0,0,0,0,0,0,0,1,0,0,0,0,0,0,1,0,0,0
2018-09-21,10:21:00,03,02,01,01,01,,0,367775.0237,5031441.036,False,September,0,0,0,0,0,0,0,0,0,0,0,1,0,0,0,1,0,0,0
2018-09-21,10:48:00,03,03,02,01,02,,0,383292.9656,5037707.329,False,September,0,0,0,0,0,0,0,0,1,0,0,0,0,0,0,1,0,0,0
2018-09-21,10:50:00,03,0,02,01,02,,0,368219.9259,5032041.823,False,September,0,0,0,0,0,0,0,0,0,0,0,1,0,0,0,1,0,0,0
2018-09-21,12:10:00,03,02,01,01,01,,0,362755.237,5015194.976,False,September,0,0,0,0,0,0,0,0,0,0,0,1,0,0,0,1,0,0,0
2018-09-21,12:30:00,02,07,01,01,01,01,1,353417.6232,5018265.525,False,September,1,0,0,0,0,0,0,0,0,1,0,0,0,0,0,1,0,0,0
2018-09-21,08:58:00,03,02,02,01,02,01,0,362476.6849,5021865.48,False,September,0,1,0,0,0,0,0,0,0,1,0,0,0,0,0,1,0,0,0
2018-09-21,13:20:00,03,05,01,01,01,01,0,352677.8778,5017676.768999999,False,September,1,0,0,0,0,0,0,0,0,0,1,0,0,0,0,1,0,0,0
2018-09-21,13:25:00,03,04,01,01,01,,0,368371.5189,5032033.143,False,September,0,0,0,0,0,0,0,0,1,0,0,0,0,0,0,1,0,0,0
2018-09-21,13:30:00,03,06,06,01,01,,0,359939.4457,5025276.722,False,September,0,0,0,0,0,0,0,0,1,0,0,0,0,0,0,1,0,0,0
2018-09-21,13:45:00,03,02,01,01,01,,0,372832.2835,5030567.896000001,False,September,0,0,0,0,0,0,0,0,0,0,0,1,0,0,0,1,0,0,0
2018-09-21,14:23:00,03,05,01,01,01,,0,370881.6015,5030627.63,False,September,0,0,0,0,0,0,0,0,0,0,0,1,0,0,0,1,0,0,0
2018-09-20,16:20:00,03,03,01,01,01,01,0,368641.5975,5026697.71,False,September,1,0,0,0,0,0,0,0,0,1,0,0,0,0,0,1,0,0,0
2018-09-21,14:47:00,02,02,01,01,01,01,0,372980.7293,5030623.556,False,September,0,1,0,0,0,0,0,0,0,0,1,0,0,0,0,1,0,0,0
2018-09-21,,03,06,01,00,01,,0,382568.7082,5035897.757,False,September,0,0,0,0,0,0,0,0,1,0,0,0,0,0,0,1,0,0,0
2018-09-21,15:19:00,03,04,01,01,01,,0,364692.989,5023635.329,False,September,0,0,0,0,0,0,0,0,1,0,0,0,0,0,0,1,0,0,0
2018-09-19,14:30:00,03,03,01,01,01,01,0,367107.7492,5022081.506,False,September,1,0,0,0,0,0,0,0,0,1,0,0,0,0,0,1,0,0,0
2018-09-21,16:22:00,03,02,01,01,01,01,0,367664.51200000005,5029643.566000001,False,September,0,1,0,0,0,0,0,0,0,0,1,0,0,0,0,1,0,0,0
2018-09-21,16:22:00,02,02,01,01,01,,0,372112.9015,5032425.882,False,September,0,0,0,0,0,0,0,0,0,0,0,1,0,0,0,1,0,0,0
2018-09-21,07:00:00,03,03,02,03,02,01,0,374634.7311,5032991.575,False,September,1,0,0,0,0,0,0,0,0,1,0,0,0,0,0,1,0,0,0
2018-09-21,16:50:00,03,05,06,01,01,01,0,373569.6481,5029260.366,False,September,1,0,0,0,0,0,0,0,0,0,1,0,0,0,0,1,0,0,0