DATE,TIME,CLASS_OF_ACCIDENT,IMPACT_TYPE,ENVIRONMENT,LIGHT,ROAD_SURFACE_CONDITION,TRAFFIC_CONTROL_CONDITION,NO_OF_PEDESTRIANS,X,Y,Highway,Month,categorical_TRAFFIC_CONTROL_01,categorical_TRAFFIC_CONTROL_02,categorical_TRAFFIC_CONTROL_03,categorical_TRAFFIC_CONTROL_04,categorical_TRAFFIC_CONTROL_07,categorical_TRAFFIC_CONTROL_08,categorical_TRAFFIC_CONTROL_09,categorical_TRAFFIC_CONTROL_11,categorical_ACCIDENT_LOCATION_01,categorical_ACCIDENT_LOCATION_02,categorical_ACCIDENT_LOCATION_03,categorical_ACCIDENT_LOCATION_04,categorical_ACCIDENT_LOCATION_05,categorical_ACCIDENT_LOCATION_06,categorical_ACCIDENT_LOCATION_07,categorical_Seasons_Fall,categorical_Seasons_Spring,categorical_Seasons_Summer,categorical_Seasons_Winter
2018-09-21,17:45:00,02,05,02,01,02,01,0,383640.9751,5036900.456,False,September,1,0,0,0,0,0,0,0,0,0,1,0,0,0,0,1,0,0,0
2018-09-21,17:58:00,03,05,02,01,02,01,0,379238.7282,5037375.598,False,September,1,0,0,0,0,0,0,0,0,0,1,0,0,0,0,1,0,0,0
2018-09-21,17:56:00,03,03,02,01,02,01,0,367922.71,5028091.547,False,September,1,0,0,0,0,0,0,0,0,1,0,0,0,0,0,1,0,0,0
2018-09-21,17:30:00,03,02,02,01,02,02,0,359627.6649,5023735.512,False,September,1,0,0,0,0,0,0,0,0,0,1,0,0,0,0,1,0,0,0
2018-09-21,19:30:00,03,02,02,07,02,01,0,362118.6821,5025527.535,False,September,0,1,0,0,0,0,0,0,0,0,1,0,0,0,0,1,0,0,0
2018-09-21,19:20:00,03,03,02,05,02,01,0,365327.5876,5029955.4860000005,False,September,1,0,0,0,0,0,0,0,0,1,0,0,0,0,0,1,0,0,0
2018-09-21,20:22:00,02,02,01,07,01,02,0,366829.7379,5028935.6280000005,False,September,1,0,0,0,0,0,0,0,0,0,1,0,0,0,0,1,0,0,0
2018-09-21,20:20:00,03,02,02,07,02,02,0,368897.4491,5027671.908,False,September,1,0,0,0,0,0,0,0,0,0,1,0,0,0,0,1,0,0,0
2018-09-21,20:45:00,03,02,01,07,02,02,0,373497.5848,5020419.261,False,September,1,0,0,0,0,0,0,0,0,0,1,0,0,0,0,1,0,0,0
2018-09-21,20:50:00,03,03,01,07,02,02,0,367613.7125,5028938.554,False,September,1,0,0,0,0,0,0,0,0,1,0,0,0,0,0,1,0,0,0
2018-09-21,21:06:00,03,05,01,07,02,01,0,365885.6981,5015940.438999999,False,September,1,0,0,0,0,0,0,0,0,0,1,0,0,0,0,1,0,0,0
2018-09-21,21:30:00,02,03,06,07,02,02,0,366352.6511,5022407.552,False,September,1,0,0,0,0,0,0,0,0,1,0,0,0,0,0,1,0,0,0
2018-09-21,22:18:00,02,02,01,07,01,02,0,360597.6815,5022584.382,False,September,1,0,0,0,0,0,0,0,0,1,0,0,0,0,0,1,0,0,0
2018-09-21,22:22:00,03,07,01,07,01,01,0,372241.7208,5032111.58,False,September,1,0,0,0,0,0,0,0,0,1,0,0,0,0,0,1,0,0,0
2018-09-21,22:00:00,03,03,01,07,02,01,0,349524.7864,5014330.203,False,September,1,0,0,0,0,0,0,0,0,1,0,0,0,0,0,1,0,0,0
2018-09-21,23:11:00,02,03,01,07,01,02,0,365462.7944,5022298.562,False,September,1,0,0,0,0,0,0,0,0,1,0,0,0,0,0,1,0,0,0
2018-09-21,23:30:00,02,07,01,07,01,,0,370072.2088,5025788.475,False,September,0,0,0,0,0,0,0,0,1,0,0,0,0,0,0,1,0,0,0
2018-09-21,23:39:00,03,02,01,07,01,02,0,368039.6779,5030267.473999999,False,September,1,0,0,0,0,0,0,0,0,0,1,0,0,0,0,1,0,0,0
2018-09-21,23:55:00,02,02,06,07,01,02,0,349558.3986,5014878.717,False,September,1,0,0,0,0,0,0,0,0,0,1,0,0,0,0,1,0,0,0
2018-09-21,11:30:00,03,06,06,01,01,,0,365982.2707,5014597.743,False,September,0,0,0,0,0,0,0,0,1,0,0,0,0,0,0,1,0,0,0
2018-09-22,07:09:00,02,02,01,01,01,02,0,354620.6219,5016027.427,False,September,1,0,0,0,0,0,0,0,0,0,1,0,0,0,0,1,0,0,0
2018-09-21,17:45:00,03,07,02,01,02,,0,337876.6435,5035799.93,False,September,0,0,0,0,0,0,0,0,1,0,0,0,0,0,0,1,0,0,0
2018-09-21,,03,06,01,00,01,,0,385204.8541,5038174.231000001,False,September,0,0,0,0,0,0,0,0,1,0,0,0,0,0,0,1,0,0,0
2018-09-21,18:10:00,03,03,02,01,02,01,0,376280.7411,5031841.565,False,September,1,0,0,0,0,0,0,0,0,1,0,0,0,0,0,1,0,0,0
2018-09-21,18:00:00,03,02,02,01,02,02,0,363670.701,5021246.488,False,September,1,0,0,0,0,0,0,0,0,0,1,0,0,0,0,1,0,0,0
2018-09-21,16:50:00,03,07,02,01,02,,0,338363.0164,5035556.476,False,September,0,0,0,0,0,0,0,0,1,0,0,0,0,0,0,1,0,0,0
2018-09-21,18:00:00,03,07,02,01,02,,0,365466.6652,5022584.714,False,September,0,0,0,0,0,0,0,0,1,0,0,0,0,0,0,1,0,0,0
2018-09-22,09:45:00,03,03,01,01,01,02,0,358329.3019,5021226.531,False,September,1,0,0,0,0,0,0,0,0,1,0,0,0,0,0,1,0,0,0
2018-09-21,18:00:00,03,07,06,01,02,,0,365549.5818,5022618.635,False,September,0,0,0,0,0,0,0,0,1,0,0,0,0,0,0,1,0,0,0
2018-09-21,11:11:00,03,03,02,01,02,02,0,370831.4893,5026945.1110000005,False,September,1,0,0,0,0,0,0,0,0,1,0,0,0,0,0,1,0,0,0
2018-09-22,11:38:00,02,07,01,01,01,,1,368170.388,5031189.278,False,September,0,0,0,0,0,0,0,0,1,0,0,0,0,0,0,1,0,0,0
2018-09-10,17:22:00,03,03,02,01,02,,0,351043.2812,5022235.58,False,September,0,0,0,0,0,0,0,0,1,0,0,0,0,0,0,1,0,0,0
2018-09-27,09:15:00,03,03,01,01,01,01,0,367315.3429,5015945.708000001,False,September,1,0,0,0,0,0,0,0,0,1,0,0,0,0,0,1,0,0,0
2018-09-13,12:45:00,03,04,01,01,01,01,0,374298.81,5030754.415,True,September,1,0,0,0,0,0,0,0,0,1,0,0,0,0,0,1,0,0,0
2018-09-18,12:00:00,03,03,01,01,01,01,0,368291.7775,5032753.494,False,September,1,0,0,0,0,0,0,0,0,1,0,0,0,0,0,1,0,0,0
2018-09-23,21:30:00,03,07,01,07,01,,0,353889.3914,4988946.34,False,September,0,0,0,0,0,0,0,0,1,0,0,0,0,0,0,1,0,0,0
2018-09-25,23:04:00,03,07,01,07,01,01,0,371545.7258,5033817.584,False,September,1,0,0,0,0,0,0,0,0,0,1,0,0,0,0,1,0,0,0
2018-09-07,07:30:00,03,05,01,01,01,,0,365953.5612,5021952.383,False,September,0,0,0,0,0,0,0,0,0,0,0,1,0,0,0,1,0,0,0
2018-09-10,17:24:00,03,03,02,01,02,01,0,365054.705,5025325.528,False,September,1,0,0,0,0,0,0,0,0,1,0,0,0,0,0,1,0,0,0
2018-09-27,19:15:00,03,04,01,07,01,00,0,365466.6206,5029561.625,False,September,1,0,0,0,0,0,0,0,0,1,0,0,0,0,0,1,0,0,0
2018-09-25,23:15:00,03,07,01,07,02,,0,350332.14,5022567.969,False,September,0,0,0,0,0,0,0,0,0,1,0,0,0,0,0,1,0,0,0
2018-09-12,14:40:00,03,04,01,01,01,01,0,357066.6292,5020455.558999999,False,September,1,0,0,0,0,0,0,0,0,1,0,0,0,0,0,1,0,0,0
2018-09-18,13:53:00,02,03,01,01,01,01,0,374771.6638,5030964.576,True,September,0,0,1,0,0,0,0,0,0,1,0,0,0,0,0,1,0,0,0
2018-09-07,08:20:00,03,03,01,01,01,00,0,361106.6635,5021364.513,False,September,1,0,0,0,0,0,0,0,0,1,0,0,0,0,0,1,0,0,0
2018-09-10,17:33:00,03,04,01,01,01,01,0,364281.6881,5029316.56,False,September,0,1,0,0,0,0,0,0,0,1,0,0,0,0,0,1,0,0,0
2018-09-28,08:17:00,03,03,01,01,01,,0,351706.7198,5021709.218,False,September,0,0,0,0,0,0,0,0,1,0,0,0,0,0,0,1,0,0,0
2018-09-26,05:50:00,03,06,01,07,02,,0,362616.4326,5015032.802,False,September,0,0,0,0,0,0,0,0,1,0,0,0,0,0,0,1,0,0,0
2018-09-13,11:45:00,03,02,01,01,01,,0,370362.4315,5025873.653,False,September,0,0,0,0,0,0,0,0,0,0,0,1,0,0,0,1,0,0,0
2018-09-26,06:09:00,02,03,02,07,02,01,0,384535.0418,5039595.437,False,September,0,0,0,0,0,0,0,1,0,0,1,0,0,0,0,1,0,0,0
2018-09-17,17:50:00,03,04,01,01,01,01,0,367922.7484,5028091.508,False,September,1,0,0,0,0,0,0,0,0,0,1,0,0,0,0,1,0,0,0
2018-09-10,17:45:00,03,07,02,01,02,,0,365665.4096,5012786.625,False,September,0,0,0,0,0,0,0,0,1,0,0,0,0,0,0,1,0,0,0
2018-09-07,09:05:00,01,07,01,01,01,,1,368802.8228,5009748.197,False,September,0,0,0,0,0,0,0,0,1,0,0,0,0,0,0,1,0,0,0
2018-09-28,09:52:00,03,05,01,01,01,,0,369552.8006,5010747.399,False,September,0,0,0,0,0,0,0,0,0,0,0,1,0,0,0,1,0,0,0
2018-09-13,13:42:00,03,02,01,01,01,01,0,365625.8296,5028173.026000001,False,September,1,0,0,0,0,0,0,0,0,0,1,0,0,0,0,1,0,0,0
2018-09-26,07:23:00,03,04,01,03,01,,0,348779.9065,4999060.984,False,September,0,0,0,0,0,0,0,0,1,0,0,0,0,0,0,1,0,0,0
2018-09-18,15:00:00,03,03,01,01,01,,0,374782.5934,5032814.162,False,September,0,0,0,0,0,0,0,0,1,0,0,0,0,0,0,1,0,0,0
2018-09-10,17:58:00,02,03,02,01,02,01,0,367572.7463,5014684.41,False,September,1,0,0,0,0,0,0,0,0,1,0,0,0,0,0,1,0,0,0
2018-09-07,07:50:00,03,06,01,01,01,,0,355210.3651,5017982.555,False,September,0,0,0,0,0,0,0,0,1,0,0,0,0,0,0,1,0,0,0
2018-09-07,09:52:00,03,04,01,01,01,01,0,370134.6373,5026479.561000001,False,September,1,0,0,0,0,0,0,0,0,1,0,0,0,0,0,1,0,0,0
2018-09-07,10:14:00,02,02,01,01,01,01,0,362292.6889,5026376.527,False,September,0,1,0,0,0,0,0,0,0,0,1,0,0,0,0,1,0,0,0
2018-09-07,10:57:00,03,07,01,01,01,,0,372870.9018,5015251.1389999995,False,September,0,0,0,0,0,0,0,0,1,0,0,0,0,0,0,1,0,0,0
2018-09-07,11:20:00,03,03,01,01,01,01,0,360072.6698,5024471.513,False,September,1,0,0,0,0,0,0,0,0,1,0,0,0,0,0,1,0,0,0
2018-09-07,12:10:00,03,06,01,01,01,,0,364964.6989,5029284.805,False,September,0,0,0,0,0,0,0,0,1,0,0,0,0,0,0,1,0,0,0
2018-09-07,13:40:00,03,03,01,01,01,,0,363127.3951,5028224.268,False,September,0,0,0,0,0,0,0,0,0,0,0,1,0,0,0,1,0,0,0
2018-09-07,15:07:00,03,02,01,01,01,01,0,367275.7051,5030865.57,False,September,1,0,0,0,0,0,0,0,0,0,1,0,0,0,0,1,0,0,0
2018-09-07,14:30:00,03,04,01,01,01,,0,366376.6602,5007980.96,False,September,0,0,0,0,0,0,0,0,1,0,0,0,0,0,0,1,0,0,0
2018-09-07,15:35:00,03,03,01,01,01,,0,366003.7567,5030818.227,False,September,0,0,0,0,0,0,0,0,1,0,0,0,0,0,0,1,0,0,0
2018-09-07,15:36:00,03,03,01,01,01,,0,352882.9997,5020375.5819999995,True,September,0,0,0,0,0,0,0,0,1,0,0,0,0,0,0,1,0,0,0
2018-09-07,15:54:00,02,03,01,01,01,,0,354128.3154,5017278.772,False,September,0,0,0,0,0,0,0,0,1,0,0,0,0,0,0,1,0,0,0
2018-09-07,16:13:00,02,04,01,01,01,,0,372168.1513,5030408.7530000005,False,September,0,0,0,0,0,0,0,0,0,0,0,1,0,0,0,1,0,0,0
2018-09-07,16:21:00,03,05,01,01,01,01,0,357439.617,5005481.348999999,False,September,0,1,0,0,0,0,0,0,0,0,1,0,0,0,0,1,0,0,0
2018-09-07,16:40:00,03,05,01,01,01,01,0,379238.7434,5037375.651000001,False,September,1,0,0,0,0,0,0,0,0,0,1,0,0,0,0,1,0,0,0
2018-09-07,16:48:00,03,05,01,01,01,00,0,367541.6418,5030428.492,False,September,0,1,0,0,0,0,0,0,0,1,0,0,0,0,0,1,0,0,0
2018-09-07,17:13:00,02,05,01,01,01,01,0,369225.7155,5027983.546,False,September,1,0,0,0,0,0,0,0,0,1,0,0,0,0,0,1,0,0,0
2018-09-07,16:40:00,03,07,01,01,01,01,0,373569.7329,5029260.544,False,September,1,0,0,0,0,0,0,0,0,1,0,0,0,0,0,1,0,0,0
2018-09-07,17:52:00,03,03,01,01,01,01,0,361915.677,5015397.493,False,September,0,1,0,0,0,0,0,0,0,1,0,0,0,0,0,1,0,0,0
2018-09-07,18:01:00,03,02,01,01,01,,0,371951.6475,5024116.515,False,September,0,0,0,0,0,0,0,0,0,0,0,1,0,0,0,1,0,0,0
2018-09-07,18:05:00,03,05,01,01,01,01,0,349305.8673,5019211.585,False,September,1,0,0,0,0,0,0,0,0,0,1,0,0,0,0,1,0,0,0
2018-09-07,18:52:00,02,07,01,01,01,,0,373810.0122,5025304.2639999995,False,September,0,0,0,0,0,0,0,0,0,0,0,1,0,0,0,1,0,0,0
2018-09-07,19:10:00,02,05,01,01,01,01,0,360658.6324,5025042.478999999,False,September,1,0,0,0,0,0,0,0,0,0,1,0,0,0,0,1,0,0,0
2018-09-06,15:00:00,03,03,01,01,01,01,0,362942.6971,5026488.528,False,September,1,0,0,0,0,0,0,0,0,1,0,0,0,0,0,1,0,0,0
2018-09-07,19:19:00,03,03,01,05,01,01,0,384072.7627,5035874.563,False,September,1,0,0,0,0,0,0,0,0,1,0,0,0,0,0,1,0,0,0
2018-09-07,21:59:00,03,06,01,07,01,,0,367953.3525,5030311.544,False,September,0,0,0,0,0,0,0,0,1,0,0,0,0,0,0,1,0,0,0
2018-09-07,22:06:00,03,03,01,07,01,,0,369769.5695,5028923.227,False,September,0,0,0,0,0,0,0,0,1,0,0,0,0,0,0,1,0,0,0
2018-09-08,04:37:00,03,03,01,07,01,,0,370936.9609,5033075.109,False,September,0,0,0,0,0,0,0,0,1,0,0,0,0,0,0,1,0,0,0
2018-09-08,11:45:00,02,03,01,01,01,01,0,350809.6021,5018709.466,True,September,1,0,0,0,0,0,0,0,0,1,0,0,0,0,0,1,0,0,0
2018-09-08,11:48:00,03,03,01,01,01,,0,361264.8437,5020998.715,False,September,0,0,0,0,0,0,0,0,1,0,0,0,0,0,0,1,0,0,0
2018-09-08,12:20:00,03,03,01,01,01,,0,371900.3513,5033988.641,False,September,0,0,0,0,0,0,0,0,1,0,0,0,0,0,0,1,0,0,0
2018-09-08,12:31:00,03,03,01,01,01,01,0,376416.5641,5027444.643999999,True,September,0,1,0,0,0,0,0,0,0,1,0,0,0,0,0,1,0,0,0
2018-09-08,13:36:00,03,02,01,01,01,01,0,363970.6857,5028478.549,False,September,0,1,0,0,0,0,0,0,0,0,1,0,0,0,0,1,0,0,0
2018-09-08,14:09:00,02,02,01,01,01,01,0,365059.6948,5029474.566000001,False,September,0,1,0,0,0,0,0,0,0,0,1,0,0,0,0,1,0,0,0
2018-09-08,14:14:00,03,02,01,01,01,,0,361909.6257,5025886.789,False,September,0,0,0,0,0,0,0,0,0,0,0,1,0,0,0,1,0,0,0
2018-09-08,14:25:00,02,07,01,01,01,,0,388991.8488,5038256.534,False,September,0,0,0,0,0,0,0,0,1,0,0,0,0,0,0,1,0,0,0
2018-09-08,14:34:00,03,04,01,01,01,01,0,365416.6985,5028038.547,False,September,1,0,0,0,0,0,0,0,0,1,0,0,0,0,0,1,0,0,0
2018-09-08,15:17:00,02,02,01,01,01,,0,383902.5533,5036139.218,False,September,0,0,0,0,0,0,0,0,0,0,0,1,0,0,0,1,0,0,0
2018-09-08,15:56:00,03,05,01,01,01,,0,359197.4278,5023566.414,False,September,0,0,0,0,0,0,0,0,0,0,0,1,0,0,0,1,0,0,0
2018-09-08,15:55:00,03,01,01,01,01,01,0,368120.9445,5026647.259,False,September,1,0,0,0,0,0,0,0,0,0,1,0,0,0,0,1,0,0,0
2018-09-08,,03,06,01,00,01,,0,364360.1147,5015203.555,False,September,0,0,0,0,0,0,0,0,1,0,0,0,0,0,0,1,0,0,0
2018-09-08,16:03:00,03,04,01,01,01,01,0,367615.7094,5030672.57,False,September,1,0,0,0,0,0,0,0,0,1,0,0,0,0,0,1,0,0,0
2018-09-08,16:00:00,03,03,01,01,01,01,0,364351.7006,5027337.55,False,September,1,0,0,0,0,0,0,0,0,0,1,0,0,0,0,1,0,0,0
2018-09-08,14:40:00,03,05,01,01,01,01,0,369099.9496,5031195.074,True,September,1,0,0,0,0,0,0,0,0,0,1,0,0,0,0,1,0,0,0
2018-09-08,17:55:00,03,05,01,01,01,01,0,382358.0101,5033070.714,False,September,0,1,0,0,0,0,0,0,0,0,1,0,0,0,0,1,0,0,0
2018-09-08,19:39:00,02,05,01,05,01,,0,366392.4887,5024930.041,False,September,0,0,0,0,0,0,0,0,0,0,0,1,0,0,0,1,0,0,0
2018-09-08,19:37:00,03,05,01,05,01,01,0,381420.6181,5036060.527,False,September,1,0,0,0,0,0,0,0,0,0,1,0,0,0,0,1,0,0,0
2018-09-08,21:28:00,03,07,01,07,01,01,0,382008.6251,5021090.517,False,September,0,1,0,0,0,0,0,0,0,1,0,0,0,0,0,1,0,0,0
2018-09-08,20:53:00,03,03,01,07,01,00,0,369373.6476,5033749.585,False,September,0,1,0,0,0,0,0,0,0,1,0,0,0,0,0,1,0,0,0
2018-09-08,04:37:00,03,04,01,07,01,,0,370904.404,5033300.069,False,September,0,0,0,0,0,0,0,0,1,0,0,0,0,0,0,1,0,0,0
2018-09-09,05:09:00,02,06,01,07,01,,0,367203.5801,5025581.192,False,September,0,0,0,0,0,0,0,0,1,0,0,0,0,0,0,1,0,0,0
2018-09-09,08:22:00,03,03,01,01,01,01,0,365097.2824,5023171.237,False,September,1,0,0,0,0,0,0,0,0,1,0,0,0,0,0,1,0,0,0
2018-09-09,04:00:00,03,07,01,07,01,,0,359550.5436,5014650.04,True,September,0,0,0,0,0,0,0,0,1,0,0,0,0,0,0,1,0,0,0
2018-09-09,11:57:00,03,05,01,01,01,01,0,348253.5716,5014875.436000001,False,September,0,1,0,0,0,0,0,0,0,0,1,0,0,0,0,1,0,0,0
2018-09-09,12:09:00,02,03,01,01,01,00,0,369225.7015,5027983.518999999,False,September,1,0,0,0,0,0,0,0,0,1,0,0,0,0,0,1,0,0,0
2018-09-08,,03,06,01,00,01,01,0,365741.6987,5028723.553,False,September,0,1,0,0,0,0,0,0,0,1,0,0,0,0,0,1,0,0,0
2018-09-06,09:20:00,03,0,01,01,01,,0,368307.5915,5025613.05,False,September,0,0,0,0,0,0,0,0,1,0,0,0,0,0,0,1,0,0,0
2018-09-08,,03,06,01,00,01,01,0,370667.7104,5033279.593,False,September,0,1,0,0,0,0,0,0,0,1,0,0,0,0,0,1,0,0,0
2018-09-09,12:43:00,02,07,01,01,01,01,0,367447.619,5029335.636,False,September,1,0,0,0,0,0,0,0,0,0,1,0,0,0,0,1,0,0,0
2018-09-09,12:52:00,02,04,01,01,01,,0,367982.4475,5032350.699,False,September,0,0,0,0,0,0,0,0,1,0,0,0,0,0,0,1,0,0,0
2018-09-08,17:45:00,03,05,01,01,01,01,0,371291.7289,5023864.504,False,September,1,0,0,0,0,0,0,0,0,0,1,0,0,0,0,1,0,0,0
2018-09-09,13:44:00,03,03,01,01,01,,0,368921.5327,5026228.409,False,September,0,0,0,0,0,0,0,0,1,0,0,0,0,0,0,1,0,0,0
2018-09-09,14:00:00,02,03,01,01,01,01,0,353455.2261,5015759.789,False,September,1,0,0,0,0,0,0,0,0,1,0,0,0,0,0,1,0,0,0
2018-09-09,09:40:00,03,06,01,01,01,,0,365161.4161,5028621.15,False,September,0,0,0,0,0,0,0,0,0,0,0,1,0,0,0,1,0,0,0
2018-09-09,14:30:00,03,0,01,01,01,01,0,367890.708,5031646.575,False,September,1,0,0,0,0,0,0,0,0,1,0,0,0,0,0,1,0,0,0
2018-09-09,15:14:00,03,03,01,01,01,01,0,367107.7738,5022081.408,False,September,1,0,0,0,0,0,0,0,0,1,0,0,0,0,0,1,0,0,0
2018-09-09,16:00:00,03,03,01,01,01,,0,365425.0769,5027915.7469999995,False,September,0,0,0,0,0,0,0,0,1,0,0,0,0,0,0,1,0,0,0
2018-09-09,16:11:00,03,03,01,01,01,01,0,368206.7092,5032227.581,False,September,1,0,0,0,0,0,0,0,0,1,0,0,0,0,0,1,0,0,0
2018-09-09,16:32:00,03,02,01,01,01,01,0,365216.7019,5029118.561000001,False,September,1,0,0,0,0,0,0,0,0,0,1,0,0,0,0,1,0,0,0
2018-09-09,,03,07,01,00,01,,0,354892.1372,5014592.472,False,September,0,0,0,0,0,0,0,0,1,0,0,0,0,0,0,1,0,0,0
2018-09-09,17:24:00,03,06,01,01,01,,0,369163.4423,5032808.257,False,September,0,0,0,0,0,0,0,0,1,0,0,0,0,0,0,1,0,0,0
2018-09-09,17:32:00,02,02,01,01,01,01,0,369820.425,5032646.6680000005,False,September,1,0,0,0,0,0,0,0,0,1,0,0,0,0,0,1,0,0,0
2018-09-09,17:38:00,03,0,01,01,01,01,0,375275.8217,5034648.63,False,September,0,1,0,0,0,0,0,0,0,0,1,0,0,0,0,1,0,0,0
2018-09-28,10:29:00,03,04,01,01,01,,0,367181.7331,5031202.062,False,September,0,0,0,0,0,0,0,0,1,0,0,0,0,0,0,1,0,0,0
2018-09-26,07:27:00,03,05,01,01,01,01,0,379267.7298,5037741.593,False,September,1,0,0,0,0,0,0,0,0,0,1,0,0,0,0,1,0,0,0
2018-09-18,15:04:00,03,03,01,01,01,01,0,374799.7469,5033371.59,False,September,1,0,0,0,0,0,0,0,0,1,0,0,0,0,0,1,0,0,0
2018-09-10,18:02:00,03,03,02,01,02,01,0,367700.7578,5028729.352,False,September,1,0,0,0,0,0,0,0,0,1,0,0,0,0,0,1,0,0,0
2018-09-10,20:00:00,02,07,01,07,02,01,1,363778.6892,5028641.555,False,September,1,0,0,0,0,0,0,0,0,0,1,0,0,0,0,1,0,0,0
2018-09-13,13:55:00,02,03,01,01,01,01,0,371194.8492,5026455.466,False,September,1,0,0,0,0,0,0,0,0,1,0,0,0,0,0,1,0,0,0
2018-09-26,07:45:00,03,02,01,01,02,01,0,370927.7059,5033170.592,False,September,0,1,0,0,0,0,0,0,0,0,1,0,0,0,0,1,0,0,0
2018-09-18,15:54:00,02,05,01,01,01,01,0,364853.6526,5026646.569,False,September,1,0,0,0,0,0,0,0,0,0,1,0,0,0,0,1,0,0,0
2018-09-10,20:02:00,03,07,02,07,02,,0,358790.6379,5022158.886,False,September,0,0,0,0,0,0,0,0,1,0,0,0,0,0,0,1,0,0,0
2018-09-13,14:18:00,02,05,01,01,01,01,0,374626.83200000005,5017746.53,False,September,0,1,0,0,0,0,0,0,0,0,1,0,0,0,0,1,0,0,0
2018-09-28,10:50:00,02,06,01,01,01,01,0,372570.7284,5025320.533,False,September,0,1,0,0,0,0,0,0,0,0,1,0,0,0,0,1,0,0,0
2018-09-26,07:40:00,03,02,01,01,01,01,0,363698.689,5026445.522,False,September,0,1,0,0,0,0,0,0,0,0,1,0,0,0,0,1,0,0,0
2018-09-18,16:15:00,03,02,01,01,01,01,0,368396.6436,5032621.609,False,September,1,0,0,0,0,0,0,0,0,1,0,0,0,0,0,1,0,0,0
2018-09-10,21:09:00,03,07,02,07,02,,0,367748.9541,5028474.813,False,September,0,0,0,0,0,0,0,0,1,0,0,0,0,0,0,1,0,0,0
2018-09-13,14:30:00,03,06,01,01,01,,0,365051.2807,5029462.7,False,September,0,0,0,0,0,0,0,0,1,0,0,0,0,0,0,1,0,0,0
2018-09-28,10:57:00,03,04,01,01,01,00,0,349262.9806,5024061.638,False,September,1,0,0,0,0,0,0,0,0,1,0,0,0,0,0,1,0,0,0
2018-09-13,14:45:00,03,03,01,01,01,00,0,369851.6975,5033267.694,False,September,1,0,0,0,0,0,0,0,0,1,0,0,0,0,0,1,0,0,0
2018-09-26,07:45:00,03,05,07,01,02,,0,365541.9808,5021412.194,False,September,0,0,0,0,0,0,0,0,0,0,0,1,0,0,0,1,0,0,0
2018-09-18,16:16:00,03,03,01,01,01,01,0,367107.61299999995,5022081.504,False,September,1,0,0,0,0,0,0,0,0,1,0,0,0,0,0,1,0,0,0
2018-09-10,20:15:00,02,02,01,07,01,01,0,370706.7057,5033416.765,False,September,0,1,0,0,0,0,0,0,0,1,0,0,0,0,0,1,0,0,0
2018-09-28,11:15:00,03,03,01,01,01,01,0,362549.7586,5023770.448,False,September,1,0,0,0,0,0,0,0,0,1,0,0,0,0,0,1,0,0,0
2018-09-13,13:30:00,03,03,01,01,01,01,0,367366.6757,5030716.567,False,September,1,0,0,0,0,0,0,0,0,1,0,0,0,0,0,1,0,0,0
2018-09-26,08:15:00,03,03,01,01,02,01,0,384049.7587,5037034.565,False,September,1,0,0,0,0,0,0,0,0,1,0,0,0,0,0,1,0,0,0
2018-09-18,16:28:00,03,07,01,01,01,,0,383728.4824,5032318.419,False,September,0,0,0,0,0,0,0,0,1,0,0,0,0,0,0,1,0,0,0
2018-09-26,08:58:00,03,04,01,01,02,01,0,370676.3846,5031611.703,False,September,1,0,0,0,0,0,0,0,0,1,0,0,0,0,0,1,0,0,0
2018-09-10,22:37:00,03,07,02,07,02,01,0,355105.5832,5016984.49,False,September,0,0,0,0,0,0,0,1,0,0,1,0,0,0,0,1,0,0,0
2018-09-22,,03,06,01,00,01,,0,367407.9346,5031344.121,False,September,0,0,0,0,0,0,0,0,1,0,0,0,0,0,0,1,0,0,0
2018-09-13,15:19:00,02,03,01,01,01,,0,365627.2651,5018291.547,False,September,0,0,0,0,0,0,0,0,1,0,0,0,0,0,0,1,0,0,0
2018-09-26,09:51:00,02,03,02,01,02,01,0,361845.6212,5026036.618,False,September,1,0,0,0,0,0,0,0,0,1,0,0,0,0,0,1,0,0,0
2018-09-18,,03,06,01,00,01,,0,364588.3206,5025352.504,False,September,0,0,0,0,0,0,0,0,1,0,0,0,0,0,0,1,0,0,0
2018-09-11,00:23:00,03,07,02,07,02,01,0,375507.7837,5026406.568,False,September,1,0,0,0,0,0,0,0,0,0,1,0,0,0,0,1,0,0,0
2018-09-28,11:54:00,03,02,01,01,01,01,0,381964.7405,5038137.592,False,September,1,0,0,0,0,0,0,0,0,0,1,0,0,0,0,1,0,0,0
2018-09-13,15:42:00,03,04,01,01,01,,0,361804.0372,5025765.64,False,September,0,0,0,0,0,0,0,0,1,0,0,0,0,0,0,1,0,0,0