DATE,TIME,CLASS_OF_ACCIDENT,IMPACT_TYPE,ENVIRONMENT,LIGHT,ROAD_SURFACE_CONDITION,TRAFFIC_CONTROL_CONDITION,NO_OF_PEDESTRIANS,X,Y,Highway,Month,categorical_TRAFFIC_CONTROL_01,categorical_TRAFFIC_CONTROL_02,categorical_TRAFFIC_CONTROL_03,categorical_TRAFFIC_CONTROL_04,categorical_TRAFFIC_CONTROL_07,categorical_TRAFFIC_CONTROL_08,categorical_TRAFFIC_CONTROL_09,categorical_TRAFFIC_CONTROL_11,categorical_ACCIDENT_LOCATION_01,categorical_ACCIDENT_LOCATION_02,categorical_ACCIDENT_LOCATION_03,categorical_ACCIDENT_LOCATION_04,categorical_ACCIDENT_LOCATION_05,categorical_ACCIDENT_LOCATION_06,categorical_ACCIDENT_LOCATION_07,categorical_Seasons_Fall,categorical_Seasons_Spring,categorical_Seasons_Summer,categorical_Seasons_Winter
2018-09-26,10:15:00,03,06,01,01,02,,0,369432.9611,5028766.459,False,September,0,0,0,0,0,0,0,0,1,0,0,0,0,0,0,1,0,0,0
2018-09-18,16:45:00,03,03,01,01,01,01,0,363194.6603,5022397.413,False,September,1,0,0,0,0,0,0,0,0,1,0,0,0,0,0,1,0,0,0
2018-09-11,07:29:00,03,03,02,01,02,01,0,357721.6274,5013529.395,False,September,1,0,0,0,0,0,0,0,0,0,1,0,0,0,0,1,0,0,0
2018-09-11,07:05:00,03,07,02,01,02,,0,351479.8401,5008794.722,False,September,0,0,0,0,0,0,0,0,0,0,0,1,0,0,0,1,0,0,0
2018-09-11,07:43:00,03,03,02,01,02,01,0,377038.7059,5022709.61,False,September,1,0,0,0,0,0,0,0,0,1,0,0,0,0,0,1,0,0,0
2018-09-11,08:17:00,02,07,02,01,02,,0,363614.8324,5015525.255,False,September,0,0,0,0,0,0,0,0,1,0,0,0,0,0,0,1,0,0,0
2018-09-11,08:17:00,03,02,02,01,02,01,0,365452.6742,5027697.488,False,September,0,1,0,0,0,0,0,0,0,0,1,0,0,0,0,1,0,0,0
2018-09-11,08:20:00,03,03,02,01,02,01,0,380567.7158,5036174.6110000005,False,September,1,0,0,0,0,0,0,0,0,1,0,0,0,0,0,1,0,0,0
2018-09-11,08:25:00,03,03,02,01,02,01,0,368116.6074,5023242.512,False,September,1,0,0,0,0,0,0,0,0,1,0,0,0,0,0,1,0,0,0
2018-09-11,08:27:00,03,02,01,01,01,,0,379153.1847,5036185.652,False,September,0,0,0,0,0,0,0,0,0,0,0,1,0,0,0,1,0,0,0
2018-09-11,08:49:00,03,02,01,01,02,01,0,343632.7771,5014790.254,False,September,0,1,0,0,0,0,0,0,0,0,1,0,0,0,0,1,0,0,0
2018-09-11,08:51:00,03,03,02,01,02,,0,363300.8175,5022123.179,False,September,0,0,0,0,0,0,0,0,1,0,0,0,0,0,0,1,0,0,0
2018-09-11,09:02:00,02,04,02,01,02,,0,362053.3975,5025012.232,True,September,0,0,0,0,0,0,0,0,1,0,0,0,0,0,0,1,0,0,0
2018-09-11,09:30:00,03,03,02,01,02,,0,374569.0637,5031416.478,False,September,0,0,0,0,0,0,0,0,1,0,0,0,0,0,0,1,0,0,0
2018-09-11,09:40:00,03,05,01,01,01,,0,386382.0369,5021173.2530000005,False,September,0,0,0,0,0,0,0,0,1,0,0,0,0,0,0,1,0,0,0
2018-09-11,10:36:00,03,04,01,01,01,,0,367622.9861,5032523.129,False,September,0,0,0,0,0,0,0,0,1,0,0,0,0,0,0,1,0,0,0
2018-09-11,11:01:00,03,04,01,01,01,01,0,365973.8121,5022169.483,False,September,1,0,0,0,0,0,0,0,0,1,0,0,0,0,0,1,0,0,0
2018-09-11,11:27:00,03,05,01,01,02,,0,382618.6206,5035614.702,False,September,0,0,0,0,0,0,0,0,1,0,0,0,0,0,0,1,0,0,0
2018-09-11,12:39:00,03,03,01,01,02,01,0,350755.5498,5015910.421,False,September,1,0,0,0,0,0,0,0,0,1,0,0,0,0,0,1,0,0,0
2018-09-11,13:10:00,03,04,01,01,01,01,0,362282.6804,5024441.561000001,False,September,1,0,0,0,0,0,0,0,0,1,0,0,0,0,0,1,0,0,0
2018-09-08,12:00:00,03,07,01,01,01,,0,385251.4985,5011045.233,False,September,0,0,0,0,0,0,0,0,1,0,0,0,0,0,0,1,0,0,0
2018-09-11,14:35:00,03,07,01,01,01,,0,385920.7118,5037769.209,False,September,0,0,0,0,0,0,0,0,1,0,0,0,0,0,0,1,0,0,0
2018-09-11,15:35:00,03,04,01,01,01,01,0,379860.7392,5036471.597,False,September,0,0,0,0,0,0,0,1,0,0,1,0,0,0,0,1,0,0,0
2018-09-11,16:18:00,02,03,01,01,01,,0,363721.9746,5021159.509,False,September,0,0,0,0,0,0,0,0,1,0,0,0,0,0,0,1,0,0,0
2018-09-11,15:46:00,03,03,01,01,01,,0,371564.4337,5024030.2930000005,False,September,0,0,0,0,0,0,0,0,1,0,0,0,0,0,0,1,0,0,0
2018-09-11,17:00:00,03,03,01,01,01,01,0,368121.1047,5026647.221,False,September,1,0,0,0,0,0,0,0,0,0,1,0,0,0,0,1,0,0,0
2018-09-11,16:08:00,02,05,01,01,01,,0,374527.6411,5028414.185,False,September,0,0,0,0,0,0,0,0,0,0,0,1,0,0,0,1,0,0,0
2018-09-11,16:27:00,02,03,01,01,01,01,0,372254.6697,5025674.696,False,September,0,1,0,0,0,0,0,0,0,1,0,0,0,0,0,1,0,0,0
2018-09-11,16:31:00,03,02,01,01,01,01,0,364519.7102,5026958.534,False,September,1,0,0,0,0,0,0,0,0,0,1,0,0,0,0,1,0,0,0
2018-09-11,15:40:00,03,02,01,01,01,,0,363104.5748,5022757.551,False,September,0,0,0,0,0,0,0,0,0,0,0,1,0,0,0,1,0,0,0
2018-09-11,16:41:00,03,03,01,01,01,,0,347373.3885,5015845.103,True,September,0,0,0,0,0,0,0,0,1,0,0,0,0,0,0,1,0,0,0
2018-09-11,16:45:00,03,06,01,01,01,,0,365935.0183,5028474.31,False,September,0,0,0,0,0,0,0,0,1,0,0,0,0,0,0,1,0,0,0
2018-09-11,16:48:00,03,02,01,01,01,01,0,349650.8832,5022435.65,False,September,1,0,0,0,0,0,0,0,0,0,1,0,0,0,0,1,0,0,0
2018-09-11,17:21:00,03,02,02,01,02,,0,384076.117,5034781.109,False,September,0,0,0,0,0,0,0,0,1,0,0,0,0,0,0,1,0,0,0
2018-09-11,17:27:00,02,03,01,01,01,,0,359291.9008,5020552.682,True,September,0,0,0,0,0,0,0,0,0,0,0,1,0,0,0,1,0,0,0
2018-09-11,17:39:00,02,07,01,01,01,,1,357015.2395,5019895.063,False,September,0,0,0,0,0,0,0,0,1,0,0,0,0,0,0,1,0,0,0
2018-09-11,17:50:00,03,04,01,01,01,,0,375476.7444,5026482.699,False,September,0,0,0,0,0,0,0,0,1,0,0,0,0,0,0,1,0,0,0
2018-09-11,18:34:00,03,05,01,01,01,01,0,358234.5735,5023497.473,False,September,1,0,0,0,0,0,0,0,0,0,1,0,0,0,0,1,0,0,0
2018-09-11,18:51:00,03,05,01,01,01,01,0,363227.7065,5028292.498,False,September,1,0,0,0,0,0,0,0,0,1,0,0,0,0,0,1,0,0,0
2018-09-11,16:44:00,03,02,01,01,01,01,0,368282.7446,5032274.643,False,September,1,0,0,0,0,0,0,0,0,1,0,0,0,0,0,1,0,0,0
2018-09-11,20:14:00,02,03,01,07,01,,0,370757.1447,5024139.791999999,False,September,0,0,0,0,0,0,0,0,1,0,0,0,0,0,0,1,0,0,0
2018-09-12,03:40:00,02,07,07,07,01,,0,342355.6015,5021902.185,False,September,0,0,0,0,0,0,0,0,1,0,0,0,0,0,0,1,0,0,0
2018-09-12,05:10:00,02,06,01,07,01,,0,368655.9589,5032973.56,False,September,0,0,0,0,0,0,0,0,1,0,0,0,0,0,0,1,0,0,0
2018-09-12,06:55:00,03,02,01,01,01,01,0,366860.6681,5029641.477,False,September,1,0,0,0,0,0,0,0,0,1,0,0,0,0,0,1,0,0,0
2018-09-12,07:32:00,03,03,01,01,01,,0,369558.0279,5026788.023,False,September,0,0,0,0,0,0,0,0,1,0,0,0,0,0,0,1,0,0,0
2018-09-12,07:59:00,03,03,01,01,01,01,0,386110.1528,5037083.947,False,September,1,0,0,0,0,0,0,0,0,1,0,0,0,0,0,1,0,0,0
2018-09-12,08:33:00,03,05,01,01,01,01,0,361934.6841,5025830.528,False,September,1,0,0,0,0,0,0,0,0,0,1,0,0,0,0,1,0,0,0
2018-09-12,09:12:00,03,04,01,01,01,01,0,371306.7257,5021353.7639999995,False,September,1,0,0,0,0,0,0,0,0,0,1,0,0,0,0,1,0,0,0
2018-09-12,09:39:00,03,07,01,01,01,01,0,353673.6249,5018424.461,False,September,1,0,0,0,0,0,0,0,0,1,0,0,0,0,0,1,0,0,0
2018-09-11,17:50:00,03,04,01,01,01,00,0,367424.6617,5031354.695,False,September,1,0,0,0,0,0,0,0,0,1,0,0,0,0,0,1,0,0,0
2018-09-12,10:03:00,03,03,01,01,01,,0,363742.172,5026472.315,False,September,0,0,0,0,0,0,0,0,0,0,0,1,0,0,0,1,0,0,0
2018-09-12,11:45:00,03,07,01,01,01,,0,374782.6206,5032807.02,True,September,0,0,0,0,0,0,0,0,1,0,0,0,0,0,0,1,0,0,0
2018-09-12,12:52:00,02,03,01,01,01,01,0,373364.7431,5029424.57,False,September,1,0,0,0,0,0,0,0,0,1,0,0,0,0,0,1,0,0,0
2018-09-10,12:20:00,02,01,01,01,01,01,0,368805.72799999994,5031047.617,False,September,0,1,0,0,0,0,0,0,0,1,0,0,0,0,0,1,0,0,0
2018-09-11,15:20:00,03,04,01,01,01,00,0,372267.0332,5027083.437,False,September,1,0,0,0,0,0,0,0,0,1,0,0,0,0,0,1,0,0,0
2018-09-12,13:11:00,03,04,01,01,01,01,0,379860.7783,5036471.788,False,September,0,0,0,0,0,0,0,1,0,0,1,0,0,0,0,1,0,0,0
2018-09-12,13:15:00,03,03,01,01,01,01,0,370155.7706,5015960.505,False,September,1,0,0,0,0,0,0,0,0,0,1,0,0,0,0,1,0,0,0
2018-09-11,,03,06,01,00,01,,0,351389.8357,5020051.231000001,False,September,0,0,0,0,0,0,0,0,1,0,0,0,0,0,0,1,0,0,0
2018-09-12,13:57:00,02,05,01,01,01,01,0,349675.4805,5017365.426,False,September,1,0,0,0,0,0,0,0,0,0,1,0,0,0,0,1,0,0,0
2018-09-12,,03,06,01,00,01,,0,366609.4653,5029438.423,False,September,0,0,0,0,0,0,0,0,1,0,0,0,0,0,0,1,0,0,0
2018-09-12,14:16:00,02,03,01,01,01,,0,372762.2735,5032142.817,False,September,0,0,0,0,0,0,0,0,0,0,0,1,0,0,0,1,0,0,0
2018-09-12,15:06:00,03,03,01,01,01,01,0,374674.744,5028499.541999999,False,September,1,0,0,0,0,0,0,0,0,1,0,0,0,0,0,1,0,0,0
2018-09-12,15:21:00,03,02,01,01,01,01,0,371092.6522,5030527.646000001,False,September,0,1,0,0,0,0,0,0,0,0,1,0,0,0,0,1,0,0,0
2018-09-28,11:00:00,03,04,01,01,01,,0,372736.2039,5024740.305,False,September,0,0,0,0,0,0,0,0,1,0,0,0,0,0,0,1,0,0,0
2018-09-26,10:40:00,02,07,02,01,02,01,1,381870.5525,5035883.624,False,September,1,0,0,0,0,0,0,0,0,0,1,0,0,0,0,1,0,0,0
2018-09-18,16:49:00,03,04,01,01,01,01,0,368739.6453,5032034.692,False,September,1,0,0,0,0,0,0,0,0,1,0,0,0,0,0,1,0,0,0
2018-09-13,16:02:00,03,03,01,01,01,01,0,370072.6379,5033065.776000001,False,September,1,0,0,0,0,0,0,0,0,1,0,0,0,0,0,1,0,0,0
2018-09-18,16:55:00,03,03,01,01,01,,0,373358.472,5023424.627,False,September,0,0,0,0,0,0,0,0,1,0,0,0,0,0,0,1,0,0,0
2018-09-26,10:45:00,03,02,01,01,01,,0,363329.8828,5028053.277,False,September,0,0,0,0,0,0,0,0,0,0,0,1,0,0,0,1,0,0,0
2018-09-10,,03,06,00,00,01,,0,363497.2739,5015543.6219999995,False,September,0,0,0,0,0,0,0,0,1,0,0,0,0,0,0,1,0,0,0
2018-09-18,17:23:00,03,05,01,01,01,,0,364829.461,5029380.228,False,September,0,0,0,0,0,0,0,0,1,0,0,0,0,0,0,1,0,0,0
2018-09-13,19:00:00,03,06,01,05,01,,0,368556.081,5029169.847,False,September,0,0,0,0,0,0,0,0,1,0,0,0,0,0,0,1,0,0,0
2018-09-26,11:00:00,03,04,01,01,01,,0,369620.1198,5033372.255,False,September,0,0,0,0,0,0,0,0,1,0,0,0,0,0,0,1,0,0,0
2018-09-28,12:20:00,03,02,01,01,01,00,0,373258.6569,5034331.524,False,September,0,1,0,0,0,0,0,0,0,0,1,0,0,0,0,1,0,0,0
2018-09-13,16:22:00,03,05,01,01,01,01,0,366106.1955,5015395.2069999995,False,September,1,0,0,0,0,0,0,0,0,0,1,0,0,0,0,1,0,0,0
2018-09-18,17:44:00,02,03,01,01,01,01,0,375507.8034,5026406.586,False,September,1,0,0,0,0,0,0,0,0,1,0,0,0,0,0,1,0,0,0
2018-09-26,11:30:00,03,04,02,01,02,00,0,368591.6476,5032273.527,False,September,0,1,0,0,0,0,0,0,0,1,0,0,0,0,0,1,0,0,0
2018-09-28,12:37:00,03,02,01,01,01,,0,373101.2481,5027176.461,False,September,0,0,0,0,0,0,0,0,0,0,0,1,0,0,0,1,0,0,0
2018-09-28,12:53:00,03,04,01,01,01,01,0,368373.6369,5031798.268999999,False,September,1,0,0,0,0,0,0,0,0,1,0,0,0,0,0,1,0,0,0
2018-09-28,13:19:00,02,05,01,01,01,,0,370619.2909,5032734.558,False,September,0,0,0,0,0,0,0,0,0,0,0,1,0,0,0,1,0,0,0
2018-09-27,19:00:00,03,06,01,05,01,,0,364117.722,5015888.853999999,False,September,0,0,0,0,0,0,0,0,1,0,0,0,0,0,0,1,0,0,0
2018-09-28,13:54:00,03,03,01,01,01,01,0,364358.6832,5024890.373,False,September,1,0,0,0,0,0,0,0,0,1,0,0,0,0,0,1,0,0,0
2018-09-28,14:54:00,03,04,01,01,01,,0,367595.3337,5028981.696,False,September,0,0,0,0,0,0,0,0,1,0,0,0,0,0,0,1,0,0,0
2018-09-28,15:05:00,02,05,01,01,01,00,0,360698.7366,5025069.577,False,September,0,1,0,0,0,0,0,0,0,0,1,0,0,0,0,1,0,0,0
2018-09-28,15:27:00,02,07,01,01,01,,0,381800.2906,5026257.547,False,September,0,0,0,0,0,0,0,0,1,0,0,0,0,0,0,1,0,0,0
2018-09-28,15:55:00,03,03,01,01,01,01,0,362512.6808,5015143.432,False,September,0,0,0,0,0,0,0,1,0,1,0,0,0,0,0,1,0,0,0
2018-09-28,16:19:00,03,04,01,01,01,,0,370817.5841,5031026.742,True,September,0,0,0,0,0,0,0,0,1,0,0,0,0,0,0,1,0,0,0
2018-09-28,16:30:00,03,03,01,01,01,01,0,367094.6577,5029106.696,False,September,1,0,0,0,0,0,0,0,0,1,0,0,0,0,0,1,0,0,0
2018-09-28,16:30:00,03,03,01,01,01,01,0,368036.7654,5021945.532,False,September,1,0,0,0,0,0,0,0,0,1,0,0,0,0,0,1,0,0,0
2018-09-28,16:50:00,03,03,01,01,01,01,0,378794.7445,5033314.565,False,September,0,1,0,0,0,0,0,0,0,1,0,0,0,0,0,1,0,0,0
2018-09-28,15:15:00,03,06,01,01,01,,0,351359.7452,5018521.853,False,September,0,0,0,0,0,0,0,0,0,0,0,1,0,0,0,1,0,0,0
2018-09-28,17:15:00,02,03,01,01,01,,0,371568.1098,5032838.58,False,September,0,0,0,0,0,0,0,0,1,0,0,0,0,0,0,1,0,0,0
2018-09-28,17:52:00,03,03,01,01,01,01,0,354989.6359,5019202.473,False,September,0,1,0,0,0,0,0,0,0,1,0,0,0,0,0,1,0,0,0
2018-09-28,17:53:00,03,03,01,01,01,01,0,366106.2357,5015395.274,False,September,1,0,0,0,0,0,0,0,0,1,0,0,0,0,0,1,0,0,0
2018-09-28,15:55:00,03,05,01,01,01,01,0,369541.7114,5029283.533,False,September,0,1,0,0,0,0,0,0,0,0,1,0,0,0,0,1,0,0,0
2018-09-28,19:28:00,03,03,02,07,02,,0,369323.4473,5033431.113,False,September,0,0,0,0,0,0,0,0,1,0,0,0,0,0,0,1,0,0,0
2018-09-28,19:39:00,02,03,02,07,02,01,0,363933.6995,5014784.425,False,September,1,0,0,0,0,0,0,0,0,1,0,0,0,0,0,1,0,0,0
2018-09-28,19:39:00,03,05,02,07,02,01,0,356781.8932,5015891.429,False,September,1,0,0,0,0,0,0,0,0,0,1,0,0,0,0,1,0,0,0
2018-09-28,19:42:00,03,05,02,07,02,01,0,370311.7187,5032270.548,False,September,1,0,0,0,0,0,0,0,0,0,1,0,0,0,0,1,0,0,0
2018-09-28,19:46:00,03,04,02,07,02,,0,368116.5351,5030930.62,False,September,0,0,0,0,0,0,0,0,1,0,0,0,0,0,0,1,0,0,0
2018-09-28,21:45:00,03,03,02,07,02,01,0,381870.8158,5035883.536,False,September,1,0,0,0,0,0,0,0,0,1,0,0,0,0,0,1,0,0,0
2018-09-28,21:55:00,03,03,02,07,02,01,0,364130.7284,5028867.6,False,September,1,0,0,0,0,0,0,0,0,1,0,0,0,0,0,1,0,0,0
2018-09-28,22:34:00,03,03,02,07,02,,0,359835.0477,5014729.238,True,September,0,0,0,0,0,0,0,0,1,0,0,0,0,0,0,1,0,0,0
2018-09-21,11:30:00,03,03,02,01,02,,0,365864.8546,5026742.761,False,September,0,0,0,0,0,0,0,0,0,0,0,1,0,0,0,1,0,0,0
2018-09-29,08:40:00,03,03,01,01,01,01,0,382890.6849,5038666.487,False,September,1,0,0,0,0,0,0,0,0,1,0,0,0,0,0,1,0,0,0
2018-09-29,09:33:00,03,03,01,01,01,,0,375258.00700000004,5033191.057,False,September,0,0,0,0,0,0,0,0,1,0,0,0,0,0,0,1,0,0,0
2018-09-29,09:56:00,03,07,01,01,01,,0,338521.2095,5012726.941000001,False,September,0,0,0,0,0,0,0,0,1,0,0,0,0,0,0,1,0,0,0
2018-09-28,,03,06,01,00,01,,0,361646.5879,5014162.268999999,False,September,0,0,0,0,0,0,0,0,1,0,0,0,0,0,0,1,0,0,0
2018-09-29,13:09:00,02,01,01,01,01,,0,387646.6251,5023243.029,False,September,0,0,0,0,0,0,0,0,1,0,0,0,0,0,0,1,0,0,0
2018-09-29,10:27:00,02,03,01,01,01,,0,379744.5615,5033797.728,False,September,0,0,0,0,0,0,0,0,0,0,0,1,0,0,0,1,0,0,0
2018-09-29,10:30:00,03,02,01,01,01,01,0,384682.8577,5039285.593,False,September,0,0,0,0,0,0,0,1,0,0,1,0,0,0,0,1,0,0,0
2018-09-29,10:54:00,03,06,01,01,02,,0,372433.48600000003,5034878.7,False,September,0,0,0,0,0,0,0,0,1,0,0,0,0,0,0,1,0,0,0
2018-09-29,10:56:00,03,03,01,01,01,,0,373986.2665,5032230.978,False,September,0,0,0,0,0,0,0,0,1,0,0,0,0,0,0,1,0,0,0
2018-09-29,11:16:00,03,03,01,01,01,,0,365227.7129,5021730.07,False,September,0,0,0,0,0,0,0,0,1,0,0,0,0,0,0,1,0,0,0
2018-09-28,13:20:00,03,03,01,01,01,,0,379216.8721,5036950.6680000005,False,September,0,0,0,0,0,0,0,0,1,0,0,0,0,0,0,1,0,0,0
2018-09-29,12:11:00,03,06,02,01,02,,0,355342.7205,5015618.348999999,False,September,0,0,0,0,0,0,0,0,1,0,0,0,0,0,0,1,0,0,0
2018-09-29,12:32:00,03,04,01,01,01,01,0,376280.7405,5031841.563999999,False,September,1,0,0,0,0,0,0,0,0,1,0,0,0,0,0,1,0,0,0
2018-09-29,12:32:00,03,04,01,01,01,,0,374679.0359,5032753.666,False,September,0,0,0,0,0,0,0,0,1,0,0,0,0,0,0,1,0,0,0
2018-09-29,12:43:00,02,01,01,01,02,,0,376752.7703,5015338.887,False,September,0,0,0,0,0,0,0,0,1,0,0,0,0,0,0,1,0,0,0
2018-09-29,13:00:00,03,03,02,01,02,01,0,350267.5782,5016713.4969999995,False,September,1,0,0,0,0,0,0,0,0,1,0,0,0,0,0,1,0,0,0
2018-09-29,13:48:00,03,07,01,01,01,,0,368554.6836,5032334.392,False,September,0,0,0,0,0,0,0,0,1,0,0,0,0,0,0,1,0,0,0
2018-09-29,13:49:00,03,04,01,01,01,01,0,364275.713,5027493.522,False,September,1,0,0,0,0,0,0,0,0,0,1,0,0,0,0,1,0,0,0
2018-09-29,13:49:00,03,02,01,01,01,01,0,364286.9566,5014761.757,False,September,0,1,0,0,0,0,0,0,0,0,1,0,0,0,0,1,0,0,0
2018-09-25,12:46:00,03,03,02,01,02,01,0,368108.9873,5027766.466,False,September,1,0,0,0,0,0,0,0,0,1,0,0,0,0,0,1,0,0,0
2018-09-29,14:49:00,03,03,01,01,01,,0,379608.6385,5033783.7360000005,False,September,0,0,0,0,0,0,0,0,0,0,0,1,0,0,0,1,0,0,0
2018-09-29,15:04:00,03,03,01,01,01,,0,370687.8625,5030602.135,False,September,0,0,0,0,0,0,0,0,1,0,0,0,0,0,0,1,0,0,0
2018-09-29,13:30:00,03,04,01,01,01,,0,368454.2769,5033133.773,False,September,0,0,0,0,0,0,0,0,1,0,0,0,0,0,0,1,0,0,0
2018-09-29,17:05:00,03,03,02,01,02,01,0,370684.7863,5030592.502,False,September,1,0,0,0,0,0,0,0,0,1,0,0,0,0,0,1,0,0,0
2018-09-29,17:41:00,03,06,01,01,01,,0,372531.3318,5033996.496,False,September,0,0,0,0,0,0,0,0,1,0,0,0,0,0,0,1,0,0,0
2018-09-29,18:17:00,02,02,01,01,01,01,0,368367.7822,5029476.593,False,September,0,1,0,0,0,0,0,0,0,0,1,0,0,0,0,1,0,0,0
2018-09-29,18:15:00,03,02,01,01,01,01,0,371782.6865,5030113.544,False,September,0,1,0,0,0,0,0,0,0,0,1,0,0,0,0,1,0,0,0
2018-09-29,18:29:00,03,03,01,01,01,,0,362880.0459,5017197.352,False,September,0,0,0,0,0,0,0,0,1,0,0,0,0,0,0,1,0,0,0
2018-09-29,19:24:00,02,07,01,07,01,01,0,360185.5103,5007832.551,False,September,0,1,0,0,0,0,0,0,0,1,0,0,0,0,0,1,0,0,0
2018-09-29,19:38:00,03,04,01,05,01,01,0,368248.7008,5032823.589,False,September,1,0,0,0,0,0,0,0,0,1,0,0,0,0,0,1,0,0,0
2018-09-29,19:51:00,03,05,01,07,01,01,0,368315.9328,5032191.978,False,September,1,0,0,0,0,0,0,0,0,1,0,0,0,0,0,1,0,0,0
2018-09-29,20:30:00,03,07,01,07,01,01,0,359085.6276,5004722.326,False,September,0,1,0,0,0,0,0,0,0,1,0,0,0,0,0,1,0,0,0
2018-09-29,20:43:00,03,05,01,07,02,01,0,368739.7081,5032034.518,False,September,1,0,0,0,0,0,0,0,0,0,1,0,0,0,0,1,0,0,0
2018-09-29,21:36:00,02,05,01,07,01,01,0,364858.7296,5023725.528,False,September,1,0,0,0,0,0,0,0,0,0,1,0,0,0,0,1,0,0,0
2018-09-28,23:00:00,03,04,01,07,01,,0,380264.8088,5037517.556,False,September,0,0,0,0,0,0,0,0,1,0,0,0,0,0,0,1,0,0,0
2018-09-29,23:13:00,03,06,01,07,01,,0,371860.5793,5028606.838,False,September,0,0,0,0,0,0,0,0,1,0,0,0,0,0,0,1,0,0,0
2018-09-30,01:05:00,03,07,01,07,02,01,0,356001.626,5023937.544,False,September,1,0,0,0,0,0,0,0,0,1,0,0,0,0,0,1,0,0,0
2018-09-13,16:58:00,03,03,01,01,01,01,0,362282.7081,5024441.44,False,September,1,0,0,0,0,0,0,0,0,1,0,0,0,0,0,1,0,0,0
2018-09-18,17:48:00,03,06,01,01,01,,0,372302.4109,5029460.267,False,September,0,0,0,0,0,0,0,0,0,0,0,1,0,0,0,1,0,0,0
2018-09-26,08:00:00,02,03,01,01,01,01,0,367394.83200000005,5023266.575,False,September,1,0,0,0,0,0,0,0,0,1,0,0,0,0,0,1,0,0,0
2018-09-13,17:33:00,03,03,01,01,01,01,0,360597.74799999996,5022584.488,False,September,1,0,0,0,0,0,0,0,0,1,0,0,0,0,0,1,0,0,0
2018-09-16,14:50:00,03,01,01,01,01,,0,365405.54,5011700.801,False,September,0,0,0,0,0,0,0,0,1,0,0,0,0,0,0,1,0,0,0
2018-09-26,11:00:00,03,07,07,01,01,,0,348427.9127,5019174.687,False,September,0,0,0,0,0,0,0,0,1,0,0,0,0,0,0,1,0,0,0
2018-09-13,18:05:00,03,05,01,01,01,01,0,363778.6965,5028641.572,False,September,1,0,0,0,0,0,0,0,0,0,1,0,0,0,0,1,0,0,0
2018-09-18,16:45:00,03,03,01,01,01,01,0,373110.6693,5032376.636,False,September,1,0,0,0,0,0,0,0,0,1,0,0,0,0,0,1,0,0,0
2018-09-22,,03,06,01,00,01,,0,364993.7618,5026726.867,False,September,0,0,0,0,0,0,0,0,1,0,0,0,0,0,0,1,0,0,0
2018-09-13,18:07:00,03,03,01,01,01,01,0,350723.5433,5012792.416999999,False,September,0,1,0,0,0,0,0,0,0,1,0,0,0,0,0,1,0,0,0
2018-09-18,18:04:00,02,01,01,01,01,01,0,350005.4163,5013641.413,False,September,1,0,0,0,0,0,0,0,0,0,1,0,0,0,0,1,0,0,0
2018-09-26,13:37:00,03,01,01,01,01,,0,366835.0892,5028219.727,False,September,0,0,0,0,0,0,0,0,1,0,0,0,0,0,0,1,0,0,0
2018-09-13,18:22:00,03,03,01,01,01,01,0,374988.9238,5033486.5819999995,False,September,1,0,0,0,0,0,0,0,0,1,0,0,0,0,0,1,0,0,0
2018-09-18,18:03:00,03,04,01,01,00,,0,366687.0988,5031277.16,False,September,0,0,0,0,0,0,0,0,1,0,0,0,0,0,0,1,0,0,0
2018-09-26,13:41:00,03,05,01,01,01,,0,374140.1637,5030684.777,False,September,0,0,0,0,0,0,0,0,0,0,0,1,0,0,0,1,0,0,0
2018-09-13,18:47:00,02,02,01,01,01,01,0,366407.5834,4999412.219,False,September,0,1,0,0,0,0,0,0,0,0,1,0,0,0,0,1,0,0,0
2018-09-18,17:30:00,03,03,01,01,01,00,0,349524.5693,5014330.462,False,September,1,0,0,0,0,0,0,0,0,1,0,0,0,0,0,1,0,0,0
2018-09-26,13:46:00,03,04,02,01,02,,0,372431.8046,5031650.291,True,September,0,0,0,0,0,0,0,0,1,0,0,0,0,0,0,1,0,0,0
2018-09-13,19:00:00,03,02,01,01,01,01,0,365113.83700000006,5013068.716,False,September,0,1,0,0,0,0,0,0,0,0,1,0,0,0,0,1,0,0,0
2018-09-13,19:08:00,03,05,01,01,01,01,0,370337.7905,5025947.9569999995,False,September,1,0,0,0,0,0,0,0,0,0,1,0,0,0,0,1,0,0,0
2018-09-13,19:38:00,02,03,01,07,01,01,0,389860.7731,5042617.563999999,False,September,1,0,0,0,0,0,0,0,0,1,0,0,0,0,0,1,0,0,0