DATE,TIME,CLASS_OF_ACCIDENT,IMPACT_TYPE,ENVIRONMENT,LIGHT,ROAD_SURFACE_CONDITION,TRAFFIC_CONTROL_CONDITION,NO_OF_PEDESTRIANS,X,Y,Highway,Month,categorical_TRAFFIC_CONTROL_01,categorical_TRAFFIC_CONTROL_02,categorical_TRAFFIC_CONTROL_03,categorical_TRAFFIC_CONTROL_04,categorical_TRAFFIC_CONTROL_07,categorical_TRAFFIC_CONTROL_08,categorical_TRAFFIC_CONTROL_09,categorical_TRAFFIC_CONTROL_11,categorical_ACCIDENT_LOCATION_01,categorical_ACCIDENT_LOCATION_02,categorical_ACCIDENT_LOCATION_03,categorical_ACCIDENT_LOCATION_04,categorical_ACCIDENT_LOCATION_05,categorical_ACCIDENT_LOCATION_06,categorical_ACCIDENT_LOCATION_07,categorical_Seasons_Fall,categorical_Seasons_Spring,categorical_Seasons_Summer,categorical_Seasons_Winter
2018-02-05,11:05:00,03,03,01,01,02,01,0,367458.7104,5021891.5030000005,False,February,1,0,0,0,0,0,0,0,0,1,0,0,0,0,0,0,0,0,1
2018-02-05,11:20:00,02,01,01,01,02,01,0,370917.7088,5007860.379,False,February,0,1,0,0,0,0,0,0,0,0,1,0,0,0,0,0,0,0,1
2018-02-05,11:26:00,03,03,01,01,02,01,0,362060.6886,5025457.527,False,February,0,1,0,0,0,0,0,0,0,1,0,0,0,0,0,0,0,0,1
2018-02-05,11:32:00,03,07,03,01,03,,0,370240.6562,5032581.875,False,February,0,0,0,0,0,0,0,0,1,0,0,0,0,0,0,0,0,0,1
2018-02-03,11:10:00,03,02,03,01,03,,0,367891.9677,5030550.027,False,February,0,0,0,0,0,0,0,0,0,0,0,1,0,0,0,0,0,0,1
2018-02-05,11:49:00,03,03,01,01,04,01,0,367636.7011,5031358.577,False,February,1,0,0,0,0,0,0,0,0,1,0,0,0,0,0,0,0,0,1
2018-02-05,11:57:00,03,03,01,01,02,01,0,367394.71200000006,5023266.516,False,February,1,0,0,0,0,0,0,0,0,1,0,0,0,0,0,0,0,0,1
2018-02-05,13:10:00,03,03,01,01,02,01,0,382637.7535,5035567.554,False,February,1,0,0,0,0,0,0,0,0,1,0,0,0,0,0,0,0,0,1
2018-01-25,,03,06,01,00,01,,0,370522.8302,5032723.654,False,January,0,0,0,0,0,0,0,0,1,0,0,0,0,0,0,0,0,0,1
2018-02-05,09:31:00,03,01,01,01,06,,0,374107.6999,5018977.3319999995,False,February,0,0,0,0,0,0,0,0,1,0,0,0,0,0,0,0,0,0,1
2018-02-05,11:00:00,03,04,01,01,03,,0,348775.908,5022727.761,False,February,0,0,0,0,0,0,0,0,0,1,0,0,0,0,0,0,0,0,1
2018-02-02,14:23:00,03,06,03,01,06,,0,375018.4278,5020597.92,False,February,0,0,0,0,0,0,0,0,1,0,0,0,0,0,0,0,0,0,1
2018-02-05,14:26:00,03,06,01,01,03,,0,372444.68799999997,5033768.237,False,February,0,0,0,0,0,0,0,0,1,0,0,0,0,0,0,0,0,0,1
2018-02-05,14:27:00,03,03,01,01,02,,0,352360.9744,5017385.311000001,False,February,0,0,0,0,0,0,0,0,1,0,0,0,0,0,0,0,0,0,1
2018-02-04,16:55:00,03,02,03,05,03,,0,382943.94899999996,5038900.296,False,February,0,0,0,0,0,0,0,0,1,0,0,0,0,0,0,0,0,0,1
2018-02-05,15:37:00,03,07,03,01,03,,0,366508.2613,5009056.92,False,February,0,0,0,0,0,0,0,0,1,0,0,0,0,0,0,0,0,0,1
2018-02-05,15:41:00,03,02,03,01,06,,0,388518.9479,5024805.094,False,February,0,0,0,0,0,0,0,0,0,0,0,1,0,0,0,0,0,0,1
2018-02-05,16:19:00,03,03,01,01,01,,0,376469.9906,5034981.1110000005,False,February,0,0,0,0,0,0,0,0,1,0,0,0,0,0,0,0,0,0,1
2018-02-05,16:22:00,03,05,01,01,06,01,0,369820.7072,5032646.5819999995,False,February,1,0,0,0,0,0,0,0,0,0,1,0,0,0,0,0,0,0,1
2018-02-05,16:24:00,02,07,01,01,01,01,1,363095.7349,5028585.246,False,February,0,1,0,0,0,0,0,0,0,1,0,0,0,0,0,0,0,0,1
2018-02-05,16:24:00,03,02,03,01,03,,0,364862.5924,5029672.739,False,February,0,0,0,0,0,0,0,0,0,0,0,1,0,0,0,0,0,0,1
2018-02-05,16:38:00,03,03,01,01,02,01,0,357907.6517,5018498.456,False,February,1,0,0,0,0,0,0,0,0,1,0,0,0,0,0,0,0,0,1
2018-02-05,16:57:00,03,03,03,01,02,01,0,367577.7006,5032598.586,False,February,0,1,0,0,0,0,0,0,0,0,1,0,0,0,0,0,0,0,1
2018-02-05,,03,06,03,00,03,,0,369037.5253,5033179.7530000005,False,February,0,0,0,0,0,0,0,0,1,0,0,0,0,0,0,0,0,0,1
2018-02-05,17:12:00,03,04,01,05,04,01,0,375578.7347,5031439.555,False,February,1,0,0,0,0,0,0,0,0,1,0,0,0,0,0,0,0,0,1
2018-02-02,16:10:00,03,04,01,01,01,,0,362090.4672,5024920.342,True,February,0,0,0,0,0,0,0,0,0,0,0,0,0,0,1,0,0,0,1
2018-02-05,17:00:00,03,02,01,07,01,01,0,368118.0581,5030592.573,False,February,1,0,0,0,0,0,0,0,0,0,1,0,0,0,0,0,0,0,1
2018-02-05,17:45:00,02,05,01,07,02,01,0,373110.7142,5032376.586,False,February,1,0,0,0,0,0,0,0,0,0,1,0,0,0,0,0,0,0,1
2018-02-05,18:06:00,03,04,03,05,05,01,0,367050.6989,5030280.563,False,February,1,0,0,0,0,0,0,0,0,1,0,0,0,0,0,0,0,0,1
2018-02-05,18:29:00,03,05,03,07,05,01,0,375354.7353,5033720.585,False,February,0,1,0,0,0,0,0,0,0,1,0,0,0,0,0,0,0,0,1
2018-02-05,18:39:00,03,0,01,07,01,,0,376075.2425,5034104.7639999995,False,February,0,0,0,0,0,0,0,0,1,0,0,0,0,0,0,0,0,0,1
2018-02-05,19:34:00,03,07,01,07,01,,0,340147.8587,5024008.863,False,February,0,0,0,0,0,0,0,0,1,0,0,0,0,0,0,0,0,0,1
2018-02-05,19:43:00,03,05,01,07,01,01,0,365612.6952,5021942.498,False,February,1,0,0,0,0,0,0,0,0,0,1,0,0,0,0,0,0,0,1
2018-02-06,00:50:00,03,05,01,07,04,01,0,367558.7129,5029824.558999999,False,February,1,0,0,0,0,0,0,0,0,0,1,0,0,0,0,0,0,0,1
2018-02-06,01:37:00,03,03,01,07,05,01,0,371083.7224,5032448.583000001,False,February,0,1,0,0,0,0,0,0,0,1,0,0,0,0,0,0,0,0,1
2018-02-06,06:24:00,03,05,03,03,03,01,0,373705.7232,5030406.555,False,February,1,0,0,0,0,0,0,0,0,0,1,0,0,0,0,0,0,0,1
2018-02-06,,03,06,01,00,03,,0,368214.8062,5030651.591,False,February,0,0,0,0,0,0,0,0,0,0,0,1,0,0,0,0,0,0,1
2018-02-06,07:16:00,03,04,03,01,03,01,0,367541.7131,5030428.567,False,February,0,1,0,0,0,0,0,0,0,0,1,0,0,0,0,0,0,0,1
2018-02-06,07:35:00,03,03,03,01,05,01,0,370213.2035,5025873.558,False,February,1,0,0,0,0,0,0,0,0,1,0,0,0,0,0,0,0,0,1
2018-02-06,08:12:00,02,05,03,01,03,01,0,373446.7256,5028737.545,False,February,0,1,0,0,0,0,0,0,0,0,1,0,0,0,0,0,0,0,1
2018-02-06,08:21:00,03,05,03,01,03,01,0,382702.7419,5039062.581,False,February,0,1,0,0,0,0,0,0,0,0,1,0,0,0,0,0,0,0,1
2018-02-06,08:30:00,03,04,01,01,04,,0,375776.2558,5029064.333000001,True,February,0,0,0,0,0,0,0,0,0,0,0,0,0,0,1,0,0,0,1
2018-02-06,08:25:00,02,04,03,01,02,,0,361222.8881,5020342.461,False,February,0,0,0,0,0,0,0,0,1,0,0,0,0,0,0,0,0,0,1
2018-02-06,08:55:00,03,03,03,01,03,01,0,375578.7343,5031439.555,False,February,1,0,0,0,0,0,0,0,0,1,0,0,0,0,0,0,0,0,1
2018-02-06,08:58:00,03,02,03,01,03,,0,379261.9725,5036182.529,False,February,0,0,0,0,0,0,0,0,1,0,0,0,0,0,0,0,0,0,1
2018-02-06,08:30:00,03,05,03,01,04,01,0,381544.73600000003,5037641.594,False,February,0,1,0,0,0,0,0,0,0,1,0,0,0,0,0,0,0,0,1
2018-02-06,09:09:00,03,01,03,01,04,,0,375747.7261,5035075.591,False,February,0,0,0,0,0,0,0,0,1,0,0,0,0,0,0,0,0,0,1
2018-02-06,09:22:00,03,07,03,01,03,01,0,364842.95200000005,5026809.538,False,February,1,0,0,0,0,0,0,0,0,1,0,0,0,0,0,0,0,0,1
2018-02-06,09:35:00,03,03,01,01,01,01,0,365973.7072,5022169.49,False,February,1,0,0,0,0,0,0,0,0,1,0,0,0,0,0,0,0,0,1
2018-02-06,09:53:00,03,05,01,01,05,01,0,373497.5852,5020419.261,False,February,1,0,0,0,0,0,0,0,0,1,0,0,0,0,0,0,0,0,1
2018-02-06,08:45:00,03,03,01,01,04,01,0,366891.7129,5018844.469,False,February,1,0,0,0,0,0,0,0,0,1,0,0,0,0,0,0,0,0,1
2018-02-06,10:43:00,03,07,01,01,02,,0,364607.8582,5015041.69,False,February,0,0,0,0,0,0,0,0,0,0,0,1,0,0,0,0,0,0,1
2018-02-06,10:51:00,03,01,01,01,04,,0,369322.8895,5032809.984,False,February,0,0,0,0,0,0,0,0,1,0,0,0,0,0,0,0,0,0,1
2018-02-06,11:00:00,03,02,03,01,05,,0,369346.1365,5029710.199,False,February,0,0,0,0,0,0,0,0,0,0,0,1,0,0,0,0,0,0,1
2018-02-05,,03,06,03,00,05,,0,367608.7038,5030863.897,False,February,0,0,0,0,0,0,0,0,1,0,0,0,0,0,0,0,0,0,1
2018-02-06,,03,06,03,00,04,,0,361721.6251,5024008.344,False,February,0,0,0,0,0,0,0,0,1,0,0,0,0,0,0,0,0,0,1
2018-02-06,12:19:00,02,03,01,01,04,01,0,366618.7011,5029416.56,False,February,1,0,0,0,0,0,0,0,0,1,0,0,0,0,0,0,0,0,1
2018-02-05,,03,06,03,00,03,,0,368390.24100000004,5031334.397,False,February,0,0,0,0,0,0,0,0,1,0,0,0,0,0,0,0,0,0,1
2018-02-06,12:56:00,03,05,01,01,01,,0,368605.6202,5024914.6,False,February,0,0,0,0,0,0,0,0,0,1,0,0,0,0,0,0,0,0,1
2018-02-06,14:16:00,03,02,03,01,03,01,0,364853.7014,5026646.5430000005,False,February,1,0,0,0,0,0,0,0,0,1,0,0,0,0,0,0,0,0,1
2018-02-06,14:18:00,03,03,03,01,04,01,0,367572.7183,5014684.397,False,February,1,0,0,0,0,0,0,0,0,0,1,0,0,0,0,0,0,0,1
2018-02-05,14:58:00,03,07,01,01,05,,0,359184.9312,5014487.981000001,False,February,0,0,0,0,0,0,0,0,1,0,0,0,0,0,0,0,0,0,1
2018-02-06,15:30:00,03,07,01,01,01,,0,345465.7196,5018006.443,False,February,0,0,0,0,0,0,0,0,1,0,0,0,0,0,0,0,0,0,1
2018-02-06,15:33:00,03,07,01,01,05,,0,378246.6695,5002081.807,False,February,0,0,0,0,0,0,0,0,1,0,0,0,0,0,0,0,0,0,1
2018-02-06,15:37:00,03,03,01,01,02,01,0,365970.7053,5028391.551,False,February,0,1,0,0,0,0,0,0,0,1,0,0,0,0,0,0,0,0,1
2018-02-05,,03,06,03,00,03,,0,367804.2808,5030785.028,False,February,0,0,0,0,0,0,0,0,1,0,0,0,0,0,0,0,0,0,1
2018-02-06,16:40:00,03,05,01,05,01,01,0,364275.6925,5027493.534,False,February,1,0,0,0,0,0,0,0,0,0,1,0,0,0,0,0,0,0,1
2018-02-06,17:17:00,03,03,01,01,04,01,0,373831.7404,5023920.509,False,February,0,1,0,0,0,0,0,0,0,1,0,0,0,0,0,0,0,0,1
2018-02-06,17:53:00,03,05,01,05,04,01,0,375363.7425,5031313.553,False,February,1,0,0,0,0,0,0,0,0,0,1,0,0,0,0,0,0,0,1
2018-02-06,,03,06,01,00,01,,0,365487.665,5028497.882,False,February,0,0,0,0,0,0,0,0,1,0,0,0,0,0,0,0,0,0,1
2018-02-06,18:13:00,03,05,01,07,02,01,0,363520.6903,5026850.541999999,False,February,1,0,0,0,0,0,0,0,0,0,1,0,0,0,0,0,0,0,1
2018-02-06,19:01:00,03,03,02,07,02,01,0,370799.7249,5031397.561000001,True,February,1,0,0,0,0,0,0,0,0,0,1,0,0,0,0,0,0,0,1
2018-02-06,17:00:00,02,03,01,01,01,01,0,367572.718,5014684.397,False,February,1,0,0,0,0,0,0,0,0,1,0,0,0,0,0,0,0,0,1
2018-02-06,19:24:00,03,02,01,07,02,01,0,353403.87799999997,5018725.458000001,False,February,0,1,0,0,0,0,0,0,0,0,1,0,0,0,0,0,0,0,1
2018-02-06,19:33:00,03,03,01,07,03,,0,362542.1634,5023789.855,False,February,0,0,0,0,0,0,0,0,1,0,0,0,0,0,0,0,0,0,1
2018-02-06,20:44:00,02,03,01,07,04,01,0,366829.7103,5028935.554,False,February,1,0,0,0,0,0,0,0,0,1,0,0,0,0,0,0,0,0,1
2018-02-06,20:50:00,03,05,01,07,02,01,0,368082.7124,5030166.562,False,February,1,0,0,0,0,0,0,0,0,0,1,0,0,0,0,0,0,0,1
2018-02-06,21:25:00,03,06,01,07,01,,0,367494.0683,5030307.488,False,February,0,0,0,0,0,0,0,0,1,0,0,0,0,0,0,0,0,0,1
2018-02-05,,03,06,00,00,00,,0,360466.6838,5024792.875,False,February,0,0,0,0,0,0,0,0,1,0,0,0,0,0,0,0,0,0,1
2018-02-06,22:56:00,03,07,01,07,01,,0,370173.4435,5023082.529,False,February,0,0,0,0,0,0,0,0,0,0,0,1,0,0,0,0,0,0,1
2018-02-06,23:02:00,02,07,01,07,06,01,0,363195.0324,5022398.188999999,False,February,1,0,0,0,0,0,0,0,0,1,0,0,0,0,0,0,0,0,1
2018-02-06,23:17:00,03,02,01,07,01,01,0,370507.7344,5023400.509,False,February,1,0,0,0,0,0,0,0,0,0,1,0,0,0,0,0,0,0,1
2018-02-07,06:15:00,03,07,01,07,03,,0,359461.1861,5019414.408,True,February,0,0,0,0,0,0,0,0,1,0,0,0,0,0,0,0,0,0,1
2018-02-01,,03,06,01,00,04,,0,368664.1534,5030971.334,False,February,0,0,0,0,0,0,0,0,1,0,0,0,0,0,0,0,0,0,1
2018-02-07,08:11:00,03,07,01,01,02,,0,359023.4833,5008537.267,False,February,0,0,0,0,0,0,0,0,1,0,0,0,0,0,0,0,0,0,1
2018-01-24,16:35:00,03,04,01,01,06,01,0,367907.7067,5030188.565,False,January,1,0,0,0,0,0,0,0,0,0,1,0,0,0,0,0,0,0,1
2018-02-07,08:48:00,03,03,03,01,03,,0,366708.8164,5029212.291,False,February,0,0,0,0,0,0,0,0,1,0,0,0,0,0,0,0,0,0,1
2018-02-07,09:05:00,03,06,03,01,03,,0,380914.565,5032696.624,False,February,0,0,0,0,0,0,0,0,0,0,0,1,0,0,0,0,0,0,1
2018-01-24,17:16:00,02,02,01,05,01,01,0,368019.7033,5017177.458000001,False,January,0,1,0,0,0,0,0,0,0,0,1,0,0,0,0,0,0,0,1
2018-02-07,09:17:00,02,06,03,01,03,,1,367954.8467,5032838.209,False,February,0,0,0,0,0,0,0,0,1,0,0,0,0,0,0,0,0,0,1
2018-01-24,17:15:00,03,03,01,05,02,01,0,379612.7244,5037995.597,False,January,1,0,0,0,0,0,0,0,0,1,0,0,0,0,0,0,0,0,1
2018-01-24,15:30:00,03,03,01,01,01,01,0,348596.3468,5014562.765,False,January,1,0,0,0,0,0,0,0,0,1,0,0,0,0,0,0,0,0,1
2018-01-24,17:55:00,03,03,05,07,06,01,0,366618.7011,5029416.56,False,January,1,0,0,0,0,0,0,0,0,0,1,0,0,0,0,0,0,0,1
2018-01-24,18:06:00,02,03,01,07,01,,0,365997.7396,5025919.946,False,January,0,0,0,0,0,0,0,0,1,0,0,0,0,0,0,0,0,0,1
2018-01-24,18:08:00,03,05,01,07,01,01,0,372007.7073,5034040.586,False,January,1,0,0,0,0,0,0,0,0,0,1,0,0,0,0,0,0,0,1
2018-01-24,18:37:00,03,03,01,07,06,01,0,367460.7062,5024904.5139999995,False,January,1,0,0,0,0,0,0,0,0,1,0,0,0,0,0,0,0,0,1
2018-01-01,06:40:00,03,07,01,07,02,01,0,363324.0279,5014774.113,False,January,0,0,0,0,0,0,0,1,0,0,1,0,0,0,0,0,0,0,1
2018-01-01,06:40:00,03,02,01,07,02,01,0,363324.0279,5014773.416,False,January,0,0,0,0,0,0,0,1,0,0,1,0,0,0,0,0,0,0,1
2018-01-24,19:49:00,03,05,01,07,01,01,0,373148.7308,5027608.535,False,January,1,0,0,0,0,0,0,0,0,0,1,0,0,0,0,0,0,0,1
2018-01-24,20:10:00,03,07,01,07,01,,0,387009.4301,5039798.193,False,January,0,0,0,0,0,0,0,0,1,0,0,0,0,0,0,0,0,0,1
2018-01-24,21:47:00,03,02,01,07,01,01,0,384533.3088,5039595.391,False,January,0,0,0,0,0,0,0,1,0,1,0,0,0,0,0,0,0,0,1
2018-01-24,23:29:00,02,07,01,07,03,01,1,367028.05100000004,5029785.869,False,January,0,1,0,0,0,0,0,0,0,1,0,0,0,0,0,0,0,0,1
2018-01-24,23:42:00,03,07,01,07,01,,0,336339.7284,5016462.594,False,January,0,0,0,0,0,0,0,0,1,0,0,0,0,0,0,0,0,0,1
2018-01-25,00:32:00,02,07,01,07,01,,1,378706.0664,5036635.194,False,January,0,0,0,0,0,0,0,0,1,0,0,0,0,0,0,0,0,0,1
2018-01-25,05:27:00,03,07,01,07,02,01,0,360982.3112,5014901.733,False,January,1,0,0,0,0,0,0,0,0,0,1,0,0,0,0,0,0,0,1
2018-01-25,07:05:00,03,03,01,03,01,01,0,375399.7549,5014484.458000001,False,January,1,0,0,0,0,0,0,0,0,1,0,0,0,0,0,0,0,0,1
2018-01-25,07:30:00,03,05,01,03,01,,0,351872.8815,5017668.06,False,January,0,0,0,0,0,0,0,0,0,0,0,1,0,0,0,0,0,0,1
2018-01-25,07:25:00,03,03,01,03,02,,0,365745.1594,5021622.995,False,January,0,0,0,0,0,0,0,0,1,0,0,0,0,0,0,0,0,0,1
2018-01-25,07:44:00,03,03,01,03,06,01,0,384351.85299999994,5039990.34,False,January,1,0,0,0,0,0,0,0,0,1,0,0,0,0,0,0,0,0,1
2018-01-25,06:50:00,03,04,01,07,01,01,0,367833.7115,5031386.58,False,January,1,0,0,0,0,0,0,0,0,1,0,0,0,0,0,0,0,0,1
2018-01-25,,03,06,01,00,01,,0,364007.1091,5024293.705,False,January,0,0,0,0,0,0,0,0,1,0,0,0,0,0,0,0,0,0,1
2018-01-25,08:05:00,02,03,01,01,06,01,0,375257.7351,5028784.538,False,January,1,0,0,0,0,0,0,0,0,1,0,0,0,0,0,0,0,0,1
2018-01-25,08:05:00,03,02,01,01,01,01,0,370826.365,5033475.985,False,January,1,0,0,0,0,0,0,0,0,0,1,0,0,0,0,0,0,0,1
2018-01-25,08:17:00,03,04,01,01,06,,0,361555.1216,5021681.171,False,January,0,0,0,0,0,0,0,0,1,0,0,0,0,0,0,0,0,0,1
2018-01-25,08:20:00,03,03,01,01,01,01,0,350927.6112,5020877.4860000005,False,January,0,1,0,0,0,0,0,0,0,1,0,0,0,0,0,0,0,0,1
2018-01-25,08:37:00,03,05,01,01,01,01,0,351553.6084,5017864.464,False,January,1,0,0,0,0,0,0,0,0,0,1,0,0,0,0,0,0,0,1
2018-01-25,09:04:00,03,04,01,01,01,01,0,362277.6938,5023177.507,False,January,0,1,0,0,0,0,0,0,0,1,0,0,0,0,0,0,0,0,1
2018-01-25,09:14:00,02,07,01,01,01,01,1,371032.9457,5026355.057,False,January,1,0,0,0,0,0,0,0,0,0,1,0,0,0,0,0,0,0,1
2018-01-25,09:23:00,03,02,01,01,02,01,0,367483.05299999996,5030888.865,False,January,0,1,0,0,0,0,0,0,0,0,1,0,0,0,0,0,0,0,1
2018-01-25,09:40:00,03,01,01,01,05,,0,361506.3948,5022187.3319999995,False,January,0,0,0,0,0,0,0,0,1,0,0,0,0,0,0,0,0,0,1
2018-01-25,10:00:00,03,04,01,01,01,,0,358175.6601,5021108.484,False,January,0,0,0,0,0,0,0,0,0,1,0,0,0,0,0,0,0,0,1
2018-01-25,,03,06,01,00,05,,0,369167.0606,5034021.484,False,January,0,0,0,0,0,0,0,0,1,0,0,0,0,0,0,0,0,0,1
2018-01-25,11:06:00,03,0,01,01,01,,0,379860.38899999997,5033866.5819999995,False,January,0,0,0,0,0,0,0,0,1,0,0,0,0,0,0,0,0,0,1
2018-01-25,11:54:00,03,02,01,01,06,01,0,385641.7235,5036380.493,False,January,0,1,0,0,0,0,0,0,0,0,1,0,0,0,0,0,0,0,1
2018-01-25,12:34:00,03,04,01,01,01,01,0,368000.6991,5032573.595,False,January,1,0,0,0,0,0,0,0,0,1,0,0,0,0,0,0,0,0,1
2018-01-25,13:27:00,03,05,01,01,01,01,0,368699.7026,5009932.3889999995,False,January,1,0,0,0,0,0,0,0,0,0,1,0,0,0,0,0,0,0,1
2018-01-25,14:25:00,03,03,01,01,06,,0,382506.8853,5035493.573,False,January,0,0,0,0,0,0,0,0,1,0,0,0,0,0,0,0,0,0,1
2018-01-25,09:00:00,03,02,01,01,01,01,0,354872.691,5015403.907,False,January,0,1,0,0,0,0,0,0,0,0,1,0,0,0,0,0,0,0,1
2018-01-25,08:39:00,03,06,01,01,02,,0,369245.1451,5033659.114,False,January,0,0,0,0,0,0,0,0,1,0,0,0,0,0,0,0,0,0,1
2018-01-25,15:23:00,03,05,01,01,01,01,0,362213.686,5026025.531,False,January,1,0,0,0,0,0,0,0,0,0,1,0,0,0,0,0,0,0,1
2018-01-25,15:35:00,02,05,01,01,01,,0,367163.9459,5024012.605,False,January,0,0,0,0,0,0,0,0,0,0,0,1,0,0,0,0,0,0,1
2018-01-25,16:00:00,03,05,01,01,01,01,0,382637.7539,5035567.554,False,January,1,0,0,0,0,0,0,0,0,0,1,0,0,0,0,0,0,0,1
2018-01-25,16:03:00,03,02,01,01,06,01,0,367763.6611,5029118.955,False,January,0,1,0,0,0,0,0,0,0,0,1,0,0,0,0,0,0,0,1
2018-01-25,16:06:00,03,02,01,01,04,,0,370465.3404,5033774.166999999,False,January,0,0,0,0,0,0,0,0,0,0,0,1,0,0,0,0,0,0,1
2018-01-25,16:02:00,03,02,01,01,02,01,0,371428.6846,5024424.911,False,January,0,1,0,0,0,0,0,0,0,0,1,0,0,0,0,0,0,0,1
2018-01-25,16:44:00,03,02,01,05,01,01,0,361665.9305,5014805.036,False,January,0,1,0,0,0,0,0,0,0,0,1,0,0,0,0,0,0,0,1
2018-01-25,16:49:00,03,02,01,05,01,,0,383665.0169,5036912.999,False,January,0,0,0,0,0,0,0,0,0,0,0,1,0,0,0,0,0,0,1
2018-01-25,16:53:00,03,03,01,05,01,01,0,370799.7254,5031397.56,True,January,1,0,0,0,0,0,0,0,0,1,0,0,0,0,0,0,0,0,1
2018-01-25,17:04:00,03,04,01,05,01,01,0,362273.388,5023596.318,False,January,1,0,0,0,0,0,0,0,0,1,0,0,0,0,0,0,0,0,1
2018-01-25,17:51:00,03,07,01,07,01,,0,324114.5786,5033610.96,False,January,0,0,0,0,0,0,0,0,1,0,0,0,0,0,0,0,0,0,1
2018-01-25,16:30:00,03,05,01,01,02,01,0,363180.6862,5026638.541999999,False,January,1,0,0,0,0,0,0,0,0,0,1,0,0,0,0,0,0,0,1
2018-01-25,17:57:00,03,04,01,07,01,,0,368207.8906,5032077.2469999995,False,January,0,0,0,0,0,0,0,0,1,0,0,0,0,0,0,0,0,0,1
2018-01-25,18:02:00,03,02,01,07,06,01,0,370892.7078,5032570.584,False,January,0,1,0,0,0,0,0,0,0,0,1,0,0,0,0,0,0,0,1
2018-01-25,18:43:00,03,03,01,07,01,,0,376770.2362,5032121.626,False,January,0,0,0,0,0,0,0,0,1,0,0,0,0,0,0,0,0,0,1
2018-01-25,18:45:00,03,02,01,07,06,01,0,363230.1647,5028485.383,False,January,0,1,0,0,0,0,0,0,0,1,0,0,0,0,0,0,0,0,1
2018-01-25,21:04:00,03,03,01,07,06,01,0,367257.70700000005,5031628.573,False,January,1,0,0,0,0,0,0,0,0,0,1,0,0,0,0,0,0,0,1
2018-01-25,21:22:00,03,07,01,07,01,,0,365166.4243,5024204.712,False,January,0,0,0,0,0,0,0,0,0,0,0,1,0,0,0,0,0,0,1
2018-01-26,00:28:00,02,03,01,07,01,01,0,367458.71,5021891.5030000005,False,January,1,0,0,0,0,0,0,0,0,0,1,0,0,0,0,0,0,0,1
2018-01-26,07:03:00,02,07,01,03,01,01,1,352859.466,5017841.59,False,January,1,0,0,0,0,0,0,0,0,0,1,0,0,0,0,0,0,0,1
2018-01-26,07:29:00,03,03,01,03,01,01,0,361256.6755,5021017.489,False,January,1,0,0,0,0,0,0,0,0,1,0,0,0,0,0,0,0,0,1
2018-01-26,08:00:00,03,04,01,01,01,,0,367301.164,5031654.768,False,January,0,0,0,0,0,0,0,0,1,0,0,0,0,0,0,0,0,0,1
2018-01-26,,03,06,01,00,03,,0,372279.0168,5033353.973,False,January,0,0,0,0,0,0,0,0,1,0,0,0,0,0,0,0,0,0,1
2018-01-26,08:15:00,02,03,01,01,01,01,0,350594.8677,5019401.944,False,January,1,0,0,0,0,0,0,0,0,1,0,0,0,0,0,0,0,0,1
2018-01-26,08:24:00,03,02,01,01,01,01,0,365380.3546,5028746.938999999,False,January,1,0,0,0,0,0,0,0,0,0,1,0,0,0,0,0,0,0,1
2018-01-26,08:41:00,03,02,01,01,01,01,0,362377.0259,5023120.746,False,January,0,1,0,0,0,0,0,0,0,0,1,0,0,0,0,0,0,0,1
2018-01-26,08:39:00,03,02,01,01,01,01,0,370271.3851,5023734.815,False,January,0,1,0,0,0,0,0,0,0,0,1,0,0,0,0,0,0,0,1
2018-01-26,08:51:00,03,03,01,01,01,01,0,371421.731,5026590.526000001,False,January,1,0,0,0,0,0,0,0,0,1,0,0,0,0,0,0,0,0,1
2018-01-26,08:48:00,03,03,01,01,01,,0,370137.8236,5029592.8610000005,False,January,0,0,0,0,0,0,0,0,1,0,0,0,0,0,0,0,0,0,1
2018-01-26,08:30:00,03,03,01,01,03,01,0,371516.7172,5029181.552,False,January,1,0,0,0,0,0,0,0,0,1,0,0,0,0,0,0,0,0,1
2018-01-26,09:14:00,03,03,01,01,02,01,0,383951.7605,5036159.561000001,False,January,1,0,0,0,0,0,0,0,0,1,0,0,0,0,0,0,0,0,1
2018-01-26,09:25:00,03,03,01,01,01,01,0,360072.6705,5024471.512,False,January,1,0,0,0,0,0,0,0,0,0,1,0,0,0,0,0,0,0,1
2018-01-25,,03,06,01,00,01,,0,362602.9218,5022119.718,False,January,0,0,0,0,0,0,0,0,1,0,0,0,0,0,0,0,0,0,1
2018-01-26,09:52:00,03,05,01,01,01,,0,368152.3631,5030704.366,False,January,0,0,0,0,0,0,0,0,0,0,0,1,0,0,0,0,0,0,1
2018-01-26,10:16:00,03,03,01,01,01,01,0,362495.5188,5023913.198,False,January,1,0,0,0,0,0,0,0,0,1,0,0,0,0,0,0,0,0,1