DATE,TIME,CLASS_OF_ACCIDENT,IMPACT_TYPE,ENVIRONMENT,LIGHT,ROAD_SURFACE_CONDITION,TRAFFIC_CONTROL_CONDITION,NO_OF_PEDESTRIANS,X,Y,Highway,Month,categorical_TRAFFIC_CONTROL_01,categorical_TRAFFIC_CONTROL_02,categorical_TRAFFIC_CONTROL_03,categorical_TRAFFIC_CONTROL_04,categorical_TRAFFIC_CONTROL_07,categorical_TRAFFIC_CONTROL_08,categorical_TRAFFIC_CONTROL_09,categorical_TRAFFIC_CONTROL_11,categorical_ACCIDENT_LOCATION_01,categorical_ACCIDENT_LOCATION_02,categorical_ACCIDENT_LOCATION_03,categorical_ACCIDENT_LOCATION_04,categorical_ACCIDENT_LOCATION_05,categorical_ACCIDENT_LOCATION_06,categorical_ACCIDENT_LOCATION_07,categorical_Seasons_Fall,categorical_Seasons_Spring,categorical_Seasons_Summer,categorical_Seasons_Winter
2018-01-26,10:15:00,02,04,01,01,01,,0,366899.8573,5029552.583000001,False,January,0,0,0,0,0,0,0,0,1,0,0,0,0,0,0,0,0,0,1
2018-01-26,10:57:00,03,02,01,01,01,,0,365183.7317,5025405.808999999,False,January,0,0,0,0,0,0,0,0,0,0,0,1,0,0,0,0,0,0,1
2018-01-26,11:07:00,03,02,01,01,01,01,0,373098.6821,5030004.173,False,January,1,0,0,0,0,0,0,0,0,0,1,0,0,0,0,0,0,0,1
2018-01-23,,03,06,01,00,03,,0,375633.9228,5020238.59,False,January,0,0,0,0,0,0,0,0,1,0,0,0,0,0,0,0,0,0,1
2018-01-26,11:24:00,03,04,01,01,01,01,0,364853.7014,5026646.5430000005,False,January,1,0,0,0,0,0,0,0,0,0,1,0,0,0,0,0,0,0,1
2018-01-26,12:20:00,03,04,01,01,01,01,0,372903.7229,5027463.531,False,January,1,0,0,0,0,0,0,0,0,1,0,0,0,0,0,0,0,0,1
2018-01-26,12:32:00,02,03,03,01,04,01,0,394616.8126,5043035.555,False,January,0,1,0,0,0,0,0,0,0,1,0,0,0,0,0,0,0,0,1
2018-01-25,12:50:00,03,03,01,01,01,01,0,374674.7442,5028499.541,False,January,1,0,0,0,0,0,0,0,0,0,1,0,0,0,0,0,0,0,1
2018-01-26,13:38:00,03,03,01,01,01,01,0,383640.9751,5036900.456,False,January,1,0,0,0,0,0,0,0,0,1,0,0,0,0,0,0,0,0,1
2018-01-26,14:18:00,03,01,01,01,01,01,0,379670.7427,5036700.583000001,False,January,1,0,0,0,0,0,0,0,0,0,1,0,0,0,0,0,0,0,1
2018-01-26,14:30:00,03,05,01,01,01,,0,370235.7889,5026230.859,False,January,0,0,0,0,0,0,0,0,0,0,0,1,0,0,0,0,0,0,1
2018-01-26,06:45:00,03,01,01,07,01,,0,344180.084,5023580.536,False,January,0,0,0,0,0,0,0,0,1,0,0,0,0,0,0,0,0,0,1
2018-01-24,18:20:00,03,02,01,07,02,01,0,379860.3941,5036470.884,False,January,0,0,0,0,0,0,0,1,0,0,1,0,0,0,0,0,0,0,1
2018-01-26,14:10:00,03,03,01,01,01,01,0,367707.5287,5032394.4969999995,False,January,1,0,0,0,0,0,0,0,0,1,0,0,0,0,0,0,0,0,1
2018-01-26,15:37:00,02,03,01,01,01,01,0,375654.7352,5034556.586,False,January,1,0,0,0,0,0,0,0,0,0,1,0,0,0,0,0,0,0,1
2018-01-24,08:00:00,03,03,01,01,05,01,0,365330.6938,5027972.551,False,January,1,0,0,0,0,0,0,0,0,1,0,0,0,0,0,0,0,0,1
2018-01-25,,03,06,01,00,06,,0,371074.3162,5032038.263,False,January,0,0,0,0,0,0,0,0,1,0,0,0,0,0,0,0,0,0,1
2018-01-26,16:36:00,03,02,01,05,06,,0,364786.0234,5030300.589,False,January,0,0,0,0,0,0,0,0,0,0,1,0,0,0,0,0,0,0,1
2018-01-26,16:54:00,03,05,01,05,01,01,0,380887.7491,5034540.555,False,January,1,0,0,0,0,0,0,0,0,0,1,0,0,0,0,0,0,0,1
2018-01-26,17:06:00,03,03,01,05,01,01,0,349558.3983,5014878.716,False,January,1,0,0,0,0,0,0,0,0,1,0,0,0,0,0,0,0,0,1
2018-01-26,16:00:00,03,03,01,01,01,01,0,366829.7094,5028935.553,False,January,1,0,0,0,0,0,0,0,0,1,0,0,0,0,0,0,0,0,1
2018-01-26,17:49:00,03,03,01,07,01,,0,360526.3328,5023327.22,True,January,0,0,0,0,0,0,0,0,1,0,0,0,0,0,0,0,0,0,1
2018-01-26,18:43:00,03,03,01,07,02,01,0,375047.7244,5031119.563999999,False,January,1,0,0,0,0,0,0,0,0,1,0,0,0,0,0,0,0,0,1
2018-02-08,07:25:00,02,03,01,01,04,,0,379287.0604,5037234.577,False,February,0,0,0,0,0,0,0,0,0,0,0,0,0,0,1,0,0,0,1
2018-01-26,19:46:00,03,05,01,07,01,01,0,379860.7423,5036471.581,False,January,0,0,0,0,0,0,0,1,0,0,1,0,0,0,0,0,0,0,1
2018-02-07,09:48:00,02,02,03,01,03,01,0,371867.3853,5024320.518,False,February,1,0,0,0,0,0,0,0,0,0,1,0,0,0,0,0,0,0,1
2018-02-08,07:44:00,03,02,01,01,03,,0,372409.2138,5033017.422,False,February,0,0,0,0,0,0,0,0,0,0,0,1,0,0,0,0,0,0,1
2018-01-26,19:50:00,03,04,01,07,02,,0,367304.5254,5031279.3719999995,False,January,0,0,0,0,0,0,0,0,1,0,0,0,0,0,0,0,0,0,1
2018-02-06,,03,06,01,00,02,,0,385246.7298,5035821.848,False,February,0,0,0,0,0,0,0,0,1,0,0,0,0,0,0,0,0,0,1
2018-02-08,08:04:00,03,05,01,01,01,,0,374488.2128,5032015.61,False,February,0,0,0,0,0,0,0,0,1,0,0,0,0,0,0,0,0,0,1
2018-01-26,20:25:00,03,0,01,07,01,01,0,367459.0587,5021891.5030000005,False,January,1,0,0,0,0,0,0,0,0,1,0,0,0,0,0,0,0,0,1
2018-02-07,09:58:00,03,04,03,01,03,01,0,370676.385,5031611.703,False,February,1,0,0,0,0,0,0,0,0,1,0,0,0,0,0,0,0,0,1
2018-02-08,08:00:00,03,04,01,01,05,,0,355090.0509,5017263.936000001,False,February,0,0,0,0,0,0,0,0,0,1,0,0,0,0,0,0,0,0,1
2018-01-26,20:37:00,03,02,01,07,02,01,0,366856.3501,5031280.287,False,January,1,0,0,0,0,0,0,0,0,0,1,0,0,0,0,0,0,0,1
2018-02-07,09:50:00,03,01,03,01,03,,0,353355.0281,5016241.132,False,February,0,0,0,0,0,0,0,0,1,0,0,0,0,0,0,0,0,0,1
2018-02-08,08:14:00,03,02,01,01,02,01,0,352402.5444,5009616.085,False,February,0,1,0,0,0,0,0,0,0,0,1,0,0,0,0,0,0,0,1
2018-01-26,19:40:00,03,03,01,07,02,,0,365330.6933,5027972.55,False,January,0,0,0,0,0,0,0,0,0,1,0,0,0,0,0,0,0,0,1
2018-02-06,22:29:00,03,05,03,07,05,01,0,384844.7652,5036560.558999999,False,February,1,0,0,0,0,0,0,0,0,1,0,0,0,0,0,0,0,0,1
2018-02-08,08:39:00,03,03,03,01,03,01,0,366931.7002,5030560.571,False,February,1,0,0,0,0,0,0,0,0,1,0,0,0,0,0,0,0,0,1
2018-01-26,21:42:00,03,03,01,07,01,,0,357809.7398,5013580.617,False,January,0,0,0,0,0,0,0,0,1,0,0,0,0,0,0,0,0,0,1
2018-02-07,10:29:00,02,03,03,01,03,,0,366899.4061,5031117.091,False,February,0,0,0,0,0,0,0,0,1,0,0,0,0,0,0,0,0,0,1
2018-02-08,08:39:00,03,02,01,01,03,01,0,366780.4674,5015699.17,False,February,0,1,0,0,0,0,0,0,0,0,1,0,0,0,0,0,0,0,1
2018-02-08,08:52:00,03,02,01,01,02,,0,373176.356,5029833.148,False,February,0,0,0,0,0,0,0,0,0,0,0,1,0,0,0,0,0,0,1
2018-02-08,08:53:00,03,07,01,01,06,,0,364362.0244,5019675.548,False,February,0,0,0,0,0,0,0,0,1,0,0,0,0,0,0,0,0,0,1
2018-02-08,08:56:00,03,02,03,01,05,01,0,366275.355,5030201.959,False,February,0,1,0,0,0,0,0,0,0,0,1,0,0,0,0,0,0,0,1
2018-02-08,08:15:00,03,06,01,01,05,,0,355094.4687,5017261.9569999995,False,February,0,0,0,0,0,0,0,0,1,0,0,0,0,0,0,0,0,0,1
2018-02-08,11:47:00,03,04,01,01,02,,0,393616.6877,5004533.632,False,February,0,0,0,0,0,0,0,0,0,0,0,1,0,0,0,0,0,0,1
2018-02-08,10:10:00,03,07,01,01,06,,0,364625.0372,5019037.6680000005,False,February,0,0,0,0,0,0,0,0,1,0,0,0,0,0,0,0,0,0,1
2018-02-08,10:06:00,03,03,01,01,05,01,0,388373.7666,5042393.573,False,February,0,1,0,0,0,0,0,0,0,1,0,0,0,0,0,0,0,0,1
2018-02-08,10:20:00,03,05,01,01,02,01,0,364275.6921,5027493.534,False,February,1,0,0,0,0,0,0,0,0,0,1,0,0,0,0,0,0,0,1
2018-02-08,,03,06,01,00,02,,0,375471.9058,5035933.116,False,February,0,0,0,0,0,0,0,0,1,0,0,0,0,0,0,0,0,0,1
2018-02-08,11:00:00,02,05,01,01,03,01,0,365193.6978,5022948.495,False,February,1,0,0,0,0,0,0,0,0,0,1,0,0,0,0,0,0,0,1
2018-02-08,11:31:00,03,02,01,01,02,01,0,367276.7501,5030865.57,False,February,1,0,0,0,0,0,0,0,0,0,1,0,0,0,0,0,0,0,1
2018-02-08,11:43:00,03,03,01,01,02,,0,362376.1325,5024210.365,False,February,0,0,0,0,0,0,0,0,1,0,0,0,0,0,0,0,0,0,1
2018-02-08,12:16:00,03,03,01,01,04,,0,362087.4689,5024927.731000001,True,February,0,0,0,0,0,0,0,0,0,0,0,0,0,0,1,0,0,0,1
2018-02-08,13:06:00,03,04,03,01,03,01,0,364521.6983,5024507.526000001,False,February,1,0,0,0,0,0,0,0,0,1,0,0,0,0,0,0,0,0,1
2018-02-08,13:30:00,03,04,01,01,01,01,0,367458.71,5021891.5030000005,False,February,1,0,0,0,0,0,0,0,0,1,0,0,0,0,0,0,0,0,1
2018-02-08,14:16:00,03,0,01,01,03,01,0,368892.6696,5032643.794,False,February,1,0,0,0,0,0,0,0,0,1,0,0,0,0,0,0,0,0,1
2018-02-08,14:30:00,03,06,01,01,05,,0,371802.1626,5032693.217,False,February,0,0,0,0,0,0,0,0,1,0,0,0,0,0,0,0,0,0,1
2018-02-08,,03,06,03,00,04,,0,368207.6587,5031224.459,False,February,0,0,0,0,0,0,0,0,1,0,0,0,0,0,0,0,0,0,1
2018-02-08,15:07:00,03,04,01,01,02,01,0,374908.7406,5028602.541999999,False,February,1,0,0,0,0,0,0,0,0,1,0,0,0,0,0,0,0,0,1
2018-02-08,15:26:00,03,03,03,01,03,01,0,367948.7095,5031549.576,False,February,1,0,0,0,0,0,0,0,0,1,0,0,0,0,0,0,0,0,1
2018-02-08,15:30:00,02,03,01,01,02,01,0,366402.7024,5030675.571,False,February,0,1,0,0,0,0,0,0,0,1,0,0,0,0,0,0,0,0,1
2018-02-08,15:46:00,03,02,01,01,01,01,0,360751.1795,5014962.154,False,February,1,0,0,0,0,0,0,0,0,0,1,0,0,0,0,0,0,0,1
2018-02-08,16:55:00,03,03,03,05,04,,0,369760.0381,5033315.883,False,February,0,0,0,0,0,0,0,0,1,0,0,0,0,0,0,0,0,0,1
2018-02-08,17:29:00,03,02,01,07,02,01,0,343201.1773,5014396.056,False,February,0,1,0,0,0,0,0,0,0,0,1,0,0,0,0,0,0,0,1
2018-02-08,18:01:00,03,03,01,07,04,01,0,363560.4804,5014577.837,False,February,1,0,0,0,0,0,0,0,0,0,1,0,0,0,0,0,0,0,1
2018-02-08,17:05:00,03,03,01,05,04,01,0,373902.7494,5028046.855,False,February,1,0,0,0,0,0,0,0,0,0,1,0,0,0,0,0,0,0,1
2018-02-08,18:27:00,02,02,01,07,02,,0,354353.9218,5016611.852,False,February,0,0,0,0,0,0,0,0,0,0,0,1,0,0,0,0,0,0,1
2018-02-07,11:15:00,03,03,03,01,05,01,0,370218.7045,5032690.586,False,February,1,0,0,0,0,0,0,0,0,1,0,0,0,0,0,0,0,0,1
2018-02-08,18:10:00,03,03,01,07,02,01,0,383119.744,5038785.594,False,February,1,0,0,0,0,0,0,0,0,1,0,0,0,0,0,0,0,0,1
2018-02-08,20:48:00,03,07,01,07,02,,0,354712.2663,4989692.153,False,February,0,0,0,0,0,0,0,0,1,0,0,0,0,0,0,0,0,0,1
2018-02-08,21:28:00,03,04,01,07,05,01,0,363593.6881,5024409.526000001,False,February,1,0,0,0,0,0,0,0,0,1,0,0,0,0,0,0,0,0,1
2018-02-08,22:42:00,03,07,01,07,02,,0,346968.7396,5032545.125,False,February,0,0,0,0,0,0,0,0,1,0,0,0,0,0,0,0,0,0,1
2018-02-08,22:53:00,03,07,01,07,02,,0,325972.6071,5033398.826,False,February,0,0,0,0,0,0,0,0,1,0,0,0,0,0,0,0,0,0,1
2018-02-08,,03,06,01,00,04,,0,369497.7027,5023620.609,False,February,0,0,0,0,0,0,0,0,1,0,0,0,0,0,0,0,0,0,1
2018-02-08,23:35:00,03,02,01,07,02,00,0,374573.7518,5023515.509,False,February,0,1,0,0,0,0,0,0,0,0,1,0,0,0,0,0,0,0,1
2018-02-09,01:19:00,01,07,01,07,02,,0,348030.8562,4998396.955,False,February,0,0,0,0,0,0,0,0,1,0,0,0,0,0,0,0,0,0,1
2018-02-09,06:11:00,02,05,03,07,03,,0,365201.7072,5022929.475,False,February,0,0,0,0,0,0,0,0,0,0,0,1,0,0,0,0,0,0,1
2018-02-07,09:30:00,03,02,03,01,05,,0,372510.0626,5031867.2,False,February,0,0,0,0,0,0,0,0,0,0,0,1,0,0,0,0,0,0,1
2018-02-08,08:30:00,03,02,03,01,05,01,0,385239.3486,5034637.21,False,February,0,1,0,0,0,0,0,0,0,0,1,0,0,0,0,0,0,0,1
2018-02-09,09:12:00,03,05,01,01,02,01,0,370826.7138,5033474.592,False,February,1,0,0,0,0,0,0,0,0,1,0,0,0,0,0,0,0,0,1
2018-02-09,09:47:00,01,07,01,01,01,,1,367399.2749,5029287.478,False,February,0,0,0,0,0,0,0,0,1,0,0,0,0,0,0,0,0,0,1
2018-02-09,05:00:00,03,04,05,07,03,,0,368374.6725,5031796.709,False,February,0,0,0,0,0,0,0,0,1,0,0,0,0,0,0,0,0,0,1
2018-02-09,10:00:00,03,06,01,01,02,,0,365081.9813,5029421.98,False,February,0,0,0,0,0,0,0,0,1,0,0,0,0,0,0,0,0,0,1
2018-02-09,10:14:00,02,05,01,01,04,,0,372679.261,5032341.345,False,February,0,0,0,0,0,0,0,0,1,0,0,0,0,0,0,0,0,0,1
2018-02-09,10:23:00,03,02,01,01,02,,0,364889.0299,5023656.369,False,February,0,0,0,0,0,0,0,0,0,0,0,1,0,0,0,0,0,0,1
2018-02-09,03:30:00,03,07,01,07,05,01,0,371608.3881,5024097.203,False,February,1,0,0,0,0,0,0,0,0,1,0,0,0,0,0,0,0,0,1
2018-02-09,10:45:00,02,05,01,01,02,01,0,362942.6975,5026488.527,False,February,1,0,0,0,0,0,0,0,0,0,1,0,0,0,0,0,0,0,1
2018-02-07,17:00:00,03,03,03,05,03,,0,368064.265,5024106.7,False,February,0,0,0,0,0,0,0,0,1,0,0,0,0,0,0,0,0,0,1
2018-02-09,10:40:00,03,04,01,01,01,,0,363976.6667,5014810.827,False,February,0,0,0,0,0,0,0,0,1,0,0,0,0,0,0,0,0,0,1
2018-02-09,11:04:00,03,02,01,01,02,01,0,362212.6407,5026027.621,False,February,1,0,0,0,0,0,0,0,0,0,1,0,0,0,0,0,0,0,1
2018-02-09,12:09:00,03,06,01,01,02,,0,364595.0679,5023581.143999999,False,February,0,0,0,0,0,0,0,0,0,0,0,1,0,0,0,0,0,0,1
2018-02-09,09:00:00,03,02,01,01,04,01,0,364317.4375,5012977.053,False,February,0,1,0,0,0,0,0,0,0,0,1,0,0,0,0,0,0,0,1
2018-02-09,12:20:00,02,07,01,01,01,01,1,369165.6691,5030172.856000001,False,February,1,0,0,0,0,0,0,0,0,0,1,0,0,0,0,0,0,0,1
2018-02-09,12:15:00,03,06,01,01,05,,0,361986.7789,5021162.657,False,February,0,0,0,0,0,0,0,0,0,0,0,1,0,0,0,0,0,0,1
2018-02-09,12:54:00,03,03,01,01,02,01,0,370072.7099,5033065.592,False,February,1,0,0,0,0,0,0,0,0,1,0,0,0,0,0,0,0,0,1
2018-02-09,12:58:00,03,03,01,01,02,01,0,363520.6907,5026850.541999999,False,February,1,0,0,0,0,0,0,0,0,1,0,0,0,0,0,0,0,0,1
2018-02-09,13:04:00,03,03,01,01,02,01,0,370684.7183,5030592.553,False,February,1,0,0,0,0,0,0,0,0,1,0,0,0,0,0,0,0,0,1
2018-02-09,13:00:00,03,04,01,01,02,,0,370761.6536,5031507.657,True,February,0,0,0,0,0,0,0,0,1,0,0,0,0,0,0,0,0,0,1
2018-02-09,13:15:00,03,03,01,01,02,,0,368490.4465,5022209.321,False,February,0,0,0,0,0,0,0,0,1,0,0,0,0,0,0,0,0,0,1
2018-02-09,13:58:00,02,05,01,01,03,01,0,371705.7122,5033894.5819999995,False,February,0,1,0,0,0,0,0,0,0,0,1,0,0,0,0,0,0,0,1
2018-02-09,14:15:00,03,06,03,01,02,,0,367630.9398,5030875.843,False,February,0,0,0,0,0,0,0,0,1,0,0,0,0,0,0,0,0,0,1
2018-02-09,14:16:00,02,05,01,01,02,01,0,354009.6281,5017577.447,False,February,1,0,0,0,0,0,0,0,0,0,1,0,0,0,0,0,0,0,1
2018-02-09,14:31:00,03,07,01,01,02,,0,322797.8085,5030618.473999999,True,February,0,0,0,0,0,0,0,0,1,0,0,0,0,0,0,0,0,0,1
2018-02-09,14:46:00,03,04,01,01,05,01,0,371421.7304,5026590.527,False,February,1,0,0,0,0,0,0,0,0,1,0,0,0,0,0,0,0,0,1
2018-02-09,15:58:00,03,07,01,01,02,01,0,368693.1227,5026293.203,False,February,0,0,0,0,0,0,0,1,0,1,0,0,0,0,0,0,0,0,1
2018-02-09,12:45:00,03,04,01,01,02,01,0,363227.6936,5028292.551,False,February,1,0,0,0,0,0,0,0,0,1,0,0,0,0,0,0,0,0,1
2018-02-09,16:21:00,03,04,03,01,02,,0,366759.6197,5029569.709,True,February,0,0,0,0,0,0,0,0,1,0,0,0,0,0,0,0,0,0,1
2018-02-09,16:27:00,03,0,03,01,05,,0,365833.9549,5029866.968,False,February,0,0,0,0,0,0,0,0,1,0,0,0,0,0,0,0,0,0,1
2018-02-09,16:37:00,03,03,03,01,02,,0,359314.5537,5014565.942,False,February,0,0,0,0,0,0,0,0,1,0,0,0,0,0,0,0,0,0,1
2018-02-09,14:05:00,03,04,01,01,01,01,0,368511.7071,5032413.589,False,February,1,0,0,0,0,0,0,0,0,1,0,0,0,0,0,0,0,0,1
2018-02-08,22:45:00,03,02,01,07,03,01,0,349053.6082,5018056.464,False,February,0,0,0,0,0,0,0,1,0,0,1,0,0,0,0,0,0,0,1
2018-02-09,17:27:00,03,05,01,07,02,01,0,368109.0471,5027766.436000001,False,February,1,0,0,0,0,0,0,0,0,0,1,0,0,0,0,0,0,0,1
2018-02-09,14:05:00,03,02,01,01,01,01,0,351285.6042,5017621.441000001,False,February,0,1,0,0,0,0,0,0,0,0,1,0,0,0,0,0,0,0,1
2018-02-09,17:28:00,03,05,03,07,03,,0,363320.8978,5025680.341,False,February,0,0,0,0,0,0,0,0,0,0,0,1,0,0,0,0,0,0,1
2018-02-09,17:56:00,03,02,03,05,02,,0,365168.2717,5013545.391,False,February,0,0,0,0,0,0,0,0,1,0,0,0,0,0,0,0,0,0,1
2018-02-09,17:45:00,02,03,01,07,02,01,0,360752.2248,5014962.154,False,February,1,0,0,0,0,0,0,0,0,1,0,0,0,0,0,0,0,0,1
2018-02-09,18:39:00,03,04,01,07,04,01,0,367597.0403,5032422.62,False,February,1,0,0,0,0,0,0,0,0,1,0,0,0,0,0,0,0,0,1
2018-02-09,18:40:00,01,0,03,07,03,,0,359333.9553,5003378.985,False,February,0,0,0,0,0,0,0,0,1,0,0,0,0,0,0,0,0,0,1
2018-02-09,19:02:00,03,06,03,07,02,01,0,368043.7448,5032502.901000001,False,February,1,0,0,0,0,0,0,0,0,1,0,0,0,0,0,0,0,0,1
2018-02-09,,03,06,01,00,04,,0,363919.1469,5023203.405,False,February,0,0,0,0,0,0,0,0,1,0,0,0,0,0,0,0,0,0,1
2018-02-09,20:16:00,03,01,03,07,03,01,0,365149.7007,5029270.556,False,February,1,0,0,0,0,0,0,0,0,1,0,0,0,0,0,0,0,0,1
2018-02-09,20:30:00,03,03,01,07,01,,0,369511.6084,5027666.133,False,February,0,0,0,0,0,0,0,0,1,0,0,0,0,0,0,0,0,0,1
2018-02-09,20:47:00,03,04,03,07,03,,0,365541.0459,5021881.752,False,February,0,0,0,0,0,0,0,0,1,0,0,0,0,0,0,0,0,0,1
2018-02-09,22:23:00,03,05,01,07,02,01,0,368968.1365,5029741.8610000005,False,February,1,0,0,0,0,0,0,0,0,1,0,0,0,0,0,0,0,0,1
2018-02-09,23:12:00,02,05,03,07,03,01,0,349864.6083,5023399.509,False,February,1,0,0,0,0,0,0,0,0,0,1,0,0,0,0,0,0,0,1
2018-02-09,23:31:00,03,06,01,07,05,,0,368115.2195,5015053.32,False,February,0,0,0,0,0,0,0,0,1,0,0,0,0,0,0,0,0,0,1
2018-02-10,04:23:00,02,0,03,07,03,,0,356390.9366,5022470.92,True,February,0,0,0,0,0,0,0,0,1,0,0,0,0,0,0,0,0,0,1
2018-02-10,05:38:00,03,01,03,07,03,01,0,368039.7052,5030267.572,False,February,1,0,0,0,0,0,0,0,0,1,0,0,0,0,0,0,0,0,1
2018-02-08,10:00:00,03,05,01,01,01,,0,364780.0196,5029493.183,False,February,0,0,0,0,0,0,0,0,1,0,0,0,0,0,0,0,0,0,1
2018-02-10,07:53:00,03,02,01,01,04,,0,375646.8696,5015144.994,False,February,0,0,0,0,0,0,0,0,0,0,0,1,0,0,0,0,0,0,1
2018-02-08,16:40:00,03,04,01,05,01,,0,368198.2828,5026640.498,False,February,0,0,0,0,0,0,0,0,1,0,0,0,0,0,0,0,0,0,1
2018-02-10,09:05:00,03,05,01,01,02,,0,371232.0424,5002262.083000001,False,February,0,0,0,0,0,0,0,0,0,0,0,1,0,0,0,0,0,0,1
2018-02-10,10:16:00,03,02,01,01,02,01,0,381203.6949,5037359.2930000005,False,February,1,0,0,0,0,0,0,0,0,0,1,0,0,0,0,0,0,0,1
2018-01-31,18:59:00,03,03,03,07,03,01,0,363342.6912,5025562.528,False,January,1,0,0,0,0,0,0,0,0,1,0,0,0,0,0,0,0,0,1
2018-01-26,20:00:00,03,04,01,07,01,01,0,361479.6768,5020502.48,False,January,1,0,0,0,0,0,0,0,0,1,0,0,0,0,0,0,0,0,1
2018-02-07,10:31:00,03,02,03,01,03,,0,371246.2875,5030102.053,False,February,0,0,0,0,0,0,0,0,0,0,0,1,0,0,0,0,0,0,1
2018-01-31,18:58:00,03,03,03,07,03,01,0,368511.7074,5032413.589,False,January,1,0,0,0,0,0,0,0,0,1,0,0,0,0,0,0,0,0,1
2018-01-26,23:29:00,03,07,01,07,02,,0,379966.1643,5033974.058,False,January,0,0,0,0,0,0,0,0,1,0,0,0,0,0,0,0,0,0,1
2018-01-27,02:59:00,03,05,01,07,01,,0,370010.7583,5033030.171,False,January,0,0,0,0,0,0,0,0,0,0,0,1,0,0,0,0,0,0,1
2018-01-27,04:14:00,03,07,01,07,01,,0,380756.0844,5037760.983,False,January,0,0,0,0,0,0,0,0,1,0,0,0,0,0,0,0,0,0,1
2018-01-27,09:30:00,03,07,01,01,01,,0,365767.3438,5011029.137,False,January,0,0,0,0,0,0,0,0,1,0,0,0,0,0,0,0,0,0,1
2018-01-27,09:56:00,02,06,01,01,04,,0,375642.7135,5020223.848,False,January,0,0,0,0,0,0,0,0,1,0,0,0,0,0,0,0,0,0,1
2018-01-27,,03,06,01,00,05,,0,364791.6726,5028667.914,False,January,0,0,0,0,0,0,0,0,1,0,0,0,0,0,0,0,0,0,1
2018-01-27,10:07:00,03,05,01,01,02,01,0,364943.6802,5023530.535,False,January,1,0,0,0,0,0,0,0,0,0,1,0,0,0,0,0,0,0,1
2018-01-27,11:07:00,03,03,01,01,01,01,0,349665.5768,5014034.433999999,False,January,1,0,0,0,0,0,0,0,0,1,0,0,0,0,0,0,0,0,1
2018-01-27,11:21:00,03,04,01,01,01,01,0,362061.6862,5023465.506,False,January,1,0,0,0,0,0,0,0,0,1,0,0,0,0,0,0,0,0,1
2018-01-27,12:37:00,03,03,01,01,01,01,0,372292.7364,5023293.508,False,January,0,1,0,0,0,0,0,0,0,1,0,0,0,0,0,0,0,0,1
2018-01-27,,03,06,01,00,06,,0,384115.4044,5034914.988,False,January,0,0,0,0,0,0,0,0,1,0,0,0,0,0,0,0,0,0,1
2018-01-27,11:20:00,03,05,01,01,02,01,0,367907.70700000005,5030188.563999999,False,January,1,0,0,0,0,0,0,0,0,0,1,0,0,0,0,0,0,0,1
2018-01-27,13:23:00,03,01,01,01,01,,0,381495.8735,5037448.635,False,January,0,0,0,0,0,0,0,0,1,0,0,0,0,0,0,0,0,0,1
2018-01-27,13:30:00,02,05,01,01,01,01,0,371685.9551,5030539.478,False,January,1,0,0,0,0,0,0,0,0,0,1,0,0,0,0,0,0,0,1
2018-01-27,13:41:00,03,04,01,01,02,01,0,367805.1728,5032236.262,False,January,1,0,0,0,0,0,0,0,0,0,1,0,0,0,0,0,0,0,1
2018-01-27,13:51:00,03,06,04,01,06,,0,384435.9329,5039569.338,False,January,0,0,0,0,0,0,0,0,1,0,0,0,0,0,0,0,0,0,1
2018-01-27,12:10:00,03,04,01,01,06,01,0,364593.7061,5029043.554,False,January,0,1,0,0,0,0,0,0,0,1,0,0,0,0,0,0,0,0,1
2018-01-27,14:01:00,02,02,01,01,02,01,0,350759.8066,5018219.848999999,False,January,0,1,0,0,0,0,0,0,0,0,1,0,0,0,0,0,0,0,1
2018-01-27,14:05:00,03,03,01,01,01,01,0,367399.7103,5019166.469,False,January,1,0,0,0,0,0,0,0,0,1,0,0,0,0,0,0,0,0,1
2018-01-27,14:08:00,03,02,01,01,01,,0,372312.5722,5030354.375,False,January,0,0,0,0,0,0,0,0,0,0,0,1,0,0,0,0,0,0,1
2018-01-27,14:15:00,02,03,01,01,02,01,0,380460.7951,5034296.403,False,January,1,0,0,0,0,0,0,0,0,0,1,0,0,0,0,0,0,0,1
2018-01-27,14:22:00,03,05,01,01,02,01,0,371921.7193,5032887.575,False,January,1,0,0,0,0,0,0,0,0,0,1,0,0,0,0,0,0,0,1
2018-01-26,16:00:00,03,0,01,01,01,,0,367241.1435,5015018.616,False,January,0,0,0,0,0,0,0,0,1,0,0,0,0,0,0,0,0,0,1
2018-01-27,,03,06,01,00,01,,0,368002.9007,5029543.07,False,January,0,0,0,0,0,0,0,0,0,0,0,1,0,0,0,0,0,0,1
2018-01-27,,03,06,01,00,01,,0,367977.5032,5032609.735,False,January,0,0,0,0,0,0,0,0,1,0,0,0,0,0,0,0,0,0,1
2018-01-27,16:30:00,02,02,02,05,02,01,0,366649.4005,5011531.251,False,January,0,1,0,0,0,0,0,0,0,0,1,0,0,0,0,0,0,0,1