DATE,TIME,CLASS_OF_ACCIDENT,IMPACT_TYPE,ENVIRONMENT,LIGHT,ROAD_SURFACE_CONDITION,TRAFFIC_CONTROL_CONDITION,NO_OF_PEDESTRIANS,X,Y,Highway,Month,categorical_TRAFFIC_CONTROL_01,categorical_TRAFFIC_CONTROL_02,categorical_TRAFFIC_CONTROL_03,categorical_TRAFFIC_CONTROL_04,categorical_TRAFFIC_CONTROL_07,categorical_TRAFFIC_CONTROL_08,categorical_TRAFFIC_CONTROL_09,categorical_TRAFFIC_CONTROL_11,categorical_ACCIDENT_LOCATION_01,categorical_ACCIDENT_LOCATION_02,categorical_ACCIDENT_LOCATION_03,categorical_ACCIDENT_LOCATION_04,categorical_ACCIDENT_LOCATION_05,categorical_ACCIDENT_LOCATION_06,categorical_ACCIDENT_LOCATION_07,categorical_Seasons_Fall,categorical_Seasons_Spring,categorical_Seasons_Summer,categorical_Seasons_Winter
2018-01-27,16:38:00,03,07,02,05,06,00,0,366683.9686,5020797.194,False,January,0,0,1,0,0,0,0,0,0,1,0,0,0,0,0,0,0,0,1
2018-01-27,17:01:00,02,07,02,05,02,01,1,354620.2739,5016027.427,False,January,1,0,0,0,0,0,0,0,0,0,1,0,0,0,0,0,0,0,1
2018-01-27,,03,06,01,00,06,,0,365378.1896,5029507.805,False,January,0,0,0,0,0,0,0,0,1,0,0,0,0,0,0,0,0,0,1
2018-01-27,,03,06,01,00,02,,0,369618.1102,5033321.213,False,January,0,0,0,0,0,0,0,0,1,0,0,0,0,0,0,0,0,0,1
2018-01-27,17:35:00,03,02,01,05,01,01,0,355105.6791,5016983.3319999995,False,January,0,0,0,0,0,0,0,1,0,0,1,0,0,0,0,0,0,0,1
2018-01-27,17:40:00,03,07,04,07,06,,0,370812.6047,5024069.549,False,January,0,0,0,0,0,0,0,0,1,0,0,0,0,0,0,0,0,0,1
2018-01-27,17:42:00,03,07,01,07,01,01,0,377839.391,5032754.562,False,January,1,0,0,0,0,0,0,0,0,0,1,0,0,0,0,0,0,0,1
2018-01-27,17:40:00,02,07,01,07,06,,1,339308.7535,5012504.317,False,January,0,0,0,0,0,0,0,0,1,0,0,0,0,0,0,0,0,0,1
2018-01-24,,03,06,01,0,06,,0,352038.0165,5016994.337,False,January,0,0,0,0,0,0,0,0,1,0,0,0,0,0,0,0,0,0,1
2018-01-27,18:00:00,03,06,01,07,02,,0,364309.2771,5026834.977,False,January,0,0,0,0,0,0,0,0,1,0,0,0,0,0,0,0,0,0,1
2018-01-27,18:33:00,03,07,01,07,01,,0,338052.0367,5024873.64,False,January,0,0,0,0,0,0,0,0,1,0,0,0,0,0,0,0,0,0,1
2018-01-27,16:30:00,03,04,01,01,02,,0,354429.1656,5016641.977,False,January,0,0,0,0,0,0,0,0,1,0,0,0,0,0,0,0,0,0,1
2018-01-27,21:30:00,02,02,01,07,02,01,0,364061.6896,5028822.553,False,January,0,1,0,0,0,0,0,0,0,0,1,0,0,0,0,0,0,0,1
2018-01-27,21:41:00,03,04,01,07,02,01,0,366935.2716,5031426.166,False,January,1,0,0,0,0,0,0,0,0,1,0,0,0,0,0,0,0,0,1
2018-01-28,01:46:00,03,02,01,07,01,01,0,379860.3941,5036470.884,False,January,0,0,0,0,0,0,0,1,0,0,1,0,0,0,0,0,0,0,1
2018-01-28,03:33:00,03,07,01,07,02,,0,365912.9405,5030324.138,False,January,0,0,0,0,0,0,0,0,1,0,0,0,0,0,0,0,0,0,1
2018-01-28,04:44:00,03,07,03,07,02,01,0,383422.439,5010701.018999999,False,January,0,1,0,0,0,0,0,0,0,1,0,0,0,0,0,0,0,0,1
2018-01-28,07:51:00,02,07,01,03,06,,0,346341.4511,5021100.829,False,January,0,0,0,0,0,0,0,0,1,0,0,0,0,0,0,0,0,0,1
2018-01-28,11:42:00,03,06,01,01,05,,0,363735.1919,5029449.291,False,January,0,0,0,0,0,0,0,0,1,0,0,0,0,0,0,0,0,0,1
2018-01-28,12:12:00,03,03,01,01,01,01,0,377088.7628,5015548.451,False,January,1,0,0,0,0,0,0,0,0,1,0,0,0,0,0,0,0,0,1
2018-01-28,13:01:00,03,03,01,01,02,01,0,365380.7031,5028745.545,False,January,1,0,0,0,0,0,0,0,0,1,0,0,0,0,0,0,0,0,1
2018-01-28,13:27:00,03,05,01,01,01,01,0,362282.6917,5024441.52,False,January,1,0,0,0,0,0,0,0,0,0,1,0,0,0,0,0,0,0,1
2018-01-28,13:37:00,03,06,01,01,02,01,0,369178.7976,5031334.745,False,January,1,0,0,0,0,0,0,0,0,0,1,0,0,0,0,0,0,0,1
2018-01-28,14:14:00,03,03,01,01,01,01,0,362331.6872,5024318.508,False,January,0,1,0,0,0,0,0,0,0,1,0,0,0,0,0,0,0,0,1
2018-01-27,15:00:00,03,0,01,01,01,,0,375603.80600000004,5033464.645,False,January,0,0,0,0,0,0,0,0,1,0,0,0,0,0,0,0,0,0,1
2018-01-28,14:20:00,03,05,01,01,02,01,0,366402.7024,5030675.572,False,January,0,1,0,0,0,0,0,0,0,1,0,0,0,0,0,0,0,0,1
2018-01-28,,03,06,01,00,01,,0,368125.8828,5032368.635,False,January,0,0,0,0,0,0,0,0,1,0,0,0,0,0,0,0,0,0,1
2018-01-28,14:57:00,03,03,01,01,01,01,0,368280.7047,5025609.532,False,January,1,0,0,0,0,0,0,0,0,1,0,0,0,0,0,0,0,0,1
2018-01-28,15:12:00,03,02,01,01,04,,0,367994.4061,5030515.961,False,January,0,0,0,0,0,0,0,0,0,0,0,1,0,0,0,0,0,0,1
2018-01-28,12:40:00,03,03,01,01,01,01,0,359058.6723,5022748.496,False,January,1,0,0,0,0,0,0,0,0,0,1,0,0,0,0,0,0,0,1
2018-01-28,15:25:00,03,04,01,01,01,,0,350502.59,5018992.496,False,January,0,0,0,0,0,0,0,0,1,0,0,0,0,0,0,0,0,0,1
2018-01-27,18:00:00,03,03,01,07,02,01,0,362050.6914,5025019.516,True,January,0,0,1,0,0,0,0,0,0,1,0,0,0,0,0,0,0,0,1
2018-01-28,17:49:00,03,05,01,07,02,01,0,375129.7457,5026189.518,False,January,1,0,0,0,0,0,0,0,0,0,1,0,0,0,0,0,0,0,1
2018-01-28,08:00:00,03,02,01,01,02,,0,368470.9066,5029190.59,False,January,0,0,0,0,0,0,0,0,0,0,0,1,0,0,0,0,0,0,1
2018-01-28,18:15:00,03,03,01,07,01,,0,384309.6845,5039961.7,False,January,0,0,0,0,0,0,0,0,1,0,0,0,0,0,0,0,0,0,1
2018-01-28,01:45:00,02,03,01,07,01,01,0,368372.1456,5031992.6389999995,False,January,1,0,0,0,0,0,0,0,0,1,0,0,0,0,0,0,0,0,1
2018-01-28,19:41:00,02,07,01,07,01,01,1,360553.6298,5022892.795,False,January,1,0,0,0,0,0,0,0,0,0,1,0,0,0,0,0,0,0,1
2018-01-28,21:55:00,02,06,01,07,02,00,0,357589.6546,5020180.478999999,False,January,0,1,0,0,0,0,0,0,0,1,0,0,0,0,0,0,0,0,1
2018-01-29,06:46:00,03,04,01,07,01,01,0,379860.7425,5036471.581,False,January,0,0,0,0,0,0,0,1,0,0,1,0,0,0,0,0,0,0,1
2018-01-29,07:00:00,03,03,01,07,01,01,0,373364.7297,5029424.551,False,January,1,0,0,0,0,0,0,0,0,1,0,0,0,0,0,0,0,0,1
2018-01-29,08:17:00,03,05,01,01,01,01,0,368970.7093,5030632.568,False,January,1,0,0,0,0,0,0,0,0,0,1,0,0,0,0,0,0,0,1
2018-01-29,08:25:00,03,03,01,01,02,01,0,370439.7187,5029581.556,False,January,0,1,0,0,0,0,0,0,0,1,0,0,0,0,0,0,0,0,1
2018-01-29,09:00:00,02,06,01,01,01,,1,369633.1033,5031728.756,False,January,0,0,0,0,0,0,0,0,1,0,0,0,0,0,0,0,0,0,1
2018-01-29,09:07:00,03,02,01,01,01,01,0,342164.9037,5021732.508,False,January,1,0,0,0,0,0,0,0,0,0,1,0,0,0,0,0,0,0,1
2018-01-29,09:18:00,02,02,01,01,01,01,0,379603.02200000006,5014729.1389999995,False,January,0,1,0,0,0,0,0,0,0,0,1,0,0,0,0,0,0,0,1
2018-01-29,11:30:00,03,02,01,01,01,,0,365708.5377,5016376.53,False,January,0,0,0,0,0,0,0,0,0,0,0,1,0,0,0,0,0,0,1
2018-01-26,14:00:00,03,06,01,01,01,,0,385728.4043,5038142.785,False,January,0,0,0,0,0,0,0,0,0,0,0,1,0,0,0,0,0,0,1
2018-01-29,12:05:00,03,03,01,01,02,01,0,373099.7274,5030005.566000001,False,January,1,0,0,0,0,0,0,0,0,1,0,0,0,0,0,0,0,0,1
2018-01-29,12:32:00,02,07,01,01,01,,1,373492.4004,5029081.297,False,January,0,0,0,0,0,0,0,0,1,0,0,0,0,0,0,0,0,0,1
2018-01-29,12:00:00,03,02,01,01,01,01,0,366940.9532,5031144.283,False,January,1,0,0,0,0,0,0,0,0,0,1,0,0,0,0,0,0,0,1
2018-01-29,13:52:00,02,05,01,01,01,01,0,360245.6795,5024781.512,False,January,1,0,0,0,0,0,0,0,0,0,1,0,0,0,0,0,0,0,1
2018-01-29,13:54:00,03,04,01,01,02,01,0,367786.7049,5030774.571,False,January,1,0,0,0,0,0,0,0,0,1,0,0,0,0,0,0,0,0,1
2018-01-29,13:15:00,03,05,01,01,01,01,0,370220.7091,5033148.59,False,January,0,1,0,0,0,0,0,0,0,0,1,0,0,0,0,0,0,0,1
2018-01-24,18:30:00,03,0,04,07,02,,0,368382.5249,5032313.946,False,January,0,0,0,0,0,0,0,0,1,0,0,0,0,0,0,0,0,0,1
2018-01-28,14:00:00,03,04,01,01,01,01,0,368184.711,5030485.573,False,January,1,0,0,0,0,0,0,0,0,1,0,0,0,0,0,0,0,0,1
2018-01-29,15:37:00,03,03,01,01,01,,0,390417.6406,5042206.475,False,January,0,0,0,0,0,0,0,0,1,0,0,0,0,0,0,0,0,0,1
2018-01-29,15:52:00,03,02,01,01,01,01,0,383287.8035,5016966.468,False,January,0,1,0,0,0,0,0,0,0,0,1,0,0,0,0,0,0,0,1
2018-01-29,15:53:00,03,03,01,01,01,01,0,371921.7188,5032887.575,False,January,1,0,0,0,0,0,0,0,0,1,0,0,0,0,0,0,0,0,1
2018-01-27,23:10:00,02,03,01,07,02,01,0,362706.2417,5023492.801,False,January,1,0,0,0,0,0,0,0,0,1,0,0,0,0,0,0,0,0,1
2018-01-29,,03,06,03,00,03,,0,348901.6486,5023722.137,False,January,0,0,0,0,0,0,0,0,1,0,0,0,0,0,0,0,0,0,1
2018-01-29,16:18:00,03,05,01,01,01,01,0,379860.7427,5036471.581,False,January,0,0,0,0,0,0,0,1,0,0,1,0,0,0,0,0,0,0,1
2018-01-29,16:25:00,03,03,01,01,01,,0,364648.1699,5025070.773,False,January,0,0,0,0,0,0,0,0,1,0,0,0,0,0,0,0,0,0,1
2018-01-29,16:27:00,02,04,01,01,01,01,0,364846.6985,5026967.5430000005,False,January,0,1,0,0,0,0,0,0,0,1,0,0,0,0,0,0,0,0,1
2018-01-29,17:27:00,03,03,01,05,01,,0,350319.04,5016657.217,False,January,0,0,0,0,0,0,0,0,0,1,0,0,0,0,0,0,0,0,1
2018-01-28,,03,06,01,00,01,,0,367906.0405,5032299.791,False,January,0,0,0,0,0,0,0,0,1,0,0,0,0,0,0,0,0,0,1
2018-01-29,18:25:00,02,03,01,07,05,01,0,359004.8714,5023990.613,False,January,1,0,0,0,0,0,0,0,0,1,0,0,0,0,0,0,0,0,1
2018-01-29,18:53:00,03,03,01,07,01,,0,371901.5828,5024323.232,False,January,0,0,0,0,0,0,0,0,1,0,0,0,0,0,0,0,0,0,1
2018-02-09,12:01:00,03,07,01,01,05,,0,343195.6042,5014405.522,False,February,0,0,0,0,0,0,0,0,1,0,0,0,0,0,0,0,0,0,1
2018-02-07,10:39:00,03,06,03,01,05,,0,372338.4163,5034198.853999999,False,February,0,0,0,0,0,0,0,0,1,0,0,0,0,0,0,0,0,0,1
2018-02-10,11:47:00,02,03,01,01,03,01,0,360639.7037,5023382.045,False,February,1,0,0,0,0,0,0,0,0,1,0,0,0,0,0,0,0,0,1
2018-02-07,09:30:00,03,02,03,01,03,01,0,361333.6819,5021526.488,False,February,0,1,0,0,0,0,0,0,0,0,1,0,0,0,0,0,0,0,1
2018-01-31,19:04:00,03,04,03,07,05,,0,371584.7687,5033724.415,False,January,0,0,0,0,0,0,0,0,1,0,0,0,0,0,0,0,0,0,1
2018-01-29,,03,06,01,00,01,,0,369109.4231,5031426.226,False,January,0,0,0,0,0,0,0,0,1,0,0,0,0,0,0,0,0,0,1
2018-02-10,,03,06,01,00,04,,0,372097.1574,5033134.272,False,February,0,0,0,0,0,0,0,0,1,0,0,0,0,0,0,0,0,0,1
2018-02-10,,03,06,01,00,02,,0,368157.1847,5030529.475,False,February,0,0,0,0,0,0,0,0,1,0,0,0,0,0,0,0,0,0,1
2018-02-10,12:10:00,03,05,01,01,02,01,0,364275.6923,5027493.534,False,February,1,0,0,0,0,0,0,0,0,0,1,0,0,0,0,0,0,0,1
2018-02-10,12:22:00,03,06,01,01,03,,0,362929.9163,5028226.234,False,February,0,0,0,0,0,0,0,0,0,0,0,1,0,0,0,0,0,0,1
2018-02-10,12:45:00,03,03,01,01,02,01,0,375047.7247,5031119.563999999,False,February,1,0,0,0,0,0,0,0,0,1,0,0,0,0,0,0,0,0,1
2018-02-10,12:49:00,03,04,03,01,04,01,0,364843.7048,5026765.544,False,February,0,1,0,0,0,0,0,0,0,1,0,0,0,0,0,0,0,0,1
2018-02-10,13:02:00,03,04,01,01,02,01,0,368119.7135,5031271.589,False,February,1,0,0,0,0,0,0,0,0,1,0,0,0,0,0,0,0,0,1
2018-02-10,12:00:00,03,0,03,01,04,,0,366880.3041,5029265.058,False,February,0,0,0,0,0,0,0,0,1,0,0,0,0,0,0,0,0,0,1
2018-02-10,14:47:00,03,02,03,01,03,01,0,356781.9895,5015892.134,False,February,1,0,0,0,0,0,0,0,0,0,1,0,0,0,0,0,0,0,1
2018-02-10,13:00:00,03,06,01,01,02,,0,354994.3476,5016879.133,False,February,0,0,0,0,0,0,0,0,0,0,0,1,0,0,0,0,0,0,1
2018-02-10,14:54:00,03,04,03,01,03,,0,364673.2466,5026374.749,False,February,0,0,0,0,0,0,0,0,1,0,0,0,0,0,0,0,0,0,1
2018-02-10,14:55:00,03,07,03,01,03,,0,368036.0253,5023838.362,False,February,0,0,0,0,0,0,0,0,1,0,0,0,0,0,0,0,0,0,1
2018-02-10,05:40:00,03,01,03,07,04,,0,384989.099,5006654.183999999,False,February,0,0,0,0,0,0,0,0,1,0,0,0,0,0,0,0,0,0,1
2018-02-10,15:07:00,03,05,01,01,04,00,0,369954.2809,5021126.63,False,February,0,1,0,0,0,0,0,0,0,1,0,0,0,0,0,0,0,0,1
2018-02-10,15:26:00,03,03,03,01,02,01,0,372130.42,5025598.581,False,February,0,1,0,0,0,0,0,0,0,1,0,0,0,0,0,0,0,0,1
2018-02-08,,03,06,01,00,02,,0,367723.9714,5030834.9969999995,False,February,0,0,0,0,0,0,0,0,1,0,0,0,0,0,0,0,0,0,1
2018-02-10,15:51:00,03,04,01,01,02,01,0,365402.7013,5027821.546,False,February,0,1,0,0,0,0,0,0,0,1,0,0,0,0,0,0,0,0,1
2018-02-10,16:04:00,03,07,03,01,04,,0,375811.2267,5021883.78,False,February,0,0,0,0,0,0,0,0,1,0,0,0,0,0,0,0,0,0,1
2018-02-10,16:11:00,02,02,03,01,03,01,0,369991.9734,5033883.288,False,February,0,1,0,0,0,0,0,0,0,0,1,0,0,0,0,0,0,0,1
2018-02-10,17:01:00,03,07,03,01,03,01,0,380682.6898,5036193.978,False,February,0,1,0,0,0,0,0,0,0,1,0,0,0,0,0,0,0,0,1
2018-02-10,17:15:00,03,02,03,07,05,01,0,364718.7014,5024784.523,False,February,0,1,0,0,0,0,0,0,0,1,0,0,0,0,0,0,0,0,1
2018-02-10,17:26:00,03,04,03,07,03,01,0,371306.8148,5024316.727,False,February,1,0,0,0,0,0,0,0,0,1,0,0,0,0,0,0,0,0,1
2018-02-10,17:32:00,03,07,03,07,05,,0,368025.5403,5016045.008,False,February,0,0,0,0,0,0,0,0,1,0,0,0,0,0,0,0,0,0,1
2018-02-10,17:38:00,02,01,03,07,05,01,0,380596.5182,5033091.7469999995,False,February,1,0,0,0,0,0,0,0,0,0,1,0,0,0,0,0,0,0,1
2018-02-10,17:41:00,03,05,03,07,03,01,0,371921.7187,5032887.574,False,February,1,0,0,0,0,0,0,0,0,1,0,0,0,0,0,0,0,0,1
2018-02-10,17:51:00,03,05,03,05,03,01,0,364172.2089,5014944.573,False,February,1,0,0,0,0,0,0,0,0,0,1,0,0,0,0,0,0,0,1
2018-02-10,17:54:00,03,03,03,07,04,01,0,360597.6843,5022584.501,False,February,1,0,0,0,0,0,0,0,0,1,0,0,0,0,0,0,0,0,1
2018-02-10,18:14:00,03,03,03,07,03,,0,368037.92600000004,5021826.716,False,February,0,0,0,0,0,0,0,0,1,0,0,0,0,0,0,0,0,0,1
2018-02-10,18:56:00,03,06,03,07,03,,0,366933.981,5025483.124,False,February,0,0,0,0,0,0,0,0,0,0,0,1,0,0,0,0,0,0,1
2018-02-10,19:11:00,03,01,03,07,03,,0,366434.1601,5029687.66,False,February,0,0,0,0,0,0,0,0,1,0,0,0,0,0,0,0,0,0,1
2018-02-10,19:27:00,03,04,03,07,03,,0,379479.8249,5037078.728999999,False,February,0,0,0,0,0,0,0,0,1,0,0,0,0,0,0,0,0,0,1
2018-02-10,19:29:00,03,07,03,07,03,,0,371927.5013,5012270.36,False,February,0,0,0,0,0,0,0,0,1,0,0,0,0,0,0,0,0,0,1
2018-02-10,19:20:00,03,05,03,07,05,01,0,371867.734,5024320.518,False,February,1,0,0,0,0,0,0,0,0,0,1,0,0,0,0,0,0,0,1
2018-02-10,21:21:00,03,02,03,07,04,01,0,367868.6539,5032008.883,False,February,1,0,0,0,0,0,0,0,0,0,1,0,0,0,0,0,0,0,1
2018-02-10,21:25:00,03,03,03,07,03,01,0,350942.5979,5016079.432,False,February,1,0,0,0,0,0,0,0,0,1,0,0,0,0,0,0,0,0,1
2018-02-10,21:58:00,03,03,03,07,02,,0,366721.4114,5029961.336,False,February,0,0,0,0,0,0,0,0,1,0,0,0,0,0,0,0,0,0,1
2018-02-10,22:38:00,03,05,03,07,04,01,0,370432.7161,5029081.557,False,February,1,0,0,0,0,0,0,0,0,0,1,0,0,0,0,0,0,0,1
2018-02-10,23:48:00,03,02,01,07,04,01,0,366661.6527,5029787.566000001,False,February,1,0,0,0,0,0,0,0,0,0,1,0,0,0,0,0,0,0,1
2018-02-11,00:04:00,03,02,01,07,03,01,0,376247.7473,5024595.515,False,February,0,1,0,0,0,0,0,0,0,0,1,0,0,0,0,0,0,0,1
2018-02-11,03:38:00,03,02,03,07,03,,0,365793.3876,5023073.279,False,February,0,0,0,0,0,0,0,0,1,0,0,0,0,0,0,0,0,0,1
2018-02-11,05:37:00,03,07,01,07,03,,0,366246.6471,5020816.371,False,February,0,0,0,0,0,0,0,0,1,0,0,0,0,0,0,0,0,0,1
2018-02-11,06:50:00,03,07,01,03,05,,0,360025.3714,4982816.822,False,February,0,0,0,0,0,0,0,0,1,0,0,0,0,0,0,0,0,0,1
2018-02-10,17:15:00,03,03,03,05,03,01,0,366709.69700000004,5012195.397,False,February,1,0,0,0,0,0,0,0,0,1,0,0,0,0,0,0,0,0,1
2018-02-10,,03,06,03,00,04,,0,384855.2224,5036163.655,False,February,0,0,0,0,0,0,0,0,1,0,0,0,0,0,0,0,0,0,1
2018-02-11,09:27:00,03,0,03,01,04,01,0,368371.8948,5031799.664,False,February,1,0,0,0,0,0,0,0,0,1,0,0,0,0,0,0,0,0,1
2018-02-11,09:43:00,02,02,01,01,02,01,0,362949.5871,5013991.964,False,February,0,1,0,0,0,0,0,0,0,0,1,0,0,0,0,0,0,0,1
2018-02-10,17:39:00,03,03,03,05,03,01,0,385101.0767,5034574.453,False,February,0,1,0,0,0,0,0,0,0,1,0,0,0,0,0,0,0,0,1
2018-02-11,12:56:00,02,05,01,01,02,01,0,363080.6756,5016732.455,False,February,1,0,0,0,0,0,0,0,0,1,0,0,0,0,0,0,0,0,1
2018-02-11,13:10:00,02,03,01,01,02,01,0,370466.7072,5033287.594,False,February,1,0,0,0,0,0,0,0,0,1,0,0,0,0,0,0,0,0,1
2018-02-11,14:18:00,03,05,02,01,02,01,0,372903.7222,5027463.531,False,February,1,0,0,0,0,0,0,0,0,0,1,0,0,0,0,0,0,0,1
2018-02-11,14:41:00,03,05,01,01,01,01,0,371766.7245,5026794.527,False,February,1,0,0,0,0,0,0,0,0,0,1,0,0,0,0,0,0,0,1
2018-02-11,15:43:00,03,02,02,01,04,01,0,367890.7072,5031646.575,False,February,1,0,0,0,0,0,0,0,0,1,0,0,0,0,0,0,0,0,1
2018-02-11,13:20:00,03,05,04,01,06,01,0,365555.4905,5029697.89,False,February,1,0,0,0,0,0,0,0,0,1,0,0,0,0,0,0,0,0,1
2018-02-11,16:45:00,03,04,04,05,02,00,0,367489.7068,5029236.562,False,February,0,1,0,0,0,0,0,0,0,1,0,0,0,0,0,0,0,0,1
2018-02-11,17:00:00,03,03,04,05,06,01,0,368074.7112,5031345.576,False,February,1,0,0,0,0,0,0,0,0,1,0,0,0,0,0,0,0,0,1
2018-02-11,17:16:00,03,07,04,07,04,,0,347389.4088,5015828.149,True,February,0,0,0,0,0,0,0,0,1,0,0,0,0,0,0,0,0,0,1
2018-02-11,17:34:00,03,03,03,07,04,,0,364350.6969,5024909.287,False,February,0,0,0,0,0,0,0,0,1,0,0,0,0,0,0,0,0,0,1
2018-02-11,17:57:00,03,03,04,07,06,01,0,379342.7315,5037116.594,False,February,1,0,0,0,0,0,0,0,0,1,0,0,0,0,0,0,0,0,1
2018-02-11,18:19:00,03,07,04,07,06,,0,374939.4112,5032622.61,False,February,0,0,0,0,0,0,0,0,1,0,0,0,0,0,0,0,0,0,1
2018-02-11,18:34:00,03,07,04,07,06,,0,339181.2958,5024250.254,False,February,0,0,0,0,0,0,0,0,1,0,0,0,0,0,0,0,0,0,1
2018-02-11,,03,06,04,00,03,,0,367265.521,5029477.65,False,February,0,0,0,0,0,0,0,0,1,0,0,0,0,0,0,0,0,0,1
2018-02-11,18:40:00,03,03,03,07,04,01,0,360346.6799,5023783.505,False,February,1,0,0,0,0,0,0,0,0,1,0,0,0,0,0,0,0,0,1
2018-02-11,18:50:00,03,03,04,07,06,01,0,379617.7472,5033274.562,False,February,1,0,0,0,0,0,0,0,0,1,0,0,0,0,0,0,0,0,1
2018-02-11,18:56:00,03,07,04,07,06,01,0,349864.3473,5023399.509,False,February,1,0,0,0,0,0,0,0,0,1,0,0,0,0,0,0,0,0,1
2018-02-11,19:15:00,03,05,03,07,03,01,0,380460.7947,5034296.403,False,February,1,0,0,0,0,0,0,0,0,0,1,0,0,0,0,0,0,0,1
2018-02-11,19:31:00,03,07,03,07,02,,0,359890.6608,5003786.805,False,February,0,0,0,0,0,0,0,0,1,0,0,0,0,0,0,0,0,0,1
2018-02-11,20:09:00,03,01,03,07,06,,0,361600.6784,5020226.915,False,February,0,0,0,0,0,0,0,0,1,0,0,0,0,0,0,0,0,0,1
2018-02-11,20:55:00,03,05,01,07,04,01,0,365051.6935,5023901.507,False,February,1,0,0,0,0,0,0,0,0,1,0,0,0,0,0,0,0,0,1
2018-02-11,22:01:00,02,07,04,07,04,,0,363374.9752,5026739.18,False,February,0,0,0,0,0,0,0,0,1,0,0,0,0,0,0,0,0,0,1
2018-02-11,23:45:00,03,07,04,07,06,,0,366891.7256,5028063.679,False,February,0,0,0,0,0,0,0,0,1,0,0,0,0,0,0,0,0,0,1
2018-02-12,04:00:00,03,07,03,07,03,,0,369089.7111,5010251.682,False,February,0,0,0,0,0,0,0,0,1,0,0,0,0,0,0,0,0,0,1
2018-02-12,05:01:00,03,07,04,07,06,01,0,367345.7302,5026848.527,False,February,1,0,0,0,0,0,0,0,0,0,1,0,0,0,0,0,0,0,1
2018-02-12,07:12:00,03,03,01,03,06,01,0,347160.6035,5026306.53,False,February,0,1,0,0,0,0,0,0,0,1,0,0,0,0,0,0,0,0,1
2018-02-12,07:33:00,03,02,01,01,01,01,0,361914.6296,5015397.436000001,False,February,0,1,0,0,0,0,0,0,0,0,1,0,0,0,0,0,0,0,1
2018-02-12,07:33:00,03,02,03,01,05,01,0,369635.8892,5011728.098999999,False,February,0,1,0,0,0,0,0,0,0,0,1,0,0,0,0,0,0,0,1
2018-02-12,07:57:00,03,02,01,01,02,01,0,373671.9857,5030481.563,False,February,0,1,0,0,0,0,0,0,0,0,1,0,0,0,0,0,0,0,1
2018-02-12,08:00:00,03,0,03,01,04,,0,360684.2974,5022636.004,False,February,0,0,0,0,0,0,0,0,1,0,0,0,0,0,0,0,0,0,1
2018-02-12,08:01:00,03,0,01,01,01,,0,369687.6183,5010685.504,False,February,0,0,0,0,0,0,0,0,1,0,0,0,0,0,0,0,0,0,1
2018-02-10,08:04:00,03,03,01,01,02,01,0,370851.7306,5024839.527,False,February,1,0,0,0,0,0,0,0,0,1,0,0,0,0,0,0,0,0,1
2018-02-11,20:35:00,03,03,01,07,05,01,0,383190.7572,5035796.563,False,February,1,0,0,0,0,0,0,0,0,1,0,0,0,0,0,0,0,0,1
2018-02-12,08:45:00,03,05,01,01,04,01,0,348804.5758,5014360.437,False,February,1,0,0,0,0,0,0,0,0,0,1,0,0,0,0,0,0,0,1
2018-02-12,09:41:00,03,02,01,01,02,01,0,375092.7524,5016674.459,False,February,1,0,0,0,0,0,0,0,0,0,1,0,0,0,0,0,0,0,1
2018-02-12,09:44:00,03,05,03,01,05,01,0,371933.9097,5029226.162,False,February,1,0,0,0,0,0,0,0,0,0,1,0,0,0,0,0,0,0,1
2018-02-12,10:23:00,03,05,01,01,02,01,0,369415.7144,5032590.586,False,February,0,1,0,0,0,0,0,0,0,0,1,0,0,0,0,0,0,0,1
2018-02-12,10:27:00,03,06,01,01,05,,0,366204.7094,5016873.124,False,February,0,0,0,0,0,0,0,0,1,0,0,0,0,0,0,0,0,0,1
2018-02-12,10:43:00,03,0,01,01,03,01,0,369948.3562,5033506.595,False,February,0,1,0,0,0,0,0,0,0,1,0,0,0,0,0,0,0,0,1
2018-02-06,14:00:00,03,06,01,01,03,,0,360046.7118,5022778.626,False,February,0,0,0,0,0,0,0,0,0,0,0,1,0,0,0,0,0,0,1
2018-02-12,12:21:00,02,02,01,01,02,01,0,371168.4496,5031284.46,False,February,1,0,0,0,0,0,0,0,0,0,1,0,0,0,0,0,0,0,1
2018-02-12,12:49:00,03,03,03,01,02,01,0,373902.7501,5028046.855,False,February,1,0,0,0,0,0,0,0,0,1,0,0,0,0,0,0,0,0,1
2018-02-12,13:01:00,03,04,01,01,03,01,0,372093.7129,5032472.585,False,February,1,0,0,0,0,0,0,0,0,1,0,0,0,0,0,0,0,0,1
2018-02-12,07:30:00,03,06,01,01,05,,0,350143.31,5023822.182,False,February,0,0,0,0,0,0,0,0,0,0,0,1,0,0,0,0,0,0,1
2018-02-12,,03,06,01,00,05,,0,367408.5151,5029390.589,False,February,0,0,0,0,0,0,0,0,0,0,0,1,0,0,0,0,0,0,1
2018-02-08,,03,06,01,00,01,,0,369456.9663,5027281.911,False,February,0,0,0,0,0,0,0,0,1,0,0,0,0,0,0,0,0,0,1