DATE,TIME,CLASS_OF_ACCIDENT,IMPACT_TYPE,ENVIRONMENT,LIGHT,ROAD_SURFACE_CONDITION,TRAFFIC_CONTROL_CONDITION,NO_OF_PEDESTRIANS,X,Y,Highway,Month,categorical_TRAFFIC_CONTROL_01,categorical_TRAFFIC_CONTROL_02,categorical_TRAFFIC_CONTROL_03,categorical_TRAFFIC_CONTROL_04,categorical_TRAFFIC_CONTROL_07,categorical_TRAFFIC_CONTROL_08,categorical_TRAFFIC_CONTROL_09,categorical_TRAFFIC_CONTROL_11,categorical_ACCIDENT_LOCATION_01,categorical_ACCIDENT_LOCATION_02,categorical_ACCIDENT_LOCATION_03,categorical_ACCIDENT_LOCATION_04,categorical_ACCIDENT_LOCATION_05,categorical_ACCIDENT_LOCATION_06,categorical_ACCIDENT_LOCATION_07,categorical_Seasons_Fall,categorical_Seasons_Spring,categorical_Seasons_Summer,categorical_Seasons_Winter
2018-02-10,09:35:00,03,03,01,01,04,01,0,368690.7119,5032425.59,False,February,0,1,0,0,0,0,0,0,0,1,0,0,0,0,0,0,0,0,1
2018-02-12,11:25:00,03,03,01,01,02,01,0,375654.7349,5034556.586,False,February,1,0,0,0,0,0,0,0,0,1,0,0,0,0,0,0,0,0,1
2018-02-12,14:58:00,03,04,01,01,03,,0,376585.7307,5035278.576,False,February,0,0,0,0,0,0,0,0,0,1,0,0,0,0,0,0,0,0,1
2018-02-12,15:35:00,03,05,01,01,01,01,0,375507.7504,5026406.529,False,February,1,0,0,0,0,0,0,0,0,0,1,0,0,0,0,0,0,0,1
2018-02-12,15:55:00,03,05,01,01,04,01,0,371421.7302,5026590.527,False,February,1,0,0,0,0,0,0,0,0,0,1,0,0,0,0,0,0,0,1
2018-01-31,19:16:00,03,03,03,07,04,01,0,369356.7063,5032925.588,False,January,1,0,0,0,0,0,0,0,0,0,1,0,0,0,0,0,0,0,1
2018-02-07,09:30:00,03,03,03,01,03,01,0,370248.0685,5026200.739,False,February,1,0,0,0,0,0,0,0,0,1,0,0,0,0,0,0,0,0,1
2018-01-30,00:35:00,02,07,01,07,01,,0,348876.0045,5014439.182,False,January,0,0,0,0,0,0,0,0,1,0,0,0,0,0,0,0,0,0,1
2018-01-31,19:16:00,03,07,02,07,03,,0,370589.0916,5026094.405,False,January,0,0,0,0,0,0,0,0,1,0,0,0,0,0,0,0,0,0,1
2018-02-07,11:18:00,03,05,03,01,03,,0,364280.0812,5025072.286,False,February,0,0,0,0,0,0,0,0,0,0,0,1,0,0,0,0,0,0,1
2018-01-31,19:31:00,03,02,03,07,03,01,0,351553.6086,5017864.464,False,January,1,0,0,0,0,0,0,0,0,0,1,0,0,0,0,0,0,0,1
2018-01-30,05:24:00,03,06,01,07,01,,0,368114.4352,5030597.591,False,January,0,0,0,0,0,0,0,0,1,0,0,0,0,0,0,0,0,0,1
2018-02-07,11:30:00,03,05,03,01,03,01,0,366813.9063,5015028.071,False,February,1,0,0,0,0,0,0,0,0,0,1,0,0,0,0,0,0,0,1
2018-01-31,19:47:00,03,01,03,07,03,00,0,365690.68299999996,5006091.908,False,January,0,1,0,0,0,0,0,0,0,1,0,0,0,0,0,0,0,0,1
2018-01-30,06:38:00,03,03,01,07,01,00,0,368036.656,5021945.5030000005,False,January,1,0,0,0,0,0,0,0,0,1,0,0,0,0,0,0,0,0,1
2018-02-07,11:44:00,03,04,03,01,04,,0,381657.4535,5038298.813999999,False,February,0,0,0,0,0,0,0,0,1,0,0,0,0,0,0,0,0,0,1
2018-01-31,19:52:00,03,04,03,07,03,00,0,360597.684,5022584.5,False,January,1,0,0,0,0,0,0,0,0,1,0,0,0,0,0,0,0,0,1
2018-01-30,06:43:00,03,0,01,07,01,,0,334655.1569,5014897.73,False,January,0,0,0,0,0,0,0,0,1,0,0,0,0,0,0,0,0,0,1
2018-02-07,12:05:00,03,04,03,01,04,,0,363087.6437,5022652.045,False,February,0,0,0,0,0,0,0,0,1,0,0,0,0,0,0,0,0,0,1
2018-01-31,15:45:00,03,01,03,01,03,,0,357507.9666,5019415.976,False,January,0,0,0,0,0,0,0,0,1,0,0,0,0,0,0,0,0,0,1
2018-01-30,06:15:00,03,07,03,07,05,,0,355574.0817,5024110.352,False,January,0,0,0,0,0,0,0,0,1,0,0,0,0,0,0,0,0,0,1
2018-02-07,12:11:00,03,03,03,01,03,,0,365078.1831,5023215.342,False,February,0,0,0,0,0,0,0,0,0,0,0,1,0,0,0,0,0,0,1
2018-02-07,12:17:00,03,05,03,01,03,01,0,372305.7197,5031951.574,False,February,1,0,0,0,0,0,0,0,0,0,1,0,0,0,0,0,0,0,1
2018-02-07,12:24:00,03,02,03,01,03,,0,370010.7853,5026808.573,False,February,0,0,0,0,0,0,0,0,0,0,0,1,0,0,0,0,0,0,1
2018-02-07,12:25:00,03,05,03,01,03,01,0,350907.617,5022246.508,False,February,1,0,0,0,0,0,0,0,0,0,1,0,0,0,0,0,0,0,1
2018-02-07,12:52:00,02,07,03,01,03,,0,392618.5379,5042737.028,False,February,0,0,0,0,0,0,0,0,1,0,0,0,0,0,0,0,0,0,1
2018-02-07,12:52:00,03,03,03,01,03,01,0,376228.7353,5035170.586,False,February,0,1,0,0,0,0,0,0,0,1,0,0,0,0,0,0,0,0,1
2018-02-07,12:55:00,03,02,03,01,03,,0,365751.02200000006,5022734.437,False,February,0,0,0,0,0,0,0,0,0,0,0,1,0,0,0,0,0,0,1
2018-02-07,13:32:00,03,03,03,01,03,01,0,365085.1497,5017903.19,False,February,1,0,0,0,0,0,0,0,0,0,1,0,0,0,0,0,0,0,1
2018-02-06,22:30:00,03,06,03,07,05,,0,364795.8904,5016283.873,False,February,0,0,0,0,0,0,0,0,0,0,0,1,0,0,0,0,0,0,1
2018-02-07,13:33:00,03,02,03,01,03,01,0,365382.6909,5013223.416999999,False,February,0,0,0,0,0,0,0,1,0,0,1,0,0,0,0,0,0,0,1
2018-02-07,13:47:00,02,03,03,01,05,01,0,354382.626,5016623.444,False,February,1,0,0,0,0,0,0,0,0,1,0,0,0,0,0,0,0,0,1
2018-02-07,13:55:00,03,03,03,01,03,,0,369717.9768,5030989.751,False,February,0,0,0,0,0,0,0,0,1,0,0,0,0,0,0,0,0,0,1
2018-02-07,11:20:00,03,03,03,01,03,01,0,367922.7099,5028091.547,False,February,1,0,0,0,0,0,0,0,0,1,0,0,0,0,0,0,0,0,1
2018-02-07,16:39:00,03,04,03,01,03,01,0,367890.7074,5031646.575,False,February,1,0,0,0,0,0,0,0,0,1,0,0,0,0,0,0,0,0,1
2018-02-07,14:08:00,03,03,04,01,06,01,0,357907.6515,5018498.456,False,February,1,0,0,0,0,0,0,0,0,0,1,0,0,0,0,0,0,0,1
2018-02-07,14:14:00,03,07,03,01,05,01,0,363916.0345,5023480.82,False,February,0,1,0,0,0,0,0,0,0,0,1,0,0,0,0,0,0,0,1
2018-02-07,13:40:00,03,07,02,01,03,00,0,379861.0909,5036470.884,False,February,0,0,0,0,0,0,0,1,0,1,0,0,0,0,0,0,0,0,1
2018-02-07,14:26:00,03,04,03,01,03,,0,360317.5447,5023850.671,False,February,0,0,0,0,0,0,0,0,1,0,0,0,0,0,0,0,0,0,1
2018-02-07,14:41:00,03,03,03,01,03,01,0,371017.7036,5033565.591,False,February,1,0,0,0,0,0,0,0,0,0,1,0,0,0,0,0,0,0,1
2018-02-07,14:40:00,03,03,03,01,03,01,0,343839.5083,5004008.407,False,February,0,1,0,0,0,0,0,0,0,0,1,0,0,0,0,0,0,0,1
2018-02-07,14:44:00,03,02,03,01,03,01,0,361383.4657,5023828.904,False,February,0,1,0,0,0,0,0,0,0,0,1,0,0,0,0,0,0,0,1
2018-02-07,14:58:00,03,05,03,01,05,01,0,369995.72,5026851.541999999,False,February,1,0,0,0,0,0,0,0,0,0,1,0,0,0,0,0,0,0,1
2018-02-07,14:50:00,03,03,03,01,05,,0,370070.7827,5029121.495,False,February,0,0,0,0,0,0,0,0,1,0,0,0,0,0,0,0,0,0,1
2018-02-07,15:07:00,02,03,03,01,03,01,0,368109.0471,5027766.436000001,False,February,1,0,0,0,0,0,0,0,0,0,1,0,0,0,0,0,0,0,1
2018-02-07,15:10:00,03,02,03,01,03,01,0,368274.0586,5029703.568,False,February,1,0,0,0,0,0,0,0,0,0,1,0,0,0,0,0,0,0,1
2018-02-07,15:13:00,02,03,03,01,06,01,0,375968.7321,5034756.595,False,February,1,0,0,0,0,0,0,0,0,0,1,0,0,0,0,0,0,0,1
2018-02-07,15:21:00,03,03,03,01,04,01,0,375357.7538,5021619.4969999995,False,February,1,0,0,0,0,0,0,0,0,1,0,0,0,0,0,0,0,0,1
2018-02-07,15:40:00,03,07,02,01,02,01,0,361934.6841,5025830.528,False,February,1,0,0,0,0,0,0,0,0,1,0,0,0,0,0,0,0,0,1
2018-02-07,15:41:00,03,02,03,01,03,01,0,367889.6624,5031645.8780000005,False,February,1,0,0,0,0,0,0,0,0,0,1,0,0,0,0,0,0,0,1
2018-02-07,15:41:00,03,05,03,01,05,01,0,365051.6943,5023901.507,False,February,1,0,0,0,0,0,0,0,0,0,1,0,0,0,0,0,0,0,1
2018-02-07,15:56:00,03,03,03,01,03,01,0,373148.7307,5027608.535,False,February,1,0,0,0,0,0,0,0,0,1,0,0,0,0,0,0,0,0,1
2018-02-07,16:04:00,03,03,03,01,05,,0,364865.2745,5025040.647,False,February,0,0,0,0,0,0,0,0,1,0,0,0,0,0,0,0,0,0,1
2018-02-07,16:09:00,03,07,03,01,03,,0,346249.6254,5017113.767,True,February,0,0,0,0,0,0,0,0,1,0,0,0,0,0,0,0,0,0,1
2018-02-07,16:13:00,03,03,03,01,05,01,0,366814.698,5031351.567,False,February,1,0,0,0,0,0,0,0,0,1,0,0,0,0,0,0,0,0,1
2018-02-12,16:04:00,02,03,01,01,03,01,0,362061.68700000003,5023465.505,False,February,1,0,0,0,0,0,0,0,0,1,0,0,0,0,0,0,0,0,1
2018-02-07,16:15:00,03,07,03,01,03,01,0,368326.7529,5032416.59,False,February,1,0,0,0,0,0,0,0,0,1,0,0,0,0,0,0,0,0,1
2018-02-07,16:09:00,03,01,03,01,05,,0,358291.9789,5017574.301,False,February,0,0,0,0,0,0,0,0,1,0,0,0,0,0,0,0,0,0,1
2018-02-07,16:19:00,03,02,03,01,04,01,0,380683.735,5036192.584,False,February,0,1,0,0,0,0,0,0,0,0,1,0,0,0,0,0,0,0,1
2018-02-07,16:23:00,03,02,03,01,03,01,0,364573.3556,5022663.498,False,February,0,1,0,0,0,0,0,0,0,0,1,0,0,0,0,0,0,0,1
2018-02-07,16:37:00,02,02,03,01,04,01,0,377187.1998,5032175.69,False,February,1,0,0,0,0,0,0,0,0,1,0,0,0,0,0,0,0,0,1
2018-02-07,16:52:00,03,05,05,01,03,01,0,363723.6816,5015276.425,False,February,1,0,0,0,0,0,0,0,0,0,1,0,0,0,0,0,0,0,1
2018-02-07,16:58:00,03,03,03,01,04,01,0,350455.6007,5019010.455,False,February,1,0,0,0,0,0,0,0,0,1,0,0,0,0,0,0,0,0,1
2018-02-07,10:30:00,03,06,03,01,04,,0,366370.5305,5029982.976,False,February,0,0,0,0,0,0,0,0,1,0,0,0,0,0,0,0,0,0,1
2018-02-07,17:07:00,03,03,03,01,02,,0,372386.7333,5031754.767,False,February,0,0,0,0,0,0,0,0,1,0,0,0,0,0,0,0,0,0,1
2018-02-07,16:45:00,03,03,03,05,05,,0,368169.5774,5022014.991,False,February,0,0,0,0,0,0,0,0,1,0,0,0,0,0,0,0,0,0,1
2018-02-07,17:13:00,02,05,03,05,04,01,0,364858.7004,5023725.51,False,February,1,0,0,0,0,0,0,0,0,0,1,0,0,0,0,0,0,0,1
2018-02-07,17:11:00,03,03,03,01,03,01,0,367636.7005,5031358.578,False,February,1,0,0,0,0,0,0,0,0,1,0,0,0,0,0,0,0,0,1
2018-02-07,17:14:00,03,0,03,05,02,01,0,365772.2343,5021560.194,False,February,1,0,0,0,0,0,0,0,0,1,0,0,0,0,0,0,0,0,1
2018-02-07,17:16:00,03,0,03,05,03,,0,372840.8635,5030630.13,False,February,0,0,0,0,0,0,0,0,1,0,0,0,0,0,0,0,0,0,1
2018-02-07,17:20:00,03,05,03,05,03,01,0,369653.7202,5027427.548,False,February,1,0,0,0,0,0,0,0,0,0,1,0,0,0,0,0,0,0,1
2018-02-07,17:22:00,03,03,03,05,03,01,0,381580.8351,5032591.7,False,February,0,1,0,0,0,0,0,0,0,1,0,0,0,0,0,0,0,0,1
2018-02-07,17:23:00,03,03,03,05,03,,0,376960.8245,5017829.789,False,February,0,0,0,0,0,0,0,0,1,0,0,0,0,0,0,0,0,0,1
2018-02-07,17:28:00,02,05,03,07,03,01,0,364172.2091,5014944.572,False,February,1,0,0,0,0,0,0,0,0,0,1,0,0,0,0,0,0,0,1
2018-02-07,16:15:00,03,02,03,01,04,,0,349847.7356,5024602.863,False,February,0,0,0,0,0,0,0,0,0,0,0,1,0,0,0,0,0,0,1
2018-02-07,17:46:00,03,0,03,07,05,,0,365548.7486,5020942.191000001,False,February,0,0,0,0,0,0,0,0,1,0,0,0,0,0,0,0,0,0,1
2018-02-07,15:15:00,03,04,03,01,03,01,0,369561.2512,5028415.0139999995,False,February,1,0,0,0,0,0,0,0,0,1,0,0,0,0,0,0,0,0,1
2018-02-07,18:00:00,03,01,03,07,03,,0,359952.1274,5023266.36,False,February,0,0,0,0,0,0,0,0,1,0,0,0,0,0,0,0,0,0,1
2018-02-07,18:00:00,03,05,03,07,03,01,0,350942.5978,5016079.432,False,February,1,0,0,0,0,0,0,0,0,0,1,0,0,0,0,0,0,0,1
2018-02-07,18:17:00,03,04,03,07,03,01,0,370676.3845,5031611.703,False,February,1,0,0,0,0,0,0,0,0,1,0,0,0,0,0,0,0,0,1
2018-02-07,18:34:00,03,03,03,07,05,01,0,369605.7146,5024193.506,False,February,1,0,0,0,0,0,0,0,0,0,1,0,0,0,0,0,0,0,1
2018-02-07,18:35:00,03,04,03,07,03,,0,369151.5137,5026098.903,False,February,0,0,0,0,0,0,0,0,1,0,0,0,0,0,0,0,0,0,1
2018-02-07,18:54:00,03,07,03,07,03,00,0,373229.0878,5023849.896000001,False,February,0,1,0,0,0,0,0,0,0,0,1,0,0,0,0,0,0,0,1
2018-02-07,19:03:00,03,04,03,07,03,,0,368633.0843,5032487.981000001,False,February,0,0,0,0,0,0,0,0,1,0,0,0,0,0,0,0,0,0,1
2018-02-07,19:09:00,03,07,03,07,03,,0,371813.1328,5030518.573,False,February,0,0,0,0,0,0,0,0,1,0,0,0,0,0,0,0,0,0,1
2018-02-07,19:30:00,03,07,03,07,03,,0,359079.79799999995,5009361.909,False,February,0,0,0,0,0,0,0,0,1,0,0,0,0,0,0,0,0,0,1
2018-02-07,19:37:00,03,04,03,07,03,00,0,376282.7532,5024509.517,False,February,0,1,0,0,0,0,0,0,0,1,0,0,0,0,0,0,0,0,1
2018-02-07,19:41:00,03,02,03,07,03,01,0,366160.3486,5030465.965,False,February,1,0,0,0,0,0,0,0,0,0,1,0,0,0,0,0,0,0,1
2018-02-07,19:54:00,03,07,03,07,03,,0,374301.0723,5034750.282,False,February,0,0,0,0,0,0,0,0,0,0,1,0,0,0,0,0,0,0,1
2018-02-07,22:06:00,03,02,01,07,05,,0,381333.516,5037191.193,False,February,0,0,0,0,0,0,0,0,0,0,0,1,0,0,0,0,0,0,1
2018-02-07,21:23:00,03,03,01,07,03,,0,364824.8346,5018553.368,False,February,0,0,0,0,0,0,0,0,1,0,0,0,0,0,0,0,0,0,1
2018-02-07,22:15:00,03,0,03,07,03,,0,372149.1136,5032336.696,False,February,0,0,0,0,0,0,0,0,1,0,0,0,0,0,0,0,0,0,1
2018-02-07,22:16:00,03,05,01,07,05,01,0,370507.7342,5023400.509,False,February,1,0,0,0,0,0,0,0,0,0,1,0,0,0,0,0,0,0,1
2018-02-07,23:03:00,03,02,01,07,05,01,0,365446.0482,5028594.853999999,False,February,0,1,0,0,0,0,0,0,0,1,0,0,0,0,0,0,0,0,1
2018-02-07,23:14:00,03,03,03,07,06,,0,365012.3262,5018089.701,False,February,0,0,0,0,0,0,0,0,1,0,0,0,0,0,0,0,0,0,1
2018-02-08,00:14:00,02,05,01,07,06,,0,375602.5991,5026174.89,False,February,0,0,0,0,0,0,0,0,1,0,0,0,0,0,0,0,0,0,1
2018-02-08,00:38:00,03,04,01,07,01,01,0,369127.7973,5033487.134,False,February,1,0,0,0,0,0,0,0,0,1,0,0,0,0,0,0,0,0,1
2018-02-08,02:09:00,03,07,02,07,02,01,0,363831.7844,5020900.843,False,February,1,0,0,0,0,0,0,0,0,1,0,0,0,0,0,0,0,0,1
2018-02-08,06:06:00,03,07,03,07,05,,0,374606.1742,5019671.851,False,February,0,0,0,0,0,0,0,0,1,0,0,0,0,0,0,0,0,0,1
2018-02-08,06:51:00,03,01,01,03,05,01,0,373791.7446,5019723.473999999,False,February,0,1,0,0,0,0,0,0,0,1,0,0,0,0,0,0,0,0,1
2018-02-08,07:07:00,02,0,01,03,03,01,0,369335.1736,5032723.04,False,February,0,1,0,0,0,0,0,0,0,1,0,0,0,0,0,0,0,0,1
2018-02-08,07:09:00,03,04,01,03,05,01,0,384682.7536,5039285.5819999995,False,February,0,0,0,0,0,0,0,1,0,1,0,0,0,0,0,0,0,0,1
2018-02-08,07:22:00,02,05,01,01,05,01,0,357145.6476,5018152.462,False,February,1,0,0,0,0,0,0,0,0,0,1,0,0,0,0,0,0,0,1
2018-01-31,19:50:00,03,02,03,07,03,01,0,375968.7318,5034756.595,False,January,1,0,0,0,0,0,0,0,0,0,1,0,0,0,0,0,0,0,1
2018-01-30,08:04:00,03,03,03,01,02,01,0,371946.72799999994,5024129.499,False,January,1,0,0,0,0,0,0,0,0,1,0,0,0,0,0,0,0,0,1
2018-02-12,16:19:00,03,02,01,01,01,01,0,368391.9645,5030485.169,False,February,1,0,0,0,0,0,0,0,0,1,0,0,0,0,0,0,0,0,1
2018-01-31,19:56:00,03,07,03,07,03,,0,392925.352,5033265.696,False,January,0,0,0,0,0,0,0,0,1,0,0,0,0,0,0,0,0,0,1
2018-01-29,,03,06,01,00,01,,0,366158.2957,5029118.475,False,January,0,0,0,0,0,0,0,0,1,0,0,0,0,0,0,0,0,0,1
2018-02-12,16:25:00,03,03,01,01,02,01,0,374247.7372,5028249.537,False,February,1,0,0,0,0,0,0,0,0,1,0,0,0,0,0,0,0,0,1
2018-01-31,19:59:00,03,05,03,07,03,01,0,370156.7276,5023121.492,False,January,1,0,0,0,0,0,0,0,0,0,1,0,0,0,0,0,0,0,1
2018-01-30,08:28:00,03,05,03,01,03,01,0,364548.8107,5015173.325,False,January,1,0,0,0,0,0,0,0,0,1,0,0,0,0,0,0,0,0,1
2018-02-12,16:44:00,03,05,01,01,05,,0,366144.1628,5026084.449,False,February,0,0,0,0,0,0,0,0,1,0,0,0,0,0,0,0,0,0,1
2018-01-31,20:06:00,03,04,03,07,03,00,0,369739.7086,5032887.585,False,January,1,0,0,0,0,0,0,0,0,1,0,0,0,0,0,0,0,0,1
2018-01-30,08:44:00,03,04,01,01,02,01,0,367371.919,5025693.477,False,January,1,0,0,0,0,0,0,0,0,1,0,0,0,0,0,0,0,0,1
2018-02-09,20:00:00,03,07,01,07,04,,0,367952.11600000004,4997695.109,False,February,0,0,0,0,0,0,0,0,1,0,0,0,0,0,0,0,0,0,1
2018-01-31,20:05:00,03,04,03,07,03,,0,350383.5622,5019031.268999999,False,January,0,0,0,0,0,0,0,0,1,0,0,0,0,0,0,0,0,0,1
2018-01-30,08:53:00,02,07,01,01,01,,0,369962.4904,5032248.61,False,January,0,0,0,0,0,0,0,0,1,0,0,0,0,0,0,0,0,0,1
2018-02-12,,03,06,01,00,01,,0,367982.8199,5028278.315,False,February,0,0,0,0,0,0,0,0,1,0,0,0,0,0,0,0,0,0,1
2018-01-31,20:24:00,03,03,03,07,03,01,0,363080.6753,5016732.456,False,January,1,0,0,0,0,0,0,0,0,1,0,0,0,0,0,0,0,0,1
2018-01-30,09:02:00,02,03,03,01,02,,0,366611.6676,5031284.853,False,January,0,0,0,0,0,0,0,0,0,0,0,0,0,0,1,0,0,0,1
2018-02-12,17:27:00,03,05,01,05,02,01,0,359501.6558,5014636.412,False,February,1,0,0,0,0,0,0,0,0,0,1,0,0,0,0,0,0,0,1
2018-02-12,16:30:00,03,02,01,01,04,01,0,372955.7362,5031116.574,False,February,0,1,0,0,0,0,0,0,0,0,1,0,0,0,0,0,0,0,1
2018-02-12,18:05:00,02,07,01,05,01,,0,353076.5539,5019926.68,True,February,0,0,0,0,0,0,0,0,1,0,0,0,0,0,0,0,0,0,1
2018-02-12,18:27:00,03,02,01,07,01,01,0,384682.4056,5039284.188,False,February,0,0,0,0,0,0,0,1,0,0,1,0,0,0,0,0,0,0,1
2018-02-12,19:34:00,03,07,01,07,02,01,0,367133.3533,5030082.261,False,February,1,0,0,0,0,0,0,0,0,0,1,0,0,0,0,0,0,0,1
2018-02-12,23:50:00,03,05,01,07,02,,0,369657.4339,5030951.522,True,February,0,0,0,0,0,0,0,0,0,0,0,1,0,0,0,0,0,0,1
2018-02-13,03:30:00,03,04,01,07,02,01,0,368315.9334,5032191.978,False,February,1,0,0,0,0,0,0,0,0,0,1,0,0,0,0,0,0,0,1
2018-02-13,05:00:00,03,07,01,07,01,,0,380278.6216,5026546.787,False,February,0,0,0,0,0,0,0,0,1,0,0,0,0,0,0,0,0,0,1
2018-02-13,06:33:00,03,03,01,03,01,01,0,365612.695,5021942.498,False,February,1,0,0,0,0,0,0,0,0,1,0,0,0,0,0,0,0,0,1
2018-02-13,06:36:00,03,07,01,03,06,01,0,370852.0789,5024840.225,False,February,1,0,0,0,0,0,0,0,0,1,0,0,0,0,0,0,0,0,1
2018-02-13,07:15:00,03,06,01,01,06,,0,355490.7882,5016356.383,False,February,0,0,0,0,0,0,0,0,1,0,0,0,0,0,0,0,0,0,1
2018-02-13,07:38:00,03,02,01,01,01,01,0,362293.0292,5016245.135,False,February,0,1,0,0,0,0,0,0,0,0,1,0,0,0,0,0,0,0,1
2018-02-13,07:45:00,03,03,01,01,0,,0,338312.6367,5035612.86,False,February,0,0,0,0,0,0,0,0,1,0,0,0,0,0,0,0,0,0,1
2018-02-13,07:43:00,02,03,01,01,06,01,0,349371.3277,5020112.481000001,False,February,0,1,0,0,0,0,0,0,0,1,0,0,0,0,0,0,0,0,1
2018-02-13,08:08:00,03,05,01,01,01,01,0,377187.1999,5032175.688999999,False,February,1,0,0,0,0,0,0,0,0,0,1,0,0,0,0,0,0,0,1
2018-02-13,07:56:00,03,07,01,01,02,01,1,365193.3487,5022948.495,False,February,1,0,0,0,0,0,0,0,0,0,1,0,0,0,0,0,0,0,1
2018-02-13,08:57:00,03,02,01,01,01,01,0,361241.5359,5014855.727,False,February,0,1,0,0,0,0,0,0,0,0,1,0,0,0,0,0,0,0,1
2018-02-13,09:14:00,03,05,01,01,02,01,0,368804.7041,5028434.556,False,February,1,0,0,0,0,0,0,0,0,0,1,0,0,0,0,0,0,0,1
2018-02-12,03:30:00,03,02,01,07,05,01,0,373495.8847,5029149.59,False,February,1,0,0,0,0,0,0,0,0,0,1,0,0,0,0,0,0,0,1
2018-02-13,10:20:00,03,05,01,01,01,01,0,368243.7112,5030392.563999999,True,February,1,0,0,0,0,0,0,0,0,0,1,0,0,0,0,0,0,0,1
2018-02-13,,03,06,01,00,01,,0,369430.4139,5033771.32,False,February,0,0,0,0,0,0,0,0,1,0,0,0,0,0,0,0,0,0,1
2018-02-13,07:55:00,03,04,01,01,01,01,0,362942.6981,5026488.527,False,February,1,0,0,0,0,0,0,0,0,1,0,0,0,0,0,0,0,0,1
2018-02-13,12:05:00,03,04,01,01,01,01,0,367948.7099,5031549.576,False,February,1,0,0,0,0,0,0,0,0,1,0,0,0,0,0,0,0,0,1
2018-02-13,12:07:00,02,07,01,01,01,01,1,365548.1781,5022100.791,False,February,1,0,0,0,0,0,0,0,0,1,0,0,0,0,0,0,0,0,1
2018-02-13,12:32:00,03,03,01,01,03,01,0,372093.713,5032472.585,False,February,1,0,0,0,0,0,0,0,0,1,0,0,0,0,0,0,0,0,1
2018-02-13,,03,06,01,00,02,,0,354994.0716,5017823.259,False,February,0,0,0,0,0,0,0,0,1,0,0,0,0,0,0,0,0,0,1
2018-02-13,13:37:00,02,03,01,01,01,,0,368138.1841,5026497.4180000005,False,February,0,0,0,0,0,0,0,0,1,0,0,0,0,0,0,0,0,0,1
2018-02-13,11:50:00,03,03,01,01,01,01,0,372305.7192,5031951.574,False,February,1,0,0,0,0,0,0,0,0,1,0,0,0,0,0,0,0,0,1
2018-02-13,13:47:00,02,02,01,01,01,01,0,382557.4993,5035770.967,False,February,0,1,0,0,0,0,0,0,0,1,0,0,0,0,0,0,0,0,1
2018-02-13,13:52:00,03,04,01,01,01,01,0,360597.6843,5022584.5,False,February,1,0,0,0,0,0,0,0,0,1,0,0,0,0,0,0,0,0,1
2018-02-13,14:13:00,03,02,01,01,02,01,0,365101.7032,5024009.508,False,February,1,0,0,0,0,0,0,0,0,0,1,0,0,0,0,0,0,0,1
2018-02-13,15:16:00,03,05,01,01,02,01,0,371145.7086,5034781.597,False,February,1,0,0,0,0,0,0,0,0,0,1,0,0,0,0,0,0,0,1
2018-02-13,15:32:00,03,04,01,01,02,01,0,371845.3343,5030815.925,False,February,1,0,0,0,0,0,0,0,0,1,0,0,0,0,0,0,0,0,1
2018-02-13,15:52:00,03,03,01,01,02,01,0,369166.7139,5030173.552,False,February,1,0,0,0,0,0,0,0,0,1,0,0,0,0,0,0,0,0,1
2018-02-13,,03,06,01,00,02,,0,351465.277,5019669.263,False,February,0,0,0,0,0,0,0,0,1,0,0,0,0,0,0,0,0,0,1
2018-02-13,16:18:00,02,02,01,01,06,,0,374271.5649,5032834.965,False,February,0,0,0,0,0,0,0,0,0,0,0,1,0,0,0,0,0,0,1
2018-02-13,17:12:00,03,05,01,05,01,,0,363418.3048,5021829.998,False,February,0,0,0,0,0,0,0,0,1,0,0,0,0,0,0,0,0,0,1
2018-02-13,17:27:00,03,07,01,07,01,,0,328213.2576,5035401.614,False,February,0,0,0,0,0,0,0,0,1,0,0,0,0,0,0,0,0,0,1
2018-02-13,16:00:00,03,03,01,01,01,,0,379320.4143,5036952.032,False,February,0,0,0,0,0,0,0,0,1,0,0,0,0,0,0,0,0,0,1
2018-02-13,19:27:00,03,03,01,07,02,01,0,364858.6999,5023725.511,False,February,1,0,0,0,0,0,0,0,0,1,0,0,0,0,0,0,0,0,1
2018-02-13,21:04:00,03,07,01,07,05,,0,381242.779,5032979.141,False,February,0,0,0,0,0,0,0,0,1,0,0,0,0,0,0,0,0,0,1
2018-02-13,21:18:00,02,05,01,07,01,01,0,371452.7278,5027012.538,False,February,1,0,0,0,0,0,0,0,0,0,1,0,0,0,0,0,0,0,1
2018-02-13,21:49:00,03,05,01,07,01,01,0,354382.6255,5016623.444,False,February,1,0,0,0,0,0,0,0,0,0,1,0,0,0,0,0,0,0,1
2018-02-13,,03,06,01,00,05,,0,382112.2247,5037788.685,False,February,0,0,0,0,0,0,0,0,1,0,0,0,0,0,0,0,0,0,1