DATE,TIME,CLASS_OF_ACCIDENT,IMPACT_TYPE,ENVIRONMENT,LIGHT,ROAD_SURFACE_CONDITION,TRAFFIC_CONTROL_CONDITION,NO_OF_PEDESTRIANS,X,Y,Highway,Month,categorical_TRAFFIC_CONTROL_01,categorical_TRAFFIC_CONTROL_02,categorical_TRAFFIC_CONTROL_03,categorical_TRAFFIC_CONTROL_04,categorical_TRAFFIC_CONTROL_07,categorical_TRAFFIC_CONTROL_08,categorical_TRAFFIC_CONTROL_09,categorical_TRAFFIC_CONTROL_11,categorical_ACCIDENT_LOCATION_01,categorical_ACCIDENT_LOCATION_02,categorical_ACCIDENT_LOCATION_03,categorical_ACCIDENT_LOCATION_04,categorical_ACCIDENT_LOCATION_05,categorical_ACCIDENT_LOCATION_06,categorical_ACCIDENT_LOCATION_07,categorical_Seasons_Fall,categorical_Seasons_Spring,categorical_Seasons_Summer,categorical_Seasons_Winter
2018-02-13,22:55:00,03,07,01,07,01,,0,380262.4995,5026544.013,False,February,0,0,0,0,0,0,0,0,1,0,0,0,0,0,0,0,0,0,1
2018-02-14,06:51:00,03,03,03,03,04,01,0,366646.6962,5011532.413,False,February,0,1,0,0,0,0,0,0,0,1,0,0,0,0,0,0,0,0,1
2018-02-14,07:14:00,03,02,01,01,01,01,0,380596.5182,5033091.748,False,February,0,1,0,0,0,0,0,0,0,0,1,0,0,0,0,0,0,0,1
2018-02-14,07:41:00,02,07,01,01,01,01,1,368373.3872,5031992.44,False,February,1,0,0,0,0,0,0,0,0,0,1,0,0,0,0,0,0,0,1
2018-02-14,07:49:00,02,07,01,01,06,,0,374202.9443,5018744.204,False,February,0,0,0,0,0,0,0,0,1,0,0,0,0,0,0,0,0,0,1
2018-02-13,08:00:00,03,04,01,01,01,,0,359547.8813,5023608.0030000005,False,February,0,0,0,0,0,0,0,0,1,0,0,0,0,0,0,0,0,0,1
2018-02-13,17:52:00,03,03,01,07,01,,0,365823.8968,5026836.618,False,February,0,0,0,0,0,0,0,0,1,0,0,0,0,0,0,0,0,0,1
2018-02-14,08:18:00,03,03,01,01,01,01,0,367602.7097,5025873.538,False,February,1,0,0,0,0,0,0,0,0,1,0,0,0,0,0,0,0,0,1
2018-02-14,08:24:00,02,03,01,01,01,01,0,369917.1876,5029121.391,False,February,0,0,1,0,0,0,0,0,0,1,0,0,0,0,0,0,0,0,1
2018-02-14,08:39:00,03,03,01,01,02,,0,367135.0125,5026483.2360000005,False,February,0,0,0,0,0,0,0,0,1,0,0,0,0,0,0,0,0,0,1
2018-02-14,09:06:00,03,02,01,01,02,,0,364825.0563,5012734.577,False,February,0,0,0,0,0,0,0,0,0,0,0,1,0,0,0,0,0,0,1
2018-02-14,09:31:00,03,03,01,01,02,01,0,372903.7228,5027463.531,False,February,1,0,0,0,0,0,0,0,0,1,0,0,0,0,0,0,0,0,1
2018-02-14,09:50:00,02,02,01,01,01,,0,376352.00200000004,5019267.243,False,February,0,0,0,0,0,0,0,0,0,0,0,1,0,0,0,0,0,0,1
2018-02-14,09:59:00,02,02,01,01,02,01,0,373569.7325,5029260.545,False,February,1,0,0,0,0,0,0,0,0,1,0,0,0,0,0,0,0,0,1
2018-02-14,10:10:00,03,06,01,01,01,,0,363985.0316,5028773.447,False,February,0,0,0,0,0,0,0,0,1,0,0,0,0,0,0,0,0,0,1
2018-02-14,10:20:00,03,03,01,01,01,01,0,367394.7117,5023266.516,False,February,1,0,0,0,0,0,0,0,0,1,0,0,0,0,0,0,0,0,1
2018-02-13,19:35:00,03,05,01,07,02,01,0,365462.7013,5022298.499,False,February,1,0,0,0,0,0,0,0,0,0,1,0,0,0,0,0,0,0,1
2018-02-14,11:27:00,02,03,01,01,01,01,0,352841.6247,5020476.467,True,February,1,0,0,0,0,0,0,0,0,1,0,0,0,0,0,0,0,0,1
2018-02-14,11:30:00,03,02,01,01,01,01,0,372401.6909,5028587.2469999995,False,February,0,1,0,0,0,0,0,0,0,0,1,0,0,0,0,0,0,0,1
2018-02-14,12:07:00,03,05,01,01,01,01,0,364276.7876,5027494.344,False,February,1,0,0,0,0,0,0,0,0,0,1,0,0,0,0,0,0,0,1
2018-02-14,12:37:00,03,02,01,01,02,01,0,364994.6981,5029622.56,False,February,0,1,0,0,0,0,0,0,0,0,1,0,0,0,0,0,0,0,1
2018-02-14,12:45:00,02,03,01,01,01,01,0,373407.7192,5033925.575,False,February,0,1,0,0,0,0,0,0,0,1,0,0,0,0,0,0,0,0,1
2018-02-14,12:52:00,03,02,01,01,01,,0,381542.5977,5035703.78,False,February,0,0,0,0,0,0,0,0,0,0,0,1,0,0,0,0,0,0,1
2018-02-14,12:54:00,02,03,01,01,02,01,0,362273.388,5023596.318,False,February,1,0,0,0,0,0,0,0,0,0,1,0,0,0,0,0,0,0,1
2018-02-14,13:57:00,03,02,01,01,02,01,0,365164.8638,5013549.969,False,February,1,0,0,0,0,0,0,0,0,0,1,0,0,0,0,0,0,0,1
2018-02-12,20:15:00,03,03,03,07,02,01,0,363085.6908,5024097.507,False,February,1,0,0,0,0,0,0,0,0,1,0,0,0,0,0,0,0,0,1
2018-02-14,14:24:00,03,03,01,01,01,01,0,369917.1877,5029121.391,False,February,0,0,1,0,0,0,0,0,0,1,0,0,0,0,0,0,0,0,1
2018-02-14,15:39:00,03,03,01,01,02,01,0,368897.4493,5027671.907,False,February,1,0,0,0,0,0,0,0,0,1,0,0,0,0,0,0,0,0,1
2018-02-14,15:50:00,02,05,01,01,02,01,0,366019.7008,5020955.493,False,February,1,0,0,0,0,0,0,0,0,0,1,0,0,0,0,0,0,0,1
2018-02-14,15:57:00,02,03,01,01,02,,0,359758.4486,5024473.303,False,February,0,0,0,0,0,0,0,0,1,0,0,0,0,0,0,0,0,0,1
2018-02-14,16:15:00,03,06,01,01,02,,0,367008.8139,5016385.407,False,February,0,0,0,0,0,0,0,0,1,0,0,0,0,0,0,0,0,0,1
2018-02-14,17:50:00,03,04,01,05,02,,0,367521.1563,5029555.585,False,February,0,0,0,0,0,0,0,0,1,0,0,0,0,0,0,0,0,0,1
2018-02-14,18:01:00,03,05,01,07,02,01,0,356001.6547,5023937.511,False,February,1,0,0,0,0,0,0,0,0,0,1,0,0,0,0,0,0,0,1
2018-02-14,13:30:00,03,06,01,01,02,,0,368175.9508,5032488.956,False,February,0,0,0,0,0,0,0,0,1,0,0,0,0,0,0,0,0,0,1
2018-02-14,18:54:00,02,07,01,07,02,01,1,364881.0548,5025066.823,False,February,1,0,0,0,0,0,0,0,0,0,1,0,0,0,0,0,0,0,1
2018-02-14,20:47:00,02,02,01,07,02,01,0,372560.6708,5017440.716,False,February,0,1,0,0,0,0,0,0,0,0,1,0,0,0,0,0,0,0,1
2018-02-14,21:50:00,02,07,01,07,01,01,1,369651.9777,5027427.548,False,February,1,0,0,0,0,0,0,0,0,0,1,0,0,0,0,0,0,0,1
2018-02-14,23:42:00,03,04,01,07,01,,0,362044.9369,5025033.89,True,February,0,0,0,0,0,0,0,0,1,0,0,0,0,0,0,0,0,0,1
2018-02-14,23:55:00,03,07,01,07,03,,0,364781.5334,5027447.726,False,February,0,0,0,0,0,0,0,0,1,0,0,0,0,0,0,0,0,0,1
2018-02-15,00:21:00,03,02,01,07,02,01,0,379859.6972,5036470.187,False,February,0,0,0,0,0,0,0,1,0,0,1,0,0,0,0,0,0,0,1
2018-02-15,01:25:00,03,07,01,07,01,,0,346874.472,5030654.722,False,February,0,0,0,0,0,0,0,0,1,0,0,0,0,0,0,0,0,0,1
2018-02-15,01:47:00,03,04,03,07,02,01,0,368185.7088,5032111.581,False,February,1,0,0,0,0,0,0,0,0,0,1,0,0,0,0,0,0,0,1
2018-02-15,02:41:00,03,03,01,07,01,,0,370441.2021,5026364.011,False,February,0,0,0,0,0,0,0,0,1,0,0,0,0,0,0,0,0,0,1
2018-02-15,08:23:00,03,04,04,01,06,01,0,373763.74,5025404.523,False,February,1,0,0,0,0,0,0,0,0,1,0,0,0,0,0,0,0,0,1
2018-02-15,08:27:00,02,02,02,01,06,01,0,377873.0278,5020725.884,False,February,0,1,0,0,0,0,0,0,0,0,1,0,0,0,0,0,0,0,1
2018-02-15,08:28:00,03,04,04,01,06,01,0,375044.75,5022238.498,False,February,1,0,0,0,0,0,0,0,0,1,0,0,0,0,0,0,0,0,1
2018-02-15,08:44:00,02,02,04,01,06,01,0,369074.7211,5025368.529,False,February,0,0,1,0,0,0,0,0,0,0,1,0,0,0,0,0,0,0,1
2018-02-15,08:51:00,03,03,04,01,06,01,0,372601.7262,5027284.544,False,February,1,0,0,0,0,0,0,0,0,1,0,0,0,0,0,0,0,0,1
2018-02-15,08:51:00,03,04,04,01,06,,0,369196.7793,5027792.739,False,February,0,0,0,0,0,0,0,0,1,0,0,0,0,0,0,0,0,0,1
2018-02-15,08:54:00,03,01,04,01,06,,0,384543.5363,5033051.523,False,February,0,0,0,0,0,0,0,0,1,0,0,0,0,0,0,0,0,0,1
2018-01-31,20:30:00,03,03,03,07,03,01,0,383951.4119,5036160.955,False,January,1,0,0,0,0,0,0,0,0,1,0,0,0,0,0,0,0,0,1
2018-01-30,10:32:00,03,04,01,01,01,01,0,367602.7097,5025873.538,False,January,1,0,0,0,0,0,0,0,0,1,0,0,0,0,0,0,0,0,1
2018-01-31,20:51:00,03,06,05,07,06,,0,356832.4881,5006453.618,False,January,0,0,0,0,0,0,0,0,1,0,0,0,0,0,0,0,0,0,1
2018-01-30,11:00:00,03,02,01,01,02,01,0,349415.5781,5014324.423,False,January,1,0,0,0,0,0,0,0,0,0,1,0,0,0,0,0,0,0,1
2018-01-31,21:11:00,03,07,01,07,03,,0,340119.797,5019847.867,True,January,0,0,0,0,0,0,0,0,1,0,0,0,0,0,0,0,0,0,1
2018-02-01,01:40:00,03,07,01,07,06,,0,366500.3502,5018777.436000001,False,February,0,0,0,0,0,0,0,0,1,0,0,0,0,0,0,0,0,0,1
2018-02-01,07:07:00,03,04,03,03,03,01,0,363520.69,5026850.541999999,False,February,1,0,0,0,0,0,0,0,0,1,0,0,0,0,0,0,0,0,1
2018-02-01,07:58:00,03,05,03,01,03,01,0,374971.7409,5027717.536,False,February,1,0,0,0,0,0,0,0,0,1,0,0,0,0,0,0,0,0,1
2018-02-01,08:53:00,03,03,03,01,03,01,0,363739.6839,5023105.51,False,February,1,0,0,0,0,0,0,0,0,1,0,0,0,0,0,0,0,0,1
2018-02-01,09:03:00,03,06,01,01,05,,0,366622.5339,5029408.078,False,February,0,0,0,0,0,0,0,0,1,0,0,0,0,0,0,0,0,0,1
2018-01-31,08:57:00,03,03,01,01,01,,0,377182.7445,5032180.839,False,January,0,0,0,0,0,0,0,0,1,0,0,0,0,0,0,0,0,0,1
2018-02-01,09:24:00,02,02,01,01,02,,0,372135.8276,5012403.299,False,February,0,0,0,0,0,0,0,0,1,0,0,0,0,0,0,0,0,0,1
2018-02-01,09:47:00,03,03,01,01,02,01,0,350267.6048,5016713.454,False,February,1,0,0,0,0,0,0,0,0,1,0,0,0,0,0,0,0,0,1
2018-02-01,11:00:00,03,04,01,01,01,01,0,366900.7114,5028776.548,False,February,1,0,0,0,0,0,0,0,0,1,0,0,0,0,0,0,0,0,1
2018-02-01,11:01:00,03,05,01,01,02,,0,371659.0156,5033872.259,False,February,0,0,0,0,0,0,0,0,0,0,0,1,0,0,0,0,0,0,1
2018-02-01,11:08:00,03,03,01,01,02,01,0,364358.7032,5024890.512,False,February,1,0,0,0,0,0,0,0,0,1,0,0,0,0,0,0,0,0,1
2018-02-01,11:51:00,03,03,03,01,06,01,0,374674.7434,5028499.541,False,February,1,0,0,0,0,0,0,0,0,1,0,0,0,0,0,0,0,0,1
2018-02-01,,03,06,01,00,05,,0,364796.51700000005,5025947.711,False,February,0,0,0,0,0,0,0,0,1,0,0,0,0,0,0,0,0,0,1
2018-02-01,12:44:00,03,03,01,01,01,01,0,370831.4892,5026945.1110000005,False,February,1,0,0,0,0,0,0,0,0,1,0,0,0,0,0,0,0,0,1
2018-02-01,12:44:00,03,03,01,01,01,01,0,367301.7033,5031556.576,False,February,1,0,0,0,0,0,0,0,0,1,0,0,0,0,0,0,0,0,1
2018-02-01,12:58:00,02,02,01,01,01,01,0,370684.7183,5030592.553,False,February,1,0,0,0,0,0,0,0,0,0,1,0,0,0,0,0,0,0,1
2018-01-31,20:35:00,03,02,03,07,03,01,0,373762.6947,5025403.826,False,January,1,0,0,0,0,0,0,0,0,0,1,0,0,0,0,0,0,0,1
2018-01-04,16:30:00,03,03,01,05,03,01,0,361479.6771,5020502.48,False,January,1,0,0,0,0,0,0,0,0,1,0,0,0,0,0,0,0,0,1
2018-02-01,14:48:00,03,03,01,01,01,01,0,373497.5851,5020419.261,False,February,1,0,0,0,0,0,0,0,0,1,0,0,0,0,0,0,0,0,1
2018-02-01,15:21:00,03,06,01,01,03,,0,370737.7573,5033591.29,False,February,0,0,0,0,0,0,0,0,1,0,0,0,0,0,0,0,0,0,1
2018-02-01,09:20:00,03,04,01,01,02,,0,353850.1643,5017977.859,False,February,0,0,0,0,0,0,0,0,1,0,0,0,0,0,0,0,0,0,1
2018-02-01,15:30:00,03,02,03,01,02,01,0,352179.374,5018500.67,False,February,1,0,0,0,0,0,0,0,0,0,1,0,0,0,0,0,0,0,1
2018-02-01,15:36:00,03,03,04,01,02,01,0,351543.999,5016629.975,False,February,1,0,0,0,0,0,0,0,0,1,0,0,0,0,0,0,0,0,1
2018-02-01,17:05:00,03,03,03,07,03,,0,348732.0384,5024642.699,False,February,0,0,0,0,0,0,0,0,1,0,0,0,0,0,0,0,0,0,1
2018-02-01,,03,06,01,00,01,,0,364318.2775,5028962.258,False,February,0,0,0,0,0,0,0,0,1,0,0,0,0,0,0,0,0,0,1
2018-02-01,17:09:00,03,02,01,07,01,01,0,365445.5278,5028594.702,False,February,0,1,0,0,0,0,0,0,0,0,1,0,0,0,0,0,0,0,1
2018-01-30,17:00:00,03,03,01,05,06,01,0,376125.7306,5034853.575,False,January,1,0,0,0,0,0,0,0,0,1,0,0,0,0,0,0,0,0,1
2018-02-01,17:46:00,03,05,03,07,03,01,0,368396.7088,5015011.429,False,February,1,0,0,0,0,0,0,0,0,0,1,0,0,0,0,0,0,0,1
2018-02-01,18:17:00,03,03,01,07,01,01,0,367948.7097,5031549.576,False,February,1,0,0,0,0,0,0,0,0,1,0,0,0,0,0,0,0,0,1
2018-02-01,18:35:00,02,05,01,07,02,01,0,380631.7379,5036980.59,False,February,1,0,0,0,0,0,0,0,0,0,1,0,0,0,0,0,0,0,1
2018-02-01,18:32:00,03,0,01,07,02,,0,365424.4796,5028840.84,False,February,0,0,0,0,0,0,0,0,1,0,0,0,0,0,0,0,0,0,1
2018-01-31,20:10:00,03,0,03,07,03,01,0,384261.3441,5035419.643999999,False,January,1,0,0,0,0,0,0,0,0,1,0,0,0,0,0,0,0,0,1
2018-02-01,19:09:00,02,03,03,07,02,01,0,369304.7172,5027894.553,False,February,1,0,0,0,0,0,0,0,0,1,0,0,0,0,0,0,0,0,1
2018-01-31,18:10:00,03,03,03,07,03,01,0,371306.7078,5021353.781,False,January,1,0,0,0,0,0,0,0,0,0,1,0,0,0,0,0,0,0,1
2018-02-01,19:24:00,02,04,01,07,02,01,0,368373.6368,5031798.27,False,February,1,0,0,0,0,0,0,0,0,0,1,0,0,0,0,0,0,0,1
2018-02-01,19:28:00,03,02,03,07,03,,0,372804.6695,5024854.041999999,False,February,0,0,0,0,0,0,0,0,0,0,0,1,0,0,0,0,0,0,1
2018-02-01,19:32:00,03,04,01,07,01,01,0,366402.7028,5030675.571,False,February,0,1,0,0,0,0,0,0,0,1,0,0,0,0,0,0,0,0,1
2018-02-01,19:40:00,03,05,01,07,02,01,0,359793.6709,5022155.499,False,February,1,0,0,0,0,0,0,0,0,0,1,0,0,0,0,0,0,0,1
2018-02-01,19:46:00,03,07,01,07,02,,0,375470.0308,5024038.784,False,February,0,0,0,0,0,0,0,0,1,0,0,0,0,0,0,0,0,0,1
2018-02-01,20:19:00,03,07,01,07,02,01,0,366976.3466,5031353.577,False,February,1,0,0,0,0,0,0,0,0,0,1,0,0,0,0,0,0,0,1
2018-02-02,07:21:00,02,03,01,01,01,01,0,348795.2,5022408.413,False,February,1,0,0,0,0,0,0,0,0,1,0,0,0,0,0,0,0,0,1
2018-02-02,07:51:00,03,03,01,03,01,,0,361338.2397,5015690.094,False,February,0,0,0,0,0,0,0,0,1,0,0,0,0,0,0,0,0,0,1
2018-02-02,08:00:00,02,02,0,01,01,01,0,375400.7752,5031874.567,False,February,1,0,0,0,0,0,0,0,0,1,0,0,0,0,0,0,0,0,1
2018-02-02,07:30:00,02,05,01,01,01,,0,370243.161,5016010.233,False,February,0,0,0,0,0,0,0,0,1,0,0,0,0,0,0,0,0,0,1
2018-02-02,08:35:00,02,05,01,01,01,01,0,348803.086,5019506.072,False,February,1,0,0,0,0,0,0,0,0,0,1,0,0,0,0,0,0,0,1
2018-02-02,06:32:00,03,07,01,03,01,,0,342886.3253,5034980.324,False,February,0,0,0,0,0,0,0,0,1,0,0,0,0,0,0,0,0,0,1
2018-01-31,17:00:00,03,02,03,05,05,01,0,371157.7096,5033633.587,False,January,1,0,0,0,0,0,0,0,0,0,1,0,0,0,0,0,0,0,1
2018-02-02,09:15:00,03,05,01,01,01,01,0,367387.8788,5029477.214,False,February,1,0,0,0,0,0,0,0,0,0,1,0,0,0,0,0,0,0,1
2018-02-02,10:07:00,02,02,01,01,01,01,0,366408.0579,5025454.831,False,February,1,0,0,0,0,0,0,0,0,0,1,0,0,0,0,0,0,0,1
2018-02-02,09:15:00,03,03,01,01,01,01,0,348804.576,5014360.437,False,February,1,0,0,0,0,0,0,0,0,1,0,0,0,0,0,0,0,0,1
2018-02-02,10:13:00,02,03,01,01,01,,0,364644.6394,5024222.37,False,February,0,0,0,0,0,0,0,0,1,0,0,0,0,0,0,0,0,0,1
2018-02-02,10:27:00,02,03,01,01,01,01,0,367107.7112,5022081.502,False,February,1,0,0,0,0,0,0,0,0,1,0,0,0,0,0,0,0,0,1
2018-02-02,10:41:00,03,02,01,01,01,01,0,350500.0045,5016459.1680000005,False,February,0,0,0,0,0,0,0,1,0,0,1,0,0,0,0,0,0,0,1
2018-02-01,10:50:00,03,06,01,01,06,,0,365433.588,5029269.715,False,February,0,0,0,0,0,0,0,0,1,0,0,0,0,0,0,0,0,0,1
2018-02-01,,03,06,01,00,01,,0,375598.9411,5020377.618,False,February,0,0,0,0,0,0,0,0,1,0,0,0,0,0,0,0,0,0,1
2018-02-02,,03,06,01,00,05,,0,380735.5769,5034523.699,False,February,0,0,0,0,0,0,0,0,1,0,0,0,0,0,0,0,0,0,1
2018-02-01,18:20:00,03,04,01,07,03,01,0,368297.7045,5030309.566000001,True,February,1,0,0,0,0,0,0,0,0,0,1,0,0,0,0,0,0,0,1
2018-02-02,12:49:00,03,03,01,01,06,,0,367791.2309,5032133.698,False,February,0,0,0,0,0,0,0,0,1,0,0,0,0,0,0,0,0,0,1
2018-02-02,12:24:00,02,05,01,01,01,01,0,364642.4289,5024227.768999999,False,February,1,0,0,0,0,0,0,0,0,0,1,0,0,0,0,0,0,0,1
2018-02-02,12:38:00,03,05,01,01,01,01,0,364233.6836,5019974.478,False,February,1,0,0,0,0,0,0,0,0,0,1,0,0,0,0,0,0,0,1
2018-02-02,12:57:00,03,05,01,01,01,01,0,367907.7073,5030188.563999999,False,February,1,0,0,0,0,0,0,0,0,0,1,0,0,0,0,0,0,0,1
2018-02-02,13:17:00,03,06,01,01,01,,0,350135.9795,5016593.346,False,February,0,0,0,0,0,0,0,0,0,0,0,1,0,0,0,0,0,0,1
2018-02-02,13:00:00,03,04,01,01,01,,0,361079.7757,5021428.419,False,February,0,0,0,0,0,0,0,0,0,0,0,1,0,0,0,0,0,0,1
2018-02-02,13:38:00,03,02,01,01,01,01,0,338122.4688,5022172.2069999995,False,February,0,1,0,0,0,0,0,0,0,0,1,0,0,0,0,0,0,0,1
2018-02-02,12:00:00,03,04,01,01,01,,0,367244.8176,5030940.432,False,February,0,0,0,0,0,0,0,0,1,0,0,0,0,0,0,0,0,0,1
2018-02-02,13:43:00,03,04,01,01,01,01,0,367792.7093,5031451.576,False,February,1,0,0,0,0,0,0,0,0,1,0,0,0,0,0,0,0,0,1
2018-02-02,14:02:00,02,03,01,01,01,,0,359080.7842,5010297.984,False,February,0,0,0,0,0,0,0,0,1,0,0,0,0,0,0,0,0,0,1
2018-02-02,14:15:00,02,03,01,01,01,01,0,364832.701,5029372.556,False,February,1,0,0,0,0,0,0,0,0,1,0,0,0,0,0,0,0,0,1
2018-02-01,14:16:00,03,02,01,01,01,,0,367967.2003,5030440.674,False,February,0,0,0,0,0,0,0,0,0,0,0,1,0,0,0,0,0,0,1
2018-02-02,14:41:00,02,02,01,01,01,01,0,381379.3963,5038723.598,False,February,1,0,0,0,0,0,0,0,0,0,1,0,0,0,0,0,0,0,1
2018-02-02,15:10:00,03,05,01,01,01,01,0,368665.7114,5030476.572,False,February,1,0,0,0,0,0,0,0,0,0,1,0,0,0,0,0,0,0,1
2018-02-02,15:17:00,03,03,01,01,06,01,0,370311.7132,5032270.585,False,February,1,0,0,0,0,0,0,0,0,1,0,0,0,0,0,0,0,0,1
2018-02-02,15:45:00,03,07,01,01,01,,0,350315.4459,5011607.937,False,February,0,0,0,0,0,0,0,0,1,0,0,0,0,0,0,0,0,0,1
2018-02-02,15:56:00,03,07,01,01,02,,0,336311.8649,5011831.93,False,February,0,0,0,0,0,0,0,0,1,0,0,0,0,0,0,0,0,0,1
2018-02-02,,03,06,01,00,05,,0,377630.9884,5033061.921,False,February,0,0,0,0,0,0,0,0,1,0,0,0,0,0,0,0,0,0,1
2018-02-02,16:23:00,03,03,01,01,02,,0,372320.8555,5024491.041,False,February,0,0,0,0,0,0,0,0,1,0,0,0,0,0,0,0,0,0,1
2018-01-31,18:00:00,03,03,03,07,06,01,0,367933.7064,5028789.549,False,January,0,1,0,0,0,0,0,0,0,1,0,0,0,0,0,0,0,0,1
2018-02-02,16:27:00,03,03,01,01,01,01,0,367572.7184,5014684.397,False,February,1,0,0,0,0,0,0,0,0,1,0,0,0,0,0,0,0,0,1
2018-02-02,16:30:00,03,05,01,01,01,,0,365941.5853,5030338.0030000005,False,February,0,0,0,0,0,0,0,0,1,0,0,0,0,0,0,0,0,0,1
2018-02-02,16:37:00,03,03,01,01,01,01,0,359793.6712,5022155.499,False,February,1,0,0,0,0,0,0,0,0,1,0,0,0,0,0,0,0,0,1
2018-02-02,16:43:00,02,05,01,01,01,,0,349709.6738,5017327.768999999,False,February,0,0,0,0,0,0,0,0,1,0,0,0,0,0,0,0,0,0,1
2018-02-02,16:44:00,03,03,01,05,01,,0,366463.2923,5009031.6219999995,False,February,0,0,0,0,0,0,0,0,1,0,0,0,0,0,0,0,0,0,1
2018-01-30,12:03:00,03,03,01,01,01,01,0,376280.7409,5031841.563,False,January,1,0,0,0,0,0,0,0,0,1,0,0,0,0,0,0,0,0,1
2018-01-26,,03,06,01,00,01,,0,370724.5816,5033011.966,False,January,0,0,0,0,0,0,0,0,1,0,0,0,0,0,0,0,0,0,1
2018-01-30,09:05:00,03,03,01,01,01,01,0,370676.3844,5031611.703,False,January,1,0,0,0,0,0,0,0,0,1,0,0,0,0,0,0,0,0,1
2018-01-30,09:55:00,03,07,03,01,06,01,0,350499.3076,5016458.471,False,January,0,0,0,0,0,0,0,1,0,0,1,0,0,0,0,0,0,0,1
2018-01-30,13:20:00,03,03,01,01,01,01,0,362082.68700000003,5024939.518,True,January,1,0,0,0,0,0,0,0,0,1,0,0,0,0,0,0,0,0,1
2018-01-30,13:36:00,03,04,01,01,01,01,0,362179.6954,5024694.524,True,January,1,0,0,0,0,0,0,0,0,0,1,0,0,0,0,0,0,0,1
2018-01-30,13:30:00,03,04,01,01,01,01,0,359310.6669,5021789.491,False,January,1,0,0,0,0,0,0,0,0,1,0,0,0,0,0,0,0,0,1
2018-01-30,14:12:00,03,05,01,01,01,01,0,361767.6835,5025725.513,False,January,1,0,0,0,0,0,0,0,0,1,0,0,0,0,0,0,0,0,1
2018-01-30,14:57:00,03,06,01,01,02,,0,364566.0412,5022745.2930000005,False,January,0,0,0,0,0,0,0,0,0,0,0,1,0,0,0,0,0,0,1
2018-01-30,15:18:00,02,07,01,01,01,01,0,371860.2691,5033043.791,False,January,1,0,0,0,0,0,0,0,0,1,0,0,0,0,0,0,0,0,1
2018-01-27,21:00:00,03,06,01,07,01,,0,379511.7669,5037226.585,False,January,0,0,0,0,0,0,0,0,0,0,0,1,0,0,0,0,0,0,1
2018-01-30,16:01:00,03,02,01,01,01,01,0,384898.5158,5017940.4180000005,False,January,0,1,0,0,0,0,0,0,0,0,1,0,0,0,0,0,0,0,1
2018-01-28,12:00:00,03,06,01,01,01,,0,379512.6064,5037226.362,False,January,0,0,0,0,0,0,0,0,1,0,0,0,0,0,0,0,0,0,1
2018-01-30,16:22:00,03,03,01,01,01,01,0,352207.6109,5017242.451,False,January,1,0,0,0,0,0,0,0,0,1,0,0,0,0,0,0,0,0,1
2018-01-30,16:38:00,02,03,01,05,01,00,0,363937.6843,5029104.56,False,January,0,1,0,0,0,0,0,0,0,1,0,0,0,0,0,0,0,0,1
2018-01-30,16:44:00,02,07,01,05,01,,0,369733.105,5027292.9969999995,False,January,0,0,0,0,0,0,0,0,1,0,0,0,0,0,0,0,0,0,1
2018-01-30,17:06:00,03,03,01,05,01,01,0,367458.7099,5021891.5030000005,False,January,1,0,0,0,0,0,0,0,0,1,0,0,0,0,0,0,0,0,1
2018-01-30,17:09:00,03,04,01,05,01,,0,367467.9911,5031381.387,False,January,0,0,0,0,0,0,0,0,1,0,0,0,0,0,0,0,0,0,1
2018-01-30,17:13:00,03,03,03,05,03,01,0,372305.7196,5031951.574,False,January,1,0,0,0,0,0,0,0,0,1,0,0,0,0,0,0,0,0,1
2018-01-30,17:24:00,03,02,01,05,01,01,0,384967.6536,5035746.3610000005,False,January,0,1,0,0,0,0,0,0,0,0,1,0,0,0,0,0,0,0,1
2018-01-30,17:30:00,02,03,01,05,03,01,0,368119.7138,5031271.589,False,January,1,0,0,0,0,0,0,0,0,1,0,0,0,0,0,0,0,0,1
2018-01-30,17:29:00,03,03,01,05,01,,0,372731.2119,5027361.282,False,January,0,0,0,0,0,0,0,0,1,0,0,0,0,0,0,0,0,0,1
2018-01-30,18:14:00,03,03,01,07,01,,0,368511.6491,5026257.892,False,January,0,0,0,0,0,0,0,0,1,0,0,0,0,0,0,0,0,0,1
2018-01-30,18:30:00,03,07,01,07,01,,0,343019.3416,5036133.2,False,January,0,0,0,0,0,0,0,0,0,0,0,1,0,0,0,0,0,0,1
2018-01-30,18:48:00,03,07,01,07,01,,0,356821.8813,5016501.991,False,January,0,0,0,0,0,0,0,0,1,0,0,0,0,0,0,0,0,0,1
2018-01-30,20:01:00,03,03,01,07,01,01,0,368206.7093,5032227.581,False,January,1,0,0,0,0,0,0,0,0,1,0,0,0,0,0,0,0,0,1
2018-01-30,21:55:00,03,02,01,07,01,01,0,359140.6681,5024077.504,False,January,0,1,0,0,0,0,0,0,0,1,0,0,0,0,0,0,0,0,1