DATE,TIME,CLASS_OF_ACCIDENT,IMPACT_TYPE,ENVIRONMENT,LIGHT,ROAD_SURFACE_CONDITION,TRAFFIC_CONTROL_CONDITION,NO_OF_PEDESTRIANS,X,Y,Highway,Month,categorical_TRAFFIC_CONTROL_01,categorical_TRAFFIC_CONTROL_02,categorical_TRAFFIC_CONTROL_03,categorical_TRAFFIC_CONTROL_04,categorical_TRAFFIC_CONTROL_07,categorical_TRAFFIC_CONTROL_08,categorical_TRAFFIC_CONTROL_09,categorical_TRAFFIC_CONTROL_11,categorical_ACCIDENT_LOCATION_01,categorical_ACCIDENT_LOCATION_02,categorical_ACCIDENT_LOCATION_03,categorical_ACCIDENT_LOCATION_04,categorical_ACCIDENT_LOCATION_05,categorical_ACCIDENT_LOCATION_06,categorical_ACCIDENT_LOCATION_07,categorical_Seasons_Fall,categorical_Seasons_Spring,categorical_Seasons_Summer,categorical_Seasons_Winter
2018-01-31,03:13:00,03,03,01,07,01,01,0,369249.7094,5032859.592,False,January,1,0,0,0,0,0,0,0,0,1,0,0,0,0,0,0,0,0,1
2018-01-31,03:09:00,03,07,03,07,03,,0,370209.9942,5032678.041999999,False,January,0,0,0,0,0,0,0,0,1,0,0,0,0,0,0,0,0,0,1
2018-01-31,07:03:00,02,07,01,03,01,01,1,381054.0086,5035897.676,False,January,1,0,0,0,0,0,0,0,0,0,1,0,0,0,0,0,0,0,1
2018-01-30,15:35:00,03,03,01,01,01,01,0,349661.6086,5023617.51,False,January,1,0,0,0,0,0,0,0,0,0,1,0,0,0,0,0,0,0,1
2018-01-31,07:41:00,03,0,01,03,06,01,0,349353.9959,5015351.789,False,January,0,1,0,0,0,0,0,0,0,1,0,0,0,0,0,0,0,0,1
2018-01-31,07:46:00,02,03,01,03,01,01,0,356815.6488,5021083.475,False,January,0,1,0,0,0,0,0,0,0,0,1,0,0,0,0,0,0,0,1
2018-01-31,07:54:00,03,02,01,03,01,01,0,351616.06299999997,5019224.795,True,January,1,0,0,0,0,0,0,0,0,0,1,0,0,0,0,0,0,0,1
2018-01-31,08:13:00,03,03,04,01,06,01,0,373236.7317,5029693.557,False,January,1,0,0,0,0,0,0,0,0,1,0,0,0,0,0,0,0,0,1
2018-01-31,05:45:00,02,07,01,07,01,01,1,365462.9624,5022298.499,False,January,1,0,0,0,0,0,0,0,0,0,1,0,0,0,0,0,0,0,1
2018-01-31,08:42:00,03,03,01,01,01,01,0,382226.7478,5035958.571,False,January,1,0,0,0,0,0,0,0,0,1,0,0,0,0,0,0,0,0,1
2018-01-31,09:11:00,03,02,01,01,01,01,0,371611.7222,5029191.548,False,January,0,1,0,0,0,0,0,0,0,0,1,0,0,0,0,0,0,0,1
2018-01-31,09:23:00,03,06,01,01,01,,0,356517.3323,5019870.015,False,January,0,0,0,0,0,0,0,0,1,0,0,0,0,0,0,0,0,0,1
2018-01-31,09:49:00,03,04,01,01,06,,0,368176.6971,5030833.482,False,January,0,0,0,0,0,0,0,0,1,0,0,0,0,0,0,0,0,0,1
2018-01-31,09:53:00,03,04,01,01,01,,0,374233.6286,5030718.904,True,January,0,0,0,0,0,0,0,0,1,0,0,0,0,0,0,0,0,0,1
2018-01-31,09:56:00,03,02,01,01,01,01,0,385350.7659,5037697.57,False,January,0,1,0,0,0,0,0,0,0,0,1,0,0,0,0,0,0,0,1
2018-01-31,10:02:00,03,02,01,01,01,,0,355161.9824,5017449.496,False,January,0,0,0,0,0,0,0,0,0,0,0,1,0,0,0,0,0,0,1
2018-01-30,15:45:00,03,02,01,01,01,,0,355723.2855,5015782.102,False,January,0,0,0,0,0,0,0,0,0,0,0,1,0,0,0,0,0,0,1
2018-01-31,12:11:00,03,03,01,01,01,01,0,373132.7292,5030678.562,False,January,0,1,0,0,0,0,0,0,0,1,0,0,0,0,0,0,0,0,1
2018-01-31,13:05:00,03,02,03,01,02,01,0,361811.68,5024082.505,False,January,0,1,0,0,0,0,0,0,0,1,0,0,0,0,0,0,0,0,1
2018-01-31,13:19:00,03,03,01,01,02,,0,381417.6039,5037928.478,False,January,0,0,0,0,0,0,0,0,1,0,0,0,0,0,0,0,0,0,1
2018-01-31,13:30:00,03,02,03,01,03,01,0,365186.7027,5023974.504,False,January,0,1,0,0,0,0,0,0,0,0,1,0,0,0,0,0,0,0,1
2018-01-31,13:49:00,02,07,03,01,03,,0,338687.8888,5035227.968,False,January,0,0,0,0,0,0,0,0,1,0,0,0,0,0,0,0,0,0,1
2018-01-31,13:50:00,03,07,03,01,03,,0,354083.8679,5017269.634,False,January,0,0,0,0,0,0,0,0,1,0,0,0,0,0,0,0,0,0,1
2018-01-31,14:05:00,03,07,03,01,03,,0,370909.4625,5030551.995,False,January,0,0,0,0,0,0,0,0,1,0,0,0,0,0,0,0,0,0,1
2018-01-31,14:19:00,03,03,03,01,03,01,0,365416.6984,5028038.547,False,January,1,0,0,0,0,0,0,0,0,1,0,0,0,0,0,0,0,0,1
2018-01-31,14:21:00,02,02,03,01,03,01,0,366684.7046,5024782.522,False,January,0,1,0,0,0,0,0,0,0,0,1,0,0,0,0,0,0,0,1
2018-01-30,15:20:00,02,07,01,01,01,01,1,364535.2194,5025000.453,False,January,1,0,0,0,0,0,0,0,0,0,1,0,0,0,0,0,0,0,1
2018-01-31,14:46:00,02,05,03,01,03,01,0,367519.7066,5029162.555,False,January,0,1,0,0,0,0,0,0,0,0,1,0,0,0,0,0,0,0,1
2018-01-31,14:52:00,03,03,03,01,03,01,0,379617.7471,5033274.563,False,January,1,0,0,0,0,0,0,0,0,1,0,0,0,0,0,0,0,0,1
2018-01-31,15:08:00,03,03,03,01,03,01,0,347160.6038,5026306.53,False,January,0,1,0,0,0,0,0,0,0,1,0,0,0,0,0,0,0,0,1
2018-01-31,15:12:00,03,04,05,01,05,,0,382035.3361,5035214.562,False,January,0,0,0,0,0,0,0,0,1,0,0,0,0,0,0,0,0,0,1
2018-01-31,15:13:00,03,03,03,01,03,01,0,366346.9029,5015471.133,False,January,1,0,0,0,0,0,0,0,0,1,0,0,0,0,0,0,0,0,1
2018-01-31,14:14:00,03,0,01,01,01,01,0,379619.4893,5033275.259,False,January,1,0,0,0,0,0,0,0,0,1,0,0,0,0,0,0,0,0,1
2018-01-31,15:40:00,03,07,03,01,03,,0,356739.7997,5010554.154,False,January,0,0,0,0,0,0,0,0,1,0,0,0,0,0,0,0,0,0,1
2018-01-31,15:47:00,02,07,03,01,03,,0,371814.67799999996,5021867.834,False,January,0,0,0,0,0,0,0,0,1,0,0,0,0,0,0,0,0,0,1
2018-01-31,16:08:00,03,01,03,05,03,,0,389841.70399999997,5025345.443,False,January,0,0,0,0,0,0,0,0,1,0,0,0,0,0,0,0,0,0,1
2018-01-31,16:08:00,03,07,03,01,02,,0,393622.1522,5042828.646000001,False,January,0,0,0,0,0,0,0,0,1,0,0,0,0,0,0,0,0,0,1
2018-01-31,16:35:00,03,04,03,05,06,01,0,384844.7642,5036560.56,False,January,1,0,0,0,0,0,0,0,0,1,0,0,0,0,0,0,0,0,1
2018-01-30,,03,06,01,00,03,,0,352566.8529,5020400.176,False,January,0,0,0,0,0,0,0,0,1,0,0,0,0,0,0,0,0,0,1
2018-01-31,16:42:00,03,02,03,05,03,01,0,365496.69899999996,5027596.534,False,January,1,0,0,0,0,0,0,0,0,0,1,0,0,0,0,0,0,0,1
2018-01-31,16:49:00,03,07,03,05,03,,0,366936.9802,5001836.121,False,January,0,0,0,0,0,0,0,0,1,0,0,0,0,0,0,0,0,0,1
2018-01-31,16:54:00,03,03,03,05,03,01,0,371685.9545,5030539.478,False,January,1,0,0,0,0,0,0,0,0,1,0,0,0,0,0,0,0,0,1
2018-01-31,17:00:00,03,03,03,05,03,01,0,375354.7355,5033720.586,False,January,0,1,0,0,0,0,0,0,0,1,0,0,0,0,0,0,0,0,1
2018-01-31,17:12:00,03,05,03,05,05,,0,362987.3877,5026377.368,False,January,0,0,0,0,0,0,0,0,0,0,0,1,0,0,0,0,0,0,1
2018-01-31,17:15:00,03,03,03,05,03,00,0,363419.6896,5021826.487,False,January,1,0,0,0,0,0,0,0,0,1,0,0,0,0,0,0,0,0,1
2018-01-31,17:20:00,02,05,03,05,03,01,0,384428.3389,5035022.308,False,January,1,0,0,0,0,0,0,0,0,0,1,0,0,0,0,0,0,0,1
2018-01-31,14:30:00,03,03,03,01,03,01,0,365051.6946,5023901.508,False,January,1,0,0,0,0,0,0,0,0,1,0,0,0,0,0,0,0,0,1
2018-01-31,17:20:00,03,02,03,05,02,01,0,363537.3419,5027777.248,False,January,0,1,0,0,0,0,0,0,0,0,1,0,0,0,0,0,0,0,1
2018-01-31,17:32:00,03,05,04,05,04,,0,364911.5509,5025120.018,False,January,0,0,0,0,0,0,0,0,0,0,0,1,0,0,0,0,0,0,1
2018-01-31,17:15:00,03,02,03,05,03,,0,373136.57200000004,5029922.527,False,January,0,0,0,0,0,0,0,0,0,0,0,1,0,0,0,0,0,0,1
2018-01-31,17:44:00,03,03,03,07,03,01,0,350653.5764,5022879.508,False,January,1,0,0,0,0,0,0,0,0,0,1,0,0,0,0,0,0,0,1
2018-01-31,17:50:00,02,03,01,07,05,01,0,352841.6248,5020476.467,True,January,1,0,0,0,0,0,0,0,0,1,0,0,0,0,0,0,0,0,1
2018-01-31,17:54:00,03,03,03,07,03,01,0,350489.6084,5022710.502,False,January,1,0,0,0,0,0,0,0,0,0,1,0,0,0,0,0,0,0,1
2018-01-31,18:06:00,02,05,03,07,03,01,0,364853.7011,5026646.541999999,False,January,1,0,0,0,0,0,0,0,0,0,1,0,0,0,0,0,0,0,1
2018-01-31,18:08:00,03,03,03,07,05,,0,376198.4297,5034888.248,False,January,0,0,0,0,0,0,0,0,1,0,0,0,0,0,0,0,0,0,1
2018-01-31,18:12:00,03,03,03,07,03,01,0,360364.6779,5023737.501,True,January,0,0,1,0,0,0,0,0,0,1,0,0,0,0,0,0,0,0,1
2018-01-31,18:18:00,03,07,03,07,05,,0,346830.3828,5006680.726,False,January,0,0,0,0,0,0,0,0,1,0,0,0,0,0,0,0,0,0,1
2018-01-31,18:13:00,03,03,03,07,03,01,0,370072.7097,5033065.592,False,January,1,0,0,0,0,0,0,0,0,0,1,0,0,0,0,0,0,0,1
2018-01-31,18:48:00,03,07,03,07,03,,0,384170.3202,5039837.031,False,January,0,0,0,0,0,0,0,0,1,0,0,0,0,0,0,0,0,0,1
2018-02-02,16:53:00,03,01,01,01,01,01,0,374907.8901,5032661.54,False,February,1,0,0,0,0,0,0,0,0,1,0,0,0,0,0,0,0,0,1
2018-02-02,16:55:00,03,03,01,01,01,01,0,358967.6648,5021674.49,False,February,1,0,0,0,0,0,0,0,0,1,0,0,0,0,0,0,0,0,1
2018-02-02,16:45:00,03,03,01,01,01,01,0,367663.7002,5033503.597,False,February,1,0,0,0,0,0,0,0,0,1,0,0,0,0,0,0,0,0,1
2018-02-02,16:30:00,03,03,01,01,06,,0,370171.516,5022895.635,False,February,0,0,0,0,0,0,0,0,1,0,0,0,0,0,0,0,0,0,1
2018-02-02,17:21:00,03,06,03,07,06,,0,387211.1442,5037780.555,False,February,0,0,0,0,0,0,0,0,1,0,0,0,0,0,0,0,0,0,1
2018-01-31,21:25:00,03,03,03,07,05,01,0,384351.8535,5039990.341,False,January,1,0,0,0,0,0,0,0,0,1,0,0,0,0,0,0,0,0,1
2018-01-31,18:26:00,03,07,01,07,03,00,0,382362.7959,5018774.472,False,January,0,1,0,0,0,0,0,0,0,1,0,0,0,0,0,0,0,0,1
2018-02-02,18:50:00,02,02,01,07,01,01,0,361583.6411,5026653.826,False,February,1,0,0,0,0,0,0,0,0,0,1,0,0,0,0,0,0,0,1
2018-02-02,19:23:00,03,07,01,07,02,01,0,371913.2563,5033992.8610000005,False,February,1,0,0,0,0,0,0,0,0,0,1,0,0,0,0,0,0,0,1
2018-02-02,19:52:00,03,02,03,07,02,01,0,365085.1502,5017903.19,False,February,1,0,0,0,0,0,0,0,0,1,0,0,0,0,0,0,0,0,1
2018-02-02,19:30:00,03,07,01,07,01,,0,336294.0329,5026027.17,False,February,0,0,0,0,0,0,0,0,1,0,0,0,0,0,0,0,0,0,1
2018-02-02,20:37:00,03,05,01,07,01,01,0,373496.9299,5029149.59,False,February,1,0,0,0,0,0,0,0,0,0,1,0,0,0,0,0,0,0,1
2018-02-02,20:40:00,02,03,01,07,02,01,0,349262.971,5024061.621,False,February,1,0,0,0,0,0,0,0,0,1,0,0,0,0,0,0,0,0,1
2018-02-02,20:46:00,03,06,01,07,05,,0,385882.7864,5037798.337,False,February,0,0,0,0,0,0,0,0,1,0,0,0,0,0,0,0,0,0,1
2018-02-02,20:00:00,03,03,01,07,01,01,0,359372.6853,5023368.525,False,February,1,0,0,0,0,0,0,0,0,1,0,0,0,0,0,0,0,0,1
2018-02-02,22:19:00,03,07,01,07,01,01,0,358337.367,5006630.395,False,February,0,1,0,0,0,0,0,0,0,1,0,0,0,0,0,0,0,0,1
2018-02-02,22:20:00,03,05,01,07,01,01,0,368128.7049,5032748.581,False,February,1,0,0,0,0,0,0,0,0,1,0,0,0,0,0,0,0,0,1
2018-02-02,23:25:00,03,03,01,07,01,01,0,352841.6247,5020476.467,True,February,1,0,0,0,0,0,0,0,0,1,0,0,0,0,0,0,0,0,1
2018-02-03,02:08:00,03,07,01,07,01,01,0,350653.9252,5022881.598999999,False,February,1,0,0,0,0,0,0,0,0,1,0,0,0,0,0,0,0,0,1
2018-02-03,01:30:00,03,07,01,07,02,,0,353856.84,5023292.898,False,February,0,0,0,0,0,0,0,0,1,0,0,0,0,0,0,0,0,0,1
2018-02-03,08:18:00,03,03,01,01,03,,0,348694.1823,5014196.231000001,False,February,0,0,0,0,0,0,0,0,0,0,0,1,0,0,0,0,0,0,1
2018-02-03,08:24:00,03,07,03,01,03,,0,338629.0902,5035239.728,False,February,0,0,0,0,0,0,0,0,0,0,0,1,0,0,0,0,0,0,1
2018-02-03,08:39:00,03,07,01,01,03,00,0,368509.965,5032414.286,False,February,1,0,0,0,0,0,0,0,0,1,0,0,0,0,0,0,0,0,1
2018-02-02,,03,06,01,00,05,,0,327160.1972,5036249.282,False,February,0,0,0,0,0,0,0,0,1,0,0,0,0,0,0,0,0,0,1
2018-02-03,10:09:00,03,02,01,01,01,,0,384868.2441,5037150.333000001,False,February,0,0,0,0,0,0,0,0,0,0,0,1,0,0,0,0,0,0,1
2018-02-03,10:32:00,03,07,01,01,01,,0,373449.8886,5015618.718,False,February,0,0,0,0,0,0,0,0,1,0,0,0,0,0,0,0,0,0,1
2018-02-03,11:07:00,03,07,01,01,01,01,0,373397.8524,5026309.853999999,False,February,1,0,0,0,0,0,0,0,0,1,0,0,0,0,0,0,0,0,1
2018-02-03,11:28:00,02,05,01,01,01,01,0,389748.8275,5025322.473999999,False,February,0,1,0,0,0,0,0,0,0,0,1,0,0,0,0,0,0,0,1
2018-02-03,11:35:00,03,03,01,01,01,01,0,350455.601,5019010.455,False,February,1,0,0,0,0,0,0,0,0,1,0,0,0,0,0,0,0,0,1
2018-02-03,12:09:00,03,02,01,01,01,01,0,374862.7393,5029550.553,False,February,0,0,1,0,0,0,0,0,0,0,1,0,0,0,0,0,0,0,1
2018-02-03,12:43:00,03,03,01,01,01,01,0,367458.7107,5021891.5030000005,False,February,1,0,0,0,0,0,0,0,0,1,0,0,0,0,0,0,0,0,1
2018-02-03,13:41:00,03,07,01,01,01,01,0,368248.3529,5032822.892,False,February,1,0,0,0,0,0,0,0,0,1,0,0,0,0,0,0,0,0,1
2018-02-03,13:36:00,03,03,01,01,01,,0,382979.7508,5038486.451,False,February,0,0,0,0,0,0,0,0,1,0,0,0,0,0,0,0,0,0,1
2018-01-30,,03,06,01,00,02,,0,375860.474,5021287.7530000005,False,January,0,0,0,0,0,0,0,0,1,0,0,0,0,0,0,0,0,0,1
2018-02-03,13:57:00,03,03,01,01,01,,0,383080.8997,5038266.312,False,February,0,0,0,0,0,0,0,0,1,0,0,0,0,0,0,0,0,0,1
2018-02-03,14:04:00,03,03,01,01,01,01,0,383530.7002,5037154.969,False,February,1,0,0,0,0,0,0,0,0,1,0,0,0,0,0,0,0,0,1
2018-02-03,14:05:00,02,02,01,01,02,,0,375654.7885,5020915.435,False,February,0,0,0,0,0,0,0,0,0,0,0,1,0,0,0,0,0,0,1
2018-02-03,14:43:00,03,03,01,01,02,01,0,370433.1219,5031751.637,False,February,1,0,0,0,0,0,0,0,0,0,1,0,0,0,0,0,0,0,1
2018-02-03,15:04:00,02,05,01,01,01,01,0,364130.6868,5028867.557,False,February,1,0,0,0,0,0,0,0,0,0,1,0,0,0,0,0,0,0,1
2018-02-03,15:31:00,03,06,01,01,02,,0,375704.87700000004,5035467.947,False,February,0,0,0,0,0,0,0,0,0,0,0,1,0,0,0,0,0,0,1
2018-02-03,16:02:00,03,02,01,01,01,,0,369419.049,5010811.01,False,February,0,0,0,0,0,0,0,0,0,0,0,1,0,0,0,0,0,0,1
2018-02-02,16:00:00,02,03,01,01,01,01,0,368048.7039,5012370.415,False,February,0,1,0,0,0,0,0,0,0,1,0,0,0,0,0,0,0,0,1
2018-02-03,16:20:00,03,02,01,01,01,01,0,371419.5819,5030901.185,False,February,0,1,0,0,0,0,0,0,0,0,1,0,0,0,0,0,0,0,1
2018-02-03,17:12:00,03,03,01,01,01,01,0,365312.6956,5029381.556,False,February,0,1,0,0,0,0,0,0,0,1,0,0,0,0,0,0,0,0,1
2018-02-03,17:45:00,03,03,01,07,02,,0,370715.4702,5030688.197,False,February,0,0,0,0,0,0,0,0,1,0,0,0,0,0,0,0,0,0,1
2018-02-03,17:50:00,03,07,03,07,03,,0,380866.7438,5011764.039,False,February,0,0,0,0,0,0,0,0,1,0,0,0,0,0,0,0,0,0,1
2018-02-03,,03,06,01,00,01,,0,364317.5135,5028962.011,False,February,0,0,0,0,0,0,0,0,1,0,0,0,0,0,0,0,0,0,1
2018-02-03,17:53:00,03,03,03,05,02,01,0,373380.1944,5032536.261,False,February,1,0,0,0,0,0,0,0,0,0,1,0,0,0,0,0,0,0,1
2018-02-03,18:19:00,03,02,03,07,03,01,0,382624.9507,5033235.527,False,February,0,1,0,0,0,0,0,0,0,0,1,0,0,0,0,0,0,0,1
2018-02-03,18:44:00,02,03,03,07,02,01,0,370337.8523,5025947.735,False,February,1,0,0,0,0,0,0,0,0,1,0,0,0,0,0,0,0,0,1
2018-02-03,19:00:00,03,05,01,07,01,01,0,353997.2698,5015345.308,False,February,1,0,0,0,0,0,0,0,0,0,1,0,0,0,0,0,0,0,1
2018-02-03,19:54:00,02,07,03,07,03,01,0,367848.9694,5031712.278,False,February,1,0,0,0,0,0,0,0,0,0,1,0,0,0,0,0,0,0,1
2018-02-03,20:36:00,03,02,03,07,03,01,0,366860.3505,5029642.258,False,February,1,0,0,0,0,0,0,0,0,0,1,0,0,0,0,0,0,0,1
2018-02-03,21:11:00,03,04,03,07,02,01,0,368511.70700000005,5032413.589,False,February,1,0,0,0,0,0,0,0,0,0,1,0,0,0,0,0,0,0,1
2018-02-03,21:20:00,03,03,03,07,03,01,0,367869.2155,5032130.693,False,February,1,0,0,0,0,0,0,0,0,0,1,0,0,0,0,0,0,0,1
2018-02-03,21:31:00,02,03,03,07,02,,0,361771.624,5025715.26,False,February,0,0,0,0,0,0,0,0,1,0,0,0,0,0,0,0,0,0,1
2018-02-03,21:50:00,03,07,03,07,03,,0,366233.7159,5008882.157,False,February,0,0,0,0,0,0,0,0,1,0,0,0,0,0,0,0,0,0,1
2018-02-03,22:03:00,03,03,03,07,04,,0,367965.4438,5032341.409,False,February,0,0,0,0,0,0,0,0,1,0,0,0,0,0,0,0,0,0,1
2018-02-03,22:15:00,03,01,03,07,03,01,0,369077.5349,5028116.9860000005,False,February,1,0,0,0,0,0,0,0,0,1,0,0,0,0,0,0,0,0,1
2018-02-03,23:01:00,03,03,03,07,05,,0,367706.8408,5028715.447,False,February,0,0,0,0,0,0,0,0,1,0,0,0,0,0,0,0,0,0,1
2018-02-03,23:27:00,03,03,03,07,03,,0,367633.3176,5028892.4569999995,False,February,0,0,0,0,0,0,0,0,1,0,0,0,0,0,0,0,0,0,1
2018-02-03,,03,06,03,00,03,,0,365818.8515,5014838.728,False,February,0,0,0,0,0,0,0,0,1,0,0,0,0,0,0,0,0,0,1
2018-02-04,01:38:00,03,01,03,07,06,,0,377847.2537,5031319.346,False,February,0,0,0,0,0,0,0,0,1,0,0,0,0,0,0,0,0,0,1
2018-02-04,03:03:00,03,07,03,07,05,,0,351046.5036,5022095.5139999995,False,February,0,0,0,0,0,0,0,0,1,0,0,0,0,0,0,0,0,0,1
2018-02-04,03:34:00,03,07,03,07,03,,0,366265.0558,5008916.85,False,February,0,0,0,0,0,0,0,0,1,0,0,0,0,0,0,0,0,0,1
2018-02-04,03:37:00,03,07,03,07,03,,0,369400.1702,5017766.431,False,February,0,0,0,0,0,0,0,0,1,0,0,0,0,0,0,0,0,0,1
2018-02-04,04:20:00,03,02,03,07,03,01,0,367365.655,5030716.565,False,February,1,0,0,0,0,0,0,0,0,0,1,0,0,0,0,0,0,0,1
2018-02-04,08:58:00,03,03,03,01,03,,0,366594.7462,5030731.08,False,February,0,0,0,0,0,0,0,0,1,0,0,0,0,0,0,0,0,0,1
2018-02-04,09:45:00,03,01,03,01,03,,0,365266.6204,5016222.2930000005,False,February,0,0,0,0,0,0,0,0,1,0,0,0,0,0,0,0,0,0,1
2018-02-04,10:22:00,02,01,03,01,03,,0,373837.8588,5022779.125,False,February,0,0,0,0,0,0,0,0,1,0,0,0,0,0,0,0,0,0,1
2018-02-04,10:33:00,03,07,03,01,03,01,0,358675.9685,5023773.6389999995,False,February,1,0,0,0,0,0,0,0,0,1,0,0,0,0,0,0,0,0,1
2018-02-04,10:42:00,03,04,03,01,03,01,0,380572.7539,5035315.57,False,February,1,0,0,0,0,0,0,0,0,1,0,0,0,0,0,0,0,0,1
2018-02-04,10:55:00,03,02,03,01,03,01,0,366646.9575,5011532.413,False,February,0,1,0,0,0,0,0,0,0,0,1,0,0,0,0,0,0,0,1
2018-02-04,11:00:00,03,02,03,01,03,01,0,368119.7138,5024234.52,False,February,0,1,0,0,0,0,0,0,0,0,1,0,0,0,0,0,0,0,1
2018-02-04,11:23:00,03,07,03,01,03,,0,361681.8753,5020046.021000001,False,February,0,0,0,0,0,0,0,0,1,0,0,0,0,0,0,0,0,0,1
2018-02-04,11:30:00,03,02,03,01,03,01,0,368934.0643,5032296.183999999,False,February,0,1,0,0,0,0,0,0,0,0,1,0,0,0,0,0,0,0,1
2018-02-04,11:31:00,02,07,03,01,03,,0,383610.7256,5010070.536,False,February,0,0,0,0,0,0,0,0,1,0,0,0,0,0,0,0,0,0,1
2018-02-04,11:37:00,03,07,03,01,04,,0,357264.8654,5018674.553,False,February,0,0,0,0,0,0,0,0,1,0,0,0,0,0,0,0,0,0,1
2018-02-04,11:45:00,02,03,03,01,04,,0,376398.3031,5024232.194,False,February,0,0,0,0,0,0,0,0,1,0,0,0,0,0,0,0,0,0,1
2018-02-04,11:59:00,02,07,03,01,04,,0,354564.1476,5018950.83,False,February,0,0,0,0,0,0,0,0,1,0,0,0,0,0,0,0,0,0,1
2018-02-04,12:23:00,03,04,03,01,04,01,0,377346.7371,5032465.565,False,February,0,1,0,0,0,0,0,0,0,1,0,0,0,0,0,0,0,0,1
2018-02-04,12:37:00,03,02,03,01,04,01,0,371621.7331,5023533.452,False,February,0,1,0,0,0,0,0,0,0,0,1,0,0,0,0,0,0,0,1
2018-02-04,12:41:00,02,07,03,01,04,,0,380934.9434,5037859.86,False,February,0,0,0,0,0,0,0,0,1,0,0,0,0,0,0,0,0,0,1
2018-02-04,12:50:00,03,07,03,01,03,01,0,370053.7049,5016973.478999999,False,February,0,1,0,0,0,0,0,0,0,0,1,0,0,0,0,0,0,0,1
2018-02-04,15:57:00,02,02,03,01,02,01,0,368009.659,5031103.876,False,February,1,0,0,0,0,0,0,0,0,0,1,0,0,0,0,0,0,0,1
2018-02-04,,03,06,03,00,03,,0,384987.3802,5035034.233,False,February,0,0,0,0,0,0,0,0,1,0,0,0,0,0,0,0,0,0,1
2018-02-04,18:09:00,03,03,03,07,03,01,0,370851.7304,5024839.528,False,February,1,0,0,0,0,0,0,0,0,1,0,0,0,0,0,0,0,0,1
2018-02-04,19:36:00,03,07,03,07,03,,0,366887.8799,5018854.225,False,February,0,0,0,0,0,0,0,0,1,0,0,0,0,0,0,0,0,0,1
2018-02-04,21:28:00,03,07,03,07,03,,0,357409.3304,5020652.664,False,February,0,0,0,0,0,0,0,0,1,0,0,0,0,0,0,0,0,0,1
2018-02-04,21:40:00,03,01,03,07,03,,0,367161.7089,5023931.774,False,February,0,0,0,0,0,0,0,0,1,0,0,0,0,0,0,0,0,0,1
2018-02-04,23:09:00,03,07,03,07,03,,0,370733.1793,5031521.808,True,February,0,0,0,0,0,0,0,0,1,0,0,0,0,0,0,0,0,0,1
2018-02-05,05:10:00,03,07,03,07,03,,0,373764.7871,5018175.161,False,February,0,0,0,0,0,0,0,0,0,1,0,0,0,0,0,0,0,0,1
2018-02-05,06:05:00,03,03,01,07,01,,0,375039.344,5031113.774,True,February,0,0,0,0,0,0,0,0,1,0,0,0,0,0,0,0,0,0,1
2018-02-05,06:40:00,03,01,01,03,06,,0,385318.2074,5005780.903,False,February,0,0,0,0,0,0,0,0,1,0,0,0,0,0,0,0,0,0,1
2018-02-05,07:01:00,02,07,01,03,06,,0,375290.2155,5016214.966,False,February,0,0,0,0,0,0,0,0,1,0,0,0,0,0,0,0,0,0,1
2018-02-05,,03,06,03,00,03,,0,385661.1963,5035524.681,False,February,0,0,0,0,0,0,0,0,1,0,0,0,0,0,0,0,0,0,1
2018-02-05,07:30:00,03,03,03,03,04,01,0,365612.6958,5021942.498,False,February,1,0,0,0,0,0,0,0,0,1,0,0,0,0,0,0,0,0,1
2018-02-05,07:48:00,03,02,01,01,05,01,0,353328.1588,5015646.9569999995,False,February,0,1,0,0,0,0,0,0,0,0,1,0,0,0,0,0,0,0,1
2018-02-05,07:47:00,03,03,01,01,01,01,0,367916.706,5030562.57,False,February,1,0,0,0,0,0,0,0,0,1,0,0,0,0,0,0,0,0,1
2018-02-05,08:04:00,03,03,01,01,03,,0,374370.0863,5028682.3,False,February,0,0,0,0,0,0,0,0,1,0,0,0,0,0,0,0,0,0,1
2018-04-14,13:29:00,03,04,01,01,01,01,0,368121.1048,5026647.221,False,April,1,0,0,0,0,0,0,0,0,1,0,0,0,0,0,0,1,0,0
2018-04-14,13:53:00,03,04,01,01,01,,0,375544.8339,5034485.766,False,April,0,0,0,0,0,0,0,0,1,0,0,0,0,0,0,0,1,0,0
2018-04-14,14:05:00,03,04,01,01,01,,0,382733.7571,5038880.943,False,April,0,0,0,0,0,0,0,0,1,0,0,0,0,0,0,0,1,0,0
2018-04-14,14:56:00,03,03,01,01,01,01,0,363271.9524,5025661.831,False,April,1,0,0,0,0,0,0,0,0,1,0,0,0,0,0,0,1,0,0
2018-04-14,16:42:00,02,02,01,01,01,01,0,372120.7261,5032152.584,False,April,0,1,0,0,0,0,0,0,0,0,1,0,0,0,0,0,1,0,0
2018-04-14,16:45:00,03,03,01,01,01,01,0,369995.3977,5026852.027,False,April,1,0,0,0,0,0,0,0,0,1,0,0,0,0,0,0,1,0,0