DATE,TIME,CLASS_OF_ACCIDENT,IMPACT_TYPE,ENVIRONMENT,LIGHT,ROAD_SURFACE_CONDITION,TRAFFIC_CONTROL_CONDITION,NO_OF_PEDESTRIANS,X,Y,Highway,Month,categorical_TRAFFIC_CONTROL_01,categorical_TRAFFIC_CONTROL_02,categorical_TRAFFIC_CONTROL_03,categorical_TRAFFIC_CONTROL_04,categorical_TRAFFIC_CONTROL_07,categorical_TRAFFIC_CONTROL_08,categorical_TRAFFIC_CONTROL_09,categorical_TRAFFIC_CONTROL_11,categorical_ACCIDENT_LOCATION_01,categorical_ACCIDENT_LOCATION_02,categorical_ACCIDENT_LOCATION_03,categorical_ACCIDENT_LOCATION_04,categorical_ACCIDENT_LOCATION_05,categorical_ACCIDENT_LOCATION_06,categorical_ACCIDENT_LOCATION_07,categorical_Seasons_Fall,categorical_Seasons_Spring,categorical_Seasons_Summer,categorical_Seasons_Winter
2018-04-14,16:45:00,03,0,01,01,01,01,0,368036.5832,5021945.504,False,April,1,0,0,0,0,0,0,0,0,1,0,0,0,0,0,0,1,0,0
2018-04-14,19:29:00,03,02,01,07,01,01,0,370363.7105,5031957.585,False,April,1,0,0,0,0,0,0,0,0,0,1,0,0,0,0,0,1,0,0
2018-04-06,16:44:00,02,05,01,01,01,01,0,368971.05799999996,5030633.961,False,April,1,0,0,0,0,0,0,0,0,0,1,0,0,0,0,0,1,0,0
2018-03-22,,03,06,01,00,01,,0,372102.3925,5026393.946,False,March,0,0,0,0,0,0,0,0,1,0,0,0,0,0,0,0,1,0,0
2018-04-15,00:34:00,03,07,03,07,06,,0,371295.5071,5012925.561000001,False,April,0,0,0,0,0,0,0,0,1,0,0,0,0,0,0,0,1,0,0
2018-03-19,14:44:00,03,04,01,01,01,01,0,349053.6082,5018056.464,False,March,0,0,0,0,0,0,0,1,0,0,1,0,0,0,0,0,1,0,0
2018-04-15,00:51:00,02,04,03,07,06,,0,368654.7126,5026835.244,False,April,0,0,0,0,0,0,0,0,1,0,0,0,0,0,0,0,1,0,0
2018-04-15,02:12:00,03,05,01,07,02,,0,367345.6718,5021226.708000001,False,April,0,0,0,0,0,0,0,0,0,0,0,1,0,0,0,0,1,0,0
2018-04-15,05:08:00,03,03,03,07,03,01,0,366458.2222,4999358.897,False,April,1,0,0,0,0,0,0,0,0,1,0,0,0,0,0,0,1,0,0
2018-04-14,19:25:00,03,02,01,01,01,01,0,364351.6999,5027337.55,False,April,1,0,0,0,0,0,0,0,0,0,1,0,0,0,0,0,1,0,0
2018-04-15,12:43:00,03,02,02,01,02,,0,366809.6114,5026117.855,False,April,0,0,0,0,0,0,0,0,0,0,0,1,0,0,0,0,1,0,0
2018-04-15,12:35:00,02,03,01,01,01,01,0,382889.4972,5038665.408,False,April,1,0,0,0,0,0,0,0,0,1,0,0,0,0,0,0,1,0,0
2018-04-15,13:25:00,02,07,04,01,04,,0,373022.3624,4999719.81,False,April,0,0,0,0,0,0,0,0,1,0,0,0,0,0,0,0,1,0,0
2018-04-15,13:37:00,03,06,03,01,03,,0,365305.5254,5023847.298,False,April,0,0,0,0,0,0,0,0,1,0,0,0,0,0,0,0,1,0,0
2018-04-15,15:03:00,03,02,04,01,04,00,0,363200.4275,5027247.063,False,April,0,1,0,0,0,0,0,0,0,0,1,0,0,0,0,0,1,0,0
2018-04-15,15:33:00,03,07,04,01,06,,0,332337.5055,5016161.705,False,April,0,0,0,0,0,0,0,0,1,0,0,0,0,0,0,0,1,0,0
2018-04-15,15:46:00,03,03,04,01,06,01,0,363081.0241,5016731.758,False,April,1,0,0,0,0,0,0,0,0,1,0,0,0,0,0,0,1,0,0
2018-04-15,17:20:00,03,03,04,01,06,,0,364973.5572,5018188.74,False,April,0,0,0,0,0,0,0,0,1,0,0,0,0,0,0,0,1,0,0
2018-04-15,18:15:00,03,07,04,01,06,,0,394620.7442,5043015.228,False,April,0,0,0,0,0,0,0,0,1,0,0,0,0,0,0,0,1,0,0
2018-04-15,18:35:00,03,02,04,05,06,,0,370912.8013,5021432.94,False,April,0,0,0,0,0,0,0,0,0,0,0,1,0,0,0,0,1,0,0
2018-04-15,19:44:00,03,07,04,07,06,01,0,376029.7287,5035093.597,False,April,1,0,0,0,0,0,0,0,0,1,0,0,0,0,0,0,1,0,0
2018-04-15,19:47:00,03,02,04,05,06,01,0,371725.7309,5024668.518,False,April,0,1,0,0,0,0,0,0,0,0,1,0,0,0,0,0,1,0,0
2018-04-15,21:01:00,03,07,04,07,02,01,0,370684.7183,5030592.553,False,April,1,0,0,0,0,0,0,0,0,1,0,0,0,0,0,0,1,0,0
2018-04-15,21:02:00,03,07,04,07,06,,0,364397.7012,5028729.5430000005,False,April,0,0,0,0,0,0,0,0,0,1,0,0,0,0,0,0,1,0,0
2018-04-15,21:21:00,03,06,04,07,06,00,0,385630.8551,5035036.133,False,April,0,1,0,0,0,0,0,0,0,1,0,0,0,0,0,0,1,0,0
2018-04-15,22:20:00,03,07,04,07,02,,0,364318.6971,5027684.822,False,April,0,0,0,0,0,0,0,0,1,0,0,0,0,0,0,0,1,0,0
2018-04-15,23:15:00,03,07,04,07,04,,0,366823.8118,5025203.262,False,April,0,0,0,0,0,0,0,0,0,1,0,0,0,0,0,0,1,0,0
2018-04-16,00:44:00,03,05,04,07,06,01,0,371174.7808,5031862.7360000005,False,April,0,1,0,0,0,0,0,0,0,0,1,0,0,0,0,0,1,0,0
2018-04-16,01:18:00,03,03,04,07,06,01,0,361766.6383,5025724.817,False,April,1,0,0,0,0,0,0,0,0,1,0,0,0,0,0,0,1,0,0
2018-04-16,06:04:00,03,02,04,01,06,01,0,369304.7166,5027894.553,False,April,1,0,0,0,0,0,0,0,0,0,1,0,0,0,0,0,1,0,0
2018-04-16,05:00:00,03,07,04,07,06,,0,348239.74100000004,4994183.956,False,April,0,0,0,0,0,0,0,0,1,0,0,0,0,0,0,0,1,0,0
2018-04-16,06:50:00,03,03,04,03,06,01,0,367458.7102,5021891.5030000005,False,April,1,0,0,0,0,0,0,0,0,1,0,0,0,0,0,0,1,0,0
2018-04-16,07:45:00,03,03,04,01,06,01,0,373109.8122,5032376.512,False,April,1,0,0,0,0,0,0,0,0,1,0,0,0,0,0,0,1,0,0
2018-04-16,08:42:00,03,07,04,01,05,,0,355923.635,5012687.579,False,April,0,0,0,0,0,0,0,0,1,0,0,0,0,0,0,0,1,0,0
2018-04-16,10:07:00,03,04,04,01,06,,0,373498.5078,5029148.452,False,April,0,0,0,0,0,0,0,0,1,0,0,0,0,0,0,0,1,0,0
2018-04-16,10:53:00,02,06,04,01,06,,0,370854.2147,5032013.188999999,False,April,0,0,0,0,0,0,0,0,1,0,0,0,0,0,0,0,1,0,0
2018-03-29,18:17:00,03,02,02,05,02,01,0,372402.7359,5028586.55,False,March,0,1,0,0,0,0,0,0,0,0,1,0,0,0,0,0,1,0,0
2018-04-15,,03,06,04,00,06,,0,368642.4377,5031974.977,False,April,0,0,0,0,0,0,0,0,1,0,0,0,0,0,0,0,1,0,0
2018-04-16,12:24:00,03,03,04,01,06,02,0,352677.4596,5017676.118,False,April,1,0,0,0,0,0,0,0,0,1,0,0,0,0,0,0,1,0,0
2018-04-15,12:52:00,03,06,04,01,06,,0,367189.2128,5029417.613,False,April,0,0,0,0,0,0,0,0,1,0,0,0,0,0,0,0,1,0,0
2018-04-16,13:23:00,02,04,01,01,01,,0,368411.4266,5031751.148,False,April,0,0,0,0,0,0,0,0,1,0,0,0,0,0,0,0,1,0,0
2018-04-16,13:32:00,02,03,04,01,02,01,0,367450.8393,5032952.359,False,April,1,0,0,0,0,0,0,0,0,1,0,0,0,0,0,0,1,0,0
2018-04-16,13:43:00,03,03,02,01,02,02,0,372266.4548,5027083.331,False,April,1,0,0,0,0,0,0,0,0,1,0,0,0,0,0,0,1,0,0
2018-04-16,13:43:00,03,04,04,01,02,,0,367427.37700000004,5029382.24,False,April,0,0,0,0,0,0,0,0,1,0,0,0,0,0,0,0,1,0,0
2018-04-16,,03,06,01,00,01,,0,362218.49700000003,5025960.433,False,April,0,0,0,0,0,0,0,0,1,0,0,0,0,0,0,0,1,0,0
2018-04-16,14:17:00,02,04,02,01,02,,0,370608.1021,5024305.563,False,April,0,0,0,0,0,0,0,0,1,0,0,0,0,0,0,0,1,0,0
2018-04-16,14:00:00,03,02,04,01,06,02,0,368767.7101,5030525.567,False,April,1,0,0,0,0,0,0,0,0,0,1,0,0,0,0,0,1,0,0
2018-04-16,15:44:00,03,03,04,01,06,02,0,383736.1826,5036677.455,False,April,1,0,0,0,0,0,0,0,0,1,0,0,0,0,0,0,1,0,0
2018-04-16,16:09:00,03,05,04,01,06,02,0,374634.7443,5032991.663,False,April,1,0,0,0,0,0,0,0,0,0,1,0,0,0,0,0,1,0,0
2018-04-16,16:29:00,03,03,02,01,02,01,0,360597.476,5022584.315,False,April,1,0,0,0,0,0,0,0,0,1,0,0,0,0,0,0,1,0,0
2018-04-16,16:55:00,03,07,04,01,06,,0,371807.2764,5014566.568,False,April,0,0,0,0,0,0,0,0,1,0,0,0,0,0,0,0,1,0,0
2018-04-16,17:04:00,03,02,02,01,02,02,0,375654.7351,5034556.586,False,April,1,0,0,0,0,0,0,0,0,0,1,0,0,0,0,0,1,0,0
2018-04-16,17:34:00,02,02,02,01,02,01,0,365612.6952,5021942.498,False,April,1,0,0,0,0,0,0,0,0,0,1,0,0,0,0,0,1,0,0
2018-04-16,17:34:00,03,06,02,01,02,,0,382021.28,5032589.223,False,April,0,0,0,0,0,0,0,0,1,0,0,0,0,0,0,0,1,0,0
2018-04-16,09:47:00,03,04,04,01,02,01,0,364358.703,5024890.513,False,April,1,0,0,0,0,0,0,0,0,1,0,0,0,0,0,0,1,0,0
2018-04-15,23:30:00,03,07,04,07,06,,0,371831.3521,5019411.231000001,False,April,0,0,0,0,0,0,0,0,1,0,0,0,0,0,0,0,1,0,0
2018-04-16,19:25:00,03,03,04,01,02,01,0,369715.1111,5028627.443,False,April,1,0,0,0,0,0,0,0,0,1,0,0,0,0,0,0,1,0,0
2018-04-16,20:18:00,02,07,02,07,02,01,1,370534.7147,5033326.587,False,April,1,0,0,0,0,0,0,0,0,0,1,0,0,0,0,0,1,0,0
2018-04-16,,03,06,04,00,06,,0,373940.5721,5029188.819,False,April,0,0,0,0,0,0,0,0,1,0,0,0,0,0,0,0,1,0,0
2018-04-17,01:58:00,03,07,04,07,06,,0,364230.0779,5019995.386,False,April,0,0,0,0,0,0,0,0,1,0,0,0,0,0,0,0,1,0,0
2018-04-17,08:42:00,03,07,02,01,03,,0,370711.8903,5014490.291999999,False,April,0,0,0,0,0,0,0,0,1,0,0,0,0,0,0,0,1,0,0
2018-04-17,09:03:00,03,03,01,01,02,01,0,372146.6661,5034108.777,False,April,1,0,0,0,0,0,0,0,0,1,0,0,0,0,0,0,1,0,0
2018-04-17,09:07:00,03,03,02,01,02,,0,356087.5187,5023430.791999999,False,April,0,0,0,0,0,0,0,0,1,0,0,0,0,0,0,0,1,0,0
2018-04-16,11:30:00,03,02,04,01,06,01,0,370789.7356,5025967.537,False,April,0,1,0,0,0,0,0,0,0,0,1,0,0,0,0,0,1,0,0
2018-04-17,09:39:00,03,03,02,01,02,01,0,349263.3325,5024061.956,False,April,1,0,0,0,0,0,0,0,0,1,0,0,0,0,0,0,1,0,0
2018-04-17,10:01:00,03,04,02,01,02,01,0,368364.2685,5031890.379,False,April,1,0,0,0,0,0,0,0,0,0,1,0,0,0,0,0,1,0,0
2018-04-17,10:24:00,03,03,02,01,02,01,0,367694.3627,5030915.626,False,April,1,0,0,0,0,0,0,0,0,1,0,0,0,0,0,0,1,0,0
2018-04-17,10:38:00,03,05,02,01,02,01,0,369001.7953,5030560.265,False,April,1,0,0,0,0,0,0,0,0,1,0,0,0,0,0,0,1,0,0
2018-04-17,11:16:00,03,03,01,01,02,01,0,367366.3519,5030715.868,False,April,1,0,0,0,0,0,0,0,0,1,0,0,0,0,0,0,1,0,0
2018-04-17,11:26:00,03,07,01,01,01,,0,357057.2241,5006125.321,False,April,0,0,0,0,0,0,0,0,1,0,0,0,0,0,0,0,1,0,0
2018-04-17,11:31:00,03,04,01,01,01,00,0,383640.9751,5036900.456,False,April,1,0,0,0,0,0,0,0,0,1,0,0,0,0,0,0,1,0,0
2018-04-10,08:00:00,03,02,01,01,01,01,0,366977.5359,5015370.893999999,False,April,0,1,0,0,0,0,0,0,0,0,1,0,0,0,0,0,1,0,0
2018-04-17,11:57:00,03,04,02,01,06,01,0,384428.3389,5035022.308,False,April,1,0,0,0,0,0,0,0,0,1,0,0,0,0,0,0,1,0,0
2018-04-17,12:15:00,03,04,03,01,02,,0,372310.4732,5027110.282,False,April,0,0,0,0,0,0,0,0,1,0,0,0,0,0,0,0,1,0,0
2018-04-17,10:00:00,03,06,02,01,02,,0,372747.6795,5024749.035,False,April,0,0,0,0,0,0,0,0,1,0,0,0,0,0,0,0,1,0,0
2018-04-17,14:47:00,03,0,01,01,01,,0,354549.6877,5016716.163,False,April,0,0,0,0,0,0,0,0,1,0,0,0,0,0,0,0,1,0,0
2018-04-17,14:50:00,03,03,04,01,06,01,0,368108.97,5027765.925,False,April,1,0,0,0,0,0,0,0,0,1,0,0,0,0,0,0,1,0,0
2018-04-17,15:16:00,02,03,03,01,02,,0,361840.1572,5013653.635,False,April,0,0,0,0,0,0,0,0,0,0,0,0,1,0,0,0,1,0,0
2018-04-17,15:29:00,03,02,02,01,02,,0,365940.3871,5024835.649,False,April,0,0,0,0,0,0,0,0,0,0,0,1,0,0,0,0,1,0,0
2018-04-17,15:40:00,03,02,02,01,02,01,0,365970.5425,5028391.73,False,April,0,1,0,0,0,0,0,0,0,0,1,0,0,0,0,0,1,0,0
2018-04-17,15:59:00,03,04,03,01,02,01,0,369038.7085,5030473.572,False,April,1,0,0,0,0,0,0,0,0,1,0,0,0,0,0,0,1,0,0
2018-04-17,16:10:00,03,02,03,01,02,,0,350867.2271,5023264.492,False,April,0,0,0,0,0,0,0,0,0,0,0,1,0,0,0,0,1,0,0
2018-04-17,15:30:00,03,03,03,01,02,01,0,363056.6895,5022730.494,False,April,1,0,0,0,0,0,0,0,0,1,0,0,0,0,0,0,1,0,0
2018-04-17,16:52:00,03,03,02,01,02,,0,352903.88,5017880.7639999995,False,April,0,0,0,0,0,0,0,0,0,0,0,1,0,0,0,0,1,0,0
2018-04-17,17:29:00,03,03,03,01,02,01,0,360839.3943,5022007.405,False,April,1,0,0,0,0,0,0,0,0,1,0,0,0,0,0,0,1,0,0
2018-04-17,17:38:00,03,03,03,01,02,,0,365118.6022,5029340.105,False,April,0,0,0,0,0,0,0,0,1,0,0,0,0,0,0,0,1,0,0
2018-04-17,17:47:00,03,02,02,01,02,,0,352399.6886,5017419.626,False,April,0,0,0,0,0,0,0,0,0,0,0,1,0,0,0,0,1,0,0
2018-04-17,17:45:00,03,03,03,01,02,,0,376144.8644,5034804.192,False,April,0,0,0,0,0,0,0,0,0,0,0,1,0,0,0,0,1,0,0
2018-04-17,18:35:00,03,04,02,01,02,01,0,368374.5111,5032329.975,False,April,1,0,0,0,0,0,0,0,0,1,0,0,0,0,0,0,1,0,0
2018-04-17,19:05:00,03,02,03,01,03,01,0,368020.0516,5017178.155,False,April,0,1,0,0,0,0,0,0,0,0,1,0,0,0,0,0,1,0,0
2018-04-17,19:51:00,02,03,01,07,02,01,0,364351.4139,5027337.945,False,April,1,0,0,0,0,0,0,0,0,0,1,0,0,0,0,0,1,0,0
2018-04-17,21:30:00,02,07,03,07,02,,0,373621.5489,5015717.571,False,April,0,0,0,0,0,0,0,0,1,0,0,0,0,0,0,0,1,0,0
2018-04-17,22:06:00,03,03,01,07,02,,0,370199.0445,5026878.666,False,April,0,0,0,0,0,0,0,0,0,0,0,1,0,0,0,0,1,0,0
2018-04-18,02:10:00,03,07,01,07,01,,0,363705.0041,5021290.745,False,April,0,0,0,0,0,0,0,0,1,0,0,0,0,0,0,0,1,0,0
2018-04-18,08:34:00,03,07,01,01,02,,0,365364.1709,5011689.155,False,April,0,0,0,0,0,0,0,0,1,0,0,0,0,0,0,0,1,0,0
2018-04-18,08:45:00,03,06,01,01,01,,0,361658.8421,5023900.975,False,April,0,0,0,0,0,0,0,0,1,0,0,0,0,0,0,0,1,0,0
2018-04-18,09:50:00,03,04,01,01,01,,0,373196.1836,5029786.981000001,False,April,0,0,0,0,0,0,0,0,1,0,0,0,0,0,0,0,1,0,0
2018-04-18,09:15:00,03,05,01,01,01,,0,351875.0696,5021204.898,False,April,0,0,0,0,0,0,0,0,0,0,0,1,0,0,0,0,1,0,0
2018-04-11,01:31:00,03,07,01,07,01,,0,361252.6651,4983313.53,False,April,0,0,0,0,0,0,0,0,1,0,0,0,0,0,0,0,1,0,0
2018-03-26,18:54:00,03,03,01,05,01,01,0,367447.3586,5029335.562,False,March,1,0,0,0,0,0,0,0,0,0,1,0,0,0,0,0,1,0,0
2018-04-06,16:40:00,03,03,02,01,02,01,0,350488.5632,5022709.109,False,April,1,0,0,0,0,0,0,0,0,1,0,0,0,0,0,0,1,0,0
2018-04-11,05:59:00,03,07,01,07,01,,0,378196.6824,5004419.334,False,April,0,0,0,0,0,0,0,0,1,0,0,0,0,0,0,0,1,0,0
2018-03-24,21:39:00,03,05,01,07,01,01,0,387870.1706,5037736.869,False,March,0,1,0,0,0,0,0,0,0,1,0,0,0,0,0,0,1,0,0
2018-03-19,15:22:00,03,03,01,01,01,01,0,368419.0723,5024853.529,False,March,1,0,0,0,0,0,0,0,0,1,0,0,0,0,0,0,1,0,0
2018-03-22,21:24:00,03,05,01,07,02,,0,368441.8549,5030641.343,False,March,0,0,0,0,0,0,0,0,0,0,1,0,0,0,0,0,1,0,0
2018-03-29,18:21:00,03,03,02,05,02,00,0,365748.3534,5024715.829,False,March,1,0,0,0,0,0,0,0,0,1,0,0,0,0,0,0,1,0,0
2018-04-11,08:13:00,03,07,01,01,01,,0,337429.3855,5037891.72,False,April,0,0,0,0,0,0,0,0,1,0,0,0,0,0,0,0,1,0,0
2018-04-11,08:22:00,03,05,01,01,01,01,0,368291.7686,5032753.694,False,April,1,0,0,0,0,0,0,0,0,0,1,0,0,0,0,0,1,0,0
2018-04-11,08:41:00,02,03,01,01,01,01,0,372268.2204,5027083.455,False,April,1,0,0,0,0,0,0,0,0,1,0,0,0,0,0,0,1,0,0
2018-04-10,18:00:00,03,07,01,01,01,,0,373124.9267,5034515.797,False,April,0,0,0,0,0,0,0,0,0,0,0,1,0,0,0,0,1,0,0
2018-04-11,09:28:00,03,03,01,01,01,01,0,366623.3515,5030187.0139999995,False,April,1,0,0,0,0,0,0,0,0,1,0,0,0,0,0,0,1,0,0
2018-04-10,12:30:00,03,03,01,01,01,01,0,369127.9318,5032787.688,False,April,1,0,0,0,0,0,0,0,0,1,0,0,0,0,0,0,1,0,0
2018-04-07,08:35:00,03,07,01,01,01,,0,365695.4172,5006142.249,False,April,0,0,0,0,0,0,0,0,1,0,0,0,0,0,0,0,1,0,0
2018-04-11,12:28:00,03,02,01,01,01,01,0,369411.706,5033568.601,False,April,0,1,0,0,0,0,0,0,0,0,1,0,0,0,0,0,1,0,0
2018-04-11,13:27:00,03,02,01,01,01,,0,372693.4249,5034580.262,False,April,0,0,0,0,0,0,0,0,0,0,0,1,0,0,0,0,1,0,0
2018-04-11,14:14:00,03,06,01,01,01,,0,359692.8038,5021698.31,False,April,0,0,0,0,0,0,0,0,1,0,0,0,0,0,0,0,1,0,0
2018-04-11,14:59:00,03,03,01,01,01,,0,361450.3966,5014197.11,False,April,0,0,0,0,0,0,0,0,1,0,0,0,0,0,0,0,1,0,0
2018-04-11,16:30:00,02,02,01,01,01,,0,357044.00399999996,5020443.631,False,April,0,0,0,0,0,0,0,0,0,0,0,1,0,0,0,0,1,0,0
2018-04-11,15:32:00,02,02,01,01,01,,0,371934.4588,5024157.317,False,April,0,0,0,0,0,0,0,0,1,0,0,0,0,0,0,0,1,0,0
2018-04-11,16:31:00,02,03,01,01,01,01,0,370852.0081,5024839.1219999995,False,April,1,0,0,0,0,0,0,0,0,1,0,0,0,0,0,0,1,0,0
2018-04-11,16:43:00,03,03,02,01,02,01,0,383109.5568,5035762.289,False,April,0,1,0,0,0,0,0,0,0,1,0,0,0,0,0,0,1,0,0
2018-04-11,17:12:00,03,04,02,01,02,01,0,369384.7092,5029649.563,False,April,0,1,0,0,0,0,0,0,0,1,0,0,0,0,0,0,1,0,0
2018-04-11,17:58:00,03,07,02,01,02,,0,381001.7788,5016737.8,False,April,0,0,0,0,0,0,0,0,1,0,0,0,0,0,0,0,1,0,0
2018-04-11,18:27:00,03,02,01,01,01,,0,348152.13,5014989.65,False,April,0,0,0,0,0,0,0,0,0,0,0,1,0,0,0,0,1,0,0
2018-04-11,19:47:00,03,06,01,05,01,,0,355191.1677,5016137.598999999,False,April,0,0,0,0,0,0,0,0,1,0,0,0,0,0,0,0,1,0,0
2018-04-11,19:45:00,02,04,02,05,02,01,0,364884.2682,5013918.0030000005,False,April,0,1,0,0,0,0,0,0,0,1,0,0,0,0,0,0,1,0,0
2018-04-11,20:16:00,02,02,01,07,02,01,0,358398.9978,5013998.118,False,April,0,1,0,0,0,0,0,0,0,0,1,0,0,0,0,0,1,0,0
2018-04-11,22:13:00,03,02,01,07,02,,0,376992.5202,5035176.925,False,April,0,0,0,0,0,0,0,0,1,0,0,0,0,0,0,0,1,0,0
2018-04-11,22:50:00,03,05,01,07,01,01,0,367923.3492,5028091.547,False,April,1,0,0,0,0,0,0,0,0,0,1,0,0,0,0,0,1,0,0
2018-04-12,03:21:00,03,07,01,07,06,,0,362684.4711,5017650.978,False,April,0,0,0,0,0,0,0,0,1,0,0,0,0,0,0,0,1,0,0
2018-04-12,06:19:00,03,07,01,03,01,01,0,351957.61100000003,5018573.454,False,April,0,1,0,0,0,0,0,0,0,0,1,0,0,0,0,0,1,0,0
2018-04-12,06:55:00,03,07,02,03,02,,0,389085.1351,5041916.971,False,April,0,0,0,0,0,0,0,0,1,0,0,0,0,0,0,0,1,0,0
2018-04-12,08:08:00,03,06,01,01,01,,0,369417.37200000003,5015458.85,False,April,0,0,0,0,0,0,0,0,0,0,0,1,0,0,0,0,1,0,0
2018-04-12,08:24:00,03,02,01,01,01,01,0,373205.74299999996,5023550.513,False,April,1,0,0,0,0,0,0,0,0,0,1,0,0,0,0,0,1,0,0
2018-04-12,09:02:00,03,07,03,01,02,,0,394251.1225,5033023.067,False,April,0,0,0,0,0,0,0,0,1,0,0,0,0,0,0,0,1,0,0
2018-04-11,,03,06,01,07,01,,0,365609.4051,5016449.562,False,April,0,0,0,0,0,0,0,0,1,0,0,0,0,0,0,0,1,0,0
2018-04-12,10:02:00,02,03,01,01,01,01,0,366724.8285,5028870.656,False,April,1,0,0,0,0,0,0,0,0,1,0,0,0,0,0,0,1,0,0
2018-04-06,21:00:00,03,06,01,07,01,,0,361793.2432,5014317.96,False,April,0,0,0,0,0,0,0,0,1,0,0,0,0,0,0,0,1,0,0
2018-04-12,09:40:00,03,03,01,01,02,,0,352953.9058,5020201.941000001,True,April,0,0,0,0,0,0,0,0,1,0,0,0,0,0,0,0,1,0,0
2018-04-12,11:01:00,03,04,01,01,01,01,0,372748.6322,5032170.666,False,April,1,0,0,0,0,0,0,0,0,1,0,0,0,0,0,0,1,0,0
2018-04-12,11:13:00,02,01,01,01,01,,0,385517.9683,5041541.352,False,April,0,0,0,0,0,0,0,0,1,0,0,0,0,0,0,0,1,0,0
2018-04-12,11:47:00,03,04,01,01,01,,0,368369.4448,5031941.981000001,False,April,0,0,0,0,0,0,0,0,1,0,0,0,0,0,0,0,1,0,0
2018-04-12,11:49:00,03,02,01,01,01,,0,356978.984,5020404.86,False,April,0,0,0,0,0,0,0,0,0,0,0,1,0,0,0,0,1,0,0
2018-04-11,18:00:00,03,06,01,01,01,,0,349727.3439,5012294.38,False,April,0,0,0,0,0,0,0,0,1,0,0,0,0,0,0,0,1,0,0
2018-04-11,15:10:00,03,04,01,01,01,,0,373545.708,5027843.928,False,April,0,0,0,0,0,0,0,0,0,0,0,0,0,0,0,0,1,0,0
2018-04-12,12:53:00,02,03,01,01,01,00,0,376155.1047,5019728.171,False,April,0,1,0,0,0,0,0,0,0,0,1,0,0,0,0,0,1,0,0
2018-04-06,09:15:00,02,07,01,01,01,,1,356397.9006,5005741.182,False,April,0,0,0,0,0,0,0,0,1,0,0,0,0,0,0,0,1,0,0
2018-04-12,13:19:00,03,03,01,01,01,01,0,375654.3866,5034557.283,False,April,1,0,0,0,0,0,0,0,0,1,0,0,0,0,0,0,1,0,0
2018-04-12,13:46:00,03,04,01,01,01,,0,348192.7128,5014252.914,False,April,0,0,0,0,0,0,0,0,0,0,0,1,0,0,0,0,1,0,0
2018-04-12,13:30:00,03,05,01,01,01,01,0,366187.0524,5028527.554,False,April,1,0,0,0,0,0,0,0,0,0,1,0,0,0,0,0,1,0,0
2018-04-12,13:53:00,03,02,01,01,01,01,0,375907.0154,5014804.972,False,April,1,0,0,0,0,0,0,0,0,0,1,0,0,0,0,0,1,0,0
2018-04-12,16:38:00,02,07,07,01,01,01,1,349558.3979,5014878.717,False,April,1,0,0,0,0,0,0,0,0,0,1,0,0,0,0,0,1,0,0
2018-04-12,14:48:00,03,02,02,01,02,01,0,351777.2598,5017614.844,False,April,1,0,0,0,0,0,0,0,0,0,1,0,0,0,0,0,1,0,0
2018-04-12,15:13:00,03,03,02,01,02,01,0,383040.2729,5038358.282,False,April,1,0,0,0,0,0,0,0,0,1,0,0,0,0,0,0,1,0,0
2018-04-12,15:20:00,03,02,02,01,02,,0,367334.6367,5025802.188,False,April,0,0,0,0,0,0,0,0,0,0,0,1,0,0,0,0,1,0,0
2018-04-12,15:30:00,03,03,02,01,02,,0,374195.3093,5030695.215,True,April,0,0,0,0,0,0,0,0,0,1,0,0,0,0,0,0,1,0,0
2018-04-12,16:02:00,02,02,02,01,02,01,0,357066.6521,5020455.478,False,April,1,0,0,0,0,0,0,0,0,0,1,0,0,0,0,0,1,0,0
2018-04-12,16:13:00,03,02,02,01,02,,0,371148.4592,5026074.294,False,April,0,0,0,0,0,0,0,0,0,0,0,1,0,0,0,0,1,0,0
2018-04-12,16:58:00,03,03,02,01,02,01,0,374505.9815,5033198.575,False,April,1,0,0,0,0,0,0,0,0,1,0,0,0,0,0,0,1,0,0
2018-04-12,17:12:00,03,03,02,01,02,01,0,366830.7553,5028935.553,False,April,1,0,0,0,0,0,0,0,0,1,0,0,0,0,0,0,1,0,0
2018-04-12,17:05:00,03,04,02,01,02,01,0,353673.6248,5018424.46,False,April,1,0,0,0,0,0,0,0,0,1,0,0,0,0,0,0,1,0,0
2018-04-12,17:56:00,03,03,02,01,02,01,0,364950.052,5029726.56,False,April,1,0,0,0,0,0,0,0,0,1,0,0,0,0,0,0,1,0,0
2018-04-12,18:00:00,03,02,02,01,02,01,0,366064.7026,5022022.506,False,April,0,1,0,0,0,0,0,0,0,0,1,0,0,0,0,0,1,0,0
2018-04-12,18:17:00,03,03,02,01,02,,0,373126.3936,5032383.554,False,April,0,0,0,0,0,0,0,0,1,0,0,0,0,0,0,0,1,0,0
2018-04-12,18:36:00,03,02,02,01,02,,0,350102.6125,5019607.85,False,April,0,0,0,0,0,0,0,0,0,0,0,1,0,0,0,0,1,0,0
2018-04-12,08:30:00,03,03,04,01,02,01,0,363609.3415,5028539.252,False,April,1,0,0,0,0,0,0,0,0,1,0,0,0,0,0,0,1,0,0
2018-04-12,20:30:00,03,07,02,07,02,01,0,362489.6839,5013843.416,False,April,0,1,0,0,0,0,0,0,0,1,0,0,0,0,0,0,1,0,0
2018-04-12,18:00:00,03,06,01,01,01,,0,367447.6157,5030869.026000001,False,April,0,0,0,0,0,0,0,0,1,0,0,0,0,0,0,0,1,0,0