DATE,TIME,CLASS_OF_ACCIDENT,IMPACT_TYPE,ENVIRONMENT,LIGHT,ROAD_SURFACE_CONDITION,TRAFFIC_CONTROL_CONDITION,NO_OF_PEDESTRIANS,X,Y,Highway,Month,categorical_TRAFFIC_CONTROL_01,categorical_TRAFFIC_CONTROL_02,categorical_TRAFFIC_CONTROL_03,categorical_TRAFFIC_CONTROL_04,categorical_TRAFFIC_CONTROL_07,categorical_TRAFFIC_CONTROL_08,categorical_TRAFFIC_CONTROL_09,categorical_TRAFFIC_CONTROL_11,categorical_ACCIDENT_LOCATION_01,categorical_ACCIDENT_LOCATION_02,categorical_ACCIDENT_LOCATION_03,categorical_ACCIDENT_LOCATION_04,categorical_ACCIDENT_LOCATION_05,categorical_ACCIDENT_LOCATION_06,categorical_ACCIDENT_LOCATION_07,categorical_Seasons_Fall,categorical_Seasons_Spring,categorical_Seasons_Summer,categorical_Seasons_Winter
2018-04-12,22:20:00,03,07,01,07,02,,0,346298.3205,5017242.609,False,April,0,0,0,0,0,0,0,0,1,0,0,0,0,0,0,0,1,0,0
2018-04-13,06:13:00,03,07,01,03,01,,0,353877.1811,5023306.041999999,False,April,0,0,0,0,0,0,0,0,1,0,0,0,0,0,0,0,1,0,0
2018-04-13,06:56:00,03,03,01,01,01,01,0,373099.6957,5030005.509,False,April,1,0,0,0,0,0,0,0,0,1,0,0,0,0,0,0,1,0,0
2018-04-12,16:00:00,03,03,02,01,02,00,0,371932.8647,5029226.161,False,April,1,0,0,0,0,0,0,0,0,1,0,0,0,0,0,0,1,0,0
2018-04-13,07:59:00,03,03,01,01,01,01,0,361106.8348,5021364.396000001,False,April,1,0,0,0,0,0,0,0,0,1,0,0,0,0,0,0,1,0,0
2018-04-13,08:44:00,03,07,01,01,01,,0,368732.2235,5026716.512,False,April,0,0,0,0,0,0,0,0,1,0,0,0,0,0,0,0,1,0,0
2018-04-13,09:07:00,03,02,01,01,01,,0,361254.5436,5026313.7530000005,False,April,0,0,0,0,0,0,0,0,0,0,0,1,0,0,0,0,1,0,0
2018-04-13,11:00:00,03,04,01,01,01,01,0,368248.7008,5032823.589,False,April,1,0,0,0,0,0,0,0,0,1,0,0,0,0,0,0,1,0,0
2018-04-13,12:15:00,03,03,01,01,01,01,0,369127.7773,5033487.188999999,False,April,1,0,0,0,0,0,0,0,0,1,0,0,0,0,0,0,1,0,0
2018-04-11,12:00:00,03,06,01,01,01,,0,367888.6744,5031510.433,False,April,0,0,0,0,0,0,0,0,1,0,0,0,0,0,0,0,1,0,0
2018-04-13,13:30:00,03,02,01,01,01,,0,356599.8997,5020173.329,False,April,0,0,0,0,0,0,0,0,0,0,0,1,0,0,0,0,1,0,0
2018-04-13,12:30:00,03,03,01,01,01,00,0,370407.6763,5027365.148,False,April,1,0,0,0,0,0,0,0,0,1,0,0,0,0,0,0,1,0,0
2018-04-13,15:05:00,03,02,01,01,01,01,0,349438.006,5022666.636,False,April,0,1,0,0,0,0,0,0,0,0,1,0,0,0,0,0,1,0,0
2018-04-13,,03,06,01,00,01,,0,358875.4755,5016110.613,False,April,0,0,0,0,0,0,0,0,1,0,0,0,0,0,0,0,1,0,0
2018-04-13,15:21:00,03,03,01,01,01,01,0,371921.4861,5032887.459,False,April,1,0,0,0,0,0,0,0,0,1,0,0,0,0,0,0,1,0,0
2018-04-13,15:23:00,03,03,01,01,01,,0,370801.1524,5031370.277,True,April,0,0,0,0,0,0,0,0,1,0,0,0,0,0,0,0,1,0,0
2018-04-13,15:54:00,02,02,01,01,01,,0,367758.6388,5028682.11,False,April,0,0,0,0,0,0,0,0,0,0,0,1,0,0,0,0,1,0,0
2018-04-13,16:27:00,03,03,01,01,01,00,0,368943.3656,5028262.548,False,April,1,0,0,0,0,0,0,0,0,1,0,0,0,0,0,0,1,0,0
2018-04-13,15:40:00,03,03,01,01,01,01,0,380028.3794,5038107.688999999,False,April,1,0,0,0,0,0,0,0,0,1,0,0,0,0,0,0,1,0,0
2018-04-13,17:31:00,02,05,01,01,01,01,0,359059.02,5022748.496,False,April,1,0,0,0,0,0,0,0,0,0,1,0,0,0,0,0,1,0,0
2018-04-13,17:47:00,03,02,01,01,01,,0,363597.4948,5028561.552,False,April,0,0,0,0,0,0,0,0,0,0,0,1,0,0,0,0,1,0,0
2018-04-13,18:19:00,03,05,01,01,01,01,0,365577.7449,5016707.443,False,April,1,0,0,0,0,0,0,0,0,0,1,0,0,0,0,0,1,0,0
2018-04-13,19:08:00,03,05,01,01,01,01,0,371543.9607,5033816.898,False,April,1,0,0,0,0,0,0,0,0,0,1,0,0,0,0,0,1,0,0
2018-04-13,19:30:00,03,03,01,01,01,01,0,363419.9146,5021826.637,False,April,1,0,0,0,0,0,0,0,0,1,0,0,0,0,0,0,1,0,0
2018-04-13,19:53:00,03,07,01,07,02,,0,357895.3301,5018526.325,False,April,0,0,0,0,0,0,0,0,1,0,0,0,0,0,0,0,1,0,0
2018-04-13,22:22:00,03,07,01,07,01,,0,347881.6108,5019361.143999999,False,April,0,0,0,0,0,0,0,0,1,0,0,0,0,0,0,0,1,0,0
2018-04-13,23:12:00,03,05,01,07,02,01,0,367253.3364,5029796.451,False,April,1,0,0,0,0,0,0,0,0,0,1,0,0,0,0,0,1,0,0
2018-04-14,00:45:00,03,05,01,07,01,,0,369116.8918,5032780.891,False,April,0,0,0,0,0,0,0,0,0,0,0,1,0,0,0,0,1,0,0
2018-04-14,01:03:00,02,07,01,07,01,,0,362271.5144,5023273.274,False,April,0,0,0,0,0,0,0,0,1,0,0,0,0,0,0,0,1,0,0
2018-04-14,04:39:00,02,07,01,07,01,01,0,369739.7088,5032887.585,False,April,1,0,0,0,0,0,0,0,0,1,0,0,0,0,0,0,1,0,0
2018-04-14,03:44:00,03,03,01,07,01,01,0,362549.7024,5023770.556,False,April,1,0,0,0,0,0,0,0,0,1,0,0,0,0,0,0,1,0,0
2018-04-14,05:04:00,02,07,01,07,01,,0,371416.9485,5019133.031,False,April,0,0,0,0,0,0,0,0,1,0,0,0,0,0,0,0,1,0,0
2018-04-13,13:20:00,03,07,01,01,01,01,0,366166.6931,5026028.532,False,April,1,0,0,0,0,0,0,0,0,1,0,0,0,0,0,0,1,0,0
2018-04-14,08:30:00,03,02,01,01,01,01,0,371452.7275,5027012.538,False,April,1,0,0,0,0,0,0,0,0,0,1,0,0,0,0,0,1,0,0
2018-03-26,21:00:00,03,06,01,07,01,,0,370375.1022,5028021.384,False,March,0,0,0,0,0,0,0,0,1,0,0,0,0,0,0,0,1,0,0
2018-04-14,09:00:00,03,06,01,01,01,,0,366655.5336,5015757.879,False,April,0,0,0,0,0,0,0,0,0,0,0,1,0,0,0,0,1,0,0
2018-04-03,19:31:00,03,07,01,07,01,,0,383525.3023,5010018.81,False,April,0,0,0,0,0,0,0,0,1,0,0,0,0,0,0,0,1,0,0
2018-04-06,17:30:00,03,03,03,01,02,,0,374773.0468,5032798.822,True,April,0,0,0,0,0,0,0,0,1,0,0,0,0,0,0,0,1,0,0
2018-03-19,10:30:00,03,05,01,01,01,01,0,351543.999,5016629.975,False,March,1,0,0,0,0,0,0,0,0,0,1,0,0,0,0,0,1,0,0
2018-04-03,22:01:00,03,03,04,07,02,01,0,364357.658,5024890.513,False,April,1,0,0,0,0,0,0,0,0,1,0,0,0,0,0,0,1,0,0
2018-03-29,19:26:00,03,05,02,07,02,01,0,350943.6432,5016081.523,False,March,1,0,0,0,0,0,0,0,0,0,1,0,0,0,0,0,1,0,0
2018-04-06,17:37:00,03,03,01,01,01,01,0,364642.5779,5024227.942,False,April,1,0,0,0,0,0,0,0,0,1,0,0,0,0,0,0,1,0,0
2018-03-23,00:02:00,03,07,01,07,01,01,0,368294.362,5028635.554,False,March,0,1,0,0,0,0,0,0,0,1,0,0,0,0,0,0,1,0,0
2018-03-29,19:36:00,02,04,02,07,02,01,0,379617.7471,5033274.562,False,March,1,0,0,0,0,0,0,0,0,1,0,0,0,0,0,0,1,0,0
2018-03-26,20:10:00,03,05,01,07,01,00,0,368629.0079,5023195.037,False,March,0,0,1,0,0,0,0,0,0,0,1,0,0,0,0,0,1,0,0
2018-04-06,17:44:00,03,03,02,01,02,01,0,352464.2623,5017481.841,False,April,0,1,0,0,0,0,0,0,0,1,0,0,0,0,0,0,1,0,0
2018-03-23,07:46:00,03,04,01,01,01,01,0,364949.7034,5029726.56,False,March,1,0,0,0,0,0,0,0,0,1,0,0,0,0,0,0,1,0,0
2018-03-19,15:34:00,03,01,01,01,01,,0,383104.734,5034420.095,False,March,0,0,0,0,0,0,0,0,1,0,0,0,0,0,0,0,1,0,0
2018-04-03,23:13:00,03,04,02,07,04,01,0,363593.6881,5024409.526000001,False,April,1,0,0,0,0,0,0,0,0,1,0,0,0,0,0,0,1,0,0
2018-03-29,20:26:00,03,07,01,07,01,,0,383625.3597,5010306.076,False,March,0,0,0,0,0,0,0,0,1,0,0,0,0,0,0,0,1,0,0
2018-03-26,19:45:00,03,07,01,07,0,,0,374593.4927,5034968.925,False,March,0,0,0,0,0,0,0,0,1,0,0,0,0,0,0,0,1,0,0
2018-04-06,18:26:00,03,07,02,01,02,,0,353151.4623,5025096.094,False,April,0,0,0,0,0,0,0,0,1,0,0,0,0,0,0,0,1,0,0
2018-03-23,08:35:00,03,04,01,01,01,01,0,366428.3448,5030626.567,False,March,1,0,0,0,0,0,0,0,0,1,0,0,0,0,0,0,1,0,0
2018-03-18,,03,06,01,00,01,,0,362117.4602,5023186.954,False,March,0,0,0,0,0,0,0,0,1,0,0,0,0,0,0,0,1,0,0
2018-04-04,00:54:00,03,07,04,07,04,,0,370030.8756,5001567.42,False,April,0,0,0,0,0,0,0,0,1,0,0,0,0,0,0,0,1,0,0
2018-03-29,20:20:00,03,04,02,07,02,01,0,367572.7187,5014684.397,False,March,1,0,0,0,0,0,0,0,0,1,0,0,0,0,0,0,1,0,0
2018-03-29,20:40:00,03,07,01,07,01,,0,383488.6411,5010624.364,False,March,0,0,0,0,0,0,0,0,1,0,0,0,0,0,0,0,1,0,0
2018-03-29,21:03:00,03,03,02,07,02,,0,351709.8301,5017688.041999999,False,March,0,0,0,0,0,0,0,0,1,0,0,0,0,0,0,0,1,0,0
2018-03-29,22:28:00,03,06,01,07,01,,0,371653.6022,5033590.587,False,March,0,0,0,0,0,0,0,0,1,0,0,0,0,0,0,0,1,0,0
2018-03-29,21:30:00,03,04,02,07,02,01,0,351777.6082,5017613.45,False,March,1,0,0,0,0,0,0,0,0,1,0,0,0,0,0,0,1,0,0
2018-03-30,00:40:00,03,07,02,07,02,,0,359547.0558,5021935.734,False,March,0,0,0,0,0,0,0,0,1,0,0,0,0,0,0,0,1,0,0
2018-03-30,07:50:00,03,04,01,01,02,01,0,361766.6383,5025726.907,False,March,1,0,0,0,0,0,0,0,0,0,1,0,0,0,0,0,1,0,0
2018-03-30,09:48:00,03,02,01,01,01,01,0,367097.3494,5031525.877,False,March,1,0,0,0,0,0,0,0,0,0,1,0,0,0,0,0,1,0,0
2018-03-30,10:48:00,03,06,01,01,01,,0,367997.8607,5032247.495,False,March,0,0,0,0,0,0,0,0,1,0,0,0,0,0,0,0,1,0,0
2018-03-30,11:31:00,03,02,01,01,01,01,0,373828.7218,5032800.577,False,March,1,0,0,0,0,0,0,0,0,0,1,0,0,0,0,0,1,0,0
2018-03-30,12:32:00,03,04,03,01,02,,0,364304.1951,5027508.0430000005,True,March,0,0,0,0,0,0,0,0,1,0,0,0,0,0,0,0,1,0,0
2018-03-29,10:45:00,03,05,02,01,02,01,0,349675.731,5017365.572,False,March,1,0,0,0,0,0,0,0,0,0,1,0,0,0,0,0,1,0,0
2018-03-30,12:53:00,03,04,01,01,01,,0,367063.6838,5030951.204,False,March,0,0,0,0,0,0,0,0,1,0,0,0,0,0,0,0,1,0,0
2018-03-29,18:05:00,03,03,01,05,02,,0,360619.6355,5022529.448,False,March,0,0,0,0,0,0,0,0,1,0,0,0,0,0,0,0,1,0,0
2018-03-30,14:41:00,03,02,01,01,01,00,0,371766.6376,5026795.778,False,March,1,0,0,0,0,0,0,0,0,1,0,0,0,0,0,0,1,0,0
2018-03-21,17:15:00,03,03,01,01,01,01,0,367891.75299999997,5031647.272,False,March,1,0,0,0,0,0,0,0,0,1,0,0,0,0,0,0,1,0,0
2018-03-30,16:19:00,03,02,01,01,01,01,0,373030.6582,4999620.0,False,March,0,1,0,0,0,0,0,0,0,0,1,0,0,0,0,0,1,0,0
2018-03-29,02:00:00,03,06,01,07,01,,0,355068.8979,5015499.159,False,March,0,0,0,0,0,0,0,0,1,0,0,0,0,0,0,0,1,0,0
2018-03-30,18:50:00,03,04,01,07,01,,0,368112.3854,5030093.583000001,False,March,0,0,0,0,0,0,0,0,1,0,0,0,0,0,0,0,1,0,0
2018-03-30,19:07:00,03,03,01,07,01,00,0,350208.4595,5013401.6,False,March,0,1,0,0,0,0,0,0,0,1,0,0,0,0,0,0,1,0,0
2018-03-30,21:32:00,03,04,01,07,01,01,0,368511.7072,5032413.589,False,March,1,0,0,0,0,0,0,0,0,1,0,0,0,0,0,0,1,0,0
2018-03-31,09:39:00,03,03,01,01,01,01,0,367391.0595,5021524.185,False,March,1,0,0,0,0,0,0,0,0,1,0,0,0,0,0,0,1,0,0
2018-03-31,10:00:00,03,03,01,01,01,,0,372835.5345,5031980.782,False,March,0,0,0,0,0,0,0,0,0,0,0,1,0,0,0,0,1,0,0
2018-03-31,11:44:00,03,04,01,01,01,,0,371816.1688,5024108.7069999995,False,March,0,0,0,0,0,0,0,0,1,0,0,0,0,0,0,0,1,0,0
2018-03-31,12:38:00,03,07,01,01,01,01,1,367604.3654,5031066.659,False,March,1,0,0,0,0,0,0,0,0,1,0,0,0,0,0,0,1,0,0
2018-03-31,12:50:00,03,05,01,01,01,01,0,366891.3642,5018844.469,False,March,1,0,0,0,0,0,0,0,0,0,1,0,0,0,0,0,1,0,0
2018-03-31,13:26:00,03,05,01,01,01,,0,365233.0699,5022970.098,False,March,0,0,0,0,0,0,0,0,0,0,0,1,0,0,0,0,1,0,0
2018-03-31,13:30:00,02,02,01,01,01,01,0,380211.7359,5037786.156,False,March,0,1,0,0,0,0,0,0,0,0,1,0,0,0,0,0,1,0,0
2018-03-31,13:31:00,03,05,01,01,01,,0,356559.1947,5006085.728999999,False,March,0,0,0,0,0,0,0,0,0,0,0,1,0,0,0,0,1,0,0
2018-03-31,13:33:00,03,04,01,01,01,,0,370593.4195,5025382.53,False,March,0,0,0,0,0,0,0,0,1,0,0,0,0,0,0,0,1,0,0
2018-03-31,13:29:00,03,03,01,01,01,01,0,367869.2158,5032130.693,False,March,1,0,0,0,0,0,0,0,0,1,0,0,0,0,0,0,1,0,0
2018-03-31,14:24:00,03,03,01,01,01,01,0,366233.9434,5031084.737,False,March,1,0,0,0,0,0,0,0,0,1,0,0,0,0,0,0,1,0,0
2018-03-31,14:39:00,03,03,01,01,01,01,0,375906.7541,5014804.449,False,March,1,0,0,0,0,0,0,0,0,0,1,0,0,0,0,0,1,0,0
2018-03-31,14:39:00,03,03,01,01,01,,0,374787.5427,5030970.009,True,March,0,0,0,0,0,0,0,0,1,0,0,0,0,0,0,0,1,0,0
2018-03-31,15:57:00,02,01,01,01,01,01,0,367449.7111,5017616.46,False,March,1,0,0,0,0,0,0,0,0,0,1,0,0,0,0,0,1,0,0
2018-03-31,16:04:00,03,07,01,01,01,,0,361392.5637,5021058.563999999,False,March,0,0,0,0,0,0,0,0,1,0,0,0,0,0,0,0,1,0,0
2018-03-31,16:34:00,03,05,01,01,01,01,0,358966.6196,5021675.884,False,March,1,0,0,0,0,0,0,0,0,0,1,0,0,0,0,0,1,0,0
2018-03-31,17:00:00,03,0,01,01,01,,0,365295.5109,5014813.608,False,March,0,0,0,0,0,0,0,0,1,0,0,0,0,0,0,0,1,0,0
2018-03-31,17:10:00,03,05,01,01,01,01,0,364631.9346,5014953.308,False,March,1,0,0,0,0,0,0,0,0,0,1,0,0,0,0,0,1,0,0
2018-03-31,17:23:00,03,03,01,01,01,,0,368454.9111,5014867.411,False,March,0,0,0,0,0,0,0,0,1,0,0,0,0,0,0,0,1,0,0
2018-03-31,21:37:00,03,05,02,07,02,01,0,363420.0383,5021825.093,False,March,1,0,0,0,0,0,0,0,0,0,1,0,0,0,0,0,1,0,0
2018-03-31,,03,06,02,00,02,,0,369729.219,5023324.422,False,March,0,0,0,0,0,0,0,0,1,0,0,0,0,0,0,0,1,0,0
2018-04-01,02:54:00,03,07,01,07,02,,0,370499.8055,5030420.368,False,April,0,0,0,0,0,0,0,0,1,0,0,0,0,0,0,0,1,0,0
2018-03-31,15:45:00,03,02,01,01,01,,0,371931.0485,5024166.433,False,March,0,0,0,0,0,0,0,0,0,0,0,1,0,0,0,0,1,0,0
2018-03-30,,03,06,02,00,02,,0,360432.4486,5022903.011,False,March,0,0,0,0,0,0,0,0,1,0,0,0,0,0,0,0,1,0,0
2018-04-01,13:10:00,03,03,01,01,01,01,0,384261.0828,5035420.69,False,April,1,0,0,0,0,0,0,0,0,1,0,0,0,0,0,0,1,0,0
2018-04-01,13:50:00,02,04,01,01,01,01,0,368206.7092,5032227.581,False,April,1,0,0,0,0,0,0,0,0,1,0,0,0,0,0,0,1,0,0
2018-04-01,14:15:00,03,06,01,01,01,,0,368714.8743,5029553.633,False,April,0,0,0,0,0,0,0,0,1,0,0,0,0,0,0,0,1,0,0
2018-04-01,23:36:00,03,01,01,07,01,,0,373218.3943,5029437.407,False,April,0,0,0,0,0,0,0,0,1,0,0,0,0,0,0,0,1,0,0
2018-04-02,06:32:00,02,03,01,01,01,00,0,395341.3729,5022681.569,True,April,0,1,0,0,0,0,0,0,0,1,0,0,0,0,0,0,1,0,0
2018-04-02,09:58:00,03,07,01,01,01,,0,333068.1069,5040988.254,False,April,0,0,0,0,0,0,0,0,1,0,0,0,0,0,0,0,1,0,0
2018-04-02,09:35:00,03,01,01,01,01,,0,373020.5231,5023627.0819999995,False,April,0,0,0,0,0,0,0,0,1,0,0,0,0,0,0,0,1,0,0
2018-04-01,10:20:00,03,03,01,01,01,01,0,365084.1047,5017904.584,False,April,1,0,0,0,0,0,0,0,0,1,0,0,0,0,0,0,1,0,0
2018-04-02,01:00:00,03,07,01,07,01,01,0,363970.948,5024177.12,False,April,0,1,0,0,0,0,0,0,0,1,0,0,0,0,0,0,1,0,0
2018-04-02,11:57:00,03,03,01,01,01,01,0,350906.1245,5022245.73,False,April,1,0,0,0,0,0,0,0,0,1,0,0,0,0,0,0,1,0,0
2018-04-02,12:33:00,03,05,01,01,01,01,0,370883.6785,5030556.873,False,April,1,0,0,0,0,0,0,0,0,0,1,0,0,0,0,0,1,0,0
2018-04-02,12:46:00,03,04,01,01,01,01,0,366346.903,5015471.134,False,April,1,0,0,0,0,0,0,0,0,1,0,0,0,0,0,0,1,0,0
2018-04-02,12:57:00,03,03,01,01,01,01,0,361494.198,5014100.937,False,April,1,0,0,0,0,0,0,0,0,1,0,0,0,0,0,0,1,0,0
2018-04-02,01:00:00,03,06,01,07,01,,0,369075.4047,5032333.65,False,April,0,0,0,0,0,0,0,0,1,0,0,0,0,0,0,0,1,0,0
2018-04-02,15:28:00,02,07,01,01,01,01,1,374864.9309,5031001.481000001,False,April,1,0,0,0,0,0,0,0,0,1,0,0,0,0,0,0,1,0,0
2018-04-02,16:24:00,03,06,01,01,01,,0,356534.96,5015511.958000001,False,April,0,0,0,0,0,0,0,0,1,0,0,0,0,0,0,0,1,0,0
2018-04-02,16:31:00,02,02,01,01,01,01,0,367828.713,5030323.567,False,April,0,1,0,0,0,0,0,0,0,0,1,0,0,0,0,0,1,0,0
2018-04-02,17:06:00,02,03,01,01,01,00,0,376403.1412,5034982.7,False,April,1,0,0,0,0,0,0,0,0,1,0,0,0,0,0,0,1,0,0
2018-04-02,17:13:00,03,03,01,01,01,,0,367189.08,5014819.338,False,April,0,0,0,0,0,0,0,0,0,0,0,0,0,0,1,0,1,0,0
2018-04-02,17:18:00,03,04,01,01,01,,0,370056.6945,5033079.6219999995,False,April,0,0,0,0,0,0,0,0,1,0,0,0,0,0,0,0,1,0,0
2018-04-02,17:32:00,03,04,01,01,01,01,0,365626.6927,5027296.545,False,April,1,0,0,0,0,0,0,0,0,1,0,0,0,0,0,0,1,0,0
2018-04-02,17:37:00,02,02,01,01,01,01,0,354467.6394,5015279.886,False,April,0,1,0,0,0,0,0,0,0,0,1,0,0,0,0,0,1,0,0
2018-04-02,18:22:00,03,03,01,05,01,00,0,362290.729,5013546.552,False,April,1,0,0,0,0,0,0,0,0,1,0,0,0,0,0,0,1,0,0
2018-04-02,21:03:00,03,03,01,07,01,00,0,370571.36,5033349.286,False,April,0,1,0,0,0,0,0,0,0,1,0,0,0,0,0,0,1,0,0
2018-04-02,21:39:00,03,05,01,07,01,01,0,364942.6351,5023529.838,False,April,1,0,0,0,0,0,0,0,0,0,1,0,0,0,0,0,1,0,0
2018-04-02,21:43:00,03,05,01,07,01,01,0,363079.6304,5016733.848999999,False,April,1,0,0,0,0,0,0,0,0,0,1,0,0,0,0,0,1,0,0
2018-04-02,23:40:00,03,02,01,07,01,00,0,380935.7932,5034959.8780000005,False,April,0,1,0,0,0,0,0,0,0,1,0,0,0,0,0,0,1,0,0
2018-04-02,23:06:00,03,02,01,07,01,01,0,368373.9854,5031798.967,False,April,1,0,0,0,0,0,0,0,0,0,1,0,0,0,0,0,1,0,0
2018-04-02,23:40:00,01,05,01,07,01,,0,365215.8934,5022895.763,False,April,0,0,0,0,0,0,0,0,0,0,0,1,0,0,0,0,1,0,0
2018-04-02,23:47:00,03,04,01,07,01,01,0,368416.703,5032256.574,False,April,1,0,0,0,0,0,0,0,0,0,1,0,0,0,0,0,1,0,0
2018-04-02,23:49:00,03,07,01,07,01,,0,368709.1791,5032436.0430000005,False,April,0,0,0,0,0,0,0,0,1,0,0,0,0,0,0,0,1,0,0
2018-04-03,02:02:00,03,06,01,07,01,,0,369704.2132,5023335.8319999995,False,April,0,0,0,0,0,0,0,0,1,0,0,0,0,0,0,0,1,0,0
2018-04-03,06:06:00,02,07,01,03,01,,1,368168.6017,5031868.757,False,April,0,0,0,0,0,0,0,0,1,0,0,0,0,0,0,0,1,0,0
2018-04-03,07:27:00,03,02,01,01,01,01,0,366998.6543,5030398.868,False,April,0,1,0,0,0,0,0,0,0,0,1,0,0,0,0,0,1,0,0
2018-04-02,,03,06,01,00,01,,0,363173.4141,5021592.175,False,April,0,0,0,0,0,0,0,0,1,0,0,0,0,0,0,0,1,0,0
2018-04-03,08:35:00,03,02,01,01,01,,0,378017.0702,5032857.454,False,April,0,0,0,0,0,0,0,0,0,0,0,1,0,0,0,0,1,0,0
2018-04-03,09:57:00,03,03,01,01,01,01,0,366346.5544,5015472.527,False,April,1,0,0,0,0,0,0,0,0,1,0,0,0,0,0,0,1,0,0
2018-04-03,10:59:00,03,02,01,01,01,,0,367775.5152,5031165.327,False,April,0,0,0,0,0,0,0,0,0,0,0,1,0,0,0,0,1,0,0
2018-04-03,11:10:00,02,07,01,01,01,,1,367748.57899999997,5028478.833000001,False,April,0,0,0,0,0,0,0,0,0,0,1,0,0,0,0,0,1,0,0
2018-04-02,,03,06,01,00,01,,0,372605.7628,5029300.727,False,April,0,0,0,0,0,0,0,0,1,0,0,0,0,0,0,0,1,0,0
2018-04-03,09:02:00,03,04,01,01,01,01,0,362213.686,5026025.531,False,April,1,0,0,0,0,0,0,0,0,1,0,0,0,0,0,0,1,0,0
2018-04-03,07:20:00,03,03,01,01,01,01,0,372530.0282,5031411.447,True,April,1,0,0,0,0,0,0,0,0,1,0,0,0,0,0,0,1,0,0
2018-04-03,14:15:00,02,03,01,01,01,01,0,372005.9655,5034040.586,False,April,1,0,0,0,0,0,0,0,0,1,0,0,0,0,0,0,1,0,0
2018-04-03,15:15:00,03,03,01,01,01,00,0,370944.9669,5033529.552,False,April,0,1,0,0,0,0,0,0,0,1,0,0,0,0,0,0,1,0,0
2018-04-03,15:20:00,03,03,01,01,01,01,0,367447.3586,5029336.259,False,April,1,0,0,0,0,0,0,0,0,1,0,0,0,0,0,0,1,0,0
2018-04-03,15:48:00,02,03,01,01,01,01,0,382637.4052,5035566.857,False,April,1,0,0,0,0,0,0,0,0,1,0,0,0,0,0,0,1,0,0
2018-04-03,17:40:00,03,0,01,01,01,01,0,368651.3295,5032498.951,False,April,1,0,0,0,0,0,0,0,0,1,0,0,0,0,0,0,1,0,0
2018-04-02,20:00:00,03,06,01,07,01,,0,368597.8387,5029265.458000001,False,April,0,0,0,0,0,0,0,0,1,0,0,0,0,0,0,0,1,0,0
2018-04-03,17:20:00,03,02,01,01,01,,0,374203.576,5034421.251,False,April,0,0,0,0,0,0,0,0,0,0,0,1,0,0,0,0,1,0,0
2018-03-30,,03,06,01,00,01,,0,383241.9072,5035987.948,False,March,0,0,0,0,0,0,0,0,1,0,0,0,0,0,0,0,1,0,0
2018-04-22,02:38:00,02,07,01,07,01,,0,367389.18200000003,5017622.478999999,False,April,0,0,0,0,0,0,0,0,1,0,0,0,0,0,0,0,1,0,0
2018-04-04,04:00:00,03,07,04,07,06,01,0,377275.9949,4998871.867,False,April,0,1,0,0,0,0,0,0,0,1,0,0,0,0,0,0,1,0,0
2018-03-26,20:43:00,03,02,01,07,01,01,0,367261.7071,5031252.587,False,March,1,0,0,0,0,0,0,0,0,0,1,0,0,0,0,0,1,0,0
2018-03-23,08:30:00,02,03,01,01,01,01,0,372240.6755,5032111.58,False,March,1,0,0,0,0,0,0,0,0,1,0,0,0,0,0,0,1,0,0
2018-03-19,16:05:00,03,06,01,01,01,,0,364559.0165,5015428.113,False,March,0,0,0,0,0,0,0,0,0,0,0,1,0,0,0,0,1,0,0
2018-04-06,18:59:00,03,02,03,05,02,01,0,371353.7315,5026705.528,False,April,0,0,1,0,0,0,0,0,0,0,1,0,0,0,0,0,1,0,0
2018-04-22,,03,06,01,00,01,,0,368404.9469,5030811.735,False,April,0,0,0,0,0,0,0,0,1,0,0,0,0,0,0,0,1,0,0
2018-04-22,11:30:00,03,02,01,01,01,01,0,352993.6004,5012174.406,False,April,0,1,0,0,0,0,0,0,0,0,1,0,0,0,0,0,1,0,0
2018-04-22,12:08:00,02,05,01,01,01,01,0,373901.9917,5028047.173,False,April,1,0,0,0,0,0,0,0,0,0,1,0,0,0,0,0,1,0,0
2018-04-22,12:32:00,03,03,01,01,01,01,0,368002.6352,5031904.1219999995,False,April,1,0,0,0,0,0,0,0,0,1,0,0,0,0,0,0,1,0,0
2018-04-22,13:14:00,03,03,01,01,01,01,0,380940.3143,5036250.595,False,April,1,0,0,0,0,0,0,0,0,1,0,0,0,0,0,0,1,0,0
2018-04-22,15:30:00,02,03,01,01,01,01,0,349661.6785,5023617.447,False,April,1,0,0,0,0,0,0,0,0,1,0,0,0,0,0,0,1,0,0
2018-04-22,15:43:00,03,07,01,01,01,,0,349717.3807,5023263.322,False,April,0,0,0,0,0,0,0,0,1,0,0,0,0,0,0,0,1,0,0
2018-04-22,15:47:00,03,02,01,01,01,01,0,370492.7226,5026902.537,False,April,1,0,0,0,0,0,0,0,0,0,1,0,0,0,0,0,1,0,0
2018-04-22,16:08:00,03,04,01,01,01,00,0,379860.3885,5036471.465,False,April,0,0,0,0,0,0,0,1,0,0,1,0,0,0,0,0,1,0,0
2018-04-22,13:00:00,03,05,01,01,01,01,0,372093.6933,5032472.675,False,April,1,0,0,0,0,0,0,0,0,0,1,0,0,0,0,0,1,0,0
2018-04-22,16:30:00,03,03,01,01,01,01,0,351269.3254,5018181.13,False,April,1,0,0,0,0,0,0,0,0,1,0,0,0,0,0,0,1,0,0
2018-04-22,21:26:00,03,02,01,07,01,01,0,370363.7108,5031957.585,False,April,1,0,0,0,0,0,0,0,0,1,0,0,0,0,0,0,1,0,0
2018-04-23,00:06:00,03,02,01,07,01,01,0,370493.06899999996,5032201.465,False,April,0,0,1,0,0,0,0,0,0,0,1,0,0,0,0,0,1,0,0