DATE,TIME,CLASS_OF_ACCIDENT,IMPACT_TYPE,ENVIRONMENT,LIGHT,ROAD_SURFACE_CONDITION,TRAFFIC_CONTROL_CONDITION,NO_OF_PEDESTRIANS,X,Y,Highway,Month,categorical_TRAFFIC_CONTROL_01,categorical_TRAFFIC_CONTROL_02,categorical_TRAFFIC_CONTROL_03,categorical_TRAFFIC_CONTROL_04,categorical_TRAFFIC_CONTROL_07,categorical_TRAFFIC_CONTROL_08,categorical_TRAFFIC_CONTROL_09,categorical_TRAFFIC_CONTROL_11,categorical_ACCIDENT_LOCATION_01,categorical_ACCIDENT_LOCATION_02,categorical_ACCIDENT_LOCATION_03,categorical_ACCIDENT_LOCATION_04,categorical_ACCIDENT_LOCATION_05,categorical_ACCIDENT_LOCATION_06,categorical_ACCIDENT_LOCATION_07,categorical_Seasons_Fall,categorical_Seasons_Spring,categorical_Seasons_Summer,categorical_Seasons_Winter
2018-04-23,02:42:00,02,07,01,07,01,01,0,333686.603,5040339.685,False,April,0,1,0,0,0,0,0,0,0,1,0,0,0,0,0,0,1,0,0
2018-04-23,02:50:00,03,07,01,07,01,,0,369055.9135,5032743.415,False,April,0,0,0,0,0,0,0,0,1,0,0,0,0,0,0,0,1,0,0
2018-04-23,07:10:00,02,07,01,01,01,01,1,351147.5928,5015052.433,False,April,0,1,0,0,0,0,0,0,0,0,1,0,0,0,0,0,1,0,0
2018-04-23,08:09:00,03,03,01,01,01,01,0,366833.8888,5030792.17,False,April,1,0,0,0,0,0,0,0,0,1,0,0,0,0,0,0,1,0,0
2018-04-23,08:34:00,03,0,01,01,01,01,0,359793.6711,5022155.499,False,April,1,0,0,0,0,0,0,0,0,0,1,0,0,0,0,0,1,0,0
2018-04-23,08:55:00,02,07,01,01,01,01,1,368559.7041,5032916.578,False,April,0,1,0,0,0,0,0,0,0,0,1,0,0,0,0,0,1,0,0
2018-04-23,11:25:00,03,02,01,01,01,01,0,384682.75399999996,5039285.5819999995,False,April,0,0,0,0,0,0,0,1,0,0,1,0,0,0,0,0,1,0,0
2018-04-23,13:32:00,03,05,01,01,01,,0,368022.3424,5032682.171,False,April,0,0,0,0,0,0,0,0,0,0,0,1,0,0,0,0,1,0,0
2018-04-23,13:39:00,03,07,01,01,01,,0,350754.2384,5020387.176,False,April,0,0,0,0,0,0,0,0,1,0,0,0,0,0,0,0,1,0,0
2018-04-23,14:47:00,03,04,01,01,01,01,0,367922.0067,5032044.1110000005,False,April,1,0,0,0,0,0,0,0,0,0,1,0,0,0,0,0,1,0,0
2018-04-23,15:26:00,03,04,01,01,01,01,0,367062.6997,5031219.584,False,April,1,0,0,0,0,0,0,0,0,1,0,0,0,0,0,0,1,0,0
2018-04-23,15:39:00,02,02,01,01,01,01,0,365279.7019,5028350.557,False,April,0,1,0,0,0,0,0,0,0,0,1,0,0,0,0,0,1,0,0
2018-04-23,16:31:00,03,03,01,01,01,01,0,372903.0485,5027463.509,False,April,1,0,0,0,0,0,0,0,0,1,0,0,0,0,0,0,1,0,0
2018-04-22,17:30:00,03,03,01,01,01,,0,364919.2273,5018325.188999999,False,April,0,0,0,0,0,0,0,0,0,0,0,0,1,0,0,0,1,0,0
2018-04-23,16:48:00,02,05,01,01,01,01,0,363229.6778,5025774.373,True,April,1,0,0,0,0,0,0,0,0,0,1,0,0,0,0,0,1,0,0
2018-04-23,15:30:00,03,05,01,01,01,,0,363244.6166,5028251.586,False,April,0,0,0,0,0,0,0,0,0,0,0,1,0,0,0,0,1,0,0
2018-04-23,18:20:00,03,04,01,01,01,01,0,366264.2571,5031006.688,False,April,1,0,0,0,0,0,0,0,0,1,0,0,0,0,0,0,1,0,0
2018-04-23,18:24:00,02,07,01,01,01,01,1,372305.7196,5031951.575,False,April,1,0,0,0,0,0,0,0,0,1,0,0,0,0,0,0,1,0,0
2018-04-23,20:59:00,03,04,01,07,01,01,0,368119.7139,5031271.589,False,April,1,0,0,0,0,0,0,0,0,1,0,0,0,0,0,0,1,0,0
2018-04-24,07:11:00,03,05,01,01,01,,0,367770.1239,5031756.484,False,April,0,0,0,0,0,0,0,0,1,0,0,0,0,0,0,0,1,0,0
2018-04-20,09:40:00,03,03,01,01,01,01,0,359372.3986,5023368.711,False,April,1,0,0,0,0,0,0,0,0,1,0,0,0,0,0,0,1,0,0
2018-04-24,08:26:00,02,03,01,01,01,01,0,367639.36600000004,5032384.109,False,April,1,0,0,0,0,0,0,0,0,1,0,0,0,0,0,0,1,0,0
2018-04-24,08:00:00,03,03,01,01,01,01,0,383951.7284,5036159.765,False,April,1,0,0,0,0,0,0,0,0,1,0,0,0,0,0,0,1,0,0
2018-04-24,10:01:00,02,03,01,01,01,01,0,367390.08700000006,5021522.922,False,April,1,0,0,0,0,0,0,0,0,1,0,0,0,0,0,0,1,0,0
2018-04-24,11:10:00,03,05,01,01,01,,0,371663.6587,5033873.188,False,April,0,0,0,0,0,0,0,0,1,0,0,0,0,0,0,0,1,0,0
2018-04-24,11:58:00,03,03,01,01,01,,0,368688.6889,5026697.005,False,April,0,0,0,0,0,0,0,0,0,1,0,0,0,0,0,0,1,0,0
2018-04-24,12:25:00,03,03,01,01,01,,0,381075.6364,5037269.815,False,April,0,0,0,0,0,0,0,0,0,0,0,1,0,0,0,0,1,0,0
2018-04-24,13:16:00,02,03,01,01,01,01,0,363982.3912,5021424.547,False,April,1,0,0,0,0,0,0,0,0,1,0,0,0,0,0,0,1,0,0
2018-04-24,13:35:00,03,05,01,01,01,01,0,360545.1422,5025272.214,False,April,1,0,0,0,0,0,0,0,0,0,1,0,0,0,0,0,1,0,0
2018-04-24,13:00:00,03,03,01,01,01,01,0,383951.1321,5036159.931,False,April,1,0,0,0,0,0,0,0,0,1,0,0,0,0,0,0,1,0,0
2018-04-24,15:07:00,03,03,01,01,01,01,0,369995.3358,5026851.982,False,April,1,0,0,0,0,0,0,0,0,1,0,0,0,0,0,0,1,0,0
2018-04-24,14:45:00,02,07,01,01,01,,1,367818.2539,5032244.499,False,April,0,0,0,0,0,0,0,0,1,0,0,0,0,0,0,0,1,0,0
2018-04-24,14:52:00,03,03,01,01,01,01,0,368403.7853,5020477.711,False,April,1,0,0,0,0,0,0,0,0,1,0,0,0,0,0,0,1,0,0
2018-04-24,15:00:00,03,02,01,01,01,01,0,359806.6705,5024033.51,False,April,1,0,0,0,0,0,0,0,0,0,1,0,0,0,0,0,1,0,0
2018-04-24,15:25:00,03,03,01,01,01,,0,371835.3547,5030930.244,False,April,0,0,0,0,0,0,0,0,1,0,0,0,0,0,0,0,1,0,0
2018-04-23,15:18:00,03,03,01,01,01,01,0,370155.7052,5015960.697,False,April,1,0,0,0,0,0,0,0,0,1,0,0,0,0,0,0,1,0,0
2018-04-24,14:30:00,03,02,01,01,01,,0,367355.0069,5021899.581,False,April,0,0,0,0,0,0,0,0,0,0,0,1,0,0,0,0,1,0,0
2018-04-24,15:56:00,03,05,01,01,01,,0,356956.6619,5020390.37,False,April,0,0,0,0,0,0,0,0,0,0,0,1,0,0,0,0,1,0,0
2018-04-24,16:30:00,03,05,01,01,01,,0,366944.2858,5025797.267,False,April,0,0,0,0,0,0,0,0,1,0,0,0,0,0,0,0,1,0,0
2018-04-24,17:43:00,03,02,01,01,01,01,0,369360.70700000005,5031686.579,False,April,0,1,0,0,0,0,0,0,0,0,1,0,0,0,0,0,1,0,0
2018-04-24,16:15:00,03,03,01,01,01,01,0,368282.3614,5032274.657,False,April,1,0,0,0,0,0,0,0,0,1,0,0,0,0,0,0,1,0,0
2018-04-24,20:10:00,03,03,01,07,01,01,0,364548.1307,5015173.262,False,April,1,0,0,0,0,0,0,0,0,1,0,0,0,0,0,0,1,0,0
2018-04-24,,03,06,01,00,01,,0,363355.4003,5027335.7530000005,False,April,0,0,0,0,0,0,0,0,1,0,0,0,0,0,0,0,1,0,0
2018-04-24,,03,06,01,00,01,,0,369381.8851,5031932.037,False,April,0,0,0,0,0,0,0,0,1,0,0,0,0,0,0,0,1,0,0
2018-04-24,23:41:00,03,07,01,07,01,,0,373785.0395,5032774.745,False,April,0,0,0,0,0,0,0,0,1,0,0,0,0,0,0,0,1,0,0
2018-04-25,07:20:00,03,04,01,01,01,01,0,368384.6275,5030844.359,False,April,1,0,0,0,0,0,0,0,0,1,0,0,0,0,0,0,1,0,0
2018-04-25,08:05:00,03,02,02,01,02,01,0,362512.4732,5015143.432,False,April,0,0,0,0,0,0,0,1,0,0,1,0,0,0,0,0,1,0,0
2018-04-25,08:50:00,02,02,02,01,02,01,0,366804.2989,5030862.336,False,April,1,0,0,0,0,0,0,0,0,1,0,0,0,0,0,0,1,0,0
2018-04-25,09:00:00,03,02,02,01,02,01,0,351616.3572,5019224.831,True,April,1,0,0,0,0,0,0,0,0,0,1,0,0,0,0,0,1,0,0
2018-04-25,09:44:00,03,03,02,01,02,,0,373602.6637,5031948.036,True,April,0,0,0,0,0,0,0,0,1,0,0,0,0,0,0,0,1,0,0
2018-04-25,10:17:00,03,03,02,01,02,01,0,372391.4683,5031742.789,False,April,1,0,0,0,0,0,0,0,0,1,0,0,0,0,0,0,1,0,0
2018-04-24,12:30:00,03,04,01,01,01,,0,370610.3024,5033368.657,False,April,0,0,0,0,0,0,0,0,1,0,0,0,0,0,0,0,1,0,0
2018-04-25,11:10:00,03,02,02,01,02,01,0,372596.0346,5031241.205,False,April,1,0,0,0,0,0,0,0,0,0,1,0,0,0,0,0,1,0,0
2018-04-25,11:25:00,03,04,02,01,02,01,0,368454.4112,5031859.78,False,April,1,0,0,0,0,0,0,0,0,0,1,0,0,0,0,0,1,0,0
2018-04-25,07:20:00,03,02,02,01,02,,0,367333.2049,5025805.509,False,April,0,0,0,0,0,0,0,0,0,0,0,1,0,0,0,0,1,0,0
2018-04-25,08:45:00,03,03,02,01,02,,0,355984.9129,5023667.141,False,April,0,0,0,0,0,0,0,0,1,0,0,0,0,0,0,0,1,0,0
2018-04-25,11:55:00,02,03,02,01,02,01,0,381597.5333,5038180.615,False,April,1,0,0,0,0,0,0,0,0,1,0,0,0,0,0,0,1,0,0
2018-04-25,12:45:00,03,05,02,01,02,01,0,370492.7222,5026902.538,False,April,1,0,0,0,0,0,0,0,0,1,0,0,0,0,0,0,1,0,0
2018-04-25,12:04:00,03,02,02,01,02,01,0,364459.3007,5024657.602,False,April,0,1,0,0,0,0,0,0,0,0,1,0,0,0,0,0,1,0,0
2018-04-25,12:52:00,03,02,02,01,02,,0,371146.1529,5026159.677,False,April,0,0,0,0,0,0,0,0,0,0,0,1,0,0,0,0,1,0,0
2018-04-25,13:23:00,03,03,02,01,02,01,0,352677.4814,5017677.357,False,April,1,0,0,0,0,0,0,0,0,1,0,0,0,0,0,0,1,0,0
2018-04-25,13:56:00,03,04,01,01,01,01,0,367480.7002,5031265.588,False,April,1,0,0,0,0,0,0,0,0,1,0,0,0,0,0,0,1,0,0
2018-04-25,13:57:00,03,03,02,01,02,01,0,361767.5788,5025725.683,False,April,1,0,0,0,0,0,0,0,0,1,0,0,0,0,0,0,1,0,0
2018-04-25,15:02:00,03,03,02,01,02,01,0,375579.0215,5031439.68,False,April,1,0,0,0,0,0,0,0,0,1,0,0,0,0,0,0,1,0,0
2018-04-25,16:26:00,03,03,02,01,02,01,0,368919.865,5031895.464,False,April,0,1,0,0,0,0,0,0,0,1,0,0,0,0,0,0,1,0,0
2018-04-24,16:26:00,03,03,01,01,01,01,0,372146.73600000003,5034108.353999999,False,April,1,0,0,0,0,0,0,0,0,1,0,0,0,0,0,0,1,0,0
2018-04-23,16:00:00,03,06,01,01,01,,0,368026.3001,5030777.318,False,April,0,0,0,0,0,0,0,0,0,0,0,1,0,0,0,0,1,0,0
2018-04-24,,03,06,02,00,02,,0,367812.6078,5028900.103999999,False,April,0,0,0,0,0,0,0,0,1,0,0,0,0,0,0,0,1,0,0
2018-04-25,17:31:00,03,03,02,01,02,01,0,370118.5577,5029600.9860000005,False,April,1,0,0,0,0,0,0,0,0,1,0,0,0,0,0,0,1,0,0
2018-04-25,18:11:00,03,03,02,05,02,01,0,372824.149,5024807.801,False,April,1,0,0,0,0,0,0,0,0,1,0,0,0,0,0,0,1,0,0
2018-04-25,18:24:00,03,04,01,01,01,01,0,365216.398,5029118.632,False,April,1,0,0,0,0,0,0,0,0,1,0,0,0,0,0,0,1,0,0
2018-04-25,18:32:00,02,07,02,05,02,,0,371447.4332,5027870.803,False,April,0,0,0,0,0,0,0,0,1,0,0,0,0,0,0,0,1,0,0
2018-04-25,19:47:00,03,02,02,05,02,01,0,370927.7053,5033170.592,False,April,0,1,0,0,0,0,0,0,0,0,1,0,0,0,0,0,1,0,0
2018-04-25,20:20:00,02,03,02,07,02,,0,373980.7959,5030497.252,False,April,0,0,0,0,0,0,0,0,1,0,0,0,0,0,0,0,1,0,0
2018-04-25,20:23:00,02,07,02,07,02,01,1,367664.7035,5031877.577,False,April,1,0,0,0,0,0,0,0,0,0,1,0,0,0,0,0,1,0,0
2018-04-25,20:37:00,02,02,02,07,02,01,0,372465.9801,5030280.112,False,April,1,0,0,0,0,0,0,0,0,0,1,0,0,0,0,0,1,0,0
2018-04-25,21:35:00,02,07,02,07,02,01,1,372453.7185,5032005.57,False,April,1,0,0,0,0,0,0,0,0,0,1,0,0,0,0,0,1,0,0
2018-04-25,21:38:00,03,05,02,07,02,01,0,368164.6532,5031198.946,False,April,1,0,0,0,0,0,0,0,0,0,1,0,0,0,0,0,1,0,0
2018-04-25,22:03:00,03,04,01,07,01,,0,376408.016,5027323.554,True,April,0,0,0,0,0,0,0,0,1,0,0,0,0,0,0,0,1,0,0
2018-04-25,22:23:00,02,07,02,07,02,01,1,368291.6999,5032753.5819999995,False,April,1,0,0,0,0,0,0,0,0,1,0,0,0,0,0,0,1,0,0
2018-04-26,07:12:00,03,04,02,01,02,01,0,368398.7137,5029400.558,False,April,1,0,0,0,0,0,0,0,0,1,0,0,0,0,0,0,1,0,0
2018-04-25,20:15:00,03,02,02,07,02,,0,365676.5716,5021982.619,False,April,0,0,0,0,0,0,0,0,0,0,0,1,0,0,0,0,1,0,0
2018-04-26,07:38:00,03,03,02,01,02,01,0,367458.1986,5021892.045,False,April,1,0,0,0,0,0,0,0,0,1,0,0,0,0,0,0,1,0,0
2018-04-26,07:40:00,03,07,02,01,02,,0,343860.4854,5014996.943,False,April,0,0,0,0,0,0,0,0,1,0,0,0,0,0,0,0,1,0,0
2018-04-26,07:45:00,03,03,02,01,02,01,0,353673.5606,5018424.887,False,April,1,0,0,0,0,0,0,0,0,1,0,0,0,0,0,0,1,0,0
2018-04-25,10:00:00,03,03,02,01,02,01,0,381601.9823,5037684.098999999,False,April,1,0,0,0,0,0,0,0,0,1,0,0,0,0,0,0,1,0,0
2018-03-22,16:30:00,03,04,01,01,01,,0,367980.8791,5032604.476,False,March,0,0,0,0,0,0,0,0,1,0,0,0,0,0,0,0,1,0,0
2018-04-06,19:18:00,03,04,02,07,02,01,0,367666.9141,5032462.364,False,April,1,0,0,0,0,0,0,0,0,1,0,0,0,0,0,0,1,0,0
2018-04-04,06:27:00,03,02,02,03,02,01,0,354014.6102,5011021.384,False,April,0,1,0,0,0,0,0,0,0,0,1,0,0,0,0,0,1,0,0
2018-03-26,19:45:00,03,07,01,07,01,,0,347346.4795,5033237.959,False,March,0,0,0,0,0,0,0,0,1,0,0,0,0,0,0,0,1,0,0
2018-04-06,20:46:00,03,02,01,07,01,,0,364370.5981,5014616.977,False,April,0,0,0,0,0,0,0,0,0,0,0,1,0,0,0,0,1,0,0
2018-03-19,16:18:00,02,03,01,01,01,,0,379519.1408,5033167.245,False,March,0,0,0,0,0,0,0,0,1,0,0,0,0,0,0,0,1,0,0
2018-03-26,21:19:00,03,02,01,07,01,01,0,373099.7272,5030005.567,False,March,1,0,0,0,0,0,0,0,0,0,1,0,0,0,0,0,1,0,0
2018-04-04,06:46:00,03,05,03,01,02,01,0,375259.4773,5028785.933,False,April,1,0,0,0,0,0,0,0,0,0,1,0,0,0,0,0,1,0,0
2018-04-06,23:20:00,03,03,03,07,03,,0,376811.9002,5018181.366,False,April,0,0,0,0,0,0,0,0,0,0,0,1,0,0,0,0,1,0,0
2018-03-19,16:14:00,03,03,01,01,01,01,0,370684.4573,5030592.553,False,March,1,0,0,0,0,0,0,0,0,1,0,0,0,0,0,0,1,0,0
2018-03-26,21:29:00,03,06,01,07,01,01,0,367679.0578,5031291.884,False,March,1,0,0,0,0,0,0,0,0,1,0,0,0,0,0,0,1,0,0
2018-04-04,06:58:00,02,07,02,01,02,01,1,367179.346,5031387.973999999,False,April,1,0,0,0,0,0,0,0,0,0,1,0,0,0,0,0,1,0,0
2018-04-07,01:32:00,03,07,01,07,01,,0,374542.3968,5032627.812,True,April,0,0,0,0,0,0,0,0,1,0,0,0,0,0,0,0,1,0,0
2018-03-19,16:24:00,03,03,01,01,01,01,0,374298.7415,5033076.81,False,March,1,0,0,0,0,0,0,0,0,1,0,0,0,0,0,0,1,0,0
2018-03-27,01:17:00,03,06,01,07,01,,0,375118.213,5020148.1280000005,False,March,0,0,0,0,0,0,0,0,1,0,0,0,0,0,0,0,1,0,0
2018-03-23,10:44:00,03,06,01,01,01,01,0,368315.5849,5032191.281,False,March,1,0,0,0,0,0,0,0,0,1,0,0,0,0,0,0,1,0,0
2018-04-04,07:23:00,03,02,02,01,04,01,0,360106.7256,5024895.513,False,April,0,1,0,0,0,0,0,0,0,0,1,0,0,0,0,0,1,0,0
2018-04-07,03:11:00,03,03,06,07,01,01,0,368242.4044,5030393.087,True,April,1,0,0,0,0,0,0,0,0,1,0,0,0,0,0,0,1,0,0
2018-04-07,07:31:00,03,07,01,01,01,,0,368009.5428,5031898.061000001,False,April,0,0,0,0,0,0,0,0,1,0,0,0,0,0,0,0,1,0,0
2018-04-06,14:35:00,03,0,01,01,01,,0,375083.8886,5027291.797,False,April,0,0,0,0,0,0,0,0,1,0,0,0,0,0,0,0,1,0,0
2018-04-06,08:00:00,03,06,01,01,01,,0,366963.2163,5030677.228,False,April,0,0,0,0,0,0,0,0,1,0,0,0,0,0,0,0,1,0,0
2018-04-07,10:28:00,02,05,01,01,01,01,0,367107.3629,5022080.108,False,April,1,0,0,0,0,0,0,0,0,0,1,0,0,0,0,0,1,0,0
2018-04-06,15:45:00,03,03,02,01,02,01,0,350809.2428,5018709.103999999,True,April,1,0,0,0,0,0,0,0,0,1,0,0,0,0,0,0,1,0,0
2018-04-07,11:48:00,03,04,01,01,01,01,0,366934.2257,5031426.863,False,April,1,0,0,0,0,0,0,0,0,1,0,0,0,0,0,0,1,0,0
2018-04-07,12:00:00,03,05,01,01,01,01,0,363561.5258,5014577.837,False,April,1,0,0,0,0,0,0,0,0,0,1,0,0,0,0,0,1,0,0
2018-04-07,12:28:00,03,05,01,01,01,01,0,389859.0314,5042619.655,False,April,1,0,0,0,0,0,0,0,0,0,1,0,0,0,0,0,1,0,0
2018-04-07,12:10:00,03,03,01,01,01,01,0,353827.9733,5018036.546,False,April,1,0,0,0,0,0,0,0,0,1,0,0,0,0,0,0,1,0,0
2018-04-07,13:49:00,03,03,01,01,01,01,0,349525.1345,5014329.506,False,April,1,0,0,0,0,0,0,0,0,1,0,0,0,0,0,0,1,0,0
2018-04-07,15:29:00,03,03,01,01,01,01,0,365096.2372,5023171.237,False,April,1,0,0,0,0,0,0,0,0,1,0,0,0,0,0,0,1,0,0
2018-04-07,15:35:00,03,03,01,01,01,01,0,350943.6432,5016079.432,False,April,1,0,0,0,0,0,0,0,0,0,1,0,0,0,0,0,1,0,0
2018-04-06,19:40:00,03,03,02,05,02,01,0,371867.7551,5024320.442,False,April,1,0,0,0,0,0,0,0,0,1,0,0,0,0,0,0,1,0,0
2018-04-07,15:42:00,03,02,01,01,01,01,0,363731.8828,5026363.573,False,April,0,1,0,0,0,0,0,0,0,0,1,0,0,0,0,0,1,0,0
2018-04-07,15:35:00,03,03,01,01,01,01,0,362549.3418,5023770.505,False,April,1,0,0,0,0,0,0,0,0,1,0,0,0,0,0,0,1,0,0
2018-04-07,16:20:00,03,03,01,01,01,01,0,371422.7759,5026591.223999999,False,April,1,0,0,0,0,0,0,0,0,1,0,0,0,0,0,0,1,0,0
2018-04-07,16:26:00,03,04,01,01,01,,0,368207.282,5032227.487,False,April,0,0,0,0,0,0,0,0,1,0,0,0,0,0,0,0,1,0,0
2018-04-07,16:58:00,03,04,01,01,01,01,0,364521.6984,5024507.526000001,False,April,1,0,0,0,0,0,0,0,0,1,0,0,0,0,0,0,1,0,0
2018-04-07,17:10:00,03,03,01,01,01,01,0,373100.0758,5030005.567,False,April,1,0,0,0,0,0,0,0,0,1,0,0,0,0,0,0,1,0,0
2018-04-07,17:29:00,03,03,01,01,01,01,0,362291.561,5013545.408,False,April,1,0,0,0,0,0,0,0,0,1,0,0,0,0,0,0,1,0,0
2018-04-07,17:35:00,03,03,01,01,01,,0,357520.6891,5006963.284,False,April,0,0,0,0,0,0,0,0,0,0,0,1,0,0,0,0,1,0,0
2018-04-07,20:54:00,03,02,01,07,02,01,0,367420.71,5029397.558,False,April,0,1,0,0,0,0,0,0,0,0,1,0,0,0,0,0,1,0,0
2018-04-07,21:44:00,02,07,01,07,01,,0,350555.5337,4996188.875,False,April,0,0,0,0,0,0,0,0,1,0,0,0,0,0,0,0,1,0,0
2018-04-08,00:20:00,02,02,01,07,01,01,0,364036.7648,5010031.079,False,April,0,1,0,0,0,0,0,0,0,0,1,0,0,0,0,0,1,0,0
2018-04-08,06:02:00,03,07,01,03,01,,0,371697.3794,5019305.59,False,April,0,0,0,0,0,0,0,0,1,0,0,0,0,0,0,0,1,0,0
2018-04-07,12:50:00,03,03,01,01,01,01,0,364547.7652,5015174.022,False,April,1,0,0,0,0,0,0,0,0,1,0,0,0,0,0,0,1,0,0
2018-04-08,10:52:00,03,04,01,01,01,,0,382599.9566,5035660.679,False,April,0,0,0,0,0,0,0,0,1,0,0,0,0,0,0,0,1,0,0
2018-04-07,10:30:00,03,05,01,01,01,01,0,364548.4363,5015173.829,False,April,1,0,0,0,0,0,0,0,0,0,1,0,0,0,0,0,1,0,0
2018-04-08,13:45:00,03,03,01,01,01,,0,365247.3642,5022822.867,False,April,0,0,0,0,0,0,0,0,1,0,0,0,0,0,0,0,1,0,0
2018-04-08,13:52:00,03,03,01,01,01,01,0,374018.6749,5034440.282,False,April,1,0,0,0,0,0,0,0,0,1,0,0,0,0,0,0,1,0,0
2018-04-08,14:32:00,03,03,01,01,01,01,0,361766.6383,5025726.21,False,April,1,0,0,0,0,0,0,0,0,1,0,0,0,0,0,0,1,0,0
2018-04-05,,03,06,01,00,01,,0,380499.3298,5034822.65,False,April,0,0,0,0,0,0,0,0,1,0,0,0,0,0,0,0,1,0,0
2018-04-08,15:27:00,02,05,01,01,01,01,0,367848.9694,5031712.975,False,April,1,0,0,0,0,0,0,0,0,1,0,0,0,0,0,0,1,0,0
2018-04-08,17:26:00,03,02,01,01,01,01,0,362213.6864,5026025.53,False,April,1,0,0,0,0,0,0,0,0,0,1,0,0,0,0,0,1,0,0
2018-04-08,17:03:00,03,02,01,01,01,01,0,362060.6887,5025457.528,False,April,0,1,0,0,0,0,0,0,0,0,1,0,0,0,0,0,1,0,0
2018-04-08,22:47:00,03,02,01,07,01,01,0,350772.6086,5018945.458000001,False,April,0,1,0,0,0,0,0,0,0,0,1,0,0,0,0,0,1,0,0
2018-04-09,00:25:00,03,02,01,07,01,01,0,378321.0885,5033037.266,False,April,1,0,0,0,0,0,0,0,0,0,1,0,0,0,0,0,1,0,0
2018-04-09,06:21:00,03,07,01,01,01,,0,334784.8226,5039254.475,False,April,0,0,0,0,0,0,0,0,1,0,0,0,0,0,0,0,1,0,0
2018-04-09,07:20:00,02,07,01,01,01,,1,366241.1439,5022703.78,False,April,0,0,0,0,0,0,0,0,0,0,0,1,0,0,0,0,1,0,0
2018-04-09,07:38:00,03,05,01,01,01,01,0,375906.7671,5014804.749,False,April,1,0,0,0,0,0,0,0,0,0,1,0,0,0,0,0,1,0,0
2018-04-09,08:05:00,02,05,01,01,01,01,0,372007.6686,5034040.7360000005,False,April,1,0,0,0,0,0,0,0,0,0,1,0,0,0,0,0,1,0,0
2018-04-09,08:00:00,03,02,01,01,01,01,0,366939.404,5016514.565,False,April,0,1,0,0,0,0,0,0,0,0,1,0,0,0,0,0,1,0,0
2018-04-09,07:25:00,03,04,01,01,01,01,0,367394.7117,5023266.516,False,April,1,0,0,0,0,0,0,0,0,1,0,0,0,0,0,0,1,0,0
2018-04-09,09:28:00,03,03,01,01,01,01,0,372391.2525,5031742.239,False,April,1,0,0,0,0,0,0,0,0,1,0,0,0,0,0,0,1,0,0
2018-04-09,08:30:00,03,03,01,01,01,,0,373612.8691,5031956.481000001,True,April,0,0,0,0,0,0,0,0,1,0,0,0,0,0,0,0,1,0,0
2018-04-09,10:34:00,02,03,01,01,01,,0,373622.1962,5025744.447,False,April,0,0,0,0,0,0,0,0,1,0,0,0,0,0,0,0,1,0,0
2018-04-09,09:25:00,03,03,01,01,01,01,0,360071.6252,5024473.603,False,April,1,0,0,0,0,0,0,0,0,1,0,0,0,0,0,0,1,0,0
2018-04-09,11:58:00,03,05,01,01,01,01,0,373706.0716,5030405.859,False,April,1,0,0,0,0,0,0,0,0,0,1,0,0,0,0,0,1,0,0
2018-04-09,12:27:00,03,03,01,01,01,01,0,371686.2164,5030539.478999999,False,April,1,0,0,0,0,0,0,0,0,1,0,0,0,0,0,0,1,0,0
2018-04-09,13:20:00,03,05,01,01,01,,0,365561.4629,5029707.208000001,False,April,0,0,0,0,0,0,0,0,1,0,0,0,0,0,0,0,1,0,0
2018-04-09,14:16:00,03,06,01,01,01,,0,365544.6755,5028298.101,False,April,0,0,0,0,0,0,0,0,1,0,0,0,0,0,0,0,1,0,0
2018-04-07,,03,06,03,00,02,,0,368252.6607,5029313.487,False,April,0,0,0,0,0,0,0,0,1,0,0,0,0,0,0,0,1,0,0
2018-04-09,14:43:00,03,0,01,01,01,,0,348815.6267,5013888.087,False,April,0,0,0,0,0,0,0,0,0,0,0,1,0,0,0,0,1,0,0
2018-04-09,14:20:00,03,02,01,01,01,01,0,351606.612,5017912.459,False,April,0,1,0,0,0,0,0,0,0,0,1,0,0,0,0,0,1,0,0
2018-04-09,15:15:00,03,03,01,01,01,01,0,364067.7416,5027973.551,False,April,1,0,0,0,0,0,0,0,0,1,0,0,0,0,0,0,1,0,0
2018-04-09,15:55:00,03,04,01,01,01,01,0,367916.7069,5030562.57,False,April,1,0,0,0,0,0,0,0,0,1,0,0,0,0,0,0,1,0,0
2018-04-09,16:05:00,03,04,01,01,01,01,0,366535.6983,5030695.574,False,April,0,1,0,0,0,0,0,0,0,1,0,0,0,0,0,0,1,0,0
2018-04-09,16:42:00,03,04,01,01,01,01,0,366934.9226,5031426.166,False,April,1,0,0,0,0,0,0,0,0,1,0,0,0,0,0,0,1,0,0
2018-04-09,17:06:00,02,07,01,01,01,,0,373763.3934,5018175.161,False,April,0,0,0,0,0,0,0,0,0,1,0,0,0,0,0,0,1,0,0
2018-04-09,17:06:00,03,05,01,01,01,01,0,370213.2914,5025873.492,False,April,1,0,0,0,0,0,0,0,0,1,0,0,0,0,0,0,1,0,0
2018-04-09,17:57:00,02,03,01,01,01,01,0,366264.6054,5031007.385,False,April,1,0,0,0,0,0,0,0,0,1,0,0,0,0,0,0,1,0,0
2018-04-09,18:32:00,02,03,01,01,01,01,0,379791.3995,5033781.565,False,April,1,0,0,0,0,0,0,0,0,0,1,0,0,0,0,0,1,0,0
2018-04-08,,03,06,01,00,01,,0,367724.2676,5030835.15,False,April,0,0,0,0,0,0,0,0,1,0,0,0,0,0,0,0,1,0,0
2018-04-09,23:53:00,03,07,01,07,01,,0,387347.5841,5001843.795,False,April,0,0,0,0,0,0,0,0,1,0,0,0,0,0,0,0,1,0,0