DATE,TIME,CLASS_OF_ACCIDENT,IMPACT_TYPE,ENVIRONMENT,LIGHT,ROAD_SURFACE_CONDITION,TRAFFIC_CONTROL_CONDITION,NO_OF_PEDESTRIANS,X,Y,Highway,Month,categorical_TRAFFIC_CONTROL_01,categorical_TRAFFIC_CONTROL_02,categorical_TRAFFIC_CONTROL_03,categorical_TRAFFIC_CONTROL_04,categorical_TRAFFIC_CONTROL_07,categorical_TRAFFIC_CONTROL_08,categorical_TRAFFIC_CONTROL_09,categorical_TRAFFIC_CONTROL_11,categorical_ACCIDENT_LOCATION_01,categorical_ACCIDENT_LOCATION_02,categorical_ACCIDENT_LOCATION_03,categorical_ACCIDENT_LOCATION_04,categorical_ACCIDENT_LOCATION_05,categorical_ACCIDENT_LOCATION_06,categorical_ACCIDENT_LOCATION_07,categorical_Seasons_Fall,categorical_Seasons_Spring,categorical_Seasons_Summer,categorical_Seasons_Winter
2018-04-10,05:51:00,03,04,01,07,01,01,0,368242.6657,5030392.563999999,True,April,1,0,0,0,0,0,0,0,0,0,1,0,0,0,0,0,1,0,0
2018-04-10,06:05:00,03,07,01,03,01,,0,359382.5724,4983590.127,False,April,0,0,0,0,0,0,0,0,1,0,0,0,0,0,0,0,1,0,0
2018-04-10,07:21:00,03,05,01,01,01,01,0,366427.6479,5030625.87,False,April,1,0,0,0,0,0,0,0,0,0,1,0,0,0,0,0,1,0,0
2018-04-10,08:45:00,03,03,01,01,01,01,0,368339.9982,5027182.081,False,April,0,0,1,0,0,0,0,0,0,1,0,0,0,0,0,0,1,0,0
2018-04-10,09:54:00,03,06,01,01,01,,0,368529.3009,5030116.867,False,April,0,0,0,0,0,0,0,0,1,0,0,0,0,0,0,0,1,0,0
2018-04-10,10:01:00,03,03,01,01,01,01,0,374907.6952,5028603.935,False,April,1,0,0,0,0,0,0,0,0,1,0,0,0,0,0,0,1,0,0
2018-04-10,12:21:00,02,03,01,01,01,01,0,367603.0578,5025874.932,False,April,1,0,0,0,0,0,0,0,0,1,0,0,0,0,0,0,1,0,0
2018-04-09,15:05:00,03,04,01,01,01,01,0,364275.6918,5027493.534,False,April,1,0,0,0,0,0,0,0,0,1,0,0,0,0,0,0,1,0,0
2018-04-10,13:05:00,03,0,01,01,01,,0,366446.4308,5029811.571,False,April,0,0,0,0,0,0,0,0,1,0,0,0,0,0,0,0,1,0,0
2018-04-10,10:00:00,03,03,01,01,01,,0,368183.1439,5026223.845,False,April,0,0,0,0,0,0,0,0,1,0,0,0,0,0,0,0,1,0,0
2018-04-10,13:30:00,03,04,01,01,01,01,0,364854.0498,5026647.936000001,False,April,1,0,0,0,0,0,0,0,0,0,1,0,0,0,0,0,1,0,0
2018-04-10,07:13:00,03,02,01,01,01,01,0,384050.1044,5037034.713,False,April,1,0,0,0,0,0,0,0,0,1,0,0,0,0,0,0,1,0,0
2018-04-10,14:40:00,02,07,01,01,01,01,1,364130.6863,5028867.557,False,April,1,0,0,0,0,0,0,0,0,0,1,0,0,0,0,0,1,0,0
2018-04-10,16:13:00,03,0,01,01,01,01,0,362910.3051,5028065.879,False,April,0,1,0,0,0,0,0,0,0,0,1,0,0,0,0,0,1,0,0
2018-04-10,16:38:00,03,02,01,01,01,,0,372896.0648,5023797.932,False,April,0,0,0,0,0,0,0,0,0,0,0,1,0,0,0,0,1,0,0
2018-04-10,12:00:00,03,06,01,01,01,00,0,366897.6536,5030435.659,False,April,0,1,0,0,0,0,0,0,0,1,0,0,0,0,0,0,1,0,0
2018-04-10,17:12:00,03,03,01,01,01,01,0,376126.7758,5034853.575,False,April,1,0,0,0,0,0,0,0,0,1,0,0,0,0,0,0,1,0,0
2018-04-10,17:17:00,03,03,01,01,01,01,0,373494.2471,5020419.805,False,April,1,0,0,0,0,0,0,0,0,1,0,0,0,0,0,0,1,0,0
2018-04-10,15:35:00,03,06,01,01,01,,0,365110.1059,5029249.35,False,April,0,0,0,0,0,0,0,0,1,0,0,0,0,0,0,0,1,0,0
2018-04-10,17:50:00,02,05,01,01,01,,0,359181.1192,5023600.071,False,April,0,0,0,0,0,0,0,0,0,0,0,1,0,0,0,0,1,0,0
2018-04-10,18:00:00,03,04,01,01,01,,0,369337.5738,5027933.353999999,False,April,0,0,0,0,0,0,0,0,1,0,0,0,0,0,0,0,1,0,0
2018-04-10,19:03:00,03,04,01,07,01,,0,382662.8781,5038563.027,False,April,0,0,0,0,0,0,0,0,1,0,0,0,0,0,0,0,1,0,0
2018-04-10,09:10:00,03,07,01,01,01,,0,332289.2985,5030717.787,False,April,0,0,0,0,0,0,0,0,1,0,0,0,0,0,0,0,1,0,0
2018-04-10,21:50:00,03,07,01,07,01,,0,328550.6421,5034892.093,False,April,0,0,0,0,0,0,0,0,1,0,0,0,0,0,0,0,1,0,0
2018-03-19,16:56:00,03,03,01,01,01,01,0,369497.606,5010772.694,False,March,1,0,0,0,0,0,0,0,0,1,0,0,0,0,0,0,1,0,0
2018-03-27,05:11:00,03,02,01,07,01,01,0,369304.7171,5027894.553,False,March,1,0,0,0,0,0,0,0,0,0,1,0,0,0,0,0,1,0,0
2018-04-04,07:56:00,03,06,03,01,04,,0,353275.9769,5016316.352,False,April,0,0,0,0,0,0,0,0,1,0,0,0,0,0,0,0,1,0,0
2018-03-22,,03,06,01,00,01,,0,352537.6775,5017636.879,False,March,0,0,0,0,0,0,0,0,1,0,0,0,0,0,0,0,1,0,0
2018-03-19,16:15:00,02,02,01,01,01,01,0,374865.4947,5031001.794,False,March,1,0,0,0,0,0,0,0,0,0,1,0,0,0,0,0,1,0,0
2018-03-27,10:50:00,02,07,01,01,01,01,0,363774.6503,5027014.235,False,March,1,0,0,0,0,0,0,0,0,1,0,0,0,0,0,0,1,0,0
2018-04-04,08:28:00,03,03,04,01,06,01,0,383351.6826,5037567.528,False,April,1,0,0,0,0,0,0,0,0,1,0,0,0,0,0,0,1,0,0
2018-03-22,15:40:00,03,06,01,01,01,,0,368030.4577,5032496.778,False,March,0,0,0,0,0,0,0,0,1,0,0,0,0,0,0,0,1,0,0
2018-03-19,17:01:00,03,06,01,01,01,,0,367163.7401,5031414.462,False,March,0,0,0,0,0,0,0,0,1,0,0,0,0,0,0,0,1,0,0
2018-03-27,07:44:00,03,03,01,01,01,01,0,364549.1589,5015172.6280000005,False,March,1,0,0,0,0,0,0,0,0,1,0,0,0,0,0,0,1,0,0
2018-04-04,08:40:00,03,03,01,01,01,01,0,366345.8575,5015471.83,False,April,1,0,0,0,0,0,0,0,0,1,0,0,0,0,0,0,1,0,0
2018-04-04,02:00:00,03,06,01,07,01,,0,364038.804,5016593.328,False,April,0,0,0,0,0,0,0,0,0,0,0,1,0,0,0,0,1,0,0
2018-04-04,09:23:00,03,03,01,01,01,01,0,365416.3503,5028039.244,False,April,1,0,0,0,0,0,0,0,0,1,0,0,0,0,0,0,1,0,0
2018-04-04,11:24:00,03,03,02,01,02,01,0,363528.0418,5021572.188999999,False,April,1,0,0,0,0,0,0,0,0,1,0,0,0,0,0,0,1,0,0
2018-04-04,11:31:00,03,03,04,01,06,01,0,367744.3558,5030458.874,False,April,1,0,0,0,0,0,0,0,0,1,0,0,0,0,0,0,1,0,0
2018-04-03,20:00:00,03,06,01,07,01,,0,367102.8854,5029816.848999999,False,April,0,0,0,0,0,0,0,0,1,0,0,0,0,0,0,0,1,0,0
2018-04-04,12:30:00,03,04,02,01,02,,0,380524.7408,5036268.311000001,False,April,0,0,0,0,0,0,0,0,1,0,0,0,0,0,0,0,1,0,0
2018-04-04,14:04:00,03,03,01,01,02,01,0,372239.9786,5032112.973999999,False,April,1,0,0,0,0,0,0,0,0,1,0,0,0,0,0,0,1,0,0
2018-04-04,14:25:00,02,07,01,01,01,01,1,366489.3576,5029711.862,False,April,1,0,0,0,0,0,0,0,0,0,1,0,0,0,0,0,1,0,0
2018-04-04,15:18:00,03,03,03,01,02,,0,363149.7363,5022503.416,False,April,0,0,0,0,0,0,0,0,1,0,0,0,0,0,0,0,1,0,0
2018-04-04,15:25:00,03,03,01,01,01,01,0,366667.3068,5016365.12,False,April,0,1,0,0,0,0,0,0,0,1,0,0,0,0,0,0,1,0,0
2018-04-04,15:58:00,02,03,02,01,02,01,0,368371.8948,5031797.573,False,April,1,0,0,0,0,0,0,0,0,1,0,0,0,0,0,0,1,0,0
2018-04-04,16:24:00,03,07,01,01,02,,0,349614.7872,5022438.525,False,April,0,0,0,0,0,0,0,0,1,0,0,0,0,0,0,0,1,0,0
2018-04-04,16:35:00,03,04,01,01,01,01,0,373396.80700000003,5026308.46,False,April,1,0,0,0,0,0,0,0,0,1,0,0,0,0,0,0,1,0,0
2018-04-04,17:07:00,02,03,03,01,02,01,0,379456.7486,5036918.316000001,False,April,1,0,0,0,0,0,0,0,0,1,0,0,0,0,0,0,1,0,0
2018-04-04,17:10:00,03,03,01,01,01,,0,376958.0409,5022900.135,False,April,0,0,0,0,0,0,0,0,1,0,0,0,0,0,0,0,1,0,0
2018-04-04,15:10:00,03,04,01,01,01,01,0,368373.6366,5031798.27,False,April,1,0,0,0,0,0,0,0,0,1,0,0,0,0,0,0,1,0,0
2018-04-04,17:44:00,03,03,01,01,02,01,0,351617.4895,5019224.436000001,True,April,1,0,0,0,0,0,0,0,0,1,0,0,0,0,0,0,1,0,0
2018-04-04,18:25:00,03,04,01,05,01,01,0,367221.6948,5031319.574,False,April,1,0,0,0,0,0,0,0,0,1,0,0,0,0,0,0,1,0,0
2018-04-04,18:25:00,03,02,01,01,01,01,0,368358.7173,5028353.557,False,April,0,1,0,0,0,0,0,0,0,0,1,0,0,0,0,0,1,0,0
2018-04-04,18:33:00,03,03,03,05,02,01,0,384681.7087,5039286.279,False,April,0,0,0,0,0,0,0,1,0,0,1,0,0,0,0,0,1,0,0
2018-04-04,18:38:00,03,06,01,05,01,,0,362959.5297,5028102.92,False,April,0,0,0,0,0,0,0,0,1,0,0,0,0,0,0,0,1,0,0
2018-04-04,18:54:00,03,02,01,01,01,01,0,372463.3916,5033235.415,False,April,0,1,0,0,0,0,0,0,0,0,1,0,0,0,0,0,1,0,0
2018-03-31,19:30:00,02,03,01,07,01,01,0,367601.6641,5025874.932,False,March,1,0,0,0,0,0,0,0,0,1,0,0,0,0,0,0,1,0,0
2018-04-04,11:55:00,03,03,02,01,02,01,0,364854.0498,5026645.846,False,April,1,0,0,0,0,0,0,0,0,1,0,0,0,0,0,0,1,0,0
2018-04-04,20:24:00,03,07,06,07,01,,0,351797.9319,5011082.69,False,April,0,0,0,0,0,0,0,0,1,0,0,0,0,0,0,0,1,0,0
2018-04-04,20:31:00,03,05,01,07,01,01,0,364894.3554,5027699.847,False,April,1,0,0,0,0,0,0,0,0,0,1,0,0,0,0,0,1,0,0
2018-04-04,22:12:00,03,05,01,07,01,01,0,368802.1135,5033235.655,False,April,1,0,0,0,0,0,0,0,0,0,1,0,0,0,0,0,1,0,0
2018-04-04,23:37:00,03,04,01,07,01,,0,379878.7532,5036446.975,False,April,0,0,0,0,0,0,0,0,1,0,0,0,0,0,0,0,1,0,0
2018-04-05,02:23:00,02,07,01,07,02,,0,377077.7716,4999334.985,False,April,0,0,0,0,0,0,0,0,1,0,0,0,0,0,0,0,1,0,0
2018-04-05,02:35:00,03,02,01,07,01,01,0,374223.1041,5019619.011,False,April,0,1,0,0,0,0,0,0,0,0,1,0,0,0,0,0,1,0,0
2018-04-05,05:57:00,03,04,01,03,01,01,0,367105.9691,5022080.805,False,April,1,0,0,0,0,0,0,0,0,1,0,0,0,0,0,0,1,0,0
2018-04-05,06:49:00,03,02,01,01,01,01,0,374629.7494,5013997.444,False,April,0,1,0,0,0,0,0,0,0,0,1,0,0,0,0,0,1,0,0
2018-04-05,07:22:00,03,03,06,01,01,,0,367910.919,5021906.473999999,False,April,0,0,0,0,0,0,0,0,1,0,0,0,0,0,0,0,1,0,0
2018-04-05,07:29:00,03,03,01,01,01,,0,379830.6813,5037270.098,False,April,0,0,0,0,0,0,0,0,1,0,0,0,0,0,0,0,1,0,0
2018-04-05,07:30:00,02,02,01,01,01,01,0,385265.7583,5037698.58,False,April,0,1,0,0,0,0,0,0,0,0,1,0,0,0,0,0,1,0,0
2018-04-05,07:59:00,02,02,01,01,01,01,0,363311.8354,5027898.344,False,April,0,1,0,0,0,0,0,0,0,0,1,0,0,0,0,0,1,0,0
2018-04-05,07:25:00,03,02,01,01,01,01,0,381168.99700000003,5032906.816000001,False,April,0,0,0,0,0,0,0,1,0,0,1,0,0,0,0,0,1,0,0
2018-04-05,08:12:00,03,03,01,01,01,01,0,364950.3497,5027736.635,False,April,0,1,0,0,0,0,0,0,0,1,0,0,0,0,0,0,1,0,0
2018-04-04,,03,06,01,00,01,,0,354447.539,5015068.669,False,April,0,0,0,0,0,0,0,0,1,0,0,0,0,0,0,0,1,0,0
2018-04-05,08:00:00,03,07,01,01,01,01,0,367387.5305,5029476.517,False,April,1,0,0,0,0,0,0,0,0,1,0,0,0,0,0,0,1,0,0
2018-04-05,08:23:00,03,03,01,01,01,,0,371027.9357,5023674.427,False,April,0,0,0,0,0,0,0,0,1,0,0,0,0,0,0,0,1,0,0
2018-04-05,08:38:00,03,03,01,01,01,01,0,373364.381,5029424.551,False,April,1,0,0,0,0,0,0,0,0,1,0,0,0,0,0,0,1,0,0
2018-04-05,08:39:00,03,04,01,01,01,,0,364960.0984,5023790.447,False,April,0,0,0,0,0,0,0,0,1,0,0,0,0,0,0,0,1,0,0
2018-04-05,08:42:00,02,03,01,01,06,,0,365253.4377,5024402.496,False,April,0,0,0,0,0,0,0,0,1,0,0,0,0,0,0,0,1,0,0
2018-04-05,08:58:00,03,04,01,01,01,01,0,372539.9782,5031689.266,True,April,0,1,0,0,0,0,0,0,0,1,0,0,0,0,0,0,1,0,0
2018-04-05,09:12:00,03,03,01,01,01,,0,361618.6988,5023199.148,False,April,0,0,0,0,0,0,0,0,1,0,0,0,0,0,0,0,1,0,0
2018-04-05,09:31:00,03,03,01,01,01,,0,364049.9797,5016300.339,False,April,0,0,0,0,0,0,0,0,1,0,0,0,0,0,0,0,1,0,0
2018-04-05,09:38:00,03,04,01,01,01,01,0,375357.7542,5021619.4969999995,False,April,1,0,0,0,0,0,0,0,0,1,0,0,0,0,0,0,1,0,0
2018-04-05,10:01:00,03,04,01,01,01,01,0,366967.6965,5030476.572,False,April,1,0,0,0,0,0,0,0,0,1,0,0,0,0,0,0,1,0,0
2018-04-05,11:11:00,03,04,01,01,01,,0,368318.8834,5032711.047,False,April,0,0,0,0,0,0,0,0,1,0,0,0,0,0,0,0,1,0,0
2018-04-05,11:43:00,03,05,01,01,01,,0,387330.6681,5024050.206,True,April,0,0,0,0,0,0,0,0,0,0,0,1,0,0,0,0,1,0,0
2018-04-05,11:51:00,03,03,01,01,01,01,0,374864.234,5031000.784,False,April,1,0,0,0,0,0,0,0,0,1,0,0,0,0,0,0,1,0,0
2018-04-05,11:59:00,03,05,01,01,01,01,0,373671.6928,5022923.513,False,April,1,0,0,0,0,0,0,0,0,0,1,0,0,0,0,0,1,0,0
2018-04-05,12:15:00,03,06,01,01,01,,0,383588.1707,5036312.897,False,April,0,0,0,0,0,0,0,0,1,0,0,0,0,0,0,0,1,0,0
2018-04-05,13:30:00,03,05,01,01,01,01,0,385631.4213,5036893.248,False,April,1,0,0,0,0,0,0,0,0,0,1,0,0,0,0,0,1,0,0
2018-03-28,,03,06,00,00,01,,0,371947.9365,5024781.63,False,March,0,0,0,0,0,0,0,0,1,0,0,0,0,0,0,0,1,0,0
2018-04-05,14:26:00,03,03,01,01,01,01,0,371158.0586,5033631.496,False,April,1,0,0,0,0,0,0,0,0,1,0,0,0,0,0,0,1,0,0
2018-04-05,11:15:00,03,05,01,01,01,00,0,364065.5729,5027195.686000001,False,April,1,0,0,0,0,0,0,0,0,1,0,0,0,0,0,0,1,0,0
2018-04-05,15:47:00,03,03,01,01,01,,0,370524.9786,5025527.492,False,April,0,0,0,0,0,0,0,0,1,0,0,0,0,0,0,0,1,0,0
2018-04-05,16:16:00,03,03,01,01,01,01,0,373764.7853,5025404.523,False,April,1,0,0,0,0,0,0,0,0,1,0,0,0,0,0,0,1,0,0
2018-04-05,16:31:00,03,04,01,01,01,01,0,366575.0642,5025045.446,False,April,1,0,0,0,0,0,0,0,0,1,0,0,0,0,0,0,1,0,0
2018-04-05,16:50:00,02,07,01,01,01,,0,348907.7251,5017221.771000001,True,April,0,0,0,0,0,0,0,0,1,0,0,0,0,0,0,0,1,0,0
2018-04-05,17:55:00,03,03,01,01,01,01,0,365415.6534,5028038.547,False,April,1,0,0,0,0,0,0,0,0,1,0,0,0,0,0,0,1,0,0
2018-04-05,17:54:00,03,05,01,01,01,01,0,349384.9025,5022956.245,False,April,1,0,0,0,0,0,0,0,0,1,0,0,0,0,0,0,1,0,0
2018-04-05,18:30:00,02,03,01,01,01,01,0,366106.1303,5015395.177,False,April,1,0,0,0,0,0,0,0,0,1,0,0,0,0,0,0,1,0,0
2018-04-05,18:43:00,03,02,01,05,01,01,0,369039.6999,5035181.695,False,April,0,0,1,0,0,0,0,0,0,0,1,0,0,0,0,0,1,0,0
2018-04-05,19:35:00,02,07,01,01,01,01,0,351414.3549,5021780.005,False,April,1,0,0,0,0,0,0,0,0,1,0,0,0,0,0,0,1,0,0
2018-04-05,20:28:00,02,05,01,07,01,01,0,371157.3618,5033632.89,False,April,1,0,0,0,0,0,0,0,0,0,1,0,0,0,0,0,1,0,0
2018-04-05,22:00:00,02,07,01,07,01,01,1,367693.6576,5030916.261,False,April,1,0,0,0,0,0,0,0,0,0,1,0,0,0,0,0,1,0,0
2018-04-05,22:22:00,03,07,01,07,01,,0,346275.5025,4996679.985,False,April,0,0,0,0,0,0,0,0,1,0,0,0,0,0,0,0,1,0,0
2018-04-06,01:18:00,02,05,01,07,01,01,0,369788.0965,5028998.673,False,April,1,0,0,0,0,0,0,0,0,0,1,0,0,0,0,0,1,0,0
2018-04-06,06:10:00,03,03,01,03,01,01,0,367174.2445,5014825.585,False,April,1,0,0,0,0,0,0,0,0,1,0,0,0,0,0,0,1,0,0
2018-04-06,06:15:00,03,07,01,01,01,,0,340917.7568,5037353.294,False,April,0,0,0,0,0,0,0,0,1,0,0,0,0,0,0,0,1,0,0
2018-04-06,08:39:00,03,04,01,01,01,01,0,367371.919,5025693.477,False,April,1,0,0,0,0,0,0,0,0,1,0,0,0,0,0,0,1,0,0
2018-04-06,09:02:00,03,02,01,01,01,,0,378010.2728,5018458.773,False,April,0,0,0,0,0,0,0,0,0,0,0,1,0,0,0,0,1,0,0
2018-04-06,09:03:00,03,04,01,01,01,01,0,367890.7079,5031646.575,False,April,1,0,0,0,0,0,0,0,0,1,0,0,0,0,0,0,1,0,0
2018-04-06,09:54:00,03,04,01,01,01,,0,373848.969,5030078.085,False,April,0,0,0,0,0,0,0,0,0,0,0,1,0,0,0,0,1,0,0
2018-04-06,10:35:00,03,04,01,01,01,01,0,381601.9029,5037684.13,False,April,1,0,0,0,0,0,0,0,0,1,0,0,0,0,0,0,1,0,0
2018-04-06,11:07:00,03,02,01,01,01,01,0,367097.6977,5031526.573,False,April,1,0,0,0,0,0,0,0,0,0,1,0,0,0,0,0,1,0,0
2018-04-06,11:38:00,02,03,01,01,01,,0,369395.2657,5027796.28,False,April,0,0,0,0,0,0,0,0,0,0,0,1,0,0,0,0,1,0,0
2018-04-06,12:24:00,03,0,01,01,01,01,0,365347.6542,5027998.24,False,April,1,0,0,0,0,0,0,0,0,1,0,0,0,0,0,0,1,0,0
2018-04-06,12:32:00,03,03,01,01,01,01,0,363610.7352,5028538.555,False,April,1,0,0,0,0,0,0,0,0,1,0,0,0,0,0,0,1,0,0
2018-04-06,,03,06,01,00,01,,0,383931.685,5033940.343,False,April,0,0,0,0,0,0,0,0,1,0,0,0,0,0,0,0,1,0,0
2018-04-06,13:10:00,02,05,01,01,01,01,0,365626.3284,5028174.2639999995,False,April,1,0,0,0,0,0,0,0,0,0,1,0,0,0,0,0,1,0,0
2018-04-06,14:37:00,03,04,01,01,01,,0,374657.2338,5030926.687,True,April,0,0,0,0,0,0,0,0,1,0,0,0,0,0,0,0,1,0,0
2018-04-06,15:51:00,03,0,01,01,01,01,0,383950.715,5036159.561000001,False,April,1,0,0,0,0,0,0,0,0,1,0,0,0,0,0,0,1,0,0
2018-04-06,16:02:00,03,04,02,01,04,01,0,366739.7045,5031016.575,False,April,1,0,0,0,0,0,0,0,0,1,0,0,0,0,0,0,1,0,0
2018-04-06,16:42:00,03,03,01,01,01,,0,364177.5859,5020108.276000001,False,April,0,0,0,0,0,0,0,0,1,0,0,0,0,0,0,0,1,0,0
2018-03-21,19:30:00,03,04,01,07,01,01,0,367948.7099,5031549.576,False,March,1,0,0,0,0,0,0,0,0,1,0,0,0,0,0,0,1,0,0
2018-03-27,08:24:00,03,02,01,01,01,01,0,363881.6866,5022844.495,False,March,0,1,0,0,0,0,0,0,0,0,1,0,0,0,0,0,1,0,0
2018-03-27,08:36:00,03,02,01,01,01,01,0,373798.3828,5029097.549,False,March,1,0,0,0,0,0,0,0,0,0,1,0,0,0,0,0,1,0,0
2018-02-28,,03,06,01,00,01,,0,360614.5379,5023888.284,False,February,0,0,0,0,0,0,0,0,1,0,0,0,0,0,0,0,0,0,1
2018-03-23,12:00:00,03,04,01,01,01,,0,360245.6791,5024781.512,False,March,0,0,0,0,0,0,0,0,0,1,0,0,0,0,0,0,1,0,0
2018-03-27,09:58:00,03,0,01,01,01,,0,359543.1324,5014539.567,False,March,0,0,0,0,0,0,0,0,0,0,0,1,0,0,0,0,1,0,0
2018-03-19,17:41:00,03,03,01,01,01,,0,368126.3807,5023195.998,False,March,0,0,0,0,0,0,0,0,1,0,0,0,0,0,0,0,1,0,0
2018-03-23,12:19:00,01,07,01,01,01,01,1,370019.7134,5033304.596,False,March,0,1,0,0,0,0,0,0,0,0,1,0,0,0,0,0,1,0,0
2018-03-27,10:10:00,02,03,01,01,01,01,0,367459.6611,5024904.5139999995,False,March,1,0,0,0,0,0,0,0,0,1,0,0,0,0,0,0,1,0,0
2018-03-19,13:50:00,03,03,01,01,01,01,0,357144.602,5018153.159,False,March,1,0,0,0,0,0,0,0,0,1,0,0,0,0,0,0,1,0,0
2018-03-23,12:34:00,03,02,01,01,01,01,0,366646.6963,5011532.413,False,March,0,1,0,0,0,0,0,0,0,1,0,0,0,0,0,0,1,0,0
2018-03-23,13:00:00,03,04,01,01,01,01,0,361909.6865,5025370.518999999,False,March,1,0,0,0,0,0,0,0,0,1,0,0,0,0,0,0,1,0,0
2018-03-23,13:19:00,03,07,01,01,01,01,0,368693.9023,5026293.536,False,March,0,0,0,0,0,0,0,1,0,1,0,0,0,0,0,0,1,0,0
2018-03-23,13:28:00,03,03,01,01,01,01,0,361721.3178,5015913.436000001,False,March,1,0,0,0,0,0,0,0,0,1,0,0,0,0,0,0,1,0,0
2018-03-23,13:45:00,03,05,01,01,01,01,0,372858.9819,5030577.1680000005,False,March,1,0,0,0,0,0,0,0,0,0,1,0,0,0,0,0,1,0,0
2018-03-23,13:52:00,03,03,01,01,01,01,0,367908.0559,5030187.868,False,March,1,0,0,0,0,0,0,0,0,1,0,0,0,0,0,0,1,0,0
2018-03-23,13:57:00,03,05,01,01,01,01,0,372465.9899,5030278.508,False,March,1,0,0,0,0,0,0,0,0,0,1,0,0,0,0,0,1,0,0
2018-03-23,14:13:00,02,07,01,01,01,01,1,374391.2051,5034400.024,False,March,1,0,0,0,0,0,0,0,0,0,1,0,0,0,0,0,1,0,0
2018-03-23,14:18:00,02,07,01,01,01,01,1,371307.1634,5024317.424,False,March,1,0,0,0,0,0,0,0,0,0,1,0,0,0,0,0,1,0,0
2018-03-23,15:22:00,03,02,01,01,01,,0,364625.5261,5015900.936000001,False,March,0,0,0,0,0,0,0,0,0,0,0,1,0,0,0,0,1,0,0
2018-03-22,18:30:00,03,06,01,07,01,,0,386968.6985,5035995.795,False,March,0,0,0,0,0,0,0,0,0,0,0,1,0,0,0,0,1,0,0
2018-03-23,16:36:00,03,07,01,01,01,01,1,368109.3955,5027766.436000001,False,March,1,0,0,0,0,0,0,0,0,0,1,0,0,0,0,0,1,0,0
2018-03-22,,03,06,01,00,01,,0,351952.0262,5018431.899,False,March,0,0,0,0,0,0,0,0,1,0,0,0,0,0,0,0,1,0,0
2018-03-23,16:59:00,03,05,01,01,01,01,0,370882.9816,5030558.267,False,March,1,0,0,0,0,0,0,0,0,0,1,0,0,0,0,0,1,0,0
2018-03-23,17:47:00,03,03,01,01,01,,0,364711.3131,5024063.489,False,March,0,0,0,0,0,0,0,0,0,0,0,1,0,0,0,0,1,0,0
2018-03-23,20:13:00,03,03,01,07,01,,0,369973.0719,5026914.26,False,March,0,0,0,0,0,0,0,0,1,0,0,0,0,0,0,0,1,0,0
2018-03-23,,03,06,01,00,01,,0,374630.5588,5031634.035,False,March,0,0,0,0,0,0,0,0,1,0,0,0,0,0,0,0,1,0,0
2018-03-24,03:19:00,03,07,01,07,01,,0,369469.2735,5032500.433,False,March,0,0,0,0,0,0,0,0,1,0,0,0,0,0,0,0,1,0,0
2018-03-24,05:51:00,03,02,01,07,01,01,0,372453.7189,5032005.57,False,March,1,0,0,0,0,0,0,0,0,0,1,0,0,0,0,0,1,0,0
2018-03-24,08:58:00,03,03,01,01,01,,0,367629.6579,5021883.928,False,March,0,0,0,0,0,0,0,0,1,0,0,0,0,0,0,0,1,0,0
2018-03-24,10:59:00,02,03,01,01,01,01,0,372595.3655,5031242.273,False,March,1,0,0,0,0,0,0,0,0,1,0,0,0,0,0,0,1,0,0
2018-03-24,,03,06,01,00,01,,0,354312.7906,5017072.411,False,March,0,0,0,0,0,0,0,0,1,0,0,0,0,0,0,0,1,0,0
2018-03-24,12:19:00,03,0,01,01,01,,0,363148.9771,5028237.741,False,March,0,0,0,0,0,0,0,0,0,0,0,1,0,0,0,0,1,0,0
2018-03-24,12:21:00,03,04,01,01,01,01,0,368373.6367,5031798.27,False,March,1,0,0,0,0,0,0,0,0,1,0,0,0,0,0,0,1,0,0
2018-03-24,13:50:00,02,03,01,01,01,,0,348216.13700000005,4998562.806,False,March,0,0,0,0,0,0,0,0,0,0,0,1,0,0,0,0,1,0,0
2018-03-24,14:14:00,03,04,01,01,01,01,0,359424.6663,5023437.493,False,March,0,1,0,0,0,0,0,0,0,0,1,0,0,0,0,0,1,0,0
2018-03-24,15:14:00,03,03,01,01,01,01,0,368282.3995,5032275.281,False,March,1,0,0,0,0,0,0,0,0,0,1,0,0,0,0,0,1,0,0
2018-03-20,16:15:00,02,03,01,01,01,,0,364790.7691,5030094.278,False,March,0,0,0,0,0,0,0,0,1,0,0,0,0,0,0,0,1,0,0
2018-03-24,15:44:00,03,03,01,01,01,,0,358468.2294,5021455.808999999,False,March,0,0,0,0,0,0,0,0,1,0,0,0,0,0,0,0,1,0,0
2018-03-24,15:30:00,03,02,01,01,01,01,0,365624.3247,5006094.499,False,March,0,1,0,0,0,0,0,0,0,1,0,0,0,0,0,0,1,0,0
2018-03-24,15:30:00,03,03,01,01,01,01,0,383952.1087,5036160.258,False,March,1,0,0,0,0,0,0,0,0,1,0,0,0,0,0,0,1,0,0
2018-03-24,16:27:00,03,03,01,01,01,01,0,367922.4488,5028092.07,False,March,1,0,0,0,0,0,0,0,0,1,0,0,0,0,0,0,1,0,0
2018-03-24,17:17:00,03,07,01,01,01,,0,367581.3689,4989375.6280000005,False,March,0,0,0,0,0,0,0,0,1,0,0,0,0,0,0,0,1,0,0
2018-03-24,17:35:00,03,06,01,01,01,,0,367797.5091,5032592.964,False,March,0,0,0,0,0,0,0,0,1,0,0,0,0,0,0,0,1,0,0
2018-03-24,17:35:00,03,04,01,01,01,01,0,368452.7068,5029269.556,False,March,0,1,0,0,0,0,0,0,0,1,0,0,0,0,0,0,1,0,0