DATE,TIME,CLASS_OF_ACCIDENT,IMPACT_TYPE,ENVIRONMENT,LIGHT,ROAD_SURFACE_CONDITION,TRAFFIC_CONTROL_CONDITION,NO_OF_PEDESTRIANS,X,Y,Highway,Month,categorical_TRAFFIC_CONTROL_01,categorical_TRAFFIC_CONTROL_02,categorical_TRAFFIC_CONTROL_03,categorical_TRAFFIC_CONTROL_04,categorical_TRAFFIC_CONTROL_07,categorical_TRAFFIC_CONTROL_08,categorical_TRAFFIC_CONTROL_09,categorical_TRAFFIC_CONTROL_11,categorical_ACCIDENT_LOCATION_01,categorical_ACCIDENT_LOCATION_02,categorical_ACCIDENT_LOCATION_03,categorical_ACCIDENT_LOCATION_04,categorical_ACCIDENT_LOCATION_05,categorical_ACCIDENT_LOCATION_06,categorical_ACCIDENT_LOCATION_07,categorical_Seasons_Fall,categorical_Seasons_Spring,categorical_Seasons_Summer,categorical_Seasons_Winter
2018-03-24,,03,06,01,00,01,,0,369593.1669,5026888.899,False,March,0,0,0,0,0,0,0,0,1,0,0,0,0,0,0,0,1,0,0
2018-03-24,18:25:00,02,03,01,05,01,01,0,372747.6749,5032171.978999999,False,March,1,0,0,0,0,0,0,0,0,1,0,0,0,0,0,0,1,0,0
2018-03-21,18:00:00,03,04,01,01,01,01,0,366829.71,5028935.553,False,March,1,0,0,0,0,0,0,0,0,1,0,0,0,0,0,0,1,0,0
2018-03-24,18:55:00,03,02,01,05,01,01,0,382289.8384,5033944.239,False,March,0,0,0,0,0,0,0,1,0,0,1,0,0,0,0,0,1,0,0
2018-03-24,21:36:00,03,06,01,07,01,,0,367364.9733,5031410.333000001,False,March,0,0,0,0,0,0,0,0,1,0,0,0,0,0,0,0,1,0,0
2018-03-25,08:13:00,03,05,01,01,01,01,0,362706.5903,5023491.407,False,March,1,0,0,0,0,0,0,0,0,0,1,0,0,0,0,0,1,0,0
2018-03-25,08:22:00,03,07,01,01,01,,0,355070.3534,5016983.402,False,March,0,0,0,0,0,0,0,0,1,0,0,0,0,0,0,0,1,0,0
2018-03-24,18:30:00,03,04,01,07,01,01,0,349675.6066,5017365.437,False,March,1,0,0,0,0,0,0,0,0,1,0,0,0,0,0,0,1,0,0
2018-03-25,10:11:00,03,02,01,01,01,01,0,365279.7027,5028350.556,False,March,0,1,0,0,0,0,0,0,0,0,1,0,0,0,0,0,1,0,0
2018-03-25,11:35:00,03,05,01,01,01,01,0,367221.3464,5031320.27,False,March,1,0,0,0,0,0,0,0,0,0,1,0,0,0,0,0,1,0,0
2018-03-25,12:11:00,02,03,01,01,01,01,0,350942.3366,5016079.432,False,March,1,0,0,0,0,0,0,0,0,1,0,0,0,0,0,0,1,0,0
2018-03-25,12:25:00,03,02,01,01,01,01,0,364358.3549,5024891.907,False,March,1,0,0,0,0,0,0,0,0,0,1,0,0,0,0,0,1,0,0
2018-03-25,13:10:00,03,02,01,01,01,01,0,367579.705,5031450.576,False,March,1,0,0,0,0,0,0,0,0,0,1,0,0,0,0,0,1,0,0
2018-03-25,14:04:00,02,02,01,01,01,01,0,363180.6862,5026638.541,False,March,1,0,0,0,0,0,0,0,0,0,1,0,0,0,0,0,1,0,0
2018-03-25,14:26:00,03,03,01,01,01,,0,363618.4007,5028544.827,False,March,0,0,0,0,0,0,0,0,1,0,0,0,0,0,0,0,1,0,0
2018-03-25,16:13:00,03,04,01,01,01,01,0,373255.7362,5029373.546,False,March,1,0,0,0,0,0,0,0,0,1,0,0,0,0,0,0,1,0,0
2018-03-25,17:07:00,02,05,01,01,01,01,0,371296.2168,5021621.791,False,March,0,0,1,0,0,0,0,0,0,1,0,0,0,0,0,0,1,0,0
2018-03-23,16:45:00,03,03,01,01,01,01,0,369226.7612,5027982.848999999,False,March,1,0,0,0,0,0,0,0,0,1,0,0,0,0,0,0,1,0,0
2018-03-25,17:34:00,03,03,01,01,01,01,0,368035.6577,5021946.195,False,March,1,0,0,0,0,0,0,0,0,1,0,0,0,0,0,0,1,0,0
2018-03-25,18:55:00,02,03,01,05,01,01,0,358968.7102,5021675.187,False,March,1,0,0,0,0,0,0,0,0,1,0,0,0,0,0,0,1,0,0
2018-03-25,19:36:00,03,05,01,07,01,00,0,365973.3592,5022170.884,False,March,1,0,0,0,0,0,0,0,0,1,0,0,0,0,0,0,1,0,0
2018-03-25,20:11:00,03,05,01,07,01,01,0,375130.0944,5026188.821,False,March,1,0,0,0,0,0,0,0,0,0,1,0,0,0,0,0,1,0,0
2018-03-25,22:58:00,03,06,01,07,01,00,0,373255.8106,5025484.877,False,March,0,1,0,0,0,0,0,0,0,0,1,0,0,0,0,0,1,0,0
2018-03-25,22:59:00,03,04,01,07,01,,0,368184.5484,5032019.795,False,March,0,0,0,0,0,0,0,0,1,0,0,0,0,0,0,0,1,0,0
2018-03-25,23:11:00,03,02,01,07,01,,0,381977.1502,5038059.152,False,March,0,0,0,0,0,0,0,0,0,0,0,1,0,0,0,0,1,0,0
2018-03-26,07:07:00,03,04,01,01,01,01,0,366166.6931,5026028.533,False,March,1,0,0,0,0,0,0,0,0,1,0,0,0,0,0,0,1,0,0
2018-03-26,07:21:00,03,07,01,01,01,01,0,368698.8743,5009932.102,False,March,1,0,0,0,0,0,0,0,0,1,0,0,0,0,0,0,1,0,0
2018-03-26,07:28:00,03,04,01,01,01,,0,368379.6255,5031789.24,False,March,0,0,0,0,0,0,0,0,1,0,0,0,0,0,0,0,1,0,0
2018-03-26,07:33:00,02,07,01,01,01,01,0,373704.6779,5030405.162,False,March,1,0,0,0,0,0,0,0,0,0,1,0,0,0,0,0,1,0,0
2018-03-26,08:15:00,02,03,01,01,01,01,0,372169.5418,5032287.153,False,March,1,0,0,0,0,0,0,0,0,1,0,0,0,0,0,0,1,0,0
2018-03-26,09:01:00,03,04,01,01,01,,0,364405.8257,5024781.796,False,March,0,0,0,0,0,0,0,0,1,0,0,0,0,0,0,0,1,0,0
2018-03-25,11:10:00,03,04,01,01,01,01,0,370676.385,5031611.703,False,March,1,0,0,0,0,0,0,0,0,1,0,0,0,0,0,0,1,0,0
2018-03-26,10:13:00,02,03,01,01,02,01,0,352842.6702,5020477.86,True,March,1,0,0,0,0,0,0,0,0,1,0,0,0,0,0,0,1,0,0
2018-03-26,12:11:00,02,03,01,01,01,01,0,371608.3881,5024097.203,False,March,1,0,0,0,0,0,0,0,0,1,0,0,0,0,0,0,1,0,0
2018-03-26,12:19:00,03,04,01,01,01,01,0,371754.8166,5030717.959,False,March,1,0,0,0,0,0,0,0,0,0,1,0,0,0,0,0,1,0,0
2018-03-26,12:23:00,03,02,01,01,01,,0,349897.33200000005,5016040.063999999,False,March,0,0,0,0,0,0,0,0,0,0,0,1,0,0,0,0,1,0,0
2018-03-26,12:48:00,03,02,01,01,01,01,0,338029.599,5035929.6280000005,False,March,0,1,0,0,0,0,0,0,0,0,1,0,0,0,0,0,1,0,0
2018-03-26,13:02:00,03,03,01,01,01,,0,372819.0773,5030681.859,False,March,0,0,0,0,0,0,0,0,1,0,0,0,0,0,0,0,1,0,0
2018-03-26,13:10:00,03,03,01,01,01,01,0,365003.9138,5023386.364,False,March,1,0,0,0,0,0,0,0,0,1,0,0,0,0,0,0,1,0,0
2018-03-26,14:01:00,03,03,01,01,01,,0,382170.7507,5035298.208000001,False,March,0,0,0,0,0,0,0,0,1,0,0,0,0,0,0,0,1,0,0
2018-03-26,07:30:00,03,04,01,01,01,,0,370088.5741,5031215.328,False,March,0,0,0,0,0,0,0,0,1,0,0,0,0,0,0,0,1,0,0
2018-03-26,15:30:00,03,07,01,01,01,01,0,375399.4063,5014485.852,False,March,1,0,0,0,0,0,0,0,0,0,1,0,0,0,0,0,1,0,0
2018-03-26,15:38:00,03,03,01,01,01,00,0,374018.6749,5034438.191000001,False,March,1,0,0,0,0,0,0,0,0,1,0,0,0,0,0,0,1,0,0
2018-03-26,15:47:00,02,03,01,01,01,,0,384443.8506,5040025.782,False,March,0,0,0,0,0,0,0,0,1,0,0,0,0,0,0,0,1,0,0
2018-03-26,16:07:00,03,04,01,01,01,,0,371497.3596,5024138.518,False,March,0,0,0,0,0,0,0,0,1,0,0,0,0,0,0,0,1,0,0
2018-03-26,16:22:00,03,02,01,01,01,01,0,367995.7002,5033972.6,False,March,0,1,0,0,0,0,0,0,0,0,1,0,0,0,0,0,1,0,0
2018-03-26,16:00:00,03,05,01,01,01,01,0,372093.3645,5032473.282,False,March,1,0,0,0,0,0,0,0,0,0,1,0,0,0,0,0,1,0,0
2018-03-26,06:35:00,03,07,01,03,01,,0,325089.6971,5032640.016,False,March,0,0,0,0,0,0,0,0,1,0,0,0,0,0,0,0,1,0,0
2018-03-26,17:18:00,03,05,01,01,01,01,0,364275.3939,5027495.04,False,March,1,0,0,0,0,0,0,0,0,0,1,0,0,0,0,0,1,0,0
2018-03-26,17:23:00,03,03,01,01,01,,0,371174.7834,5033642.646000001,False,March,0,0,0,0,0,0,0,0,1,0,0,0,0,0,0,0,1,0,0
2018-03-26,17:24:00,03,05,01,01,01,01,0,353417.6921,5018265.577,False,March,1,0,0,0,0,0,0,0,0,0,1,0,0,0,0,0,1,0,0
2018-03-26,18:24:00,03,05,01,07,01,01,0,364858.3515,5023724.813999999,False,March,1,0,0,0,0,0,0,0,0,0,1,0,0,0,0,0,1,0,0
2018-03-21,14:30:00,03,04,01,01,01,,0,364358.1313,5027346.302,True,March,0,0,0,0,0,0,0,0,1,0,0,0,0,0,0,0,1,0,0
2018-03-19,,03,06,01,00,01,,0,363399.2751,5028558.938,False,March,0,0,0,0,0,0,0,0,1,0,0,0,0,0,0,0,1,0,0
2018-03-19,18:34:00,03,05,01,05,01,00,0,353889.5926,5023315.198,False,March,0,1,0,0,0,0,0,0,0,0,1,0,0,0,0,0,1,0,0
2018-03-16,10:15:00,03,03,01,01,06,01,0,353997.2698,5015345.308,False,March,1,0,0,0,0,0,0,0,0,1,0,0,0,0,0,0,1,0,0
2018-03-27,12:00:00,03,02,01,01,01,,0,348381.152,5020120.069,False,March,0,0,0,0,0,0,0,0,0,0,0,1,0,0,0,0,1,0,0
2018-03-19,17:20:00,03,03,01,05,01,01,0,381798.4027,5035071.465,False,March,1,0,0,0,0,0,0,0,0,1,0,0,0,0,0,0,1,0,0
2018-03-27,12:12:00,03,02,01,01,01,,0,373117.7898,5027184.912,False,March,0,0,0,0,0,0,0,0,0,0,0,1,0,0,0,0,1,0,0
2018-03-17,16:40:00,03,0,01,01,01,,0,364652.8695,5015751.039,False,March,0,0,0,0,0,0,0,0,0,0,0,1,0,0,0,0,1,0,0
2018-03-27,13:06:00,03,05,01,01,01,,0,346076.8227,5017307.186000001,False,March,0,0,0,0,0,0,0,0,0,0,0,1,0,0,0,0,1,0,0
2018-03-19,20:32:00,03,02,01,07,01,,0,374964.8191,5031062.377,True,March,0,0,0,0,0,0,0,0,0,0,0,1,0,0,0,0,1,0,0
2018-03-27,12:30:00,03,05,01,01,01,01,0,381962.7937,5038137.191000001,False,March,1,0,0,0,0,0,0,0,0,0,1,0,0,0,0,0,1,0,0
2018-03-27,14:52:00,03,03,01,01,01,01,0,371945.6826,5024130.196,False,March,1,0,0,0,0,0,0,0,0,0,1,0,0,0,0,0,1,0,0
2018-03-27,15:24:00,03,05,01,01,01,01,0,371299.287,5021622.193,False,March,0,0,1,0,0,0,0,0,0,1,0,0,0,0,0,0,1,0,0
2018-03-27,15:25:00,03,04,01,01,01,01,0,383951.7598,5036159.561000001,False,March,1,0,0,0,0,0,0,0,0,1,0,0,0,0,0,0,1,0,0
2018-03-27,15:37:00,03,03,01,01,01,00,0,361480.0254,5020502.478999999,False,March,1,0,0,0,0,0,0,0,0,1,0,0,0,0,0,0,1,0,0
2018-03-27,16:30:00,03,05,01,01,01,,0,374127.5657,5030713.982,False,March,0,0,0,0,0,0,0,0,1,0,0,0,0,0,0,0,1,0,0
2018-03-27,16:39:00,03,03,01,01,01,01,0,359501.3075,5014635.018999999,False,March,1,0,0,0,0,0,0,0,0,1,0,0,0,0,0,0,1,0,0
2018-03-27,17:35:00,02,07,01,01,01,,1,363312.5269,5028349.274,False,March,0,0,0,0,0,0,0,0,1,0,0,0,0,0,0,0,1,0,0
2018-03-27,17:36:00,03,03,01,01,01,00,0,377129.0827,5035238.895,False,March,1,0,0,0,0,0,0,0,0,1,0,0,0,0,0,0,1,0,0
2018-03-27,17:45:00,03,03,01,01,01,01,0,359499.9137,5014635.716,False,March,1,0,0,0,0,0,0,0,0,1,0,0,0,0,0,0,1,0,0
2018-03-27,11:00:00,03,04,01,01,01,,0,367033.9561,5030518.321,False,March,0,0,0,0,0,0,0,0,1,0,0,0,0,0,0,0,1,0,0
2018-03-27,17:47:00,03,07,01,01,01,,0,321783.3031,5029827.362,True,March,0,0,0,0,0,0,0,0,1,0,0,0,0,0,0,0,1,0,0
2018-03-27,16:45:00,03,03,02,01,02,01,0,361106.3314,5021363.098999999,False,March,1,0,0,0,0,0,0,0,0,1,0,0,0,0,0,0,1,0,0
2018-03-27,08:45:00,03,0,01,01,01,,0,360267.0765,5021196.992,False,March,0,0,0,0,0,0,0,0,0,0,0,1,0,0,0,0,1,0,0
2018-03-27,18:00:00,03,04,02,05,02,01,0,367922.7098,5028091.547,False,March,1,0,0,0,0,0,0,0,0,1,0,0,0,0,0,0,1,0,0
2018-03-27,19:24:00,03,03,01,07,01,01,0,363669.6457,5021246.489,False,March,1,0,0,0,0,0,0,0,0,1,0,0,0,0,0,0,1,0,0
2018-03-27,20:10:00,03,03,02,07,02,01,0,374507.3753,5033197.181,False,March,1,0,0,0,0,0,0,0,0,1,0,0,0,0,0,0,1,0,0
2018-03-27,20:51:00,03,02,03,07,02,,0,370956.7092,5011664.426,False,March,0,0,0,0,0,0,0,0,0,0,0,1,0,0,0,0,1,0,0
2018-03-27,21:22:00,03,04,01,07,01,01,0,370851.7305,5024839.528,False,March,1,0,0,0,0,0,0,0,0,1,0,0,0,0,0,0,1,0,0
2018-03-28,06:14:00,03,03,02,03,02,01,0,384428.3389,5035022.308,False,March,1,0,0,0,0,0,0,0,0,1,0,0,0,0,0,0,1,0,0
2018-03-28,07:03:00,02,07,01,03,02,01,1,367922.3617,5028092.244,False,March,1,0,0,0,0,0,0,0,0,0,1,0,0,0,0,0,1,0,0
2018-03-28,08:06:00,03,07,01,01,01,,0,382426.9197,5011294.0430000005,False,March,0,0,0,0,0,0,0,0,1,0,0,0,0,0,0,0,1,0,0
2018-03-28,08:09:00,02,02,01,01,02,01,0,365004.6952,5029193.558,False,March,0,1,0,0,0,0,0,0,0,0,1,0,0,0,0,0,1,0,0
2018-03-11,12:00:00,03,06,01,01,04,,0,385314.982,5037139.8319999995,False,March,0,0,0,0,0,0,0,0,0,0,0,1,0,0,0,0,1,0,0
2018-03-28,07:45:00,03,02,01,01,01,,0,375993.2444,5034724.9180000005,False,March,0,0,0,0,0,0,0,0,1,0,0,0,0,0,0,0,1,0,0
2018-03-27,08:42:00,03,06,01,01,01,,0,371458.166,5026978.445,False,March,0,0,0,0,0,0,0,0,1,0,0,0,0,0,0,0,1,0,0
2018-03-26,15:45:00,02,03,01,01,01,01,0,367458.3619,5021891.5030000005,False,March,1,0,0,0,0,0,0,0,0,1,0,0,0,0,0,0,1,0,0
2018-03-28,10:19:00,03,07,01,01,01,,0,365364.8754,5025504.384,False,March,0,0,0,0,0,0,0,0,1,0,0,0,0,0,0,0,1,0,0
2018-03-28,10:26:00,03,05,01,01,01,01,0,363229.3415,5025775.215,True,March,1,0,0,0,0,0,0,0,0,0,1,0,0,0,0,0,1,0,0
2018-03-28,10:38:00,03,04,01,01,01,01,0,364275.6922,5027493.534,False,March,1,0,0,0,0,0,0,0,0,1,0,0,0,0,0,0,1,0,0
2018-03-28,11:10:00,03,04,01,01,01,01,0,370166.7156,5030205.566000001,False,March,1,0,0,0,0,0,0,0,0,0,1,0,0,0,0,0,1,0,0
2018-03-28,11:24:00,03,02,01,01,01,01,0,374634.7309,5032991.575,False,March,1,0,0,0,0,0,0,0,0,0,1,0,0,0,0,0,1,0,0
2018-03-28,12:27:00,03,06,01,01,01,,0,365227.8833,5017147.098999999,False,March,0,0,0,0,0,0,0,0,0,0,0,1,0,0,0,0,1,0,0
2018-03-28,12:42:00,03,02,01,01,01,,0,366876.5501,5030420.083000001,False,March,0,0,0,0,0,0,0,0,0,0,0,1,0,0,0,0,1,0,0
2018-03-28,13:12:00,02,03,01,01,01,01,0,372305.3711,5031950.8780000005,False,March,1,0,0,0,0,0,0,0,0,1,0,0,0,0,0,0,1,0,0
2018-03-28,13:13:00,02,07,01,01,01,,0,369513.515,5028352.915,False,March,0,0,0,0,0,0,0,0,1,0,0,0,0,0,0,0,1,0,0
2018-03-28,13:23:00,03,04,01,01,01,01,0,370254.7169,5033169.592,False,March,1,0,0,0,0,0,0,0,0,1,0,0,0,0,0,0,1,0,0
2018-03-28,14:04:00,03,03,01,01,01,,0,362758.07399999996,5020873.852,False,March,0,0,0,0,0,0,0,0,1,0,0,0,0,0,0,0,1,0,0
2018-03-28,14:32:00,03,06,01,01,01,,0,383475.5471,5036085.14,False,March,0,0,0,0,0,0,0,0,1,0,0,0,0,0,0,0,1,0,0
2018-03-28,15:17:00,03,04,01,01,01,,0,367379.6342,5019366.208000001,False,March,0,0,0,0,0,0,0,0,1,0,0,0,0,0,0,0,1,0,0
2018-03-28,15:16:00,03,03,01,01,01,01,0,365974.7529,5022170.884,False,March,1,0,0,0,0,0,0,0,0,1,0,0,0,0,0,0,1,0,0
2018-03-28,15:40:00,03,03,01,01,01,01,0,373364.6212,5029425.012,False,March,1,0,0,0,0,0,0,0,0,1,0,0,0,0,0,0,1,0,0
2018-03-28,15:44:00,02,05,01,01,01,01,0,372390.6794,5031743.261,False,March,1,0,0,0,0,0,0,0,0,0,1,0,0,0,0,0,1,0,0
2018-03-28,15:49:00,03,04,01,01,01,01,0,357066.652,5020455.478,False,March,1,0,0,0,0,0,0,0,0,1,0,0,0,0,0,0,1,0,0
2018-03-28,16:08:00,02,04,01,01,02,01,0,372370.7247,5028948.545,False,March,0,1,0,0,0,0,0,0,0,1,0,0,0,0,0,0,1,0,0
2018-03-22,20:45:00,03,06,01,07,01,,0,350569.4304,5015055.985,False,March,0,0,0,0,0,0,0,0,0,0,0,1,0,0,0,0,1,0,0
2018-03-28,13:40:00,03,06,01,01,01,,0,368611.6362,5028150.398,False,March,0,0,0,0,0,0,0,0,1,0,0,0,0,0,0,0,1,0,0
2018-03-28,16:34:00,03,03,01,01,01,00,0,362941.4257,5026489.987,False,March,1,0,0,0,0,0,0,0,0,1,0,0,0,0,0,0,1,0,0
2018-03-28,16:40:00,03,03,01,01,01,,0,372171.0945,5024135.339,False,March,0,0,0,0,0,0,0,0,1,0,0,0,0,0,0,0,1,0,0
2018-03-28,16:57:00,03,04,01,01,01,01,0,350186.5898,5015396.446,False,March,1,0,0,0,0,0,0,0,0,1,0,0,0,0,0,0,1,0,0
2018-03-28,17:04:00,03,04,01,01,01,01,0,368315.9335,5032191.977,False,March,1,0,0,0,0,0,0,0,0,1,0,0,0,0,0,0,1,0,0
2018-03-28,17:31:00,02,07,01,01,01,01,0,361107.7251,5021363.796,False,March,1,0,0,0,0,0,0,0,0,0,1,0,0,0,0,0,1,0,0
2018-03-28,18:06:00,03,05,01,05,01,01,0,363228.6446,5025775.215,True,March,1,0,0,0,0,0,0,0,0,0,1,0,0,0,0,0,1,0,0
2018-03-28,18:15:00,02,04,01,05,01,01,0,372305.7193,5031951.575,False,March,1,0,0,0,0,0,0,0,0,1,0,0,0,0,0,0,1,0,0
2018-03-28,18:49:00,03,03,01,07,01,01,0,350904.9785,5022248.022,False,March,1,0,0,0,0,0,0,0,0,1,0,0,0,0,0,0,1,0,0
2018-03-28,22:11:00,03,05,01,07,01,01,0,371543.9607,5033816.898,False,March,1,0,0,0,0,0,0,0,0,0,1,0,0,0,0,0,1,0,0
2018-03-28,07:11:00,03,03,01,01,01,01,0,361479.3286,5020503.176,False,March,1,0,0,0,0,0,0,0,0,1,0,0,0,0,0,0,1,0,0
2018-03-29,08:30:00,03,05,01,01,01,01,0,367664.066,5031878.485,False,March,1,0,0,0,0,0,0,0,0,0,1,0,0,0,0,0,1,0,0
2018-03-29,08:45:00,03,03,01,01,01,01,0,365627.041,5027296.545,False,March,1,0,0,0,0,0,0,0,0,1,0,0,0,0,0,0,1,0,0
2018-03-29,08:15:00,03,04,01,01,01,01,0,368970.7097,5030632.568,False,March,1,0,0,0,0,0,0,0,0,1,0,0,0,0,0,0,1,0,0
2018-03-27,10:52:00,03,04,01,01,01,01,0,373099.7275,5030005.566000001,False,March,1,0,0,0,0,0,0,0,0,1,0,0,0,0,0,0,1,0,0
2018-03-29,11:43:00,03,03,01,01,01,,0,360576.7523,5024950.261,False,March,0,0,0,0,0,0,0,0,1,0,0,0,0,0,0,0,1,0,0
2018-03-29,12:06:00,03,05,01,01,01,,0,368070.6414,5012329.324,False,March,0,0,0,0,0,0,0,0,0,0,0,1,0,0,0,0,1,0,0
2018-03-29,12:44:00,02,02,01,01,01,01,0,366624.0483,5030185.17,False,March,1,0,0,0,0,0,0,0,0,0,1,0,0,0,0,0,1,0,0
2018-03-29,12:45:00,03,03,01,01,01,01,0,363934.0323,5014783.72,False,March,1,0,0,0,0,0,0,0,0,1,0,0,0,0,0,0,1,0,0
2018-03-29,14:33:00,03,04,02,01,02,01,0,370432.716,5029081.558,False,March,1,0,0,0,0,0,0,0,0,1,0,0,0,0,0,0,1,0,0
2018-03-29,14:36:00,03,05,02,01,02,01,0,361633.333,5023206.117,False,March,1,0,0,0,0,0,0,0,0,0,1,0,0,0,0,0,1,0,0
2018-03-29,15:05:00,02,03,02,01,02,01,0,365053.6511,5025325.515,False,March,1,0,0,0,0,0,0,0,0,1,0,0,0,0,0,0,1,0,0
2018-03-29,14:30:00,03,03,01,01,01,,0,370082.0874,5011125.676,False,March,0,0,0,0,0,0,0,0,1,0,0,0,0,0,0,0,1,0,0
2018-03-29,15:14:00,03,03,01,01,01,01,0,370474.03,5025620.187,False,March,0,1,0,0,0,0,0,0,0,1,0,0,0,0,0,0,1,0,0
2018-03-29,15:31:00,03,04,02,01,02,01,0,375256.7201,5035525.6,False,March,0,1,0,0,0,0,0,0,0,1,0,0,0,0,0,0,1,0,0
2018-03-29,15:41:00,02,03,02,01,02,01,0,351267.9758,5018181.775,False,March,1,0,0,0,0,0,0,0,0,1,0,0,0,0,0,0,1,0,0
2018-03-29,15:59:00,03,04,02,01,02,01,0,372453.719,5032005.569,False,March,1,0,0,0,0,0,0,0,0,1,0,0,0,0,0,0,1,0,0
2018-03-29,16:02:00,03,02,02,01,02,01,0,353455.2261,5015759.789,False,March,1,0,0,0,0,0,0,0,0,0,1,0,0,0,0,0,1,0,0
2018-03-29,16:37:00,03,03,01,01,01,,0,372336.73,5031872.829,False,March,0,0,0,0,0,0,0,0,1,0,0,0,0,0,0,0,1,0,0
2018-03-29,16:47:00,03,03,02,01,02,01,0,368120.0596,5026648.615,False,March,1,0,0,0,0,0,0,0,0,1,0,0,0,0,0,0,1,0,0
2018-03-29,17:00:00,03,04,01,01,01,,0,372585.4307,5029300.812,False,March,0,0,0,0,0,0,0,0,1,0,0,0,0,0,0,0,1,0,0
2018-03-29,17:00:00,03,05,02,01,02,,0,365626.9809,5021909.746,False,March,0,0,0,0,0,0,0,0,0,0,0,1,0,0,0,0,1,0,0
2018-03-29,17:08:00,03,04,02,01,02,01,0,363085.6906,5024097.507,False,March,1,0,0,0,0,0,0,0,0,1,0,0,0,0,0,0,1,0,0
2018-03-29,17:54:00,03,04,02,01,02,,0,371785.4167,5030523.491,False,March,0,0,0,0,0,0,0,0,1,0,0,0,0,0,0,0,1,0,0
2018-04-18,10:41:00,02,07,01,01,01,,0,367734.36,5031204.791,False,April,0,0,0,0,0,0,0,0,1,0,0,0,0,0,0,0,1,0,0
2018-03-19,23:36:00,03,04,01,07,01,01,0,368968.6932,5029417.992,False,March,0,1,0,0,0,0,0,0,0,1,0,0,0,0,0,0,1,0,0
2018-03-20,07:57:00,03,02,01,01,01,01,0,368170.6968,5032679.585,False,March,1,0,0,0,0,0,0,0,0,0,1,0,0,0,0,0,1,0,0
2018-03-20,08:50:00,02,05,01,01,01,00,0,374928.4731,5032231.607,False,March,0,1,0,0,0,0,0,0,0,0,1,0,0,0,0,0,1,0,0
2018-03-20,09:24:00,03,05,01,01,01,,0,350622.3611,5022556.495,False,March,0,0,0,0,0,0,0,0,0,0,0,1,0,0,0,0,1,0,0
2018-03-20,09:26:00,03,02,01,01,01,01,0,366834.0505,5030791.876,False,March,1,0,0,0,0,0,0,0,0,0,1,0,0,0,0,0,1,0,0
2018-03-20,10:13:00,02,03,01,01,01,01,0,375195.7798,5032313.66,False,March,1,0,0,0,0,0,0,0,0,1,0,0,0,0,0,0,1,0,0
2018-03-20,10:28:00,02,07,01,01,01,,1,373494.49100000004,5029063.179,False,March,0,0,0,0,0,0,0,0,0,0,0,1,0,0,0,0,1,0,0
2018-03-20,10:53:00,03,07,01,01,01,,0,363107.6419,5024112.837,False,March,0,0,0,0,0,0,0,0,1,0,0,0,0,0,0,0,1,0,0
2018-03-20,12:38:00,02,03,01,01,01,01,0,352206.5657,5017242.451,False,March,1,0,0,0,0,0,0,0,0,1,0,0,0,0,0,0,1,0,0
2018-03-20,12:49:00,03,03,01,01,01,,0,371309.9135,5024543.566000001,False,March,0,0,0,0,0,0,0,0,1,0,0,0,0,0,0,0,1,0,0
2018-03-19,12:52:00,03,03,01,01,01,01,0,368751.2521,5026894.246,False,March,0,1,0,0,0,0,0,0,0,1,0,0,0,0,0,0,1,0,0
2018-03-16,17:00:00,03,03,01,01,01,01,0,360982.3112,5014901.733,False,March,1,0,0,0,0,0,0,0,0,1,0,0,0,0,0,0,1,0,0
2018-03-20,12:00:00,03,03,01,01,01,,0,379302.388,5036979.654,False,March,0,0,0,0,0,0,0,0,1,0,0,0,0,0,0,0,1,0,0
2018-03-20,13:37:00,02,03,01,01,01,01,0,372453.3707,5032005.57,False,March,1,0,0,0,0,0,0,0,0,1,0,0,0,0,0,0,1,0,0
2018-03-18,23:00:00,03,06,01,07,01,,0,365531.0474,5028401.382,False,March,0,0,0,0,0,0,0,0,1,0,0,0,0,0,0,0,1,0,0
2018-03-20,14:38:00,03,02,01,01,01,01,0,379671.7878,5036699.886,False,March,1,0,0,0,0,0,0,0,0,0,1,0,0,0,0,0,1,0,0
2018-03-20,15:45:00,02,03,01,01,01,,0,367363.7449,5031408.938999999,False,March,0,0,0,0,0,0,0,0,1,0,0,0,0,0,0,0,1,0,0
2018-03-20,,03,06,01,00,01,,0,367833.3364,5028853.037,False,March,0,0,0,0,0,0,0,0,1,0,0,0,0,0,0,0,1,0,0
2018-03-20,16:42:00,03,03,01,01,01,,0,374549.8094,5021080.726,False,March,0,0,0,0,0,0,0,0,1,0,0,0,0,0,0,0,1,0,0
2018-03-20,16:48:00,03,03,01,01,01,01,0,375654.3866,5034555.192,False,March,1,0,0,0,0,0,0,0,0,1,0,0,0,0,0,0,1,0,0
2018-03-20,17:12:00,02,02,01,01,01,,0,374526.2486,5031278.096,False,March,0,0,0,0,0,0,0,0,0,0,0,1,0,0,0,0,1,0,0
2018-03-20,,03,06,01,00,01,,0,384168.1726,5035382.199,False,March,0,0,0,0,0,0,0,0,1,0,0,0,0,0,0,0,1,0,0
2018-03-20,22:02:00,03,04,01,07,01,,0,367256.94200000004,5025873.95,False,March,0,0,0,0,0,0,0,0,1,0,0,0,0,0,0,0,1,0,0
2018-03-21,03:14:00,03,07,01,07,01,,0,368135.4765,5033047.954,False,March,0,0,0,0,0,0,0,0,1,0,0,0,0,0,0,0,1,0,0
2018-03-21,04:55:00,03,06,01,07,01,,0,365615.1943,5027289.577,False,March,0,0,0,0,0,0,0,0,1,0,0,0,0,0,0,0,1,0,0