DATE,TIME,CLASS_OF_ACCIDENT,IMPACT_TYPE,ENVIRONMENT,LIGHT,ROAD_SURFACE_CONDITION,TRAFFIC_CONTROL_CONDITION,NO_OF_PEDESTRIANS,X,Y,Highway,Month,categorical_TRAFFIC_CONTROL_01,categorical_TRAFFIC_CONTROL_02,categorical_TRAFFIC_CONTROL_03,categorical_TRAFFIC_CONTROL_04,categorical_TRAFFIC_CONTROL_07,categorical_TRAFFIC_CONTROL_08,categorical_TRAFFIC_CONTROL_09,categorical_TRAFFIC_CONTROL_11,categorical_ACCIDENT_LOCATION_01,categorical_ACCIDENT_LOCATION_02,categorical_ACCIDENT_LOCATION_03,categorical_ACCIDENT_LOCATION_04,categorical_ACCIDENT_LOCATION_05,categorical_ACCIDENT_LOCATION_06,categorical_ACCIDENT_LOCATION_07,categorical_Seasons_Fall,categorical_Seasons_Spring,categorical_Seasons_Summer,categorical_Seasons_Winter
2018-03-21,07:50:00,03,07,01,01,01,01,0,367921.3483,5032045.977,False,March,1,0,0,0,0,0,0,0,0,1,0,0,0,0,0,0,1,0,0
2018-03-21,06:58:00,03,03,01,01,01,01,0,367517.9644,5029162.555,False,March,0,1,0,0,0,0,0,0,0,1,0,0,0,0,0,0,1,0,0
2018-03-21,07:45:00,02,01,01,01,01,,0,371658.7962,5019274.353999999,False,March,0,0,0,0,0,0,0,0,1,0,0,0,0,0,0,0,1,0,0
2018-03-21,07:56:00,02,05,01,01,01,01,0,372095.4551,5032471.191000001,False,March,1,0,0,0,0,0,0,0,0,0,1,0,0,0,0,0,1,0,0
2018-03-21,08:01:00,02,03,01,01,01,01,0,366994.3692,5026706.145,False,March,0,1,0,0,0,0,0,0,0,1,0,0,0,0,0,0,1,0,0
2018-03-21,08:25:00,02,02,01,01,01,01,0,366576.1102,5025045.446,False,March,1,0,0,0,0,0,0,0,0,0,1,0,0,0,0,0,1,0,0
2018-03-21,08:50:00,03,03,01,01,01,01,0,379669.6972,5036699.886,False,March,1,0,0,0,0,0,0,0,0,1,0,0,0,0,0,0,1,0,0
2018-03-21,09:10:00,03,03,01,01,01,00,0,369917.1483,5029122.927,False,March,0,0,1,0,0,0,0,0,0,1,0,0,0,0,0,0,1,0,0
2018-03-21,10:10:00,02,04,01,01,01,01,0,353381.6183,5019151.469,False,March,1,0,0,0,0,0,0,0,0,1,0,0,0,0,0,0,1,0,0
2018-03-21,10:12:00,03,04,01,01,01,01,0,367915.7081,5031251.587,False,March,1,0,0,0,0,0,0,0,0,1,0,0,0,0,0,0,1,0,0
2018-03-20,08:35:00,03,03,01,01,01,01,0,369305.5011,5027894.553,False,March,1,0,0,0,0,0,0,0,0,1,0,0,0,0,0,0,1,0,0
2018-03-21,10:50:00,02,03,01,01,01,01,0,367458.3619,5021892.2,False,March,1,0,0,0,0,0,0,0,0,1,0,0,0,0,0,0,1,0,0
2018-03-21,11:46:00,03,04,01,01,01,01,0,363255.6887,5028224.555,False,March,0,1,0,0,0,0,0,0,0,1,0,0,0,0,0,0,1,0,0
2018-03-21,11:50:00,03,04,01,01,01,,0,368258.3715,5031045.841,False,March,0,0,0,0,0,0,0,0,1,0,0,0,0,0,0,0,1,0,0
2018-03-20,,03,06,01,00,01,,0,369591.7827,5031828.73,False,March,0,0,0,0,0,0,0,0,1,0,0,0,0,0,0,0,1,0,0
2018-03-21,11:30:00,03,03,01,01,01,01,0,365004.2517,5023385.68,False,March,1,0,0,0,0,0,0,0,0,1,0,0,0,0,0,0,1,0,0
2018-03-21,12:49:00,03,05,01,01,01,,0,368687.849,5030113.008,False,March,0,0,0,0,0,0,0,0,0,0,0,1,0,0,0,0,1,0,0
2018-03-21,12:54:00,03,05,01,01,01,00,0,365974.5879,5022170.477,False,March,1,0,0,0,0,0,0,0,0,1,0,0,0,0,0,0,1,0,0
2018-03-21,13:58:00,03,05,01,01,01,00,0,372560.859,5017440.528,False,March,0,1,0,0,0,0,0,0,0,0,1,0,0,0,0,0,1,0,0
2018-03-21,14:29:00,03,05,01,01,01,01,0,365015.0487,5028958.556,False,March,0,1,0,0,0,0,0,0,0,0,1,0,0,0,0,0,1,0,0
2018-03-21,15:56:00,02,07,01,01,01,,1,366229.4992,5016885.048,False,March,0,0,0,0,0,0,0,0,1,0,0,0,0,0,0,0,1,0,0
2018-03-21,16:21:00,03,03,01,01,01,01,0,364357.658,5024890.513,False,March,1,0,0,0,0,0,0,0,0,1,0,0,0,0,0,0,1,0,0
2018-03-21,16:59:00,03,05,01,01,01,01,0,364858.3515,5023726.2069999995,False,March,1,0,0,0,0,0,0,0,0,0,1,0,0,0,0,0,1,0,0
2018-03-21,17:00:00,03,04,01,01,01,,0,360504.8569,5023383.501,True,March,0,0,0,0,0,0,0,0,1,0,0,0,0,0,0,0,1,0,0
2018-03-21,17:39:00,02,02,01,01,01,01,0,375907.3089,5014803.617,False,March,1,0,0,0,0,0,0,0,0,0,1,0,0,0,0,0,1,0,0
2018-03-21,17:42:00,03,03,01,01,01,01,0,367572.3701,5014684.398,False,March,1,0,0,0,0,0,0,0,0,1,0,0,0,0,0,0,1,0,0
2018-03-21,19:01:00,02,02,01,07,01,01,0,385339.2381,5034598.536,False,March,0,1,0,0,0,0,0,0,0,0,1,0,0,0,0,0,1,0,0
2018-03-20,,03,06,01,00,01,,0,368561.4361,5030862.154,False,March,0,0,0,0,0,0,0,0,1,0,0,0,0,0,0,0,1,0,0
2018-03-21,20:03:00,02,05,01,07,01,01,0,380940.9059,5036248.654,False,March,1,0,0,0,0,0,0,0,0,0,1,0,0,0,0,0,1,0,0
2018-03-21,20:00:00,03,04,01,07,01,,0,368817.7696,5031905.423,False,March,0,0,0,0,0,0,0,0,1,0,0,0,0,0,0,0,1,0,0
2018-03-21,20:54:00,03,06,01,07,01,,0,363145.5398,5022777.183999999,False,March,0,0,0,0,0,0,0,0,1,0,0,0,0,0,0,0,1,0,0
2018-03-21,21:06:00,03,05,01,07,01,01,0,348803.086,5019506.072,False,March,1,0,0,0,0,0,0,0,0,0,1,0,0,0,0,0,1,0,0
2018-03-21,21:09:00,03,05,01,07,01,01,0,364521.9317,5024506.545,False,March,1,0,0,0,0,0,0,0,0,0,1,0,0,0,0,0,1,0,0
2018-03-21,21:27:00,03,06,01,07,01,,0,369838.3415,5023697.325,False,March,0,0,0,0,0,0,0,0,1,0,0,0,0,0,0,0,1,0,0
2018-03-21,23:39:00,03,03,01,07,01,,0,378947.7083,5018182.201,False,March,0,0,0,0,0,0,0,0,1,0,0,0,0,0,0,0,1,0,0
2018-03-22,00:55:00,03,07,01,07,01,,0,383844.3429,5009733.822,False,March,0,0,0,0,0,0,0,0,1,0,0,0,0,0,0,0,1,0,0
2018-03-22,05:52:00,03,07,01,07,01,00,0,347490.1713,4999792.966,False,March,0,1,0,0,0,0,0,0,0,1,0,0,0,0,0,0,1,0,0
2018-03-21,07:31:00,03,03,01,01,01,01,0,376558.0267,5035055.7069999995,False,March,1,0,0,0,0,0,0,0,0,1,0,0,0,0,0,0,1,0,0
2018-03-22,07:39:00,03,0,01,01,01,01,0,368958.0587,5031671.487,False,March,1,0,0,0,0,0,0,0,0,1,0,0,0,0,0,0,1,0,0
2018-03-22,09:10:00,02,03,01,01,01,01,0,368121.4193,5026647.179,False,March,1,0,0,0,0,0,0,0,0,1,0,0,0,0,0,0,1,0,0
2018-03-22,09:34:00,03,03,01,01,01,01,0,367921.6648,5028090.85,False,March,1,0,0,0,0,0,0,0,0,1,0,0,0,0,0,0,1,0,0
2018-03-22,10:57:00,03,02,01,01,01,01,0,374633.686,5032989.484,False,March,1,0,0,0,0,0,0,0,0,0,1,0,0,0,0,0,1,0,0
2018-03-22,12:00:00,03,04,01,01,01,01,0,373763.7397,5025404.523,False,March,1,0,0,0,0,0,0,0,0,1,0,0,0,0,0,0,1,0,0
2018-03-21,20:04:00,03,05,01,07,01,01,0,350286.941,5019730.218,False,March,0,1,0,0,0,0,0,0,0,0,1,0,0,0,0,0,1,0,0
2018-03-22,14:41:00,02,02,01,01,01,,0,373658.3291,5020039.204,False,March,0,0,0,0,0,0,0,0,0,0,0,1,0,0,0,0,1,0,0
2018-03-22,15:18:00,03,03,01,01,01,,0,371361.5486,5032360.287,False,March,0,0,0,0,0,0,0,0,0,0,0,1,0,0,0,0,1,0,0
2018-03-22,15:45:00,02,05,01,01,01,01,0,375194.3861,5032311.569,False,March,1,0,0,0,0,0,0,0,0,0,1,0,0,0,0,0,1,0,0
2018-03-22,15:56:00,02,04,01,01,01,01,0,371611.7223,5029191.548,False,March,0,1,0,0,0,0,0,0,0,0,1,0,0,0,0,0,1,0,0
2018-03-22,16:15:00,03,03,01,01,01,,0,384452.5502,5040031.456,False,March,0,0,0,0,0,0,0,0,1,0,0,0,0,0,0,0,1,0,0
2018-03-22,16:23:00,02,01,01,01,01,,0,373782.4721,5031536.563999999,False,March,0,0,0,0,0,0,0,0,1,0,0,0,0,0,0,0,1,0,0
2018-03-22,15:30:00,03,02,01,01,01,,0,357965.9949,5020984.23,False,March,0,0,0,0,0,0,0,0,0,0,0,1,0,0,0,0,1,0,0
2018-03-22,17:20:00,03,0,01,01,01,01,0,368372.5917,5031798.967,False,March,1,0,0,0,0,0,0,0,0,1,0,0,0,0,0,0,1,0,0
2018-03-22,17:54:00,03,03,01,01,01,01,0,370165.6706,5030206.96,False,March,1,0,0,0,0,0,0,0,0,1,0,0,0,0,0,0,1,0,0
2018-03-22,18:04:00,03,04,01,05,01,01,0,367922.7098,5028091.547,False,March,1,0,0,0,0,0,0,0,0,1,0,0,0,0,0,0,1,0,0
2018-04-18,10:45:00,03,05,01,01,02,,0,350817.3179,5023757.525,False,April,0,0,0,0,0,0,0,0,1,0,0,0,0,0,0,0,1,0,0
2018-04-18,08:40:00,03,04,01,01,01,01,0,366873.7063,5026438.532,False,April,1,0,0,0,0,0,0,0,0,1,0,0,0,0,0,0,1,0,0
2018-04-16,09:30:00,03,07,04,01,04,,0,357081.6724,5017858.922,False,April,0,0,0,0,0,0,0,0,1,0,0,0,0,0,0,0,1,0,0
2018-04-18,11:53:00,03,03,01,01,01,,0,370192.4333,5026336.35,False,April,0,0,0,0,0,0,0,0,1,0,0,0,0,0,0,0,1,0,0
2018-04-13,10:40:00,03,03,01,01,01,01,0,370824.6202,5033471.619,False,April,1,0,0,0,0,0,0,0,0,1,0,0,0,0,0,0,1,0,0
2018-04-17,18:46:00,03,03,03,05,03,01,0,367572.5638,5014684.521000001,False,April,1,0,0,0,0,0,0,0,0,1,0,0,0,0,0,0,1,0,0
2018-04-18,14:21:00,03,02,01,01,01,,0,366593.9663,5029475.931,False,April,0,0,0,0,0,0,0,0,0,0,0,1,0,0,0,0,1,0,0
2018-04-18,14:35:00,03,02,01,01,01,00,0,373099.7274,5030005.567,False,April,1,0,0,0,0,0,0,0,0,1,0,0,0,0,0,0,1,0,0
2018-04-18,15:56:00,02,05,01,01,01,00,0,368203.2092,5030793.643999999,False,April,0,1,0,0,0,0,0,0,0,0,1,0,0,0,0,0,1,0,0
2018-04-18,16:06:00,03,03,01,01,01,01,0,379238.8214,5037375.427,False,April,1,0,0,0,0,0,0,0,0,1,0,0,0,0,0,0,1,0,0
2018-04-18,16:07:00,03,04,01,01,02,01,0,367453.7119,5030573.572,False,April,0,1,0,0,0,0,0,0,0,1,0,0,0,0,0,0,1,0,0
2018-04-12,16:20:00,03,04,02,01,02,01,0,367922.7102,5028091.547,False,April,1,0,0,0,0,0,0,0,0,1,0,0,0,0,0,0,1,0,0
2018-04-16,17:19:00,03,06,04,01,06,,0,373577.9638,5027989.9,False,April,0,0,0,0,0,0,0,0,1,0,0,0,0,0,0,0,1,0,0
2018-04-18,17:23:00,02,04,01,01,01,01,0,363697.6912,5025211.5139999995,False,April,1,0,0,0,0,0,0,0,0,0,1,0,0,0,0,0,1,0,0
2018-04-18,18:00:00,03,02,01,01,01,01,0,359358.7156,5024199.596,False,April,0,1,0,0,0,0,0,0,0,0,1,0,0,0,0,0,1,0,0
2018-04-17,18:53:00,03,04,01,05,02,01,0,368448.6603,5030398.737,True,April,1,0,0,0,0,0,0,0,0,1,0,0,0,0,0,0,1,0,0
2018-04-18,20:04:00,03,02,01,07,01,,0,367324.5012,5025818.927,False,April,0,0,0,0,0,0,0,0,0,0,0,1,0,0,0,0,1,0,0
2018-04-18,21:02:00,03,07,01,07,01,,0,397308.4509,5025257.073,False,April,0,0,0,0,0,0,0,0,1,0,0,0,0,0,0,0,1,0,0
2018-04-18,21:28:00,03,07,01,07,01,,0,331042.2247,5017685.522,False,April,0,0,0,0,0,0,0,0,1,0,0,0,0,0,0,0,1,0,0
2018-04-17,16:45:00,03,06,01,01,01,,0,367847.0242,5029447.79,False,April,0,0,0,0,0,0,0,0,1,0,0,0,0,0,0,0,1,0,0
2018-04-19,07:28:00,02,03,01,01,01,,0,359222.8961,5014512.013,False,April,0,0,0,0,0,0,0,0,1,0,0,0,0,0,0,0,1,0,0
2018-04-18,08:17:00,03,07,01,01,01,,0,363061.8924,5016779.157,False,April,0,0,0,0,0,0,0,0,1,0,0,0,0,0,0,0,1,0,0
2018-04-19,08:46:00,02,03,01,01,01,01,0,363594.018,5024409.513,False,April,1,0,0,0,0,0,0,0,0,1,0,0,0,0,0,0,1,0,0
2018-04-19,09:24:00,03,03,01,01,01,01,0,368373.624,5031798.1280000005,False,April,1,0,0,0,0,0,0,0,0,1,0,0,0,0,0,0,1,0,0
2018-04-19,08:15:00,03,03,03,01,02,01,0,381156.0515,5032326.887,False,April,0,1,0,0,0,0,0,0,0,1,0,0,0,0,0,0,1,0,0
2018-04-19,09:34:00,03,05,01,01,01,,0,368315.9627,5030711.839,False,April,0,0,0,0,0,0,0,0,0,0,0,1,0,0,0,0,1,0,0
2018-04-19,10:06:00,02,04,01,01,01,,0,363787.7681,5028647.381,False,April,0,0,0,0,0,0,0,0,1,0,0,0,0,0,0,0,1,0,0
2018-04-19,10:30:00,03,02,01,01,01,,0,370229.0622,5026247.4180000005,False,April,0,0,0,0,0,0,0,0,0,0,0,1,0,0,0,0,1,0,0
2018-04-19,11:26:00,03,02,01,01,01,,0,356035.0806,5016494.529,False,April,0,0,0,0,0,0,0,0,0,0,0,1,0,0,0,0,1,0,0
2018-04-18,07:42:00,03,04,01,01,01,,0,367425.453,5029386.659,False,April,0,0,0,0,0,0,0,0,1,0,0,0,0,0,0,0,1,0,0
2018-04-19,13:50:00,03,03,01,01,01,01,0,375507.8509,5026406.694,False,April,1,0,0,0,0,0,0,0,0,1,0,0,0,0,0,0,1,0,0
2018-04-19,13:49:00,03,02,01,01,01,,0,371796.6173,5024121.562,False,April,0,0,0,0,0,0,0,0,0,0,0,1,0,0,0,0,1,0,0
2018-04-17,18:10:00,03,03,03,05,04,01,0,360653.2099,5022453.388,False,April,0,1,0,0,0,0,0,0,0,1,0,0,0,0,0,0,1,0,0
2018-04-19,14:49:00,03,03,01,01,01,,0,374118.8059,5030651.926,False,April,0,0,0,0,0,0,0,0,1,0,0,0,0,0,0,0,1,0,0
2018-04-19,15:10:00,03,02,01,01,01,01,0,367747.7064,5030092.566000001,True,April,1,0,0,0,0,0,0,0,0,0,1,0,0,0,0,0,1,0,0
2018-04-19,16:01:00,03,03,01,01,01,,0,356484.2125,5006015.8719999995,False,April,0,0,0,0,0,0,0,0,1,0,0,0,0,0,0,0,1,0,0
2018-04-19,17:00:00,03,03,01,01,01,01,0,363671.3338,5021246.157,False,April,1,0,0,0,0,0,0,0,0,1,0,0,0,0,0,0,1,0,0
2018-04-19,17:04:00,03,04,01,01,01,,0,361396.4649,5025494.671,False,April,0,0,0,0,0,0,0,0,1,0,0,0,0,0,0,0,1,0,0
2018-04-19,17:20:00,03,03,01,01,01,01,0,357721.2872,5013530.113,False,April,1,0,0,0,0,0,0,0,0,1,0,0,0,0,0,0,1,0,0
2018-04-19,18:50:00,03,04,01,01,01,,0,370427.7641,5025709.58,False,April,0,0,0,0,0,0,0,0,1,0,0,0,0,0,0,0,1,0,0
2018-04-19,17:30:00,03,03,01,01,01,00,0,351285.2943,5017620.953,False,April,0,1,0,0,0,0,0,0,0,1,0,0,0,0,0,0,1,0,0
2018-04-19,20:49:00,03,05,01,07,01,,0,369164.1026,5030179.301,False,April,0,0,0,0,0,0,0,0,1,0,0,0,0,0,0,0,1,0,0
2018-04-19,21:50:00,03,07,01,07,01,,0,373442.9351,5015382.823,False,April,0,0,0,0,0,0,0,0,1,0,0,0,0,0,0,0,1,0,0
2018-04-19,22:55:00,03,03,01,07,01,,0,374049.3395,5019115.117,False,April,0,0,0,0,0,0,0,0,1,0,0,0,0,0,0,0,1,0,0
2018-04-19,23:01:00,03,03,01,07,01,,0,367827.3975,5026030.976,False,April,0,0,0,0,0,0,0,0,1,0,0,0,0,0,0,0,1,0,0
2018-04-20,09:46:00,03,02,01,01,01,01,0,368373.4205,5031798.688,False,April,1,0,0,0,0,0,0,0,0,0,1,0,0,0,0,0,1,0,0
2018-04-20,10:43:00,03,02,01,01,01,01,0,371756.1712,5030717.052,False,April,1,0,0,0,0,0,0,0,0,0,1,0,0,0,0,0,1,0,0
2018-04-20,10:53:00,02,03,01,01,01,,0,368161.7351,5022010.13,False,April,0,0,0,0,0,0,0,0,1,0,0,0,0,0,0,0,1,0,0
2018-04-19,11:45:00,03,03,01,01,01,01,0,352207.2469,5017242.69,False,April,1,0,0,0,0,0,0,0,0,1,0,0,0,0,0,0,1,0,0
2018-04-20,12:08:00,03,04,01,01,01,,0,371194.2766,5033651.455,False,April,0,0,0,0,0,0,0,0,1,0,0,0,0,0,0,0,1,0,0
2018-04-20,12:35:00,03,05,01,01,01,01,0,365235.485,5021732.1680000005,False,April,1,0,0,0,0,0,0,0,0,0,1,0,0,0,0,0,1,0,0
2018-03-29,08:05:00,03,03,01,01,01,01,0,371270.7967,5034480.791999999,False,March,0,1,0,0,0,0,0,0,0,1,0,0,0,0,0,0,1,0,0
2018-04-20,12:50:00,03,04,01,01,01,01,0,367821.7018,5032556.593,False,April,1,0,0,0,0,0,0,0,0,1,0,0,0,0,0,0,1,0,0
2018-04-20,15:07:00,03,03,01,01,01,,0,372928.8238,5030420.407,False,April,0,0,0,0,0,0,0,0,1,0,0,0,0,0,0,0,1,0,0
2018-04-20,15:15:00,03,02,01,01,01,,0,350893.8459,5016035.41,False,April,0,0,0,0,0,0,0,0,0,0,0,1,0,0,0,0,1,0,0
2018-04-20,15:55:00,03,03,01,01,01,01,0,360072.2634,5024472.276000001,False,April,1,0,0,0,0,0,0,0,0,1,0,0,0,0,0,0,1,0,0
2018-04-20,15:55:00,03,02,01,01,01,01,0,393759.7147,5026972.923,False,April,0,1,0,0,0,0,0,0,0,0,1,0,0,0,0,0,1,0,0
2018-04-20,15:59:00,03,06,01,01,01,,0,353110.74,5015503.363,False,April,0,0,0,0,0,0,0,0,0,0,0,1,0,0,0,0,1,0,0
2018-04-20,16:16:00,03,03,01,01,01,00,0,366814.1847,5015028.694,False,April,1,0,0,0,0,0,0,0,0,1,0,0,0,0,0,0,1,0,0
2018-04-20,16:27:00,03,02,01,01,01,01,0,366290.7637,5012502.587,False,April,0,1,0,0,0,0,0,0,0,0,1,0,0,0,0,0,1,0,0
2018-04-20,16:41:00,03,03,01,01,01,01,0,363419.3676,5021827.183999999,False,April,1,0,0,0,0,0,0,0,0,1,0,0,0,0,0,0,1,0,0
2018-04-20,16:45:00,03,04,01,01,01,01,0,363273.6943,5025662.527,False,April,1,0,0,0,0,0,0,0,0,1,0,0,0,0,0,0,1,0,0
2018-04-20,17:18:00,03,05,01,01,01,,0,350768.4758,5016270.781,False,April,0,0,0,0,0,0,0,0,0,0,0,1,0,0,0,0,1,0,0
2018-04-20,17:22:00,03,03,01,01,01,,0,360486.9609,5024936.908,False,April,0,0,0,0,0,0,0,0,1,0,0,0,0,0,0,0,1,0,0
2018-04-17,,03,06,02,00,02,,0,367881.2551,5032313.478,False,April,0,0,0,0,0,0,0,0,1,0,0,0,0,0,0,0,1,0,0
2018-04-20,18:21:00,02,04,01,01,01,01,0,381597.0578,5038180.518999999,False,April,1,0,0,0,0,0,0,0,0,0,1,0,0,0,0,0,1,0,0
2018-04-20,17:00:00,03,05,01,01,01,01,0,368194.4935,5022793.834,False,April,1,0,0,0,0,0,0,0,0,1,0,0,0,0,0,0,1,0,0
2018-04-20,20:20:00,03,05,01,05,01,01,0,367636.7895,5031358.517,False,April,1,0,0,0,0,0,0,0,0,0,1,0,0,0,0,0,1,0,0
2018-04-20,22:13:00,03,05,01,07,01,01,0,352512.0878,5016870.431,False,April,1,0,0,0,0,0,0,0,0,0,1,0,0,0,0,0,1,0,0
2018-04-20,23:00:00,03,05,01,07,01,,0,368107.5628,5032398.161,False,April,0,0,0,0,0,0,0,0,1,0,0,0,0,0,0,0,1,0,0
2018-04-20,22:35:00,03,07,01,07,01,01,0,350934.5889,5012161.404,False,April,1,0,0,0,0,0,0,0,0,0,1,0,0,0,0,0,1,0,0
2018-04-21,01:43:00,03,04,01,07,01,01,0,367371.9195,5025693.477,False,April,1,0,0,0,0,0,0,0,0,1,0,0,0,0,0,0,1,0,0
2018-04-21,07:32:00,02,07,01,01,01,,0,366475.3529,5008263.688,False,April,0,0,0,0,0,0,0,0,1,0,0,0,0,0,0,0,1,0,0
2018-04-21,08:20:00,02,07,01,01,01,01,1,366967.6961,5030476.572,False,April,1,0,0,0,0,0,0,0,0,0,1,0,0,0,0,0,1,0,0
2018-04-20,16:40:00,03,03,01,01,01,,0,365143.7299,5016057.388,False,April,0,0,0,0,0,0,0,0,1,0,0,0,0,0,0,0,1,0,0
2018-04-21,09:50:00,02,03,01,01,01,01,0,365356.6041,5025517.827,False,April,1,0,0,0,0,0,0,0,0,1,0,0,0,0,0,0,1,0,0
2018-04-21,10:37:00,03,07,01,01,01,,0,390007.3299,5042640.43,False,April,0,0,0,0,0,0,0,0,1,0,0,0,0,0,0,0,1,0,0
2018-04-21,10:47:00,03,02,01,01,01,,0,352986.1537,5017955.425,False,April,0,0,0,0,0,0,0,0,0,0,0,1,0,0,0,0,1,0,0
2018-04-21,11:29:00,03,04,01,01,01,01,0,373672.7375,5022923.513,False,April,1,0,0,0,0,0,0,0,0,1,0,0,0,0,0,0,1,0,0
2018-04-18,,03,06,01,00,01,,0,367911.2414,5030576.508,False,April,0,0,0,0,0,0,0,0,1,0,0,0,0,0,0,0,1,0,0
2018-04-21,11:40:00,03,04,01,01,01,01,0,385631.7699,5036892.552,False,April,1,0,0,0,0,0,0,0,0,1,0,0,0,0,0,0,1,0,0
2018-04-21,13:40:00,03,07,01,01,01,01,0,373396.80700000003,5026308.459,False,April,1,0,0,0,0,0,0,0,0,0,1,0,0,0,0,0,1,0,0
2018-04-21,13:45:00,03,04,01,01,01,01,0,357066.6523,5020455.478,False,April,1,0,0,0,0,0,0,0,0,1,0,0,0,0,0,0,1,0,0
2018-04-21,14:03:00,02,03,01,01,01,,0,373359.0136,5026404.353999999,False,April,0,0,0,0,0,0,0,0,1,0,0,0,0,0,0,0,1,0,0
2018-04-21,14:11:00,02,03,01,01,01,01,0,352657.37200000003,5020883.527,False,April,0,1,0,0,0,0,0,0,0,1,0,0,0,0,0,0,1,0,0
2018-04-21,14:32:00,03,06,01,01,01,,0,366580.9128,5030468.621,False,April,0,0,0,0,0,0,0,0,1,0,0,0,0,0,0,0,1,0,0
2018-04-21,14:57:00,03,03,01,01,01,01,0,367390.6311,5021524.098,False,April,1,0,0,0,0,0,0,0,0,1,0,0,0,0,0,0,1,0,0
2018-04-21,15:24:00,03,06,01,01,01,,0,360990.8984,5021453.966,False,April,0,0,0,0,0,0,0,0,0,0,0,1,0,0,0,0,1,0,0
2018-02-25,18:30:00,03,01,01,07,02,01,0,373597.7275,5028795.55,False,February,1,0,0,0,0,0,0,0,0,1,0,0,0,0,0,0,0,0,1
2018-04-21,16:10:00,03,06,01,01,01,,0,379507.5057,5038177.676,False,April,0,0,0,0,0,0,0,0,1,0,0,0,0,0,0,0,1,0,0
2018-04-20,18:00:00,03,03,01,01,01,01,0,365363.5599,5022544.356000001,False,April,1,0,0,0,0,0,0,0,0,1,0,0,0,0,0,0,1,0,0
2018-04-21,17:26:00,02,05,01,01,01,01,0,354125.0016,5017288.772,False,April,1,0,0,0,0,0,0,0,0,0,1,0,0,0,0,0,1,0,0
2018-04-21,17:39:00,03,06,01,01,01,,0,375573.1384,5020295.8719999995,False,April,0,0,0,0,0,0,0,0,1,0,0,0,0,0,0,0,1,0,0
2018-04-21,18:12:00,03,04,01,01,01,,0,365344.5194,5027747.9,False,April,0,0,0,0,0,0,0,0,0,0,0,1,0,0,0,0,1,0,0
2018-04-21,18:22:00,03,05,01,01,01,00,0,368120.7352,5030923.73,False,April,0,1,0,0,0,0,0,0,0,0,1,0,0,0,0,0,1,0,0
2018-04-21,,03,06,01,00,01,,0,364835.94899999996,5016840.239,False,April,0,0,0,0,0,0,0,0,1,0,0,0,0,0,0,0,1,0,0
2018-04-21,19:22:00,03,04,01,01,01,01,0,368036.7027,5021945.499,False,April,1,0,0,0,0,0,0,0,0,1,0,0,0,0,0,0,1,0,0
2018-04-21,21:20:00,03,04,01,07,01,01,0,371157.3817,5033633.955,False,April,1,0,0,0,0,0,0,0,0,0,1,0,0,0,0,0,1,0,0
2018-04-22,00:19:00,03,05,01,07,01,01,0,353036.9805,5020013.169,True,April,1,0,0,0,0,0,0,0,0,0,1,0,0,0,0,0,1,0,0
2018-07-16,09:30:00,03,06,01,01,01,,0,367546.214,5031212.37,False,July,0,0,0,0,0,0,0,0,1,0,0,0,0,0,0,0,0,1,0
2018-07-07,,03,06,01,00,01,,0,348969.973,5018453.801,False,July,0,0,0,0,0,0,0,0,1,0,0,0,0,0,0,0,0,1,0
2018-07-01,22:54:00,03,02,01,07,01,01,0,368291.6919,5032753.614,False,July,1,0,0,0,0,0,0,0,0,0,1,0,0,0,0,0,0,1,0
2018-07-20,13:09:00,03,02,01,01,01,01,0,367948.71,5031549.576,False,July,1,0,0,0,0,0,0,0,0,0,1,0,0,0,0,0,0,1,0
2018-07-06,,03,06,00,00,00,,0,382567.18299999996,5038723.818,False,July,0,0,0,0,0,0,0,0,1,0,0,0,0,0,0,0,0,1,0
2018-07-17,19:15:00,02,07,01,01,01,01,1,371263.7171,5031614.572,False,July,1,0,0,0,0,0,0,0,0,0,1,0,0,0,0,0,0,1,0
2018-07-17,19:40:00,03,03,01,01,01,01,0,375578.7343,5031439.555,False,July,1,0,0,0,0,0,0,0,0,1,0,0,0,0,0,0,0,1,0
2018-07-17,19:42:00,03,02,01,01,01,01,0,374147.7255,5030666.561000001,False,July,1,0,0,0,0,0,0,0,0,0,1,0,0,0,0,0,0,1,0
2018-07-17,20:01:00,03,03,01,01,01,01,0,363670.7186,5021246.4860000005,False,July,1,0,0,0,0,0,0,0,0,1,0,0,0,0,0,0,0,1,0
2018-07-17,21:24:00,03,05,01,07,01,01,0,365218.8087,5023514.796,False,July,0,1,0,0,0,0,0,0,0,0,1,0,0,0,0,0,0,1,0
2018-07-17,21:43:00,03,02,01,07,01,01,0,381816.7894,5032736.654,False,July,1,0,0,0,0,0,0,0,0,0,1,0,0,0,0,0,0,1,0
2018-07-18,04:00:00,03,07,01,07,01,,0,374397.6349,4996950.198,False,July,0,0,0,0,0,0,0,0,1,0,0,0,0,0,0,0,0,1,0
2018-07-18,05:22:00,03,07,01,03,01,,0,374853.737,5032886.448,False,July,0,0,0,0,0,0,0,0,1,0,0,0,0,0,0,0,0,1,0
2018-07-18,06:14:00,03,07,01,01,01,,0,335109.753,5015364.677,False,July,0,0,0,0,0,0,0,0,1,0,0,0,0,0,0,0,0,1,0
2018-07-18,07:23:00,02,03,01,01,01,,0,367392.7496,5019237.566000001,False,July,0,0,0,0,0,0,0,0,1,0,0,0,0,0,0,0,0,1,0
2018-07-18,07:26:00,03,04,01,01,01,,0,360802.2695,5022097.978,False,July,0,0,0,0,0,0,0,0,1,0,0,0,0,0,0,0,0,1,0