DATE,TIME,CLASS_OF_ACCIDENT,IMPACT_TYPE,ENVIRONMENT,LIGHT,ROAD_SURFACE_CONDITION,TRAFFIC_CONTROL_CONDITION,NO_OF_PEDESTRIANS,X,Y,Highway,Month,categorical_TRAFFIC_CONTROL_01,categorical_TRAFFIC_CONTROL_02,categorical_TRAFFIC_CONTROL_03,categorical_TRAFFIC_CONTROL_04,categorical_TRAFFIC_CONTROL_07,categorical_TRAFFIC_CONTROL_08,categorical_TRAFFIC_CONTROL_09,categorical_TRAFFIC_CONTROL_11,categorical_ACCIDENT_LOCATION_01,categorical_ACCIDENT_LOCATION_02,categorical_ACCIDENT_LOCATION_03,categorical_ACCIDENT_LOCATION_04,categorical_ACCIDENT_LOCATION_05,categorical_ACCIDENT_LOCATION_06,categorical_ACCIDENT_LOCATION_07,categorical_Seasons_Fall,categorical_Seasons_Spring,categorical_Seasons_Summer,categorical_Seasons_Winter
2018-07-18,07:40:00,03,05,01,01,01,00,0,367864.6483,4997791.316000001,False,July,0,1,0,0,0,0,0,0,0,0,1,0,0,0,0,0,0,1,0
2018-07-18,07:59:00,03,06,01,01,01,,0,383588.6105,5036308.178,False,July,0,0,0,0,0,0,0,0,1,0,0,0,0,0,0,0,0,1,0
2018-07-18,08:07:00,03,03,01,01,01,01,0,349262.9058,5024061.629,False,July,1,0,0,0,0,0,0,0,0,1,0,0,0,0,0,0,0,1,0
2018-07-18,08:20:00,02,05,01,01,01,,0,366976.6733,5030962.697,False,July,0,0,0,0,0,0,0,0,1,0,0,0,0,0,0,0,0,1,0
2018-07-18,09:00:00,02,05,01,01,01,01,0,370884.7241,5030557.57,False,July,1,0,0,0,0,0,0,0,0,0,1,0,0,0,0,0,0,1,0
2018-07-18,09:31:00,03,05,01,01,01,01,0,368970.7091,5030632.567,False,July,1,0,0,0,0,0,0,0,0,0,1,0,0,0,0,0,0,1,0
2018-07-18,09:37:00,03,02,01,01,01,,0,368858.6926,5032251.323,False,July,0,0,0,0,0,0,0,0,0,0,0,1,0,0,0,0,0,1,0
2018-07-18,09:57:00,03,03,01,01,01,01,0,360346.6796,5023783.506,False,July,1,0,0,0,0,0,0,0,0,1,0,0,0,0,0,0,0,1,0
2018-07-18,10:27:00,03,04,01,01,01,01,0,368036.7028,5021945.498,False,July,1,0,0,0,0,0,0,0,0,1,0,0,0,0,0,0,0,1,0
2018-07-17,11:30:00,03,06,01,01,01,,0,364276.2935,5027918.847,False,July,0,0,0,0,0,0,0,0,1,0,0,0,0,0,0,0,0,1,0
2018-07-17,09:20:00,03,03,01,01,01,01,0,363670.6906,5021246.489,False,July,1,0,0,0,0,0,0,0,0,1,0,0,0,0,0,0,0,1,0
2018-07-16,21:00:00,03,07,01,05,01,01,0,371306.8149,5024316.727,False,July,1,0,0,0,0,0,0,0,0,1,0,0,0,0,0,0,0,1,0
2018-07-18,11:56:00,03,0,01,01,01,,0,348394.03799999994,5019944.391,False,July,0,0,0,0,0,0,0,0,1,0,0,0,0,0,0,0,0,1,0
2018-07-18,14:22:00,02,05,01,01,01,01,0,369001.7065,5030560.571,False,July,1,0,0,0,0,0,0,0,0,0,1,0,0,0,0,0,0,1,0
2018-07-18,14:33:00,03,03,01,01,01,00,0,352227.5029,5018247.516,False,July,0,1,0,0,0,0,0,0,0,1,0,0,0,0,0,0,0,1,0
2018-07-17,14:49:00,02,04,01,01,01,,0,368293.0266,5031946.036,False,July,0,0,0,0,0,0,0,0,1,0,0,0,0,0,0,0,0,1,0
2018-07-18,14:51:00,02,02,01,01,01,,0,370012.09,5005022.1280000005,False,July,0,0,0,0,0,0,0,0,1,0,0,0,0,0,0,0,0,1,0
2018-07-18,15:11:00,03,03,01,01,01,,0,376474.1821,5034989.5430000005,False,July,0,0,0,0,0,0,0,0,1,0,0,0,0,0,0,0,0,1,0
2018-07-18,15:17:00,03,03,01,01,01,,0,374796.51200000005,5032817.223,True,July,0,0,0,0,0,0,0,0,1,0,0,0,0,0,0,0,0,1,0
2018-07-18,15:30:00,03,04,01,01,01,01,0,367572.7102,5030742.568,False,July,0,1,0,0,0,0,0,0,0,1,0,0,0,0,0,0,0,1,0
2018-07-18,16:21:00,03,03,01,01,01,01,0,359004.8711,5023990.612,False,July,1,0,0,0,0,0,0,0,0,0,1,0,0,0,0,0,0,1,0
2018-07-18,16:29:00,02,03,01,01,01,01,0,370337.8231,5025947.775,False,July,1,0,0,0,0,0,0,0,0,1,0,0,0,0,0,0,0,1,0
2018-07-18,16:38:00,03,02,01,01,01,01,0,372499.7118,5035006.6,False,July,0,1,0,0,0,0,0,0,0,0,1,0,0,0,0,0,0,1,0
2018-07-18,16:35:00,03,03,01,01,01,01,0,382637.7539,5035567.553,False,July,1,0,0,0,0,0,0,0,0,1,0,0,0,0,0,0,0,1,0
2018-07-13,22:00:00,03,07,01,07,01,,0,327793.0423,5040119.145,False,July,0,0,0,0,0,0,0,0,1,0,0,0,0,0,0,0,0,1,0
2018-07-18,17:26:00,02,03,01,01,01,,0,351063.9144,5017896.563,False,July,0,0,0,0,0,0,0,0,1,0,0,0,0,0,0,0,0,1,0
2018-07-18,17:34:00,02,04,01,01,01,00,0,369960.1626,5023005.306,False,July,0,1,0,0,0,0,0,0,0,0,1,0,0,0,0,0,0,1,0
2018-07-18,17:34:00,03,02,01,01,01,01,0,379860.8182,5036471.614,False,July,0,0,0,0,0,0,0,1,0,1,0,0,0,0,0,0,0,1,0
2018-07-18,17:52:00,03,04,01,01,01,01,0,370254.7172,5033169.592,False,July,1,0,0,0,0,0,0,0,0,1,0,0,0,0,0,0,0,1,0
2018-07-18,18:07:00,03,02,01,01,01,01,0,377994.7933,5032842.603,False,July,1,0,0,0,0,0,0,0,0,0,1,0,0,0,0,0,0,1,0
2018-07-05,08:30:00,03,03,01,01,01,01,0,360597.6688,5022584.523,False,July,1,0,0,0,0,0,0,0,0,1,0,0,0,0,0,0,0,1,0
2018-07-18,18:19:00,03,05,01,01,01,01,0,372860.6796,5030578.525,False,July,1,0,0,0,0,0,0,0,0,0,1,0,0,0,0,0,0,1,0
2018-07-11,13:30:00,03,07,01,01,01,,0,377539.8008,5016436.317,False,July,0,0,0,0,0,0,0,0,1,0,0,0,0,0,0,0,0,1,0
2018-07-18,19:21:00,03,05,01,01,01,01,0,353673.5677,5018424.482,False,July,1,0,0,0,0,0,0,0,0,0,1,0,0,0,0,0,0,1,0
2018-07-18,21:40:00,02,07,01,07,01,,0,394882.3277,5027399.436000001,False,July,0,0,0,0,0,0,0,0,1,0,0,0,0,0,0,0,0,1,0
2018-07-18,21:48:00,03,04,01,07,01,00,0,368662.69299999997,5022311.3719999995,False,July,1,0,0,0,0,0,0,0,0,1,0,0,0,0,0,0,0,1,0
2018-07-18,21:53:00,03,02,01,07,01,01,0,368170.7025,5032679.589,False,July,1,0,0,0,0,0,0,0,0,0,1,0,0,0,0,0,0,1,0
2018-07-18,22:59:00,02,07,01,07,01,01,1,369356.7063,5032925.589,False,July,1,0,0,0,0,0,0,0,0,0,1,0,0,0,0,0,0,1,0
2018-07-18,22:59:00,02,07,01,07,01,01,0,369739.7085,5032887.585,False,July,1,0,0,0,0,0,0,0,0,1,0,0,0,0,0,0,0,1,0
2018-07-18,22:59:00,03,03,01,07,01,,0,352457.6862,5009664.885,False,July,0,0,0,0,0,0,0,0,1,0,0,0,0,0,0,0,0,1,0
2018-07-19,00:07:00,02,07,01,07,01,,0,380443.2461,5024890.606000001,False,July,0,0,0,0,0,0,0,0,1,0,0,0,0,0,0,0,0,1,0
2018-07-19,06:55:00,03,04,01,01,01,01,0,363933.6837,5014784.416999999,False,July,1,0,0,0,0,0,0,0,0,1,0,0,0,0,0,0,0,1,0
2018-07-19,07:20:00,03,03,01,01,01,01,0,362549.6311,5023770.488,False,July,1,0,0,0,0,0,0,0,0,1,0,0,0,0,0,0,0,1,0
2018-07-19,08:16:00,03,03,01,01,01,01,0,347737.5758,5015442.498,False,July,1,0,0,0,0,0,0,0,0,1,0,0,0,0,0,0,0,1,0
2018-07-19,08:59:00,02,03,01,01,01,,0,373187.1008,5030055.348,False,July,0,0,0,0,0,0,0,0,1,0,0,0,0,0,0,0,0,1,0
2018-07-19,09:59:00,03,05,01,01,01,01,0,349558.3979,5014878.718,False,July,1,0,0,0,0,0,0,0,0,0,1,0,0,0,0,0,0,1,0
2018-07-19,10:04:00,03,03,01,01,01,,0,367531.3279,5009644.7530000005,False,July,0,0,0,0,0,0,0,0,0,0,0,1,0,0,0,0,0,1,0
2018-07-19,10:24:00,02,03,01,01,01,,0,365502.7972,5027582.473,False,July,0,0,0,0,0,0,0,0,1,0,0,0,0,0,0,0,0,1,0
2018-07-18,11:45:00,03,06,01,01,01,,0,367572.9702,5031116.708000001,False,July,0,0,0,0,0,0,0,0,1,0,0,0,0,0,0,0,0,1,0
2018-07-19,11:12:00,03,03,01,01,01,01,0,376125.7603,5034853.61,False,July,1,0,0,0,0,0,0,0,0,1,0,0,0,0,0,0,0,1,0
2018-07-14,,03,06,01,00,01,,0,359470.4765,5024356.483,False,July,0,0,0,0,0,0,0,0,1,0,0,0,0,0,0,0,0,1,0
2018-07-19,12:37:00,03,04,01,01,01,01,0,367394.7685,5023266.602,False,July,1,0,0,0,0,0,0,0,0,1,0,0,0,0,0,0,0,1,0
2018-07-19,13:19:00,02,07,01,01,01,01,1,365193.6969,5022948.496,False,July,1,0,0,0,0,0,0,0,0,0,1,0,0,0,0,0,0,1,0
2018-07-19,13:33:00,03,04,01,01,01,,0,350505.5097,5015683.286,False,July,0,0,0,0,0,0,0,0,1,0,0,0,0,0,0,0,0,1,0
2018-07-19,14:59:00,02,05,01,01,01,01,0,368093.6748,5032419.621,False,July,1,0,0,0,0,0,0,0,0,0,1,0,0,0,0,0,0,1,0
2018-07-19,15:04:00,02,07,01,01,01,,0,340791.7668,5013923.745,False,July,0,0,0,0,0,0,0,0,1,0,0,0,0,0,0,0,0,1,0
2018-07-17,11:15:00,03,07,01,01,01,01,0,363611.6532,5002525.313,False,July,0,1,0,0,0,0,0,0,0,1,0,0,0,0,0,0,0,1,0
2018-07-19,15:30:00,03,03,01,01,01,01,0,371291.7291,5023864.504,False,July,1,0,0,0,0,0,0,0,0,0,1,0,0,0,0,0,0,1,0
2018-07-19,15:52:00,03,03,01,01,01,01,0,366245.7045,5030273.562,False,July,1,0,0,0,0,0,0,0,0,1,0,0,0,0,0,0,0,1,0
2018-07-19,15:57:00,03,03,01,01,01,01,0,368362.899,5022133.936000001,False,July,0,1,0,0,0,0,0,0,0,1,0,0,0,0,0,0,0,1,0
2018-07-18,17:00:00,03,02,01,01,01,01,0,368006.7446,5030345.615,False,July,0,1,0,0,0,0,0,0,0,1,0,0,0,0,0,0,0,1,0
2018-07-19,16:33:00,02,02,01,01,01,01,0,364894.7037,5027700.544,False,July,1,0,0,0,0,0,0,0,0,0,1,0,0,0,0,0,0,1,0
2018-07-19,18:02:00,03,02,01,01,01,,0,368362.2569,5025620.221,False,July,0,0,0,0,0,0,0,0,0,0,0,1,0,0,0,0,0,1,0
2018-07-19,20:19:00,02,05,01,01,01,01,0,383540.7478,5035988.608,False,July,1,0,0,0,0,0,0,0,0,0,1,0,0,0,0,0,0,1,0
2018-07-19,19:00:00,03,03,01,01,01,01,0,364653.7087,5028023.557,False,July,1,0,0,0,0,0,0,0,0,1,0,0,0,0,0,0,0,1,0
2018-07-19,19:33:00,02,07,01,01,01,01,1,353827.643,5018034.584,False,July,1,0,0,0,0,0,0,0,0,0,1,0,0,0,0,0,0,1,0
2018-07-19,19:47:00,03,03,01,01,01,01,0,365004.9591,5023385.666999999,False,July,1,0,0,0,0,0,0,0,0,1,0,0,0,0,0,0,0,1,0
2018-07-19,20:27:00,03,06,01,05,01,,0,382013.74,5039289.598,False,July,0,0,0,0,0,0,0,0,0,0,0,1,0,0,0,0,0,1,0
2018-07-19,21:06:00,03,05,01,05,01,01,0,366709.6972,5012195.397,False,July,1,0,0,0,0,0,0,0,0,0,1,0,0,0,0,0,0,1,0
2018-07-19,21:26:00,03,07,01,07,01,,0,353720.6717,5023207.6280000005,False,July,0,0,0,0,0,0,0,0,1,0,0,0,0,0,0,0,0,1,0
2018-07-19,21:39:00,03,02,01,07,01,01,0,365163.6978,5030242.57,False,July,0,0,0,0,0,0,0,1,0,0,1,0,0,0,0,0,0,1,0
2018-07-19,21:30:00,03,07,01,07,01,,0,347427.2572,5012896.248,False,July,0,0,0,0,0,0,0,0,1,0,0,0,0,0,0,0,0,1,0
2018-07-19,23:04:00,02,03,01,07,01,01,0,383951.7602,5036159.561000001,False,July,1,0,0,0,0,0,0,0,0,1,0,0,0,0,0,0,0,1,0
2018-07-20,00:59:00,03,07,01,07,01,,0,377305.0872,5026551.921,False,July,0,0,0,0,0,0,0,0,1,0,0,0,0,0,0,0,0,1,0
2018-07-20,05:30:00,03,07,01,03,01,,0,355537.3253,5024124.2530000005,False,July,0,0,0,0,0,0,0,0,1,0,0,0,0,0,0,0,0,1,0
2018-07-20,06:26:00,03,07,01,01,01,01,0,349262.9706,5024061.621,False,July,1,0,0,0,0,0,0,0,0,0,1,0,0,0,0,0,0,1,0
2018-07-20,08:36:00,02,03,01,01,01,01,0,369218.7118,5030048.551,False,July,0,1,0,0,0,0,0,0,0,1,0,0,0,0,0,0,0,1,0
2018-07-20,08:35:00,03,05,01,01,01,01,0,360496.7609,5024942.666,False,July,1,0,0,0,0,0,0,0,0,0,1,0,0,0,0,0,0,1,0
2018-07-20,09:24:00,03,06,01,01,01,,0,361549.2624,5015639.683999999,False,July,0,0,0,0,0,0,0,0,0,0,0,1,0,0,0,0,0,1,0
2018-07-19,08:30:00,03,06,01,01,01,,0,363181.4722,5027290.291,False,July,0,0,0,0,0,0,0,0,1,0,0,0,0,0,0,0,0,1,0
2018-07-20,11:00:00,03,04,01,01,01,01,0,364774.6739,5029097.455,False,July,1,0,0,0,0,0,0,0,0,1,0,0,0,0,0,0,0,1,0
2018-07-15,16:00:00,03,02,01,01,01,,0,368681.0786,5031998.973999999,False,July,0,0,0,0,0,0,0,0,0,0,0,1,0,0,0,0,0,1,0
2018-07-20,12:24:00,03,04,01,01,01,00,0,373099.7276,5030005.567,False,July,1,0,0,0,0,0,0,0,0,1,0,0,0,0,0,0,0,1,0
2018-07-19,21:05:00,03,02,01,07,01,,0,368584.95,5029110.004,False,July,0,0,0,0,0,0,0,0,1,0,0,0,0,0,0,0,0,1,0
2018-07-20,12:34:00,02,02,01,01,01,01,0,370383.2756,5025810.322,False,July,0,1,0,0,0,0,0,0,0,0,1,0,0,0,0,0,0,1,0
2018-07-20,12:05:00,03,04,01,01,01,,0,369975.4716,5033010.246,False,July,0,0,0,0,0,0,0,0,1,0,0,0,0,0,0,0,0,1,0
2018-07-20,12:57:00,03,02,01,01,01,01,0,368591.7076,5032273.586,False,July,0,1,0,0,0,0,0,0,0,0,1,0,0,0,0,0,0,1,0
2018-07-20,11:55:00,03,02,01,01,01,01,0,384682.7545,5039285.5819999995,False,July,0,0,0,0,0,0,0,1,0,0,1,0,0,0,0,0,0,1,0
2018-07-27,12:40:00,03,04,01,01,00,,0,368127.8631,5030053.642,False,July,0,0,0,0,0,0,0,0,1,0,0,0,0,0,0,0,0,1,0
2018-07-14,00:35:00,03,07,01,07,01,01,0,371860.269,5033043.791,False,July,1,0,0,0,0,0,0,0,0,0,1,0,0,0,0,0,0,1,0
2018-06-28,14:30:00,03,04,01,01,01,,0,380712.3819,5037032.625,False,June,0,0,0,0,0,0,0,0,1,0,0,0,0,0,0,0,0,1,0
2018-07-08,11:39:00,03,02,01,01,01,01,0,358234.6542,5023497.536,False,July,1,0,0,0,0,0,0,0,0,0,1,0,0,0,0,0,0,1,0
2018-07-02,00:53:00,03,07,01,07,01,,0,380816.0335,5032115.685,False,July,0,0,0,0,0,0,0,0,1,0,0,0,0,0,0,0,0,1,0
2018-06-28,15:18:00,03,05,01,01,01,00,0,363933.7182,5014784.408,False,June,1,0,0,0,0,0,0,0,0,0,1,0,0,0,0,0,0,1,0
2018-07-11,16:03:00,02,03,01,01,01,,0,375108.1149,5033052.692,False,July,0,0,0,0,0,0,0,0,1,0,0,0,0,0,0,0,0,1,0
2018-07-14,02:21:00,03,07,02,07,02,,0,358651.6698,5011415.834,False,July,0,0,0,0,0,0,0,0,1,0,0,0,0,0,0,0,0,1,0
2018-07-20,13:37:00,03,07,01,01,01,01,0,374971.74100000004,5027717.536,False,July,1,0,0,0,0,0,0,0,0,0,1,0,0,0,0,0,0,1,0
2018-07-08,11:40:00,02,05,01,01,01,,0,372501.527,5005609.156,False,July,0,0,0,0,0,0,0,0,1,0,0,0,0,0,0,0,0,1,0
2018-07-27,13:40:00,03,04,01,01,01,,0,365038.9348,5021698.507,False,July,0,0,0,0,0,0,0,0,1,0,0,0,0,0,0,0,0,1,0
2018-07-24,07:28:00,03,02,01,01,01,02,0,372530.7174,5031410.562,True,July,1,0,0,0,0,0,0,0,0,0,1,0,0,0,0,0,0,1,0
2018-07-24,07:56:00,03,05,01,01,01,01,0,364847.2373,5017766.021000001,False,July,1,0,0,0,0,0,0,0,0,0,1,0,0,0,0,0,0,1,0
2018-07-05,12:05:00,03,03,01,01,01,01,0,364172.11100000003,5014944.692,False,July,1,0,0,0,0,0,0,0,0,1,0,0,0,0,0,0,0,1,0
2018-07-27,13:45:00,03,05,01,01,01,01,0,363560.4806,5014577.837,False,July,1,0,0,0,0,0,0,0,0,0,1,0,0,0,0,0,0,1,0
2018-07-08,14:24:00,02,07,01,01,01,,0,351007.5177,4995639.718,False,July,0,0,0,0,0,0,0,0,1,0,0,0,0,0,0,0,0,1,0
2018-07-24,09:42:00,03,07,01,01,02,01,0,374907.8899,5032661.54,False,July,1,0,0,0,0,0,0,0,0,1,0,0,0,0,0,0,0,1,0
2018-07-02,,03,06,01,00,01,,0,362798.7441,5015494.985,False,July,0,0,0,0,0,0,0,0,1,0,0,0,0,0,0,0,0,1,0
2018-07-11,16:12:00,03,03,01,01,01,00,0,348253.6129,5014875.454,False,July,0,1,0,0,0,0,0,0,0,1,0,0,0,0,0,0,0,1,0
2018-07-14,02:41:00,02,07,02,07,02,01,2,368093.7065,5032419.59,False,July,1,0,0,0,0,0,0,0,0,0,1,0,0,0,0,0,0,1,0
2018-07-20,13:59:00,03,02,01,01,01,02,0,372120.7266,5032152.585,False,July,0,1,0,0,0,0,0,0,0,0,1,0,0,0,0,0,0,1,0
2018-07-27,14:05:00,03,06,01,01,01,,0,362035.1719,5023230.244,False,July,0,0,0,0,0,0,0,0,0,0,0,1,0,0,0,0,0,1,0
2018-07-05,,03,06,01,00,01,,0,361668.8223,5014194.807,False,July,0,0,0,0,0,0,0,0,1,0,0,0,0,0,0,0,0,1,0
2018-07-08,14:49:00,03,06,01,01,01,,0,365496.8255,5029876.009,False,July,0,0,0,0,0,0,0,0,0,0,0,1,0,0,0,0,0,1,0
2018-06-28,15:51:00,03,03,01,01,01,,0,370169.3618,5033781.299,False,June,0,0,0,0,0,0,0,0,1,0,0,0,0,0,0,0,0,1,0
2018-07-20,13:59:00,03,04,01,01,01,01,0,368373.6358,5031798.291999999,False,July,1,0,0,0,0,0,0,0,0,1,0,0,0,0,0,0,0,1,0
2018-07-24,09:30:00,03,03,02,01,02,01,0,349864.6085,5023399.509,False,July,1,0,0,0,0,0,0,0,0,1,0,0,0,0,0,0,0,1,0
2018-07-09,,03,06,01,00,01,,0,366887.6351,5030101.597,False,July,0,0,0,0,0,0,0,0,1,0,0,0,0,0,0,0,0,1,0
2018-07-14,02:45:00,02,07,02,07,02,,0,362882.5724,5017192.035,False,July,0,0,0,0,0,0,0,0,1,0,0,0,0,0,0,0,0,1,0
2018-07-02,05:51:00,03,07,01,01,01,,0,352800.8516,5018780.711,False,July,0,0,0,0,0,0,0,0,1,0,0,0,0,0,0,0,0,1,0
2018-07-27,14:15:00,03,05,01,01,01,,0,362212.8595,5026046.362,False,July,0,0,0,0,0,0,0,0,0,0,0,1,0,0,0,0,0,1,0
2018-07-21,10:02:00,03,03,01,01,01,01,0,373110.7139,5032376.586,False,July,1,0,0,0,0,0,0,0,0,1,0,0,0,0,0,0,0,1,0
2018-07-11,16:27:00,02,07,01,01,01,,1,367258.5004,5031436.067,False,July,0,0,0,0,0,0,0,0,0,0,0,1,0,0,0,0,0,1,0
2018-07-14,06:42:00,03,07,01,01,01,,0,379961.6185,5031598.535,False,July,0,0,0,0,0,0,0,0,0,1,0,0,0,0,0,0,0,1,0
2018-07-02,08:20:00,03,02,01,01,01,01,0,351950.47,5018943.576,False,July,1,0,0,0,0,0,0,0,0,0,1,0,0,0,0,0,0,1,0
2018-07-05,12:39:00,03,05,01,01,01,,0,364198.1999,5014909.605,False,July,0,0,0,0,0,0,0,0,1,0,0,0,0,0,0,0,0,1,0
2018-07-08,15:12:00,03,02,01,01,01,01,0,360072.5622,5024471.483,False,July,1,0,0,0,0,0,0,0,0,0,1,0,0,0,0,0,0,1,0
2018-07-20,14:12:00,03,04,01,01,01,01,0,371845.3214,5030815.94,False,July,1,0,0,0,0,0,0,0,0,1,0,0,0,0,0,0,0,1,0
2018-07-09,18:47:00,03,03,01,01,01,01,0,372860.7243,5030578.562,False,July,1,0,0,0,0,0,0,0,0,1,0,0,0,0,0,0,0,1,0
2018-07-13,,03,06,01,00,02,,0,349105.925,5018570.311000001,False,July,0,0,0,0,0,0,0,0,1,0,0,0,0,0,0,0,0,1,0
2018-07-08,15:45:00,02,05,01,01,01,01,0,381204.815,5037358.692,False,July,1,0,0,0,0,0,0,0,0,1,0,0,0,0,0,0,0,1,0
2018-07-27,14:24:00,03,04,01,01,01,01,0,363590.6938,5026701.538,False,July,1,0,0,0,0,0,0,0,0,1,0,0,0,0,0,0,0,1,0
2018-07-24,09:35:00,03,03,02,01,02,01,0,382890.8041,5038666.453,False,July,1,0,0,0,0,0,0,0,0,0,1,0,0,0,0,0,0,1,0
2018-06-28,18:17:00,02,05,01,01,01,,0,363031.9525,5026544.71,False,June,0,0,0,0,0,0,0,0,0,0,0,1,0,0,0,0,0,1,0
2018-07-11,17:00:00,03,02,01,01,01,01,0,363253.6367,5015177.362,False,July,0,0,1,0,0,0,0,0,0,1,0,0,0,0,0,0,0,1,0
2018-07-13,,03,06,01,00,01,,0,371994.8276,5024900.609,False,July,0,0,0,0,0,0,0,0,1,0,0,0,0,0,0,0,0,1,0
2018-07-08,15:25:00,03,03,01,01,01,01,0,369987.8675,5029120.162,False,July,1,0,0,0,0,0,0,0,0,1,0,0,0,0,0,0,0,1,0
2018-07-20,14:20:00,03,02,01,01,01,,0,371610.4912,5026702.831,False,July,0,0,0,0,0,0,0,0,0,0,0,1,0,0,0,0,0,1,0
2018-07-26,17:30:00,03,03,01,01,01,01,0,359718.677,5019554.478,False,July,1,0,0,0,0,0,0,0,0,1,0,0,0,0,0,0,0,1,0
2018-07-02,09:05:00,02,03,01,01,01,01,0,369304.6742,5027894.472,False,July,1,0,0,0,0,0,0,0,0,1,0,0,0,0,0,0,0,1,0
2018-07-05,12:49:00,03,04,01,01,01,01,0,369995.7196,5026851.59,False,July,1,0,0,0,0,0,0,0,0,1,0,0,0,0,0,0,0,1,0
2018-07-14,11:41:00,03,03,01,01,01,01,0,349864.6085,5023399.508,False,July,1,0,0,0,0,0,0,0,0,1,0,0,0,0,0,0,0,1,0
2018-07-08,12:10:00,03,04,01,01,01,01,0,382347.2397,5035399.176,False,July,1,0,0,0,0,0,0,0,0,1,0,0,0,0,0,0,0,1,0
2018-07-20,14:26:00,03,03,01,01,01,,0,368362.1731,5022133.5030000005,False,July,0,0,0,0,0,0,0,0,1,0,0,0,0,0,0,0,0,1,0
2018-07-24,10:25:00,03,03,01,01,01,01,0,374641.7338,5030921.555,True,July,1,0,0,0,0,0,0,0,0,1,0,0,0,0,0,0,0,1,0
2018-07-01,16:20:00,03,03,01,01,01,01,0,365382.70700000005,5013223.303,False,July,0,0,0,0,0,0,0,1,0,1,0,0,0,0,0,0,0,1,0
2018-07-09,,03,06,01,00,01,,0,364919.5226,5022020.164,False,July,0,0,0,0,0,0,0,0,1,0,0,0,0,0,0,0,0,1,0
2018-06-28,16:27:00,03,02,01,01,01,01,0,366098.686,5029523.569,False,June,0,1,0,0,0,0,0,0,0,0,1,0,0,0,0,0,0,1,0
2018-07-05,13:07:00,03,02,01,01,01,01,0,372564.5946,5029298.532,False,July,1,0,0,0,0,0,0,0,0,0,1,0,0,0,0,0,0,1,0
2018-07-27,15:32:00,03,03,02,01,02,01,0,373630.7377,5020104.491,False,July,0,1,0,0,0,0,0,0,0,1,0,0,0,0,0,0,0,1,0
2018-06-28,16:28:00,02,07,01,01,01,,1,372426.9661,5032446.603999999,False,June,0,0,0,0,0,0,0,0,1,0,0,0,0,0,0,0,0,1,0
2018-07-05,13:11:00,03,07,01,01,01,,0,343204.0761,5032204.148,False,July,0,0,0,0,0,0,0,0,1,0,0,0,0,0,0,0,0,1,0
2018-07-20,15:05:00,03,03,01,01,01,01,0,375257.7516,5028784.579,False,July,1,0,0,0,0,0,0,0,0,1,0,0,0,0,0,0,0,1,0
2018-07-02,09:52:00,03,05,01,01,01,01,0,368128.6623,5032748.649,False,July,1,0,0,0,0,0,0,0,0,1,0,0,0,0,0,0,0,1,0
2018-07-11,17:30:00,03,03,01,01,01,01,0,358967.5915,5021674.638,False,July,1,0,0,0,0,0,0,0,0,1,0,0,0,0,0,0,0,1,0
2018-07-11,,03,06,01,00,01,,0,372891.2861,5025852.203,False,July,0,0,0,0,0,0,0,0,1,0,0,0,0,0,0,0,0,1,0
2018-07-24,10:57:00,03,05,01,01,01,01,0,367385.6956,5031423.573,False,July,1,0,0,0,0,0,0,0,0,0,1,0,0,0,0,0,0,1,0
2018-07-08,17:47:00,03,03,01,01,01,,0,368775.8518,5028490.008,False,July,0,0,0,0,0,0,0,0,1,0,0,0,0,0,0,0,0,1,0
2018-07-11,17:36:00,03,03,01,01,01,,0,369912.0447,5025715.162,False,July,0,0,0,0,0,0,0,0,1,0,0,0,0,0,0,0,0,1,0
2018-07-02,12:40:00,03,06,01,01,01,,0,365805.7315,5014603.963,False,July,0,0,0,0,0,0,0,0,1,0,0,0,0,0,0,0,0,1,0
2018-07-14,13:01:00,03,07,01,01,01,01,0,389860.7735,5042617.565,False,July,1,0,0,0,0,0,0,0,0,0,1,0,0,0,0,0,0,1,0
2018-07-24,12:11:00,02,03,01,01,01,,0,378093.1324,5036287.857,False,July,0,0,0,0,0,0,0,0,1,0,0,0,0,0,0,0,0,1,0
2018-07-20,15:00:00,03,03,01,01,01,01,0,364255.6725,5028603.576,False,July,1,0,0,0,0,0,0,0,0,1,0,0,0,0,0,0,0,1,0
2018-07-27,15:44:00,03,03,02,01,02,,0,368382.9854,5031814.155,False,July,0,0,0,0,0,0,0,0,1,0,0,0,0,0,0,0,0,1,0
2018-06-28,16:58:00,03,03,01,01,01,,0,363655.68,5023058.705,False,June,0,0,0,0,0,0,0,0,1,0,0,0,0,0,0,0,0,1,0
2018-07-08,17:50:00,03,07,01,01,01,,0,357808.1985,5013579.721,False,July,0,0,0,0,0,0,0,0,1,0,0,0,0,0,0,0,0,1,0
2018-07-02,13:30:00,03,06,01,01,01,,0,365883.474,5014050.6280000005,False,July,0,0,0,0,0,0,0,0,1,0,0,0,0,0,0,0,0,1,0
2018-07-11,17:42:00,03,03,01,01,01,01,0,356345.5572,5022761.583000001,False,July,1,0,0,0,0,0,0,0,0,0,1,0,0,0,0,0,0,1,0
2018-07-14,15:02:00,03,07,01,01,01,,0,368298.6429,5000448.29,True,July,0,0,0,0,0,0,0,0,1,0,0,0,0,0,0,0,0,1,0
2018-07-19,16:00:00,03,06,01,01,01,,0,371188.3551,5024667.405,False,July,0,0,0,0,0,0,0,0,1,0,0,0,0,0,0,0,0,1,0
2018-07-05,11:00:00,03,05,01,01,01,01,0,362291.2496,5013545.318,False,July,1,0,0,0,0,0,0,0,0,0,1,0,0,0,0,0,0,1,0