DATE,TIME,CLASS_OF_ACCIDENT,IMPACT_TYPE,ENVIRONMENT,LIGHT,ROAD_SURFACE_CONDITION,TRAFFIC_CONTROL_CONDITION,NO_OF_PEDESTRIANS,X,Y,Highway,Month,categorical_TRAFFIC_CONTROL_01,categorical_TRAFFIC_CONTROL_02,categorical_TRAFFIC_CONTROL_03,categorical_TRAFFIC_CONTROL_04,categorical_TRAFFIC_CONTROL_07,categorical_TRAFFIC_CONTROL_08,categorical_TRAFFIC_CONTROL_09,categorical_TRAFFIC_CONTROL_11,categorical_ACCIDENT_LOCATION_01,categorical_ACCIDENT_LOCATION_02,categorical_ACCIDENT_LOCATION_03,categorical_ACCIDENT_LOCATION_04,categorical_ACCIDENT_LOCATION_05,categorical_ACCIDENT_LOCATION_06,categorical_ACCIDENT_LOCATION_07,categorical_Seasons_Fall,categorical_Seasons_Spring,categorical_Seasons_Summer,categorical_Seasons_Winter
2018-07-20,15:15:00,03,03,01,01,01,,0,360849.0733,5025165.76,False,July,0,0,0,0,0,0,0,0,1,0,0,0,0,0,0,0,0,1,0
2018-07-27,15:46:00,03,02,01,01,01,01,0,359358.6714,5024199.506,False,July,0,1,0,0,0,0,0,0,0,0,1,0,0,0,0,0,0,1,0
2018-06-28,15:45:00,03,03,01,01,01,01,0,357145.5614,5018152.444,False,June,1,0,0,0,0,0,0,0,0,0,1,0,0,0,0,0,0,1,0
2018-06-28,18:12:00,03,05,01,01,01,01,0,370851.7917,5024839.518999999,False,June,1,0,0,0,0,0,0,0,0,0,1,0,0,0,0,0,0,1,0
2018-06-28,18:13:00,03,04,01,01,01,,0,371712.8781,5030535.58,False,June,0,0,0,0,0,0,0,0,1,0,0,0,0,0,0,0,0,1,0
2018-06-28,18:35:00,03,05,01,01,01,00,0,360209.5561,5024120.569,False,June,0,1,0,0,0,0,0,0,0,0,1,0,0,0,0,0,0,1,0
2018-06-26,17:30:00,03,04,01,01,01,01,0,373364.6881,5029424.586,False,June,1,0,0,0,0,0,0,0,0,0,1,0,0,0,0,0,0,1,0
2018-06-28,19:16:00,03,03,01,01,01,01,0,364841.826,5014582.921,False,June,0,1,0,0,0,0,0,0,0,1,0,0,0,0,0,0,0,1,0
2018-06-28,19:47:00,03,02,01,01,01,01,0,364521.5899,5024507.669,False,June,1,0,0,0,0,0,0,0,0,0,1,0,0,0,0,0,0,1,0
2018-06-28,19:57:00,02,02,01,01,01,01,0,351884.5835,5021213.536,False,June,1,0,0,0,0,0,0,0,0,0,1,0,0,0,0,0,0,1,0
2018-06-28,20:17:00,03,05,01,01,01,01,0,371488.6443,5032403.484,False,June,0,1,0,0,0,0,0,0,0,0,1,0,0,0,0,0,0,1,0
2018-06-28,21:35:00,03,05,01,07,01,01,0,363933.6916,5014784.498,False,June,1,0,0,0,0,0,0,0,0,0,1,0,0,0,0,0,0,1,0
2018-06-28,21:41:00,02,04,01,07,01,,0,333966.7366,5040056.831,False,June,0,0,0,0,0,0,0,0,1,0,0,0,0,0,0,0,0,1,0
2018-06-29,05:28:00,03,07,01,03,01,,0,337915.5866,5022415.866,False,June,0,0,0,0,0,0,0,0,1,0,0,0,0,0,0,0,0,1,0
2018-06-28,19:10:00,03,07,01,01,01,,0,356484.3241,5021898.268,True,June,0,0,0,0,0,0,0,0,1,0,0,0,0,0,0,0,0,1,0
2018-06-29,,03,06,01,00,01,,0,371564.0058,5029038.803,False,June,0,0,0,0,0,0,0,0,1,0,0,0,0,0,0,0,0,1,0
2018-06-29,06:12:00,03,07,01,01,01,,0,353290.5726,5019379.925,False,June,0,0,0,0,0,0,0,0,1,0,0,0,0,0,0,0,0,1,0
2018-06-29,07:19:00,03,02,01,01,01,01,0,370248.0539,5026200.833000001,False,June,1,0,0,0,0,0,0,0,0,0,1,0,0,0,0,0,0,1,0
2018-06-29,07:26:00,02,05,01,01,01,01,0,366489.6687,5029712.573,False,June,1,0,0,0,0,0,0,0,0,0,1,0,0,0,0,0,0,1,0
2018-06-29,08:08:00,03,07,01,01,01,01,0,347766.5992,5023537.502,False,June,0,1,0,0,0,0,0,0,0,0,1,0,0,0,0,0,0,1,0
2018-06-29,08:08:00,03,02,01,01,01,01,0,367933.6723,5028789.512,False,June,0,1,0,0,0,0,0,0,0,0,1,0,0,0,0,0,0,1,0
2018-06-29,08:21:00,03,03,01,01,01,,0,347923.1433,5015238.315,False,June,0,0,0,0,0,0,0,0,0,0,0,1,0,0,0,0,0,1,0
2018-06-29,07:15:00,03,03,01,01,01,,0,367169.80299999996,5023821.331,False,June,0,0,0,0,0,0,0,0,1,0,0,0,0,0,0,0,0,1,0
2018-06-29,09:49:00,03,03,01,01,01,01,0,348795.2,5022408.413,False,June,1,0,0,0,0,0,0,0,0,1,0,0,0,0,0,0,0,1,0
2018-06-28,,03,06,01,00,01,,0,372012.0164,5024819.102,False,June,0,0,0,0,0,0,0,0,1,0,0,0,0,0,0,0,0,1,0
2018-06-29,10:17:00,03,04,01,01,01,01,0,368357.0762,5031952.665,False,June,1,0,0,0,0,0,0,0,0,1,0,0,0,0,0,0,0,1,0
2018-06-29,10:26:00,03,03,01,01,01,00,0,374641.6897,5030921.598,True,June,1,0,0,0,0,0,0,0,0,1,0,0,0,0,0,0,0,1,0
2018-06-29,,03,06,01,00,01,,0,366705.0469,5029278.459,False,June,0,0,0,0,0,0,0,0,1,0,0,0,0,0,0,0,0,1,0
2018-06-29,11:37:00,03,04,01,01,01,01,0,368039.6896,5030267.58,False,June,1,0,0,0,0,0,0,0,0,1,0,0,0,0,0,0,0,1,0
2018-06-29,12:05:00,03,04,01,01,01,01,0,368511.6203,5032413.63,False,June,1,0,0,0,0,0,0,0,0,1,0,0,0,0,0,0,0,1,0
2018-06-29,12:09:00,03,04,01,01,01,01,0,371545.6945,5033817.58,False,June,1,0,0,0,0,0,0,0,0,1,0,0,0,0,0,0,0,1,0
2018-06-29,12:28:00,02,03,01,01,01,01,0,368243.7047,5030392.489,True,June,1,0,0,0,0,0,0,0,0,1,0,0,0,0,0,0,0,1,0
2018-06-29,12:31:00,03,03,01,01,01,,0,361259.9484,5021010.623,False,June,0,0,0,0,0,0,0,0,1,0,0,0,0,0,0,0,0,1,0
2018-06-29,12:43:00,02,03,01,01,01,,0,351995.6921,5017045.841,False,June,0,0,0,0,0,0,0,0,1,0,0,0,0,0,0,0,0,1,0
2018-06-29,13:10:00,03,03,01,01,01,,0,361017.6373,5021576.454,False,June,0,0,0,0,0,0,0,0,1,0,0,0,0,0,0,0,0,1,0
2018-06-29,13:27:00,03,02,01,01,01,01,0,370900.7488,5032336.666999999,False,June,0,1,0,0,0,0,0,0,0,0,1,0,0,0,0,0,0,1,0
2018-06-29,13:36:00,03,04,01,01,01,01,0,336736.6949,5037257.243,False,June,0,1,0,0,0,0,0,0,0,1,0,0,0,0,0,0,0,1,0
2018-06-27,14:45:00,02,02,01,01,01,01,0,365218.7942,5023514.937,False,June,0,1,0,0,0,0,0,0,0,0,1,0,0,0,0,0,0,1,0
2018-06-29,13:48:00,03,03,01,01,01,01,0,373099.7544,5030005.6389999995,False,June,1,0,0,0,0,0,0,0,0,1,0,0,0,0,0,0,0,1,0
2018-06-29,13:52:00,02,04,01,01,01,,0,367980.0516,5030409.034,False,June,0,0,0,0,0,0,0,0,1,0,0,0,0,0,0,0,0,1,0
2018-06-29,14:10:00,02,02,01,01,01,01,0,364742.7976,5025129.387,False,June,1,0,0,0,0,0,0,0,0,1,0,0,0,0,0,0,0,1,0
2018-06-29,14:30:00,02,03,01,01,01,,0,373041.32899999997,5032335.745,False,June,0,0,0,0,0,0,0,0,1,0,0,0,0,0,0,0,0,1,0
2018-06-29,14:31:00,02,03,01,01,01,00,0,354681.0751,5016827.478999999,False,June,0,1,0,0,0,0,0,0,0,1,0,0,0,0,0,0,0,1,0
2018-06-29,14:30:00,03,04,01,01,01,,0,367487.5645,5029242.141,False,June,0,0,0,0,0,0,0,0,1,0,0,0,0,0,0,0,0,1,0
2018-06-29,15:22:00,03,04,01,01,01,01,0,366035.5926,5031416.536,False,June,1,0,0,0,0,0,0,0,0,1,0,0,0,0,0,0,0,1,0
2018-06-29,15:48:00,03,03,01,01,01,01,0,363520.7237,5026850.541999999,False,June,1,0,0,0,0,0,0,0,0,1,0,0,0,0,0,0,0,1,0
2018-06-29,15:00:00,03,02,01,01,01,01,0,379860.7141,5036471.595,False,June,0,0,0,0,0,0,0,1,0,0,1,0,0,0,0,0,0,1,0
2018-06-29,17:15:00,03,07,01,01,01,,0,358175.6597,5021108.484,False,June,0,0,0,0,0,0,0,0,0,1,0,0,0,0,0,0,0,1,0
2018-06-29,16:56:00,02,03,01,01,01,00,0,371092.8105,5030527.455,False,June,0,1,0,0,0,0,0,0,0,1,0,0,0,0,0,0,0,1,0
2018-06-29,17:03:00,02,07,01,01,01,,0,376577.2478,5034959.855,False,June,0,0,0,0,0,0,0,0,1,0,0,0,0,0,0,0,0,1,0
2018-06-26,17:45:00,03,02,01,01,01,,0,370353.6399,5025899.383,False,June,0,0,0,0,0,0,0,0,0,0,0,1,0,0,0,0,0,1,0
2018-06-29,19:07:00,03,04,01,01,01,01,0,366883.7115,5028137.546,False,June,0,0,0,0,0,0,0,1,0,0,1,0,0,0,0,0,0,1,0
2018-06-29,22:00:00,03,07,01,07,01,,0,332714.6786,5015752.507,False,June,0,0,0,0,0,0,0,0,1,0,0,0,0,0,0,0,0,1,0
2018-06-29,21:14:00,02,03,01,07,01,01,0,381870.8167,5035883.555,False,June,1,0,0,0,0,0,0,0,0,1,0,0,0,0,0,0,0,1,0
2018-06-29,21:25:00,03,06,01,07,01,,0,364392.8527,5017223.608,False,June,0,0,0,0,0,0,0,0,0,0,0,1,0,0,0,0,0,1,0
2018-06-29,21:36:00,02,07,01,07,01,01,0,353381.61799999996,5019151.469,False,June,1,0,0,0,0,0,0,0,0,1,0,0,0,0,0,0,0,1,0
2018-06-29,23:38:00,03,06,01,07,01,,0,369197.2018,5031594.062,False,June,0,0,0,0,0,0,0,0,1,0,0,0,0,0,0,0,0,1,0
2018-06-30,01:00:00,02,05,01,07,01,01,0,368396.5868,5015011.437,False,June,1,0,0,0,0,0,0,0,0,0,1,0,0,0,0,0,0,1,0
2018-06-30,09:16:00,02,03,01,01,01,01,0,373763.6376,5025404.508,False,June,1,0,0,0,0,0,0,0,0,1,0,0,0,0,0,0,0,1,0
2018-06-30,10:02:00,02,05,01,01,01,,0,365924.5289,5029959.666,False,June,0,0,0,0,0,0,0,0,1,0,0,0,0,0,0,0,0,1,0
2018-06-28,,03,06,01,00,01,,0,364088.79799999995,5013088.819,False,June,0,0,0,0,0,0,0,0,1,0,0,0,0,0,0,0,0,1,0
2018-06-30,12:04:00,03,02,01,01,01,,0,375413.3665,5034181.481000001,False,June,0,0,0,0,0,0,0,0,0,0,0,1,0,0,0,0,0,1,0
2018-06-30,12:36:00,02,07,01,01,08,,0,373843.8851,4996740.3889999995,False,June,0,0,0,0,0,0,0,0,0,0,0,1,0,0,0,0,0,1,0
2018-06-30,12:30:00,03,06,01,01,01,,0,363981.3713,5015555.219,False,June,0,0,0,0,0,0,0,0,1,0,0,0,0,0,0,0,0,1,0
2018-06-30,12:39:00,03,02,01,01,01,01,0,367583.6725,5029009.495,False,June,0,1,0,0,0,0,0,0,0,0,1,0,0,0,0,0,0,1,0
2018-06-30,14:35:00,03,02,01,01,01,01,0,367648.5839,5031680.588,False,June,1,0,0,0,0,0,0,0,0,1,0,0,0,0,0,0,0,1,0
2018-06-29,17:30:00,03,05,01,01,01,,0,367618.7507,5007610.039,False,June,0,0,0,0,0,0,0,0,0,0,0,1,0,0,0,0,0,1,0
2018-06-30,13:30:00,03,06,01,01,01,,0,369021.7064,5032722.633,False,June,0,0,0,0,0,0,0,0,1,0,0,0,0,0,0,0,0,1,0
2018-06-30,15:03:00,03,05,01,01,01,01,0,373763.8119,5025404.466,False,June,1,0,0,0,0,0,0,0,0,0,1,0,0,0,0,0,0,1,0
2018-06-30,15:15:00,03,07,01,01,01,,0,370760.2973,5024127.129,False,June,0,0,0,0,0,0,0,0,1,0,0,0,0,0,0,0,0,1,0
2018-06-30,15:19:00,03,04,01,01,01,01,0,375047.769,5031119.653,False,June,1,0,0,0,0,0,0,0,0,1,0,0,0,0,0,0,0,1,0
2018-06-29,,03,06,01,00,01,,0,370727.7462,5031786.4569999995,False,June,0,0,0,0,0,0,0,0,1,0,0,0,0,0,0,0,0,1,0
2018-06-30,16:44:00,03,04,01,01,01,01,0,368291.6396,5032753.544,False,June,1,0,0,0,0,0,0,0,0,1,0,0,0,0,0,0,0,1,0
2018-06-30,17:21:00,03,03,01,01,01,01,0,368036.7319,5021945.416999999,False,June,1,0,0,0,0,0,0,0,0,1,0,0,0,0,0,0,0,1,0
2018-06-30,17:31:00,03,03,01,01,01,01,0,361479.5526,5020502.643,False,June,1,0,0,0,0,0,0,0,0,1,0,0,0,0,0,0,0,1,0
2018-06-30,18:00:00,03,03,01,01,01,01,0,369178.8958,5031334.844,False,June,1,0,0,0,0,0,0,0,0,1,0,0,0,0,0,0,0,1,0
2018-06-30,18:48:00,03,06,01,01,01,,0,372775.1664,5025384.41,False,June,0,0,0,0,0,0,0,0,1,0,0,0,0,0,0,0,0,1,0
2018-06-30,,03,06,01,00,01,,0,367671.8925,5030579.178,False,June,0,0,0,0,0,0,0,0,1,0,0,0,0,0,0,0,0,1,0
2018-06-30,20:36:00,03,01,07,05,01,,0,377679.4392,5028827.848999999,False,June,0,0,0,0,0,0,0,0,1,0,0,0,0,0,0,0,0,1,0
2018-06-30,21:18:00,03,07,01,07,01,,0,365012.0844,5018090.316000001,False,June,0,0,0,0,0,0,0,0,1,0,0,0,0,0,0,0,0,1,0
2018-06-30,22:20:00,02,03,01,07,01,01,0,367399.6431,5019166.437,False,June,1,0,0,0,0,0,0,0,0,1,0,0,0,0,0,0,0,1,0
2018-06-30,23:47:00,03,07,01,07,01,,0,345340.3807,5022228.53,False,June,0,0,0,0,0,0,0,0,1,0,0,0,0,0,0,0,0,1,0
2018-07-01,00:34:00,03,05,01,07,01,01,0,367805.2112,5032236.209,False,July,1,0,0,0,0,0,0,0,0,0,1,0,0,0,0,0,0,1,0
2018-07-01,,03,06,01,00,01,,0,371866.7353,5026542.783,False,July,0,0,0,0,0,0,0,0,1,0,0,0,0,0,0,0,0,1,0
2018-07-01,01:30:00,02,06,01,07,01,,0,366013.6043,4998063.67,False,July,0,0,0,0,0,0,0,0,1,0,0,0,0,0,0,0,0,1,0
2018-07-01,10:08:00,03,02,01,01,01,01,0,371912.7583,5033994.6,False,July,1,0,0,0,0,0,0,0,0,0,1,0,0,0,0,0,0,1,0
2018-07-01,12:55:00,03,05,01,01,01,01,0,371291.7267,5023864.524,False,July,1,0,0,0,0,0,0,0,0,1,0,0,0,0,0,0,0,1,0
2018-07-01,13:29:00,03,02,01,01,01,01,0,365445.5914,5028595.489,False,July,0,1,0,0,0,0,0,0,0,0,1,0,0,0,0,0,0,1,0
2018-07-01,13:51:00,03,03,01,01,01,01,0,373099.4735,5030005.696,False,July,1,0,0,0,0,0,0,0,0,1,0,0,0,0,0,0,0,1,0
2018-07-01,13:51:00,03,04,01,01,01,01,0,379860.6673,5036471.556,False,July,0,0,0,0,0,0,0,1,0,0,1,0,0,0,0,0,0,1,0
2018-07-01,17:06:00,02,02,01,01,01,01,0,370950.6411,5023662.578,False,July,0,1,0,0,0,0,0,0,0,1,0,0,0,0,0,0,0,1,0
2018-07-01,17:16:00,02,03,01,01,01,01,0,361288.4381,5014584.958000001,False,July,1,0,0,0,0,0,0,0,0,1,0,0,0,0,0,0,0,1,0
2018-07-01,21:23:00,03,07,01,07,01,,0,367289.6351,5021475.947,False,July,0,0,0,0,0,0,0,0,1,0,0,0,0,0,0,0,0,1,0
2018-07-01,22:19:00,03,03,01,07,01,,0,376860.2522,5035575.143999999,False,July,0,0,0,0,0,0,0,0,1,0,0,0,0,0,0,0,0,1,0
2018-07-01,22:30:00,03,07,01,07,01,,0,379886.9557,5037272.353999999,False,July,0,0,0,0,0,0,0,0,1,0,0,0,0,0,0,0,0,1,0
2018-07-24,13:10:00,03,04,01,01,01,01,0,369225.716,5027983.546,False,July,1,0,0,0,0,0,0,0,0,0,1,0,0,0,0,0,0,1,0
2018-07-27,15:57:00,02,07,01,01,01,,1,360556.54299999995,5025255.136,False,July,0,0,0,0,0,0,0,0,1,0,0,0,0,0,0,0,0,1,0
2018-07-20,15:17:00,02,02,01,01,01,01,0,369007.714,5028299.548,False,July,0,1,0,0,0,0,0,0,0,0,1,0,0,0,0,0,0,1,0
2018-07-14,12:15:00,03,03,01,01,01,01,0,370072.7393,5033065.616,False,July,1,0,0,0,0,0,0,0,0,1,0,0,0,0,0,0,0,1,0
2018-07-08,18:19:00,03,03,01,01,01,,0,364490.6965,5024582.518,False,July,0,0,0,0,0,0,0,0,1,0,0,0,0,0,0,0,0,1,0
2018-07-02,13:36:00,03,07,01,01,01,,0,370951.9881,5032777.334,False,July,0,0,0,0,0,0,0,0,0,0,0,1,0,0,0,0,0,1,0
2018-07-05,13:33:00,03,03,01,01,01,01,0,372292.7068,5023293.5819999995,False,July,0,1,0,0,0,0,0,0,0,1,0,0,0,0,0,0,0,1,0
2018-07-14,13:32:00,03,05,01,01,01,01,0,364521.68700000003,5024507.448,False,July,1,0,0,0,0,0,0,0,0,0,1,0,0,0,0,0,0,1,0
2018-07-11,17:49:00,03,02,01,01,01,01,0,370065.7068,5032674.584,False,July,0,1,0,0,0,0,0,0,0,0,1,0,0,0,0,0,0,1,0
2018-07-08,18:41:00,02,07,01,01,01,01,1,366160.6974,5030464.571,False,July,1,0,0,0,0,0,0,0,0,1,0,0,0,0,0,0,0,1,0
2018-07-02,14:43:00,03,0,01,01,01,,0,359397.6172,5024226.39,False,July,0,0,0,0,0,0,0,0,0,0,0,1,0,0,0,0,0,1,0
2018-07-02,14:48:00,02,02,01,01,01,,0,381136.6762,5037310.413,False,July,0,0,0,0,0,0,0,0,0,0,0,1,0,0,0,0,0,1,0
2018-07-02,15:34:00,03,02,01,01,01,,0,357105.68,5020369.533,False,July,0,0,0,0,0,0,0,0,0,0,0,1,0,0,0,0,0,1,0
2018-07-02,15:49:00,02,03,01,01,01,01,0,371157.6231,5033633.602,False,July,1,0,0,0,0,0,0,0,0,1,0,0,0,0,0,0,0,1,0
2018-07-02,16:10:00,03,04,01,01,01,01,0,367666.9352,5032462.392,False,July,1,0,0,0,0,0,0,0,0,1,0,0,0,0,0,0,0,1,0
2018-07-02,17:31:00,03,04,01,01,01,01,0,368373.5544,5031798.35,False,July,1,0,0,0,0,0,0,0,0,0,1,0,0,0,0,0,0,1,0
2018-06-29,,03,06,01,00,01,,0,366829.7144,5030236.131,False,June,0,0,0,0,0,0,0,0,1,0,0,0,0,0,0,0,0,1,0
2018-07-02,18:30:00,03,04,01,01,01,,0,368576.3338,5026264.887,False,July,0,0,0,0,0,0,0,0,1,0,0,0,0,0,0,0,0,1,0
2018-07-02,18:42:00,03,07,01,01,01,,0,375141.7721,5033580.75,False,July,0,0,0,0,0,0,0,0,1,0,0,0,0,0,0,0,0,1,0
2018-07-02,19:01:00,03,07,01,01,01,01,0,370292.7339,5022804.512,False,July,0,1,0,0,0,0,0,0,0,1,0,0,0,0,0,0,0,1,0
2018-07-02,,03,06,01,00,01,,0,366563.1465,5023788.931,False,July,0,0,0,0,0,0,0,0,1,0,0,0,0,0,0,0,0,1,0
2018-07-02,23:06:00,02,07,01,07,01,,0,335928.6287,5025517.304,False,July,0,0,0,0,0,0,0,0,1,0,0,0,0,0,0,0,0,1,0
2018-07-03,06:44:00,03,03,01,01,01,,0,376646.1361,5035371.299,False,July,0,0,0,0,0,0,0,0,1,0,0,0,0,0,0,0,0,1,0
2018-07-03,06:47:00,03,04,01,01,01,00,0,367831.9762,5033871.896000001,False,July,1,0,0,0,0,0,0,0,0,1,0,0,0,0,0,0,0,1,0
2018-07-03,07:09:00,02,04,01,01,01,,0,365044.8331,5027794.589,False,July,0,0,0,0,0,0,0,0,1,0,0,0,0,0,0,0,0,1,0
2018-07-03,07:55:00,03,04,01,01,01,,0,379055.1973,5036831.902,False,July,0,0,0,0,0,0,0,0,1,0,0,0,0,0,0,0,0,1,0
2018-07-27,16:10:00,02,03,02,01,02,01,0,365950.7031,5021122.489,False,July,1,0,0,0,0,0,0,0,0,1,0,0,0,0,0,0,0,1,0
2018-07-20,15:48:00,03,03,01,01,01,01,0,363603.6204,5027423.62,False,July,1,0,0,0,0,0,0,0,0,1,0,0,0,0,0,0,0,1,0
2018-07-24,13:27:00,03,03,01,01,01,00,0,361021.6723,5021566.492,False,July,1,0,0,0,0,0,0,0,0,1,0,0,0,0,0,0,0,1,0
2018-07-03,08:00:00,03,03,01,01,01,00,0,351581.19299999997,5019753.2069999995,False,July,0,1,0,0,0,0,0,0,0,0,1,0,0,0,0,0,0,1,0
2018-07-03,09:34:00,02,07,01,01,01,,1,367134.4921,5031464.385,False,July,0,0,0,0,0,0,0,0,1,0,0,0,0,0,0,0,0,1,0
2018-07-03,09:40:00,03,05,01,01,01,,0,343328.917,5036424.969,False,July,0,0,0,0,0,0,0,0,1,0,0,0,0,0,0,0,0,1,0
2018-07-03,10:09:00,03,05,01,01,01,,0,367318.6763,5029643.528,False,July,0,0,0,0,0,0,0,0,0,0,1,0,0,0,0,0,0,1,0
2018-07-03,10:24:00,02,07,01,01,01,01,1,371749.9598,5033916.69,False,July,1,0,0,0,0,0,0,0,0,0,1,0,0,0,0,0,0,1,0
2018-07-03,10:47:00,03,03,01,01,01,,0,365533.5167,5015351.308,False,July,0,0,0,0,0,0,0,0,1,0,0,0,0,0,0,0,0,1,0
2018-07-03,10:50:00,03,0,01,01,01,01,0,363933.6837,5014784.416999999,False,July,1,0,0,0,0,0,0,0,0,1,0,0,0,0,0,0,0,1,0
2018-07-03,11:43:00,03,05,01,01,01,01,0,367175.0888,5014824.02,False,July,1,0,0,0,0,0,0,0,0,0,1,0,0,0,0,0,0,1,0
2018-07-03,11:10:00,03,07,01,01,01,,0,362046.5483,4983719.137,False,July,0,0,0,0,0,0,0,0,1,0,0,0,0,0,0,0,0,1,0
2018-07-03,12:56:00,02,03,01,01,01,01,0,376125.7542,5034853.477,False,July,1,0,0,0,0,0,0,0,0,1,0,0,0,0,0,0,0,1,0
2018-06-30,11:00:00,03,02,01,01,01,,0,369173.3212,5033985.826,False,June,0,0,0,0,0,0,0,0,0,0,0,1,0,0,0,0,0,1,0
2018-07-03,12:45:00,02,05,01,01,01,01,0,360006.5571,5024632.593,False,July,1,0,0,0,0,0,0,0,0,0,1,0,0,0,0,0,0,1,0
2018-07-03,12:47:00,03,02,01,01,01,00,0,365901.5475,5029436.6280000005,False,July,0,1,0,0,0,0,0,0,0,0,1,0,0,0,0,0,0,1,0
2018-07-03,13:10:00,02,01,01,01,01,,0,365951.5291,5028436.065,False,July,0,0,0,0,0,0,0,0,1,0,0,0,0,0,0,0,0,1,0
2018-07-03,13:43:00,03,02,01,01,01,01,0,364356.6393,5029362.534,False,July,0,1,0,0,0,0,0,0,0,0,1,0,0,0,0,0,0,1,0
2018-06-25,,03,06,01,00,01,,0,368276.2783,5032529.925,False,June,0,0,0,0,0,0,0,0,1,0,0,0,0,0,0,0,0,1,0
2018-07-03,16:17:00,03,04,01,01,01,01,0,367352.8651,5021106.616,False,July,0,1,0,0,0,0,0,0,0,1,0,0,0,0,0,0,0,1,0
2018-07-03,16:18:00,03,02,01,01,01,01,0,357158.6366,5005791.401000001,False,July,0,1,0,0,0,0,0,0,0,0,1,0,0,0,0,0,0,1,0
2018-07-03,16:25:00,02,04,01,01,01,,0,367971.9572,5031546.813,False,July,0,0,0,0,0,0,0,0,1,0,0,0,0,0,0,0,0,1,0
2018-07-03,16:20:00,03,04,01,01,01,,0,363198.2659,5025850.45,True,July,0,0,0,0,0,0,0,0,0,0,0,0,0,0,1,0,0,1,0
2018-07-03,16:42:00,02,02,01,01,01,01,0,368008.5885,5030765.561000001,False,July,0,1,0,0,0,0,0,0,0,0,1,0,0,0,0,0,0,1,0
2018-07-03,16:57:00,03,04,01,01,01,01,0,350772.5517,5018945.491,False,July,0,1,0,0,0,0,0,0,0,1,0,0,0,0,0,0,0,1,0
2018-07-03,17:01:00,02,07,01,01,01,01,0,364032.69700000004,5029405.558999999,False,July,0,1,0,0,0,0,0,0,0,0,1,0,0,0,0,0,0,1,0
2018-07-03,15:45:00,03,03,01,01,01,,0,374177.9799,5030685.444,True,July,0,0,0,0,0,0,0,0,1,0,0,0,0,0,0,0,0,1,0
2018-07-01,17:15:00,03,03,01,01,01,01,0,369001.7513,5030560.568,False,July,1,0,0,0,0,0,0,0,0,1,0,0,0,0,0,0,0,1,0
2018-07-03,18:24:00,02,07,01,01,01,,0,345877.9233,5021623.15,False,July,0,0,0,0,0,0,0,0,1,0,0,0,0,0,0,0,0,1,0
2018-07-03,18:39:00,02,03,01,01,01,01,0,371685.9733,5030539.567,False,July,1,0,0,0,0,0,0,0,0,1,0,0,0,0,0,0,0,1,0
2018-07-03,17:00:00,03,04,01,01,01,01,0,351430.0241,5019331.33,False,July,1,0,0,0,0,0,0,0,0,1,0,0,0,0,0,0,0,1,0
2018-07-03,18:30:00,03,03,01,01,01,01,0,364548.7974,5015173.337,False,July,1,0,0,0,0,0,0,0,0,1,0,0,0,0,0,0,0,1,0
2018-07-03,19:32:00,03,03,01,01,01,01,0,368431.5286,5010157.483,False,July,1,0,0,0,0,0,0,0,0,1,0,0,0,0,0,0,0,1,0
2018-07-03,16:30:00,03,03,01,01,01,01,0,365651.7178,5029845.508,False,July,1,0,0,0,0,0,0,0,0,1,0,0,0,0,0,0,0,1,0
2018-07-03,19:39:00,03,06,01,01,01,,0,370195.0258,5024534.044,False,July,0,0,0,0,0,0,0,0,1,0,0,0,0,0,0,0,0,1,0
2018-07-03,20:24:00,02,03,01,01,01,01,0,371291.6875,5023864.495,False,July,1,0,0,0,0,0,0,0,0,0,1,0,0,0,0,0,0,1,0
2018-07-03,21:44:00,03,03,01,07,01,01,0,374579.6452,5027373.574,False,July,0,1,0,0,0,0,0,0,0,1,0,0,0,0,0,0,0,1,0
2018-07-03,23:34:00,03,07,01,07,01,,0,377428.8102,5021787.921,False,July,0,0,0,0,0,0,0,0,1,0,0,0,0,0,0,0,0,1,0
2018-07-04,07:53:00,03,03,01,01,01,01,0,376556.3099,5035056.4,False,July,1,0,0,0,0,0,0,0,0,1,0,0,0,0,0,0,0,1,0
2018-07-04,09:39:00,03,07,01,01,01,,0,367759.4461,5031249.971,False,July,0,0,0,0,0,0,0,0,1,0,0,0,0,0,0,0,0,1,0
2018-07-04,10:08:00,03,03,01,01,01,01,0,370950.6611,5023662.494,False,July,0,1,0,0,0,0,0,0,0,1,0,0,0,0,0,0,0,1,0
2018-07-04,10:38:00,03,06,01,01,01,,0,367624.5891,5029806.318,False,July,0,0,0,0,0,0,0,0,0,0,0,1,0,0,0,0,0,1,0
2018-07-04,10:49:00,02,03,01,01,01,,0,370518.2408,5026668.23,False,July,0,0,0,0,0,0,0,0,1,0,0,0,0,0,0,0,0,1,0
2018-07-04,10:50:00,03,05,01,01,01,01,0,368128.6772,5032748.672,False,July,1,0,0,0,0,0,0,0,0,1,0,0,0,0,0,0,0,1,0
2018-07-04,11:43:00,03,05,01,01,01,01,0,366264.30100000004,5031006.754,False,July,1,0,0,0,0,0,0,0,0,0,1,0,0,0,0,0,0,1,0
2018-07-04,12:00:00,03,06,01,01,01,,0,368498.0668,5030335.5139999995,False,July,0,0,0,0,0,0,0,0,0,0,0,1,0,0,0,0,0,1,0
2018-07-04,12:21:00,03,03,01,01,01,,0,361816.059,5026105.211,False,July,0,0,0,0,0,0,0,0,1,0,0,0,0,0,0,0,0,1,0
2018-07-04,12:52:00,02,05,01,01,01,01,0,363697.6802,5025211.495,False,July,1,0,0,0,0,0,0,0,0,0,1,0,0,0,0,0,0,1,0
2018-07-04,13:31:00,03,04,01,01,01,,0,375529.9039,5028931.223999999,True,July,0,0,0,0,0,0,0,0,1,0,0,0,0,0,0,0,0,1,0