DATE,TIME,CLASS_OF_ACCIDENT,IMPACT_TYPE,ENVIRONMENT,LIGHT,ROAD_SURFACE_CONDITION,TRAFFIC_CONTROL_CONDITION,NO_OF_PEDESTRIANS,X,Y,Highway,Month,categorical_TRAFFIC_CONTROL_01,categorical_TRAFFIC_CONTROL_02,categorical_TRAFFIC_CONTROL_03,categorical_TRAFFIC_CONTROL_04,categorical_TRAFFIC_CONTROL_07,categorical_TRAFFIC_CONTROL_08,categorical_TRAFFIC_CONTROL_09,categorical_TRAFFIC_CONTROL_11,categorical_ACCIDENT_LOCATION_01,categorical_ACCIDENT_LOCATION_02,categorical_ACCIDENT_LOCATION_03,categorical_ACCIDENT_LOCATION_04,categorical_ACCIDENT_LOCATION_05,categorical_ACCIDENT_LOCATION_06,categorical_ACCIDENT_LOCATION_07,categorical_Seasons_Fall,categorical_Seasons_Spring,categorical_Seasons_Summer,categorical_Seasons_Winter
2018-07-03,18:10:00,03,05,01,01,01,01,0,367907.5562,5030188.475,False,July,1,0,0,0,0,0,0,0,0,0,1,0,0,0,0,0,0,1,0
2018-07-04,14:28:00,03,03,01,01,01,01,0,362549.6694,5023770.558,False,July,1,0,0,0,0,0,0,0,0,1,0,0,0,0,0,0,0,1,0
2018-07-04,15:05:00,03,03,01,01,01,01,0,369304.6594,5027894.572,False,July,1,0,0,0,0,0,0,0,0,1,0,0,0,0,0,0,0,1,0
2018-07-04,15:26:00,02,03,01,01,01,,0,362918.7495,5028071.37,False,July,0,0,0,0,0,0,0,0,1,0,0,0,0,0,0,0,0,1,0
2018-07-03,15:44:00,03,03,01,01,01,01,0,368431.7863,5010157.3889999995,False,July,1,0,0,0,0,0,0,0,0,1,0,0,0,0,0,0,0,1,0
2018-07-04,15:49:00,03,04,01,01,01,01,0,367316.7656,5031164.59,False,July,1,0,0,0,0,0,0,0,0,1,0,0,0,0,0,0,0,1,0
2018-07-04,16:08:00,03,04,01,01,01,01,0,367175.3294,5014824.201,False,July,1,0,0,0,0,0,0,0,0,0,1,0,0,0,0,0,0,1,0
2018-07-04,16:16:00,03,04,01,01,01,,0,367615.679,5025882.312,False,July,0,0,0,0,0,0,0,0,1,0,0,0,0,0,0,0,0,1,0
2018-07-04,16:22:00,03,07,01,01,01,,0,337721.0353,5025114.48,False,July,0,0,0,0,0,0,0,0,0,0,0,1,0,0,0,0,0,1,0
2018-07-04,16:37:00,03,02,01,01,01,,0,367095.3654,5031147.8,False,July,0,0,0,0,0,0,0,0,0,0,0,1,0,0,0,0,0,1,0
2018-07-04,17:26:00,03,02,01,01,01,,0,367657.2472,5030893.09,False,July,0,0,0,0,0,0,0,0,0,0,0,1,0,0,0,0,0,1,0
2018-07-04,17:43:00,02,02,01,01,01,01,0,367115.7264,5030568.634,False,July,1,0,0,0,0,0,0,0,0,0,1,0,0,0,0,0,0,1,0
2018-07-04,17:59:00,02,07,01,01,01,,1,368890.7171,5028320.554,False,July,0,0,0,0,0,0,0,0,0,0,1,0,0,0,0,0,0,1,0
2018-07-04,18:17:00,03,04,01,01,01,,0,361135.87200000003,5020982.069,False,July,0,0,0,0,0,0,0,0,1,0,0,0,0,0,0,0,0,1,0
2018-07-04,16:30:00,03,03,01,01,01,01,0,369561.2982,5028415.121,False,July,1,0,0,0,0,0,0,0,0,0,1,0,0,0,0,0,0,1,0
2018-07-04,18:48:00,03,03,01,01,01,00,0,372860.6349,5030578.555,False,July,1,0,0,0,0,0,0,0,0,1,0,0,0,0,0,0,0,1,0
2018-07-04,19:19:00,03,05,01,01,01,,0,367329.2792,5029618.302,False,July,0,0,0,0,0,0,0,0,0,0,0,1,0,0,0,0,0,1,0
2018-07-04,20:16:00,03,04,01,01,01,01,0,349305.7975,5019211.674,False,July,1,0,0,0,0,0,0,0,0,1,0,0,0,0,0,0,0,1,0
2018-07-04,22:58:00,03,07,01,07,08,01,0,354790.6374,5019845.465,False,July,0,1,0,0,0,0,0,0,0,1,0,0,0,0,0,0,0,1,0
2018-07-05,00:18:00,03,07,01,07,01,01,0,375523.5441,5021226.117,False,July,1,0,0,0,0,0,0,0,0,0,1,0,0,0,0,0,0,1,0
2018-07-03,,03,06,01,00,01,,0,365556.5826,5027227.172,False,July,0,0,0,0,0,0,0,0,1,0,0,0,0,0,0,0,0,1,0
2018-07-05,07:40:00,03,04,01,01,01,00,0,360554.8116,5023127.751,False,July,0,1,0,0,0,0,0,0,0,1,0,0,0,0,0,0,0,1,0
2018-07-05,11:07:00,03,02,01,01,01,,0,356773.8469,5015909.683,False,July,0,0,0,0,0,0,0,0,0,0,0,1,0,0,0,0,0,1,0
2018-07-05,11:12:00,03,03,01,01,01,01,0,383951.7977,5036159.603999999,False,July,1,0,0,0,0,0,0,0,0,1,0,0,0,0,0,0,0,1,0
2018-07-05,11:21:00,03,03,01,01,01,01,0,360554.6009,5022893.524,False,July,1,0,0,0,0,0,0,0,0,1,0,0,0,0,0,0,0,1,0
2018-07-05,11:29:00,03,03,01,01,01,01,0,365004.9156,5023385.695,False,July,1,0,0,0,0,0,0,0,0,1,0,0,0,0,0,0,0,1,0
2018-06-28,,03,06,01,00,01,,0,365694.2886,5016131.301,False,June,0,0,0,0,0,0,0,0,1,0,0,0,0,0,0,0,0,1,0
2018-07-14,15:25:00,02,05,01,01,01,01,0,373828.722,5032800.577,False,July,1,0,0,0,0,0,0,0,0,0,1,0,0,0,0,0,0,1,0
2018-07-04,13:32:00,03,02,01,01,01,,0,366725.7153,5025141.517,False,July,0,0,0,0,0,0,0,0,0,1,0,0,0,0,0,0,0,1,0
2018-07-09,04:30:00,03,07,01,07,01,,0,354106.4823,5018675.073,False,July,0,0,0,0,0,0,0,0,1,0,0,0,0,0,0,0,0,1,0
2018-07-14,15:45:00,03,03,01,01,01,01,0,353037.1394,5020013.896000001,True,July,1,0,0,0,0,0,0,0,0,1,0,0,0,0,0,0,0,1,0
2018-07-11,16:44:00,03,03,01,01,01,01,0,349843.6038,5013825.51,False,July,1,0,0,0,0,0,0,0,0,1,0,0,0,0,0,0,0,1,0
2018-07-05,13:34:00,02,04,01,01,01,01,0,370517.5889,5026673.616,False,July,1,0,0,0,0,0,0,0,0,0,1,0,0,0,0,0,0,1,0
2018-07-20,16:22:00,03,01,01,01,01,,0,344519.5215,5003248.352,False,July,0,0,0,0,0,0,0,0,1,0,0,0,0,0,0,0,0,1,0
2018-07-24,13:00:00,03,04,02,01,02,,0,352240.2984,5020842.566000001,False,July,0,0,0,0,0,0,0,0,1,0,0,0,0,0,0,0,0,1,0
2018-07-11,19:14:00,03,05,01,01,01,,0,370148.1639,5025414.656,False,July,0,0,0,0,0,0,0,0,0,1,0,0,0,0,0,0,0,1,0
2018-07-14,16:29:00,03,04,01,01,01,01,0,365421.17,5017106.945,False,July,1,0,0,0,0,0,0,0,0,1,0,0,0,0,0,0,0,1,0
2018-07-05,14:19:00,03,02,01,01,01,01,0,318895.4727,5031715.476,False,July,0,1,0,0,0,0,0,0,0,1,0,0,0,0,0,0,0,1,0
2018-07-09,07:57:00,03,03,01,01,01,01,0,373110.6457,5032376.384,False,July,1,0,0,0,0,0,0,0,0,1,0,0,0,0,0,0,0,1,0
2018-07-27,16:25:00,03,07,02,01,02,,0,375658.5817,5020906.435,False,July,0,0,0,0,0,0,0,0,0,0,0,1,0,0,0,0,0,1,0
2018-07-09,08:35:00,02,03,01,01,01,01,0,374674.8095,5028499.436000001,False,July,1,0,0,0,0,0,0,0,0,1,0,0,0,0,0,0,0,1,0
2018-07-27,17:10:00,03,05,01,01,02,,0,368382.7368,5022830.595,False,July,0,0,0,0,0,0,0,0,1,0,0,0,0,0,0,0,0,1,0
2018-07-14,17:32:00,03,03,01,01,01,,0,367387.5787,5019287.24,False,July,0,0,0,0,0,0,0,0,1,0,0,0,0,0,0,0,0,1,0
2018-07-20,17:13:00,03,05,01,01,01,01,0,362073.0124,5025919.029,False,July,1,0,0,0,0,0,0,0,0,1,0,0,0,0,0,0,0,1,0
2018-07-11,18:10:00,03,03,01,01,01,00,0,359492.6887,5023528.506,False,July,0,1,0,0,0,0,0,0,0,1,0,0,0,0,0,0,0,1,0
2018-07-05,14:41:00,02,02,01,01,01,,0,369751.9051,5027266.38,False,July,0,0,0,0,0,0,0,0,0,0,0,1,0,0,0,0,0,1,0
2018-07-24,15:12:00,02,02,01,01,02,01,0,367102.7051,5031152.588,False,July,1,0,0,0,0,0,0,0,0,0,1,0,0,0,0,0,0,1,0
2018-07-14,17:15:00,03,04,01,01,01,01,0,358635.6648,5021821.565,True,July,1,0,0,0,0,0,0,0,0,1,0,0,0,0,0,0,0,1,0
2018-07-27,14:15:00,03,03,01,01,01,01,0,368082.7115,5030166.562,False,July,1,0,0,0,0,0,0,0,0,1,0,0,0,0,0,0,0,1,0
2018-07-20,15:03:00,03,04,01,01,01,,0,360609.3454,5023642.648,True,July,0,0,0,0,0,0,0,0,1,0,0,0,0,0,0,0,0,1,0
2018-07-05,15:14:00,02,03,01,01,01,01,0,369304.6397,5027894.571,False,July,1,0,0,0,0,0,0,0,0,1,0,0,0,0,0,0,0,1,0
2018-07-09,08:51:00,02,07,01,01,01,01,0,356952.5589,5015485.516,False,July,0,1,0,0,0,0,0,0,0,1,0,0,0,0,0,0,0,1,0
2018-07-14,18:13:00,02,03,01,01,01,,0,373139.6434,5027603.58,False,July,0,0,0,0,0,0,0,0,1,0,0,0,0,0,0,0,0,1,0
2018-07-24,15:16:00,02,03,02,01,02,,0,371769.0351,5027046.358,False,July,0,0,0,0,0,0,0,0,1,0,0,0,0,0,0,0,0,1,0
2018-07-27,18:03:00,03,02,01,01,01,01,0,352053.4484,5013123.4969999995,False,July,0,0,0,0,0,0,0,1,0,0,1,0,0,0,0,0,0,1,0
2018-07-20,17:50:00,03,04,01,01,01,01,0,368239.7287,5029787.614,False,July,1,0,0,0,0,0,0,0,0,0,1,0,0,0,0,0,0,1,0
2018-07-05,15:20:00,02,07,01,01,01,01,0,369653.7193,5027427.547,False,July,1,0,0,0,0,0,0,0,0,0,1,0,0,0,0,0,0,1,0
2018-07-11,18:56:00,03,02,01,01,01,01,0,362815.466,5022618.4180000005,False,July,0,1,0,0,0,0,0,0,0,1,0,0,0,0,0,0,0,1,0
2018-07-14,18:54:00,02,05,01,01,01,01,0,367613.7421,5028938.563,False,July,1,0,0,0,0,0,0,0,0,0,1,0,0,0,0,0,0,1,0
2018-07-24,15:16:00,03,04,01,01,02,01,0,365164.8642,5013549.969,False,July,1,0,0,0,0,0,0,0,0,1,0,0,0,0,0,0,0,1,0
2018-07-20,17:45:00,03,04,01,01,01,01,0,363697.5758,5025211.69,False,July,1,0,0,0,0,0,0,0,0,1,0,0,0,0,0,0,0,1,0
2018-07-05,15:55:00,03,04,01,01,01,,0,367924.5087,5021909.501,False,July,0,0,0,0,0,0,0,0,1,0,0,0,0,0,0,0,0,1,0
2018-07-27,16:40:00,03,03,01,01,01,01,0,367458.7105,5021891.5030000005,False,July,1,0,0,0,0,0,0,0,0,1,0,0,0,0,0,0,0,1,0
2018-07-05,16:14:00,03,02,01,01,01,,0,366516.98600000003,5022065.726,False,July,0,0,0,0,0,0,0,0,0,0,0,1,0,0,0,0,0,1,0
2018-07-09,08:55:00,02,03,01,01,01,,0,364673.8904,5017666.029,False,July,0,0,0,0,0,0,0,0,1,0,0,0,0,0,0,0,0,1,0
2018-07-11,19:09:00,03,04,01,01,01,01,0,366942.6595,5031143.663,False,July,1,0,0,0,0,0,0,0,0,0,1,0,0,0,0,0,0,1,0
2018-07-20,18:05:00,03,05,01,01,01,,0,370022.2353,5033036.547,False,July,0,0,0,0,0,0,0,0,0,0,0,1,0,0,0,0,0,1,0
2018-07-24,15:39:00,03,07,02,01,02,,0,377965.2546,5013497.438,False,July,0,0,0,0,0,0,0,0,1,0,0,0,0,0,0,0,0,1,0
2018-07-14,20:07:00,03,02,01,05,01,01,0,368424.6629,5030779.612,False,July,0,1,0,0,0,0,0,0,0,0,1,0,0,0,0,0,0,1,0
2018-07-24,15:52:00,02,02,02,01,02,,0,352990.8269,5017958.874,False,July,0,0,0,0,0,0,0,0,0,0,0,1,0,0,0,0,0,1,0
2018-07-03,,03,06,01,00,01,,0,366273.7669,5015202.164,False,July,0,0,0,0,0,0,0,0,1,0,0,0,0,0,0,0,0,1,0
2018-07-09,09:04:00,03,02,01,01,01,01,0,373380.1613,5032536.237,False,July,1,0,0,0,0,0,0,0,0,1,0,0,0,0,0,0,0,1,0
2018-07-19,18:50:00,03,04,01,01,01,01,0,359004.8226,5023990.627,False,July,1,0,0,0,0,0,0,0,0,1,0,0,0,0,0,0,0,1,0
2018-07-27,18:19:00,03,05,01,01,01,01,0,372093.7131,5032472.585,False,July,1,0,0,0,0,0,0,0,0,0,1,0,0,0,0,0,0,1,0
2018-07-14,21:15:00,03,02,01,07,01,01,0,374298.8517,5030754.329,True,July,1,0,0,0,0,0,0,0,0,1,0,0,0,0,0,0,0,1,0
2018-07-24,16:05:00,02,02,02,01,02,,0,369000.8351,5027741.772,False,July,0,0,0,0,0,0,0,0,0,0,0,1,0,0,0,0,0,1,0
2018-07-11,20:15:00,02,02,01,01,01,01,0,359338.6991,5024457.2069999995,False,July,0,0,1,0,0,0,0,0,0,0,1,0,0,0,0,0,0,1,0
2018-07-20,19:43:00,03,02,01,01,01,01,0,360245.6792,5024781.512,False,July,1,0,0,0,0,0,0,0,0,0,1,0,0,0,0,0,0,1,0
2018-07-27,19:00:00,03,03,01,01,01,01,0,371608.7371,5024096.506,False,July,1,0,0,0,0,0,0,0,0,1,0,0,0,0,0,0,0,1,0
2018-07-14,21:38:00,03,02,01,07,01,01,0,369037.6226,5032215.522,False,July,0,1,0,0,0,0,0,0,0,0,1,0,0,0,0,0,0,1,0
2018-07-09,07:05:00,03,06,01,01,01,,0,383959.316,5038145.97,False,July,0,0,0,0,0,0,0,0,1,0,0,0,0,0,0,0,0,1,0
2018-07-24,16:11:00,03,07,02,01,02,,0,379974.8776,5036306.726,False,July,0,0,0,0,0,0,0,0,1,0,0,0,0,0,0,0,0,1,0
2018-07-11,20:33:00,02,05,01,05,01,01,0,363933.597,5014784.47,False,July,1,0,0,0,0,0,0,0,0,0,1,0,0,0,0,0,0,1,0
2018-07-20,19:50:00,03,02,01,01,01,01,0,375578.7344,5031439.555,False,July,1,0,0,0,0,0,0,0,0,0,1,0,0,0,0,0,0,1,0
2018-07-25,,03,06,01,00,01,,0,367865.8371,5032780.487,False,July,0,0,0,0,0,0,0,0,1,0,0,0,0,0,0,0,0,1,0
2018-07-27,19:33:00,02,03,01,01,01,,0,359125.2305,5023788.955,False,July,0,0,0,0,0,0,0,0,1,0,0,0,0,0,0,0,0,1,0
2018-07-28,00:02:00,03,07,01,07,01,,0,344802.0387,5010515.008,False,July,0,0,0,0,0,0,0,0,1,0,0,0,0,0,0,0,0,1,0
2018-07-28,00:48:00,03,07,01,07,01,,0,376739.9746,5035454.728,False,July,0,0,0,0,0,0,0,0,1,0,0,0,0,0,0,0,0,1,0
2018-07-28,01:13:00,03,02,01,07,01,01,0,363311.6859,5016194.433,False,July,1,0,0,0,0,0,0,0,0,1,0,0,0,0,0,0,0,1,0
2018-07-28,07:08:00,03,03,01,01,01,01,0,361262.6801,5025424.524,False,July,1,0,0,0,0,0,0,0,0,1,0,0,0,0,0,0,0,1,0
2018-07-28,07:37:00,02,03,01,01,01,01,0,364548.8108,5015173.325,False,July,1,0,0,0,0,0,0,0,0,1,0,0,0,0,0,0,0,1,0
2018-07-28,09:15:00,03,05,01,01,01,01,0,368614.70399999997,5009988.393999999,False,July,0,1,0,0,0,0,0,0,0,0,1,0,0,0,0,0,0,1,0
2018-07-27,17:30:00,03,04,01,01,01,,0,372206.343,5031936.867,False,July,0,0,0,0,0,0,0,0,1,0,0,0,0,0,0,0,0,1,0
2018-07-28,11:13:00,03,07,01,01,01,,0,350297.5657,5015495.739,False,July,0,0,0,0,0,0,0,0,1,0,0,0,0,0,0,0,0,1,0
2018-07-28,11:42:00,03,03,01,01,01,,0,370573.9681,5031651.798,False,July,0,0,0,0,0,0,0,0,1,0,0,0,0,0,0,0,0,1,0
2018-07-28,11:46:00,03,02,01,01,01,01,0,367922.71,5028091.547,False,July,1,0,0,0,0,0,0,0,0,1,0,0,0,0,0,0,0,1,0
2018-07-28,11:53:00,02,02,01,01,01,01,0,354467.594,5015279.886,False,July,0,1,0,0,0,0,0,0,0,0,1,0,0,0,0,0,0,1,0
2018-07-28,12:35:00,03,03,01,01,01,01,0,383183.93,5037977.882,False,July,1,0,0,0,0,0,0,0,0,1,0,0,0,0,0,0,0,1,0
2018-07-27,17:15:00,03,02,01,01,01,01,0,363229.5906,5025774.407,True,July,1,0,0,0,0,0,0,0,0,0,1,0,0,0,0,0,0,1,0
2018-07-28,13:17:00,03,05,01,01,01,01,0,367456.6976,5031652.576,False,July,1,0,0,0,0,0,0,0,0,0,1,0,0,0,0,0,0,1,0
2018-07-05,16:44:00,03,03,01,01,01,00,0,359501.6928,5014636.398,False,July,1,0,0,0,0,0,0,0,0,1,0,0,0,0,0,0,0,1,0
2018-07-25,14:30:00,02,03,02,01,02,01,0,371685.9546,5030539.478999999,False,July,1,0,0,0,0,0,0,0,0,1,0,0,0,0,0,0,0,1,0
2018-07-28,14:45:00,03,03,01,01,01,01,0,368157.6982,5032315.589,False,July,1,0,0,0,0,0,0,0,0,1,0,0,0,0,0,0,0,1,0
2018-07-28,15:31:00,03,04,01,01,01,01,0,367371.9194,5025693.477,False,July,1,0,0,0,0,0,0,0,0,1,0,0,0,0,0,0,0,1,0
2018-07-28,15:51:00,03,02,01,01,01,01,0,365149.7002,5029270.556,False,July,1,0,0,0,0,0,0,0,0,0,1,0,0,0,0,0,0,1,0
2018-07-28,17:05:00,03,03,02,01,02,01,0,383109.755,5035762.563,False,July,0,1,0,0,0,0,0,0,0,1,0,0,0,0,0,0,0,1,0
2018-07-28,17:33:00,03,03,01,01,01,01,0,348757.8592,5018383.547,False,July,0,1,0,0,0,0,0,0,0,1,0,0,0,0,0,0,0,1,0
2018-07-28,17:44:00,02,07,01,01,01,,1,374362.6365,5031502.741,False,July,0,0,0,0,0,0,0,0,1,0,0,0,0,0,0,0,0,1,0
2018-07-28,17:30:00,03,03,01,01,01,01,0,351616.0627,5019224.795,True,July,1,0,0,0,0,0,0,0,0,0,1,0,0,0,0,0,0,1,0
2018-07-28,17:58:00,02,05,01,01,01,01,0,371190.7114,5034783.608,False,July,0,1,0,0,0,0,0,0,0,0,1,0,0,0,0,0,0,1,0
2018-07-28,17:58:00,03,03,01,01,01,01,0,372391.7244,5031742.565,False,July,1,0,0,0,0,0,0,0,0,1,0,0,0,0,0,0,0,1,0
2018-07-28,19:34:00,02,02,01,01,01,01,0,366855.7004,5029922.569,False,July,0,1,0,0,0,0,0,0,0,0,1,0,0,0,0,0,0,1,0
2018-07-28,21:45:00,02,01,02,07,02,,0,373735.6394,5027516.581,False,July,0,0,0,0,0,0,0,0,1,0,0,0,0,0,0,0,0,1,0
2018-07-28,22:00:00,03,03,02,07,02,,0,365752.5423,5025766.331,False,July,0,0,0,0,0,0,0,0,1,0,0,0,0,0,0,0,0,1,0
2018-07-28,22:21:00,03,06,01,07,02,,0,369992.6011,5033020.083000001,False,July,0,0,0,0,0,0,0,0,1,0,0,0,0,0,0,0,0,1,0
2018-07-29,02:09:00,03,06,01,07,01,,0,372113.6597,5025735.441000001,False,July,0,0,0,0,0,0,0,0,0,0,0,1,0,0,0,0,0,1,0
2018-07-29,05:30:00,03,07,01,03,01,,0,379293.3818,5037724.285,False,July,0,0,0,0,0,0,0,0,1,0,0,0,0,0,0,0,0,1,0
2018-07-29,07:46:00,03,07,01,01,01,,0,372960.4635,5000299.553,False,July,0,0,0,0,0,0,0,0,0,0,0,1,0,0,0,0,0,1,0
2018-07-28,,03,06,01,00,01,,0,364531.3423,5016933.2469999995,False,July,0,0,0,0,0,0,0,0,1,0,0,0,0,0,0,0,0,1,0
2018-07-29,09:10:00,03,06,01,01,01,,0,379332.8553,5037709.598999999,False,July,0,0,0,0,0,0,0,0,1,0,0,0,0,0,0,0,0,1,0
2018-07-29,08:30:00,03,02,01,01,01,01,0,369457.723,5023575.516,False,July,0,1,0,0,0,0,0,0,0,0,1,0,0,0,0,0,0,1,0
2018-07-28,08:30:00,03,06,01,01,01,,0,380879.7515,5037629.208000001,False,July,0,0,0,0,0,0,0,0,1,0,0,0,0,0,0,0,0,1,0
2018-07-27,12:06:00,03,02,01,01,01,01,0,372860.7162,5031871.567,False,July,1,0,0,0,0,0,0,0,0,0,1,0,0,0,0,0,0,1,0
2018-07-29,12:31:00,03,05,01,01,01,01,0,354525.794,5016263.675,False,July,1,0,0,0,0,0,0,0,0,0,1,0,0,0,0,0,0,1,0
2018-07-29,12:36:00,02,07,01,01,01,,1,374105.1414,4998023.208000001,False,July,0,0,0,0,0,0,0,0,1,0,0,0,0,0,0,0,0,1,0
2018-07-29,13:28:00,03,0,01,01,01,,0,378713.4117,5014048.942,False,July,0,0,0,0,0,0,0,0,0,0,0,1,0,0,0,0,0,1,0
2018-07-28,13:27:00,03,07,01,01,01,,0,374385.7116,5023963.004,False,July,0,0,0,0,0,0,0,0,1,0,0,0,0,0,0,0,0,1,0
2018-07-29,15:18:00,02,02,01,01,01,01,0,352859.0673,5017840.873,False,July,1,0,0,0,0,0,0,0,0,1,0,0,0,0,0,0,0,1,0
2018-07-27,15:35:00,02,03,01,01,01,01,0,370676.3841,5031611.703,False,July,1,0,0,0,0,0,0,0,0,1,0,0,0,0,0,0,0,1,0
2018-07-29,15:24:00,02,03,01,01,01,01,0,370950.727,5023662.504,False,July,0,1,0,0,0,0,0,0,0,1,0,0,0,0,0,0,0,1,0
2018-07-29,15:52:00,03,03,01,01,01,01,0,374629.7327,5031242.556,False,July,1,0,0,0,0,0,0,0,0,1,0,0,0,0,0,0,0,1,0
2018-07-29,17:14:00,03,06,01,01,01,,0,362778.2124,5028722.816000001,False,July,0,0,0,0,0,0,0,0,1,0,0,0,0,0,0,0,0,1,0
2018-07-29,19:00:00,03,07,02,01,02,,0,368673.8901,5019579.591,False,July,0,0,0,0,0,0,0,0,1,0,0,0,0,0,0,0,0,1,0
2018-07-29,19:22:00,02,05,01,01,02,01,0,367394.7114,5023266.516,False,July,1,0,0,0,0,0,0,0,0,0,1,0,0,0,0,0,0,1,0
2018-07-29,19:27:00,02,03,01,01,02,01,0,363832.1325,5020899.449,False,July,1,0,0,0,0,0,0,0,0,1,0,0,0,0,0,0,0,1,0
2018-07-29,20:52:00,03,07,01,05,01,,0,388907.6347,5013320.921,False,July,0,0,0,0,0,0,0,0,1,0,0,0,0,0,0,0,0,1,0
2018-07-29,12:28:00,03,03,01,01,01,01,0,363670.6914,5021246.488,False,July,1,0,0,0,0,0,0,0,0,1,0,0,0,0,0,0,0,1,0
2018-07-30,06:35:00,03,03,01,01,01,,0,374533.0229,5032644.147,False,July,0,0,0,0,0,0,0,0,1,0,0,0,0,0,0,0,0,1,0
2018-07-30,08:06:00,03,05,01,01,01,01,0,373705.723,5030406.556,False,July,1,0,0,0,0,0,0,0,0,1,0,0,0,0,0,0,0,1,0
2018-07-30,08:55:00,02,05,01,01,01,,0,371950.3029,5024119.8889999995,False,July,0,0,0,0,0,0,0,0,0,0,0,1,0,0,0,0,0,1,0
2018-07-30,09:00:00,02,03,01,01,01,,0,355397.386,5016989.575,False,July,0,0,0,0,0,0,0,0,1,0,0,0,0,0,0,0,0,1,0
2018-07-30,09:03:00,03,04,01,01,01,01,0,368075.783,5031624.523,False,July,1,0,0,0,0,0,0,0,0,1,0,0,0,0,0,0,0,1,0
2018-07-30,10:02:00,02,05,01,01,01,01,0,364858.6995,5023725.51,False,July,1,0,0,0,0,0,0,0,0,0,1,0,0,0,0,0,0,1,0
2018-07-24,,03,06,01,00,01,,0,374487.652,5029874.755,False,July,0,0,0,0,0,0,0,0,1,0,0,0,0,0,0,0,0,1,0
2018-07-30,11:52:00,02,03,01,01,01,,0,364530.3047,5024487.465,False,July,0,0,0,0,0,0,0,0,1,0,0,0,0,0,0,0,0,1,0
2018-07-30,12:08:00,03,04,01,01,01,00,0,365382.7324,5013223.302,False,July,0,0,0,0,0,0,0,1,0,0,1,0,0,0,0,0,0,1,0
2018-07-30,12:41:00,03,05,01,01,01,,0,370087.7374,5026603.485,False,July,0,0,0,0,0,0,0,0,0,0,0,1,0,0,0,0,0,1,0
2018-07-30,13:09:00,02,05,01,01,01,,0,367085.1586,5031141.665,False,July,0,0,0,0,0,0,0,0,0,0,0,1,0,0,0,0,0,1,0
2018-07-30,13:13:00,03,07,01,01,01,,0,373553.7332,5032637.234,False,July,0,0,0,0,0,0,0,0,1,0,0,0,0,0,0,0,0,1,0
2018-07-30,13:34:00,03,02,01,01,01,01,0,363056.6894,5022730.494,False,July,1,0,0,0,0,0,0,0,0,1,0,0,0,0,0,0,0,1,0
2018-07-30,13:56:00,03,05,01,01,01,01,0,361294.6671,5015664.442,False,July,1,0,0,0,0,0,0,0,0,0,1,0,0,0,0,0,0,1,0
2018-07-28,,03,06,01,00,01,,0,364492.189,5016643.961,False,July,0,0,0,0,0,0,0,0,1,0,0,0,0,0,0,0,0,1,0
2018-07-30,14:30:00,03,03,01,01,01,01,0,374507.7231,5033198.575,False,July,1,0,0,0,0,0,0,0,0,1,0,0,0,0,0,0,0,1,0
2018-07-30,14:47:00,02,03,01,01,01,,0,375540.542,5026418.992,False,July,0,0,0,0,0,0,0,0,1,0,0,0,0,0,0,0,0,1,0
2018-07-29,11:55:00,03,02,01,01,01,01,0,370826.7138,5033474.592,False,July,1,0,0,0,0,0,0,0,0,0,1,0,0,0,0,0,0,1,0
2018-07-30,15:29:00,03,04,01,01,01,01,0,367252.7086,5029796.567,False,July,1,0,0,0,0,0,0,0,0,1,0,0,0,0,0,0,0,1,0
2018-07-30,15:40:00,03,03,01,01,01,01,0,370337.8519,5025947.735,False,July,1,0,0,0,0,0,0,0,0,1,0,0,0,0,0,0,0,1,0
2018-07-30,15:48:00,02,03,01,01,01,01,0,369672.7167,5028555.55,False,July,0,1,0,0,0,0,0,0,0,1,0,0,0,0,0,0,0,1,0
2018-07-28,17:10:00,03,06,01,01,01,,0,367131.5247,5030963.666,False,July,0,0,0,0,0,0,0,0,1,0,0,0,0,0,0,0,0,1,0
2018-07-30,16:25:00,02,05,01,01,01,00,0,364205.6887,5029269.556,False,July,0,1,0,0,0,0,0,0,0,0,1,0,0,0,0,0,0,1,0
2018-07-30,16:31:00,02,06,01,01,01,,0,365952.8921,5028853.11,False,July,0,0,0,0,0,0,0,0,1,0,0,0,0,0,0,0,0,1,0
2018-07-30,17:09:00,02,02,01,01,01,01,0,352993.6003,5012174.405,False,July,0,1,0,0,0,0,0,0,0,0,1,0,0,0,0,0,0,1,0
2018-07-30,17:17:00,03,02,01,01,01,,0,366043.7564,5022200.306,False,July,0,0,0,0,0,0,0,0,1,0,0,0,0,0,0,0,0,1,0
2018-07-30,17:26:00,03,03,01,01,01,01,0,369249.7094,5032859.592,False,July,1,0,0,0,0,0,0,0,0,1,0,0,0,0,0,0,0,1,0
2018-07-30,17:36:00,02,03,01,01,01,01,0,394616.8115,5043035.555,False,July,0,1,0,0,0,0,0,0,0,1,0,0,0,0,0,0,0,1,0
2018-07-30,17:45:00,03,03,01,01,01,01,0,349902.5755,5013759.428,False,July,0,1,0,0,0,0,0,0,0,1,0,0,0,0,0,0,0,1,0
2018-07-11,20:40:00,03,06,01,05,01,,0,368785.7587,5029379.613,False,July,0,0,0,0,0,0,0,0,0,0,1,0,0,0,0,0,0,1,0
2018-07-14,21:44:00,03,02,01,07,01,01,0,374634.76700000005,5032991.54,False,July,1,0,0,0,0,0,0,0,0,0,1,0,0,0,0,0,0,1,0
2018-07-24,16:25:00,02,03,02,01,02,01,0,366873.7066,5026438.532,False,July,1,0,0,0,0,0,0,0,0,1,0,0,0,0,0,0,0,1,0
2018-07-20,20:08:00,03,03,01,01,01,01,0,365612.6951,5021942.498,False,July,1,0,0,0,0,0,0,0,0,1,0,0,0,0,0,0,0,1,0