DATE,TIME,CLASS_OF_ACCIDENT,IMPACT_TYPE,ENVIRONMENT,LIGHT,ROAD_SURFACE_CONDITION,TRAFFIC_CONTROL_CONDITION,NO_OF_PEDESTRIANS,X,Y,Highway,Month,categorical_TRAFFIC_CONTROL_01,categorical_TRAFFIC_CONTROL_02,categorical_TRAFFIC_CONTROL_03,categorical_TRAFFIC_CONTROL_04,categorical_TRAFFIC_CONTROL_07,categorical_TRAFFIC_CONTROL_08,categorical_TRAFFIC_CONTROL_09,categorical_TRAFFIC_CONTROL_11,categorical_ACCIDENT_LOCATION_01,categorical_ACCIDENT_LOCATION_02,categorical_ACCIDENT_LOCATION_03,categorical_ACCIDENT_LOCATION_04,categorical_ACCIDENT_LOCATION_05,categorical_ACCIDENT_LOCATION_06,categorical_ACCIDENT_LOCATION_07,categorical_Seasons_Fall,categorical_Seasons_Spring,categorical_Seasons_Summer,categorical_Seasons_Winter
2018-07-11,21:31:00,03,03,01,07,01,01,0,364358.402,5024890.586,False,July,1,0,0,0,0,0,0,0,0,1,0,0,0,0,0,0,0,1,0
2018-07-09,10:39:00,03,02,01,01,01,01,0,371033.7341,5026354.575,False,July,1,0,0,0,0,0,0,0,0,1,0,0,0,0,0,0,0,1,0
2018-07-14,21:45:00,03,07,01,07,01,,0,376322.6199,5031813.1680000005,False,July,0,0,0,0,0,0,0,0,1,0,0,0,0,0,0,0,0,1,0
2018-07-24,16:48:00,03,03,02,01,02,01,0,363419.6893,5021826.487,False,July,1,0,0,0,0,0,0,0,0,1,0,0,0,0,0,0,0,1,0
2018-07-20,20:41:00,03,0,01,05,01,,0,352293.052,5017991.341,False,July,0,0,0,0,0,0,0,0,1,0,0,0,0,0,0,0,0,1,0
2018-07-04,19:52:00,03,05,01,01,01,,0,368471.1731,5032292.268999999,False,July,0,0,0,0,0,0,0,0,0,0,0,1,0,0,0,0,0,1,0
2018-07-15,03:01:00,02,02,01,07,01,01,0,364275.6891,5027493.59,False,July,1,0,0,0,0,0,0,0,0,0,1,0,0,0,0,0,0,1,0
2018-07-24,16:59:00,03,03,02,01,02,01,0,365235.6997,5021732.495,False,July,1,0,0,0,0,0,0,0,0,1,0,0,0,0,0,0,0,1,0
2018-07-11,21:41:00,03,04,01,07,01,00,0,379860.7552,5036471.55,False,July,0,0,0,0,0,0,0,1,0,0,1,0,0,0,0,0,0,1,0
2018-07-09,11:21:00,03,03,01,01,01,01,0,361294.6776,5015664.392,False,July,1,0,0,0,0,0,0,0,0,1,0,0,0,0,0,0,0,1,0
2018-07-20,21:54:00,03,02,01,07,01,01,0,369470.7144,5033730.606000001,False,July,0,1,0,0,0,0,0,0,0,0,1,0,0,0,0,0,0,1,0
2018-07-05,16:58:00,03,04,01,01,01,01,0,367613.7265,5028938.476,False,July,1,0,0,0,0,0,0,0,0,1,0,0,0,0,0,0,0,1,0
2018-07-15,05:19:00,02,07,01,03,01,,0,344068.2151,5023478.919,False,July,0,0,0,0,0,0,0,0,1,0,0,0,0,0,0,0,0,1,0
2018-07-24,16:45:00,03,03,02,01,02,01,0,363419.69,5021826.487,False,July,1,0,0,0,0,0,0,0,0,1,0,0,0,0,0,0,0,1,0
2018-07-12,06:32:00,02,02,01,01,01,01,0,362942.6112,5026488.6280000005,False,July,1,0,0,0,0,0,0,0,0,0,1,0,0,0,0,0,0,1,0
2018-07-09,11:15:00,02,03,01,01,01,01,0,371545.727,5033817.677,False,July,1,0,0,0,0,0,0,0,0,1,0,0,0,0,0,0,0,1,0
2018-07-20,22:08:00,03,03,01,07,01,,0,377187.8994,5027556.942,False,July,0,0,0,0,0,0,0,0,1,0,0,0,0,0,0,0,0,1,0
2018-07-20,22:51:00,03,03,01,07,01,,0,350895.9945,5018610.9569999995,True,July,0,0,0,0,0,0,0,0,0,1,0,0,0,0,0,0,0,1,0
2018-07-21,00:15:00,03,03,01,07,01,01,0,368042.7192,5032503.605,False,July,1,0,0,0,0,0,0,0,0,1,0,0,0,0,0,0,0,1,0
2018-07-21,02:42:00,02,07,01,07,01,,1,373424.6621,5034499.268999999,False,July,0,0,0,0,0,0,0,0,1,0,0,0,0,0,0,0,0,1,0
2018-07-21,09:33:00,03,02,01,01,01,01,0,384682.6986,5039285.553,False,July,0,0,0,0,0,0,0,1,0,0,1,0,0,0,0,0,0,1,0
2018-07-21,10:13:00,03,03,01,01,01,00,0,368943.6643,5028262.603,False,July,1,0,0,0,0,0,0,0,0,1,0,0,0,0,0,0,0,1,0
2018-07-20,11:24:00,03,06,01,01,01,,0,362032.1844,5023234.863,False,July,0,0,0,0,0,0,0,0,0,0,0,1,0,0,0,0,0,1,0
2018-07-21,09:00:00,03,03,01,01,01,01,0,339963.4742,5003788.446,True,July,0,1,0,0,0,0,0,0,0,0,1,0,0,0,0,0,0,1,0
2018-07-21,13:01:00,02,07,01,01,08,,0,384111.9847,5026931.223999999,False,July,0,0,0,0,0,0,0,0,1,0,0,0,0,0,0,0,0,1,0
2018-07-21,13:03:00,03,03,01,01,01,01,0,368739.7069,5032034.583000001,False,July,1,0,0,0,0,0,0,0,0,1,0,0,0,0,0,0,0,1,0
2018-07-21,13:45:00,03,02,01,01,01,01,0,368891.7154,5030816.574,False,July,1,0,0,0,0,0,0,0,0,0,1,0,0,0,0,0,0,1,0
2018-07-20,17:40:00,03,02,01,01,01,01,0,368367.6417,5029476.594,False,July,0,1,0,0,0,0,0,0,0,0,1,0,0,0,0,0,0,1,0
2018-07-21,17:29:00,03,02,01,01,01,01,0,370802.0785,5031015.908,True,July,1,0,0,0,0,0,0,0,0,0,1,0,0,0,0,0,0,1,0
2018-07-21,17:59:00,03,03,01,01,01,01,0,364358.7036,5024890.513,False,July,1,0,0,0,0,0,0,0,0,1,0,0,0,0,0,0,0,1,0
2018-07-21,15:30:00,03,04,01,01,01,00,0,384682.7292,5039285.451,False,July,0,0,0,0,0,0,0,1,0,0,1,0,0,0,0,0,0,1,0
2018-07-21,19:29:00,03,07,01,01,01,,0,349563.2068,5014881.66,False,July,0,0,0,0,0,0,0,0,1,0,0,0,0,0,0,0,0,1,0
2018-07-21,16:20:00,02,04,01,01,01,,0,365582.8183,5029739.022,False,July,0,0,0,0,0,0,0,0,1,0,0,0,0,0,0,0,0,1,0
2018-07-21,22:30:00,03,03,01,07,01,01,0,358635.6185,5021821.507,True,July,1,0,0,0,0,0,0,0,0,1,0,0,0,0,0,0,0,1,0
2018-07-21,22:48:00,03,07,01,07,01,01,0,364172.209,5014944.572,False,July,1,0,0,0,0,0,0,0,0,0,1,0,0,0,0,0,0,1,0
2018-07-22,00:03:00,03,02,01,07,01,01,0,360006.67600000004,5024632.528,False,July,1,0,0,0,0,0,0,0,0,0,1,0,0,0,0,0,0,1,0
2018-07-22,03:06:00,03,03,01,07,01,01,0,368119.6575,5031271.634,False,July,1,0,0,0,0,0,0,0,0,1,0,0,0,0,0,0,0,1,0
2018-07-22,10:43:00,02,07,02,01,02,01,1,365051.6947,5023901.507,False,July,1,0,0,0,0,0,0,0,0,0,1,0,0,0,0,0,0,1,0
2018-07-22,11:40:00,03,02,02,01,02,01,0,365164.8642,5013549.969,False,July,1,0,0,0,0,0,0,0,0,0,1,0,0,0,0,0,0,1,0
2018-07-20,17:50:00,03,03,01,01,01,01,0,370950.727,5023662.504,False,July,0,1,0,0,0,0,0,0,0,1,0,0,0,0,0,0,0,1,0
2018-07-22,12:16:00,02,03,01,01,01,01,0,372146.7169,5034108.5819999995,False,July,1,0,0,0,0,0,0,0,0,1,0,0,0,0,0,0,0,1,0
2018-07-22,12:39:00,03,03,02,01,02,01,0,365612.8239,5021942.539,False,July,1,0,0,0,0,0,0,0,0,1,0,0,0,0,0,0,0,1,0
2018-07-22,12:42:00,03,02,02,01,02,01,0,365149.701,5028648.556,False,July,0,1,0,0,0,0,0,0,0,0,1,0,0,0,0,0,0,1,0
2018-07-22,12:54:00,03,05,01,01,01,01,0,365350.4411,5023324.219,False,July,0,1,0,0,0,0,0,0,0,0,1,0,0,0,0,0,0,1,0
2018-07-22,13:05:00,03,03,01,01,01,01,0,366768.66,5029850.581,False,July,1,0,0,0,0,0,0,0,0,1,0,0,0,0,0,0,0,1,0
2018-07-22,12:36:00,03,04,01,01,01,01,0,362206.6924,5024626.528,True,July,0,0,1,0,0,0,0,0,0,1,0,0,0,0,0,0,0,1,0
2018-07-22,16:12:00,03,05,01,01,01,01,0,367907.7075,5030188.563999999,False,July,1,0,0,0,0,0,0,0,0,0,1,0,0,0,0,0,0,1,0
2018-07-22,16:52:00,02,04,01,01,01,,0,368715.9135,5025873.075,False,July,0,0,0,0,0,0,0,0,1,0,0,0,0,0,0,0,0,1,0
2018-07-22,18:44:00,03,07,01,01,01,01,0,364389.4427,5017504.46,False,July,0,0,0,0,0,1,0,0,0,0,0,0,1,0,0,0,0,1,0
2018-07-22,05:30:00,03,04,01,03,01,,0,368624.3397,5032541.302,False,July,0,0,0,0,0,0,0,0,1,0,0,0,0,0,0,0,0,1,0
2018-07-22,19:29:00,02,02,01,01,01,01,0,371145.7092,5034781.597,False,July,1,0,0,0,0,0,0,0,0,0,1,0,0,0,0,0,0,1,0
2018-07-22,19:53:00,02,05,01,01,01,01,0,368859.7035,5030914.575,False,July,0,1,0,0,0,0,0,0,0,0,1,0,0,0,0,0,0,1,0
2018-07-22,19:53:00,03,04,02,01,02,,0,366534.78799999994,5029610.362,False,July,0,0,0,0,0,0,0,0,1,0,0,0,0,0,0,0,0,1,0
2018-07-22,22:13:00,02,07,02,07,02,,1,368214.0011,5032706.068,False,July,0,0,0,0,0,0,0,0,1,0,0,0,0,0,0,0,0,1,0
2018-07-23,08:07:00,03,03,01,01,01,,0,363878.9372,5021383.15,False,July,0,0,0,0,0,0,0,0,1,0,0,0,0,0,0,0,0,1,0
2018-07-23,08:58:00,03,05,01,01,01,01,0,368227.7011,5032046.573,False,July,1,0,0,0,0,0,0,0,0,0,1,0,0,0,0,0,0,1,0
2018-07-23,09:02:00,02,04,01,01,01,,0,369347.7352,5032920.054,False,July,0,0,0,0,0,0,0,0,1,0,0,0,0,0,0,0,0,1,0
2018-07-23,09:13:00,03,03,01,01,01,01,0,367458.7101,5021891.5030000005,False,July,1,0,0,0,0,0,0,0,0,1,0,0,0,0,0,0,0,1,0
2018-07-23,09:30:00,03,03,01,01,01,01,0,372748.7198,5032170.586,False,July,1,0,0,0,0,0,0,0,0,1,0,0,0,0,0,0,0,1,0
2018-07-23,09:36:00,02,02,01,01,01,01,0,384072.7626,5035874.563999999,False,July,1,0,0,0,0,0,0,0,0,0,1,0,0,0,0,0,0,1,0
2018-07-23,,03,06,01,00,01,,0,360477.21200000006,5025637.549,False,July,0,0,0,0,0,0,0,0,1,0,0,0,0,0,0,0,0,1,0
2018-07-23,08:40:00,03,04,01,01,01,01,0,372305.6744,5031951.552,False,July,1,0,0,0,0,0,0,0,0,1,0,0,0,0,0,0,0,1,0
2018-07-20,16:35:00,03,03,01,01,01,01,0,365085.1498,5017903.191000001,False,July,1,0,0,0,0,0,0,0,0,1,0,0,0,0,0,0,0,1,0
2018-07-20,17:00:00,03,03,01,01,01,01,0,364233.6832,5019974.478,False,July,1,0,0,0,0,0,0,0,0,1,0,0,0,0,0,0,0,1,0
2018-07-23,12:38:00,02,07,01,01,01,01,1,370419.7085,5033261.591,False,July,1,0,0,0,0,0,0,0,0,0,1,0,0,0,0,0,0,1,0
2018-07-23,12:47:00,03,05,01,01,01,01,0,368384.7164,5030844.568,False,July,1,0,0,0,0,0,0,0,0,0,1,0,0,0,0,0,0,1,0
2018-07-20,,03,06,01,00,01,,0,367935.3669,5030722.674,False,July,0,0,0,0,0,0,0,0,1,0,0,0,0,0,0,0,0,1,0
2018-07-23,13:39:00,03,0,01,01,01,01,0,369178.7981,5031334.745,False,July,1,0,0,0,0,0,0,0,0,1,0,0,0,0,0,0,0,1,0
2018-07-23,14:15:00,03,03,01,01,01,01,0,367948.5741,5031549.557,False,July,1,0,0,0,0,0,0,0,0,1,0,0,0,0,0,0,0,1,0
2018-07-23,14:34:00,03,05,01,01,01,01,0,359058.6721,5022748.496,False,July,1,0,0,0,0,0,0,0,0,0,1,0,0,0,0,0,0,1,0
2018-07-23,11:52:00,03,07,01,01,01,,0,373938.2414,5031479.52,False,July,0,0,0,0,0,0,0,0,1,0,0,0,0,0,0,0,0,1,0
2018-07-23,15:01:00,03,04,01,01,01,00,0,365235.5903,5021732.646000001,False,July,1,0,0,0,0,0,0,0,0,1,0,0,0,0,0,0,0,1,0
2018-07-23,15:09:00,03,03,02,01,02,,0,353522.3636,5015685.088,False,July,0,0,0,0,0,0,0,0,1,0,0,0,0,0,0,0,0,1,0
2018-07-23,,03,06,01,00,01,,0,355013.0311,5017706.171,False,July,0,0,0,0,0,0,0,0,1,0,0,0,0,0,0,0,0,1,0
2018-07-23,16:44:00,02,05,01,01,02,,0,351959.4934,5022485.084,False,July,0,0,0,0,0,0,0,0,0,0,0,1,0,0,0,0,0,1,0
2018-07-23,16:46:00,03,04,01,01,01,01,0,361934.6841,5025830.528,False,July,1,0,0,0,0,0,0,0,0,0,1,0,0,0,0,0,0,1,0
2018-07-23,16:55:00,03,06,01,01,01,,0,366582.7818,5029500.623,False,July,0,0,0,0,0,0,0,0,1,0,0,0,0,0,0,0,0,1,0
2018-07-23,16:56:00,03,03,01,01,01,01,0,362489.6835,5013843.416999999,False,July,0,1,0,0,0,0,0,0,0,1,0,0,0,0,0,0,0,1,0
2018-07-23,17:05:00,02,03,02,01,02,01,0,369480.7196,5029416.56,False,July,0,1,0,0,0,0,0,0,0,1,0,0,0,0,0,0,0,1,0
2018-07-23,17:27:00,03,03,01,01,01,01,0,362670.6928,5022576.499,False,July,1,0,0,0,0,0,0,0,0,1,0,0,0,0,0,0,0,1,0
2018-07-23,17:25:00,03,04,01,01,01,01,0,376125.7303,5034853.574,False,July,1,0,0,0,0,0,0,0,0,1,0,0,0,0,0,0,0,1,0
2018-07-23,17:29:00,03,03,02,01,02,01,0,351616.06299999997,5019224.794,True,July,1,0,0,0,0,0,0,0,0,1,0,0,0,0,0,0,0,1,0
2018-07-23,17:50:00,03,03,02,01,02,01,0,372093.713,5032472.585,False,July,1,0,0,0,0,0,0,0,0,1,0,0,0,0,0,0,0,1,0
2018-07-23,18:25:00,03,02,02,01,02,01,0,375129.7456,5026189.518,False,July,1,0,0,0,0,0,0,0,0,1,0,0,0,0,0,0,0,1,0
2018-07-23,18:33:00,03,02,02,01,02,01,0,364521.6984,5024507.526000001,False,July,1,0,0,0,0,0,0,0,0,0,1,0,0,0,0,0,0,1,0
2018-07-23,17:30:00,03,03,01,01,02,01,0,383540.8217,5035988.574,False,July,1,0,0,0,0,0,0,0,0,1,0,0,0,0,0,0,0,1,0
2018-07-23,18:59:00,02,03,01,01,01,01,0,363775.6955,5027013.538,False,July,1,0,0,0,0,0,0,0,0,1,0,0,0,0,0,0,0,1,0
2018-07-23,19:40:00,03,04,02,01,02,,0,368537.1418,5032686.061000001,False,July,0,0,0,0,0,0,0,0,1,0,0,0,0,0,0,0,0,1,0
2018-07-23,20:29:00,03,07,02,05,02,,0,376502.7448,5035100.26,False,July,0,0,0,0,0,0,0,0,1,0,0,0,0,0,0,0,0,1,0
2018-07-23,21:16:00,03,02,01,05,01,01,0,376402.725,5034982.597,False,July,1,0,0,0,0,0,0,0,0,0,1,0,0,0,0,0,0,1,0
2018-07-23,22:20:00,03,05,02,07,02,01,0,373396.8134,5026308.534,False,July,1,0,0,0,0,0,0,0,0,1,0,0,0,0,0,0,0,1,0
2018-07-23,23:52:00,03,07,02,07,02,01,0,381391.7378,5038030.591,False,July,1,0,0,0,0,0,0,0,0,0,1,0,0,0,0,0,0,1,0
2018-07-15,06:49:00,02,02,01,01,01,01,0,368550.7196,5032340.535,False,July,1,0,0,0,0,0,0,0,0,0,1,0,0,0,0,0,0,1,0
2018-07-05,17:01:00,02,07,01,01,01,01,0,368448.7063,5030399.563999999,True,July,1,0,0,0,0,0,0,0,0,0,1,0,0,0,0,0,0,1,0
2018-07-09,11:30:00,03,02,01,01,01,01,0,370130.8399,5033636.623,False,July,0,1,0,0,0,0,0,0,0,0,1,0,0,0,0,0,0,1,0
2018-07-15,07:30:00,03,03,01,01,01,01,0,381519.6521,5038374.386,False,July,1,0,0,0,0,0,0,0,0,1,0,0,0,0,0,0,0,1,0
2018-07-12,08:30:00,03,06,01,01,01,,0,366429.9142,5029951.569,False,July,0,0,0,0,0,0,0,0,0,0,0,1,0,0,0,0,0,1,0
2018-07-09,12:20:00,03,04,01,01,01,01,0,363453.6349,5028441.675,False,July,1,0,0,0,0,0,0,0,0,1,0,0,0,0,0,0,0,1,0
2018-07-05,17:26:00,03,02,01,01,01,01,0,390200.8268,5032047.557,False,July,0,1,0,0,0,0,0,0,0,0,1,0,0,0,0,0,0,1,0
2018-07-24,17:43:00,03,04,02,01,02,,0,367056.0108,5031123.54,False,July,0,0,0,0,0,0,0,0,0,0,0,1,0,0,0,0,0,1,0
2018-07-12,08:36:00,02,03,01,01,01,,0,365139.6852,5025378.384,False,July,0,0,0,0,0,0,0,0,1,0,0,0,0,0,0,0,0,1,0
2018-07-15,08:27:00,03,02,01,01,01,01,0,371291.7747,5023864.56,False,July,1,0,0,0,0,0,0,0,0,1,0,0,0,0,0,0,0,1,0
2018-07-05,17:27:00,03,03,01,01,01,01,0,381117.7101,5036286.512,False,July,1,0,0,0,0,0,0,0,0,1,0,0,0,0,0,0,0,1,0
2018-07-09,13:08:00,02,03,01,01,01,01,0,370750.6302,5032749.593,False,July,1,0,0,0,0,0,0,0,0,0,1,0,0,0,0,0,0,1,0
2018-07-24,18:39:00,03,03,02,01,02,01,0,350248.5836,5013331.416999999,False,July,1,0,0,0,0,0,0,0,0,1,0,0,0,0,0,0,0,1,0
2018-07-12,07:45:00,03,04,01,01,01,03,0,379860.7941,5036471.656,False,July,0,0,0,0,0,0,0,1,0,0,1,0,0,0,0,0,0,1,0
2018-07-14,,03,06,01,00,01,,0,385943.9907,5037083.258,False,July,0,0,0,0,0,0,0,0,1,0,0,0,0,0,0,0,0,1,0
2018-07-05,17:46:00,03,05,01,01,01,,0,367800.101,5031962.903,False,July,0,0,0,0,0,0,0,0,0,0,0,1,0,0,0,0,0,1,0
2018-07-24,,03,06,01,00,01,,0,367282.4201,5031450.935,False,July,0,0,0,0,0,0,0,0,1,0,0,0,0,0,0,0,0,1,0
2018-07-08,18:30:00,03,04,01,01,01,01,0,369561.1698,5028415.045,False,July,1,0,0,0,0,0,0,0,0,1,0,0,0,0,0,0,0,1,0
2018-07-12,09:53:00,02,02,01,01,01,,0,361270.05799999996,5022985.185,False,July,0,0,0,0,0,0,0,0,0,0,0,1,0,0,0,0,0,1,0
2018-07-15,09:15:00,03,07,01,01,01,,0,354019.87200000003,5015416.886,False,July,0,0,0,0,0,0,0,0,1,0,0,0,0,0,0,0,0,1,0
2018-07-05,17:45:00,02,02,01,01,01,,0,363076.4257,5024091.782,False,July,0,0,0,0,0,0,0,0,0,0,0,1,0,0,0,0,0,1,0
2018-07-24,19:10:00,03,02,01,01,01,01,0,371523.7214,5031641.563999999,False,July,1,0,0,0,0,0,0,0,0,0,1,0,0,0,0,0,0,1,0
2018-07-09,15:50:00,02,07,01,01,01,00,1,372595.5832,5031241.578,False,July,1,0,0,0,0,0,0,0,0,0,1,0,0,0,0,0,0,1,0
2018-07-12,10:08:00,03,04,01,01,01,01,0,362291.2665,5013545.364,False,July,1,0,0,0,0,0,0,0,0,1,0,0,0,0,0,0,0,1,0
2018-07-12,10:51:00,03,03,01,01,01,01,0,383352.7044,5037568.217,False,July,1,0,0,0,0,0,0,0,0,1,0,0,0,0,0,0,0,1,0
2018-07-12,11:34:00,03,03,01,01,01,01,0,373763.6489,5025404.656,False,July,1,0,0,0,0,0,0,0,0,1,0,0,0,0,0,0,0,1,0
2018-07-12,11:57:00,03,04,01,01,01,01,0,367664.7393,5031877.591,False,July,1,0,0,0,0,0,0,0,0,1,0,0,0,0,0,0,0,1,0
2018-07-12,12:40:00,03,02,01,01,01,,0,365752.2301,5022735.19,False,July,0,0,0,0,0,0,0,0,1,0,0,0,0,0,0,0,0,1,0
2018-07-12,12:51:00,03,02,01,01,01,,0,367917.2396,5030561.303,False,July,0,0,0,0,0,0,0,0,0,0,0,1,0,0,0,0,0,1,0
2018-07-11,11:15:00,03,06,01,01,01,,0,369991.1596,5028425.316000001,False,July,0,0,0,0,0,0,0,0,1,0,0,0,0,0,0,0,0,1,0
2018-07-12,13:21:00,03,06,01,01,01,,0,365617.902,5029855.451,False,July,0,0,0,0,0,0,0,0,1,0,0,0,0,0,0,0,0,1,0
2018-07-12,12:50:00,03,03,01,01,01,00,0,348795.2,5022408.413,False,July,1,0,0,0,0,0,0,0,0,1,0,0,0,0,0,0,0,1,0
2018-07-12,13:05:00,03,07,01,01,01,01,0,373828.7226,5032800.576,False,July,1,0,0,0,0,0,0,0,0,1,0,0,0,0,0,0,0,1,0
2018-07-12,09:00:00,02,05,01,01,01,,0,366886.8213,5030909.681,False,July,0,0,0,0,0,0,0,0,0,0,0,1,0,0,0,0,0,1,0
2018-07-12,16:19:00,02,07,01,01,01,01,1,370540.8759,5025499.972,False,July,1,0,0,0,0,0,0,0,0,0,1,0,0,0,0,0,0,1,0
2018-07-12,14:45:00,03,04,01,01,01,00,0,369605.7633,5025515.523,False,July,1,0,0,0,0,0,0,0,0,1,0,0,0,0,0,0,0,1,0
2018-07-12,15:12:00,03,0,01,01,01,,0,362906.1456,5027310.05,False,July,0,0,0,0,0,0,0,0,1,0,0,0,0,0,0,0,0,1,0
2018-07-12,15:36:00,03,03,01,01,01,01,0,359358.6377,5024199.4969999995,False,July,0,1,0,0,0,0,0,0,0,1,0,0,0,0,0,0,0,1,0
2018-07-12,15:57:00,02,05,01,01,01,,0,369169.9931,5030164.336,False,July,0,0,0,0,0,0,0,0,0,0,0,1,0,0,0,0,0,1,0
2018-07-12,16:00:00,02,02,01,01,01,01,0,354726.9653,5016855.161,False,July,0,1,0,0,0,0,0,0,0,0,1,0,0,0,0,0,0,1,0
2018-07-12,16:00:00,03,03,01,01,01,01,0,351553.776,5017864.47,False,July,1,0,0,0,0,0,0,0,0,0,1,0,0,0,0,0,0,1,0
2018-07-12,16:28:00,03,03,01,01,01,01,0,371523.7392,5031641.615,False,July,1,0,0,0,0,0,0,0,0,1,0,0,0,0,0,0,0,1,0
2018-07-12,16:33:00,03,03,01,01,01,01,0,369995.6184,5026851.526000001,False,July,1,0,0,0,0,0,0,0,0,1,0,0,0,0,0,0,0,1,0
2018-07-12,17:22:00,03,03,01,01,01,01,0,350186.6257,5015396.4569999995,False,July,1,0,0,0,0,0,0,0,0,1,0,0,0,0,0,0,0,1,0
2018-07-12,17:38:00,03,0,01,01,01,00,0,367371.8433,5025693.528,False,July,1,0,0,0,0,0,0,0,0,1,0,0,0,0,0,0,0,1,0
2018-07-12,17:51:00,03,03,01,01,01,01,0,364521.6972,5024507.481000001,False,July,1,0,0,0,0,0,0,0,0,1,0,0,0,0,0,0,0,1,0
2018-07-12,17:55:00,03,03,01,01,01,01,0,365356.6273,5025517.524,False,July,1,0,0,0,0,0,0,0,0,1,0,0,0,0,0,0,0,1,0
2018-07-12,17:59:00,02,03,01,01,01,,0,371935.2496,5024128.671,False,July,0,0,0,0,0,0,0,0,0,0,0,1,0,0,0,0,0,1,0
2018-07-12,16:45:00,03,03,01,01,01,01,0,365771.9868,5021559.231000001,False,July,1,0,0,0,0,0,0,0,0,1,0,0,0,0,0,0,0,1,0
2018-07-12,19:30:00,03,04,01,01,01,01,0,366177.0901,5015219.37,False,July,1,0,0,0,0,0,0,0,0,0,1,0,0,0,0,0,0,1,0
2018-07-12,21:22:00,03,02,01,07,01,01,0,331219.5295,5029832.663,False,July,0,1,0,0,0,0,0,0,0,0,1,0,0,0,0,0,0,1,0
2018-07-12,22:14:00,03,05,01,07,01,,0,367318.5571,5029643.59,False,July,0,0,0,0,0,0,0,0,0,0,1,0,0,0,0,0,0,1,0
2018-07-12,22:16:00,03,05,01,07,01,01,0,370432.7027,5029081.577,False,July,1,0,0,0,0,0,0,0,0,0,1,0,0,0,0,0,0,1,0
2018-07-12,22:54:00,03,03,01,07,01,01,0,367613.799,5028938.566000001,False,July,1,0,0,0,0,0,0,0,0,1,0,0,0,0,0,0,0,1,0
2018-07-13,06:07:00,02,07,01,01,01,,0,395207.9048,5023294.423,True,July,0,0,0,0,0,0,0,0,1,0,0,0,0,0,0,0,0,1,0
2018-07-13,07:48:00,03,04,01,01,01,,0,373338.3147,5020297.651000001,False,July,0,0,0,0,0,0,0,0,1,0,0,0,0,0,0,0,0,1,0
2018-07-13,07:58:00,02,07,01,01,01,01,1,368892.4079,5032643.271000001,False,July,1,0,0,0,0,0,0,0,0,0,1,0,0,0,0,0,0,1,0
2018-07-13,08:04:00,02,02,01,01,01,01,0,361474.6909,5015252.414,False,July,0,0,0,0,0,0,0,1,0,0,1,0,0,0,0,0,0,1,0
2018-07-13,08:20:00,03,03,01,01,01,00,0,353827.7311,5018034.438,False,July,1,0,0,0,0,0,0,0,0,1,0,0,0,0,0,0,0,1,0
2018-07-13,08:37:00,03,04,01,01,01,01,0,353773.2968,5018172.055,False,July,1,0,0,0,0,0,0,0,0,1,0,0,0,0,0,0,0,1,0
2018-07-13,08:45:00,03,02,01,01,01,01,0,364952.9408,5025873.621,False,July,1,0,0,0,0,0,0,0,0,1,0,0,0,0,0,0,0,1,0
2018-07-13,05:00:00,03,07,01,07,01,,0,381240.7514,5022966.901000001,False,July,0,0,0,0,0,0,0,0,1,0,0,0,0,0,0,0,0,1,0
2018-07-13,09:26:00,03,03,01,01,01,,0,353452.3253,5015765.093,False,July,0,0,0,0,0,0,0,0,1,0,0,0,0,0,0,0,0,1,0
2018-07-13,09:27:00,03,03,01,01,01,00,0,357999.6618,5023424.526000001,False,July,1,0,0,0,0,0,0,0,0,1,0,0,0,0,0,0,0,1,0
2018-07-13,09:34:00,03,05,01,01,01,01,0,367850.7115,5031711.581,False,July,1,0,0,0,0,0,0,0,0,0,1,0,0,0,0,0,0,1,0
2018-07-13,10:09:00,03,03,01,01,01,01,0,348804.5112,5014360.448,False,July,1,0,0,0,0,0,0,0,0,1,0,0,0,0,0,0,0,1,0
2018-07-13,10:15:00,03,07,01,01,01,01,0,365235.6997,5021732.494,False,July,1,0,0,0,0,0,0,0,0,1,0,0,0,0,0,0,0,1,0
2018-07-13,10:25:00,03,03,01,01,01,01,0,379860.62100000004,5036471.652,False,July,0,0,0,0,0,0,0,1,0,1,0,0,0,0,0,0,0,1,0
2018-07-13,11:51:00,02,05,01,01,01,01,0,367666.9291,5032462.336,False,July,1,0,0,0,0,0,0,0,0,0,1,0,0,0,0,0,0,1,0
2018-07-13,11:55:00,03,07,01,01,01,,0,384348.244,5034649.206,False,July,0,0,0,0,0,0,0,0,0,0,0,1,0,0,0,0,0,1,0
2018-07-12,12:58:00,03,03,01,01,01,01,0,354795.9747,5016897.277,False,July,0,1,0,0,0,0,0,0,0,1,0,0,0,0,0,0,0,1,0
2018-07-13,13:17:00,03,05,01,01,01,,0,388716.8208,5028088.373,False,July,0,0,0,0,0,0,0,0,1,0,0,0,0,0,0,0,0,1,0
2018-07-13,13:30:00,03,02,01,01,01,,0,356529.0466,5020132.165,False,July,0,0,0,0,0,0,0,0,0,0,0,1,0,0,0,0,0,1,0
2018-07-13,12:50:00,03,03,01,01,01,01,0,369605.6095,5025515.524,False,July,1,0,0,0,0,0,0,0,0,1,0,0,0,0,0,0,0,1,0
2018-07-13,14:24:00,03,03,01,01,01,00,0,368075.7992,5031624.458000001,False,July,1,0,0,0,0,0,0,0,0,1,0,0,0,0,0,0,0,1,0
2018-07-13,14:30:00,03,02,01,01,01,,0,368637.3695,5032490.305,False,July,0,0,0,0,0,0,0,0,0,0,0,1,0,0,0,0,0,1,0
2018-07-13,,03,06,01,00,01,,0,367956.6511,5032310.603999999,False,July,0,0,0,0,0,0,0,0,1,0,0,0,0,0,0,0,0,1,0