DATE,TIME,CLASS_OF_ACCIDENT,IMPACT_TYPE,ENVIRONMENT,LIGHT,ROAD_SURFACE_CONDITION,TRAFFIC_CONTROL_CONDITION,NO_OF_PEDESTRIANS,X,Y,Highway,Month,categorical_TRAFFIC_CONTROL_01,categorical_TRAFFIC_CONTROL_02,categorical_TRAFFIC_CONTROL_03,categorical_TRAFFIC_CONTROL_04,categorical_TRAFFIC_CONTROL_07,categorical_TRAFFIC_CONTROL_08,categorical_TRAFFIC_CONTROL_09,categorical_TRAFFIC_CONTROL_11,categorical_ACCIDENT_LOCATION_01,categorical_ACCIDENT_LOCATION_02,categorical_ACCIDENT_LOCATION_03,categorical_ACCIDENT_LOCATION_04,categorical_ACCIDENT_LOCATION_05,categorical_ACCIDENT_LOCATION_06,categorical_ACCIDENT_LOCATION_07,categorical_Seasons_Fall,categorical_Seasons_Spring,categorical_Seasons_Summer,categorical_Seasons_Winter
2018-07-13,15:21:00,03,03,01,01,01,,0,375649.3157,5034573.317,False,July,0,0,0,0,0,0,0,0,0,0,0,1,0,0,0,0,0,1,0
2018-07-13,15:22:00,03,03,01,01,01,,0,367345.6155,5021222.5819999995,False,July,0,0,0,0,0,0,0,0,1,0,0,0,0,0,0,0,0,1,0
2018-07-13,15:32:00,02,05,01,01,01,01,0,367094.7114,5029106.419,False,July,1,0,0,0,0,0,0,0,0,0,1,0,0,0,0,0,0,1,0
2018-07-13,15:32:00,03,04,01,01,01,00,0,373798.7281,5029097.506,False,July,1,0,0,0,0,0,0,0,0,1,0,0,0,0,0,0,0,1,0
2018-07-13,15:42:00,02,02,01,01,01,01,0,367840.4122,5028399.225,False,July,0,0,1,0,0,0,0,0,0,0,1,0,0,0,0,0,0,1,0
2018-07-13,15:51:00,02,02,01,01,01,01,0,361915.645,5015397.44,False,July,0,1,0,0,0,0,0,0,0,0,1,0,0,0,0,0,0,1,0
2018-07-13,16:06:00,03,05,01,01,01,01,0,364853.7449,5026646.527,False,July,1,0,0,0,0,0,0,0,0,0,1,0,0,0,0,0,0,1,0
2018-07-13,16:19:00,03,04,01,01,01,01,0,366935.3393,5031426.14,False,July,1,0,0,0,0,0,0,0,0,0,1,0,0,0,0,0,0,1,0
2018-07-13,16:36:00,03,05,01,01,01,,0,366973.3968,5025396.642,False,July,0,0,0,0,0,0,0,0,1,0,0,0,0,0,0,0,0,1,0
2018-07-13,16:45:00,02,05,01,01,01,,0,383614.0582,5010339.671,False,July,0,0,0,0,0,0,0,0,0,0,0,1,0,0,0,0,0,1,0
2018-07-13,17:07:00,03,03,01,01,01,01,0,351269.6494,5018181.897,False,July,1,0,0,0,0,0,0,0,0,1,0,0,0,0,0,0,0,1,0
2018-07-13,17:43:00,03,03,01,01,01,,0,350806.3488,5018713.307,True,July,0,0,0,0,0,0,0,0,1,0,0,0,0,0,0,0,0,1,0
2018-07-13,18:18:00,02,03,01,01,01,00,0,364535.4397,5025001.027,False,July,1,0,0,0,0,0,0,0,0,1,0,0,0,0,0,0,0,1,0
2018-07-13,19:21:00,02,03,01,01,01,01,0,366967.5876,5030476.783,False,July,1,0,0,0,0,0,0,0,0,1,0,0,0,0,0,0,0,1,0
2018-07-13,20:47:00,03,03,01,05,01,01,0,367786.7044,5030774.571,False,July,1,0,0,0,0,0,0,0,0,1,0,0,0,0,0,0,0,1,0
2018-07-13,20:54:00,02,03,01,05,01,00,0,369917.1718,5029121.502,False,July,0,0,1,0,0,0,0,0,0,1,0,0,0,0,0,0,0,1,0
2018-07-13,21:04:00,03,07,01,07,01,,0,391912.6442,5042792.983,False,July,0,0,0,0,0,0,0,0,1,0,0,0,0,0,0,0,0,1,0
2018-07-13,22:51:00,03,07,01,07,01,01,0,371850.7177,5034136.595,False,July,0,0,1,0,0,0,0,0,0,1,0,0,0,0,0,0,0,1,0
2018-07-14,00:31:00,03,02,01,07,01,01,0,362512.5921,5022862.462,False,July,0,1,0,0,0,0,0,0,0,0,1,0,0,0,0,0,0,1,0
2018-07-14,19:15:00,03,04,01,01,01,01,0,368093.7076,5032419.589,False,July,1,0,0,0,0,0,0,0,0,1,0,0,0,0,0,0,0,1,0
2018-07-24,19:39:00,03,03,02,01,02,01,0,364121.6874,5014330.414,False,July,1,0,0,0,0,0,0,0,0,1,0,0,0,0,0,0,0,1,0
2018-07-09,15:49:00,03,03,01,01,01,,0,374450.8101,5030843.715,True,July,0,0,0,0,0,0,0,0,0,0,0,0,0,0,1,0,0,1,0
2018-07-24,19:30:00,03,03,02,01,02,01,0,363933.6839,5014784.416999999,False,July,1,0,0,0,0,0,0,0,0,1,0,0,0,0,0,0,0,1,0
2018-07-15,13:18:00,03,06,01,01,01,,0,367703.1367,5031398.18,False,July,0,0,0,0,0,0,0,0,0,0,0,1,0,0,0,0,0,1,0
2018-07-24,21:17:00,03,03,02,07,02,01,0,369127.9435,5033487.119,False,July,1,0,0,0,0,0,0,0,0,1,0,0,0,0,0,0,0,1,0
2018-07-09,16:08:00,02,02,01,01,01,01,0,367555.8309,5032990.657,False,July,0,1,0,0,0,0,0,0,0,0,1,0,0,0,0,0,0,1,0
2018-07-15,14:12:00,03,02,01,01,01,01,0,370254.7172,5033169.592,False,July,1,0,0,0,0,0,0,0,0,0,1,0,0,0,0,0,0,1,0
2018-07-24,23:21:00,03,02,02,07,02,01,0,368248.7012,5032823.589,False,July,1,0,0,0,0,0,0,0,0,0,1,0,0,0,0,0,0,1,0
2018-07-09,16:14:00,03,02,01,01,01,01,0,367890.6587,5031646.608,False,July,1,0,0,0,0,0,0,0,0,0,1,0,0,0,0,0,0,1,0
2018-07-09,16:23:00,02,03,01,01,01,,0,364959.1385,5018225.536,False,July,0,0,0,0,0,0,0,0,1,0,0,0,0,0,0,0,0,1,0
2018-07-09,16:29:00,03,04,01,01,01,02,0,364092.6089,5028199.539,False,July,0,1,0,0,0,0,0,0,0,1,0,0,0,0,0,0,0,1,0
2018-07-09,16:40:00,03,03,01,01,01,01,0,367175.2894,5014824.191000001,False,July,1,0,0,0,0,0,0,0,0,1,0,0,0,0,0,0,0,1,0
2018-07-09,16:58:00,03,03,01,01,01,00,0,367519.6441,5029162.681,False,July,0,1,0,0,0,0,0,0,0,1,0,0,0,0,0,0,0,1,0
2018-07-09,17:03:00,03,03,01,01,01,00,0,347737.7201,5015442.449,False,July,1,0,0,0,0,0,0,0,0,1,0,0,0,0,0,0,0,1,0
2018-07-09,17:12:00,03,03,01,01,01,01,0,371078.6222,5032784.643,False,July,1,0,0,0,0,0,0,0,0,1,0,0,0,0,0,0,0,1,0
2018-07-09,17:48:00,02,03,01,01,01,,0,362960.0034,5017015.784,False,July,0,0,0,0,0,0,0,0,1,0,0,0,0,0,0,0,0,1,0
2018-07-09,18:21:00,03,03,01,01,01,01,0,365727.7123,5016328.529,False,July,1,0,0,0,0,0,0,0,0,1,0,0,0,0,0,0,0,1,0
2018-07-07,15:30:00,02,05,01,01,01,00,0,370527.5938,5032726.709,False,July,0,1,0,0,0,0,0,0,0,0,1,0,0,0,0,0,0,1,0
2018-07-09,18:25:00,03,03,01,01,01,,0,364981.7714,5025280.779,False,July,0,0,0,0,0,0,0,0,1,0,0,0,0,0,0,0,0,1,0
2018-07-09,19:56:00,03,0,01,01,01,,0,364901.8004,5022788.308,False,July,0,0,0,0,0,0,0,0,0,0,0,1,0,0,0,0,0,1,0
2018-07-09,19:56:00,03,03,01,01,01,,0,382650.159,5035551.573,False,July,0,0,0,0,0,0,0,0,1,0,0,0,0,0,0,0,0,1,0
2018-06-03,20:22:00,03,03,01,01,01,,0,380842.6988,5038903.726,False,June,0,0,0,0,0,0,0,0,1,0,0,0,0,0,0,0,0,1,0
2018-07-09,23:13:00,02,02,01,07,01,01,0,367785.3419,5028344.658,False,July,1,0,0,0,0,0,0,0,0,0,1,0,0,0,0,0,0,1,0
2018-07-09,23:49:00,03,07,01,07,01,,0,344908.6314,5028535.013,False,July,0,0,0,0,0,0,0,0,1,0,0,0,0,0,0,0,0,1,0
2018-07-10,02:18:00,02,07,01,07,01,,0,373446.506,5002702.325,False,July,0,0,0,0,0,0,0,0,1,0,0,0,0,0,0,0,0,1,0
2018-07-10,07:07:00,03,03,01,01,01,01,0,384351.862,5039990.375,False,July,1,0,0,0,0,0,0,0,0,1,0,0,0,0,0,0,0,1,0
2018-07-10,07:22:00,02,03,01,01,01,01,0,375047.6877,5031119.507,False,July,1,0,0,0,0,0,0,0,0,1,0,0,0,0,0,0,0,1,0
2018-07-10,08:49:00,03,02,01,01,01,,0,368367.9077,5031808.821,False,July,0,0,0,0,0,0,0,0,0,0,0,1,0,0,0,0,0,1,0
2018-07-10,09:04:00,03,03,01,01,01,,0,360898.7554,5025154.347,False,July,0,0,0,0,0,0,0,0,1,0,0,0,0,0,0,0,0,1,0
2018-07-10,09:28:00,03,02,01,01,01,,0,366932.4355,5031233.206,False,July,0,0,0,0,0,0,0,0,0,0,0,1,0,0,0,0,0,1,0
2018-07-10,09:59:00,02,05,01,01,01,01,0,363273.6618,5025662.495,False,July,1,0,0,0,0,0,0,0,0,0,1,0,0,0,0,0,0,1,0
2018-07-10,10:46:00,03,02,01,01,01,01,0,372305.8313,5031951.673,False,July,1,0,0,0,0,0,0,0,0,0,1,0,0,0,0,0,0,1,0
2018-07-10,11:02:00,03,03,01,01,01,,0,374474.2743,5031294.2069999995,False,July,0,0,0,0,0,0,0,0,0,0,0,1,0,0,0,0,0,1,0
2018-07-10,11:15:00,02,07,01,01,01,,0,377097.5492,5022570.802,False,July,0,0,0,0,0,0,0,0,1,0,0,0,0,0,0,0,0,1,0
2018-07-10,11:30:00,03,03,01,01,01,01,0,351183.5138,5016299.5,False,July,1,0,0,0,0,0,0,0,0,1,0,0,0,0,0,0,0,1,0
2018-07-10,13:46:00,03,03,01,01,01,00,0,363419.7133,5021826.522,False,July,1,0,0,0,0,0,0,0,0,1,0,0,0,0,0,0,0,1,0
2018-07-10,14:07:00,03,05,01,01,01,01,0,370482.7093,5032723.589,False,July,1,0,0,0,0,0,0,0,0,0,1,0,0,0,0,0,0,1,0
2018-07-10,14:30:00,03,04,01,01,01,00,0,373364.5932,5029424.612,False,July,1,0,0,0,0,0,0,0,0,1,0,0,0,0,0,0,0,1,0
2018-07-10,14:40:00,03,05,01,01,01,01,0,369777.6528,5022897.279,False,July,1,0,0,0,0,0,0,0,0,0,1,0,0,0,0,0,0,1,0
2018-07-09,17:10:00,03,02,01,01,01,01,0,369227.5459,5032082.569,False,July,0,1,0,0,0,0,0,0,0,0,1,0,0,0,0,0,0,1,0
2018-07-10,14:50:00,03,03,01,01,01,01,0,375357.7777,5021619.496,False,July,1,0,0,0,0,0,0,0,0,1,0,0,0,0,0,0,0,1,0
2018-07-10,16:06:00,03,03,01,01,01,01,0,360694.104,5022917.176,False,July,0,1,0,0,0,0,0,0,0,1,0,0,0,0,0,0,0,1,0
2018-07-10,16:07:00,03,05,01,01,01,00,0,366970.6061,5021994.526000001,False,July,0,1,0,0,0,0,0,0,0,0,1,0,0,0,0,0,0,1,0
2018-07-10,16:44:00,02,02,01,01,01,01,0,365214.5439,5028496.699,False,July,1,0,0,0,0,0,0,0,0,0,1,0,0,0,0,0,0,1,0
2018-07-10,16:30:00,03,04,01,01,01,,0,367784.7955,5031464.284,False,July,0,0,0,0,0,0,0,0,1,0,0,0,0,0,0,0,0,1,0
2018-07-10,16:57:00,03,03,01,01,01,,0,359596.968,5014663.078,True,July,0,0,0,0,0,0,0,0,1,0,0,0,0,0,0,0,0,1,0
2018-07-10,16:58:00,03,02,01,01,01,01,0,383600.7053,5035848.666999999,False,July,0,1,0,0,0,0,0,0,0,0,1,0,0,0,0,0,0,1,0
2018-07-10,17:06:00,03,03,01,01,01,01,0,370385.9533,5030402.166999999,False,July,1,0,0,0,0,0,0,0,0,1,0,0,0,0,0,0,0,1,0
2018-07-10,16:00:00,03,02,01,01,01,,0,373794.659,5030206.797,False,July,0,0,0,0,0,0,0,0,0,0,0,1,0,0,0,0,0,1,0
2018-07-10,18:04:00,03,05,01,01,01,01,0,365973.6241,5022169.561000001,False,July,1,0,0,0,0,0,0,0,0,1,0,0,0,0,0,0,0,1,0
2018-07-10,18:15:00,03,03,01,01,01,,0,368452.8451,5031734.3889999995,False,July,0,0,0,0,0,0,0,0,1,0,0,0,0,0,0,0,0,1,0
2018-07-10,18:25:00,03,02,01,01,01,01,0,372889.7953,5025787.962,False,July,0,1,0,0,0,0,0,0,0,0,1,0,0,0,0,0,0,1,0
2018-07-10,20:12:00,03,03,01,01,01,01,0,365727.8,5016328.356000001,False,July,1,0,0,0,0,0,0,0,0,1,0,0,0,0,0,0,0,1,0
2018-07-10,22:23:00,03,06,01,07,01,,0,373122.0576,5022587.765,False,July,0,0,0,0,0,0,0,0,1,0,0,0,0,0,0,0,0,1,0
2018-07-10,23:22:00,03,05,01,07,01,01,0,365519.0769,5030071.525,False,July,1,0,0,0,0,0,0,0,0,0,1,0,0,0,0,0,0,1,0
2018-07-10,23:26:00,02,07,01,07,01,01,1,363933.6838,5014784.416999999,False,July,1,0,0,0,0,0,0,0,0,0,1,0,0,0,0,0,0,1,0
2018-07-10,23:40:00,03,04,01,07,01,01,0,366983.9901,5031078.726,False,July,1,0,0,0,0,0,0,0,0,1,0,0,0,0,0,0,0,1,0
2018-07-11,07:16:00,03,04,01,01,01,01,0,370682.7256,5026149.55,False,July,1,0,0,0,0,0,0,0,0,1,0,0,0,0,0,0,0,1,0
2018-07-11,07:44:00,02,05,01,01,01,01,0,368493.7208,5030671.575,False,July,1,0,0,0,0,0,0,0,0,0,1,0,0,0,0,0,0,1,0
2018-07-11,07:56:00,03,02,01,01,01,01,0,373099.6863,5030005.577,False,July,1,0,0,0,0,0,0,0,0,0,1,0,0,0,0,0,0,1,0
2018-06-29,14:00:00,03,03,01,01,01,01,0,366967.5589,5030476.643,False,June,1,0,0,0,0,0,0,0,0,1,0,0,0,0,0,0,0,1,0
2018-07-11,08:38:00,02,05,01,01,01,01,0,365363.576,5022544.585,False,July,1,0,0,0,0,0,0,0,0,0,1,0,0,0,0,0,0,1,0
2018-07-11,08:33:00,03,05,01,01,01,,0,370247.831,5015727.181,False,July,0,0,0,0,0,0,0,0,1,0,0,0,0,0,0,0,0,1,0
2018-07-11,08:51:00,03,03,01,01,01,,0,364583.7577,5021629.323,False,July,0,0,0,0,0,0,0,0,1,0,0,0,0,0,0,0,0,1,0
2018-07-11,09:30:00,03,02,01,01,01,01,0,365445.8052,5028595.59,False,July,0,1,0,0,0,0,0,0,0,0,1,0,0,0,0,0,0,1,0
2018-07-07,,03,06,01,00,01,,0,368632.1463,5032111.563,False,July,0,0,0,0,0,0,0,0,1,0,0,0,0,0,0,0,0,1,0
2018-07-11,10:07:00,03,0,01,01,01,01,0,352993.9672,5016304.802,False,July,1,0,0,0,0,0,0,0,0,1,0,0,0,0,0,0,0,1,0
2018-07-11,10:45:00,03,01,01,01,01,,0,378032.7525,5018472.15,False,July,0,0,0,0,0,0,0,0,1,0,0,0,0,0,0,0,0,1,0
2018-07-11,11:59:00,02,02,01,01,01,01,0,373560.7343,5027957.538,False,July,0,0,1,0,0,0,0,0,0,0,1,0,0,0,0,0,0,1,0
2018-07-11,,03,06,01,00,01,,0,364998.92100000003,5013117.481000001,False,July,0,0,0,0,0,0,0,0,1,0,0,0,0,0,0,0,0,1,0
2018-07-11,,03,06,01,00,01,,0,354947.7697,5016875.296,False,July,0,0,0,0,0,0,0,0,1,0,0,0,0,0,0,0,0,1,0
2018-07-11,12:26:00,03,03,01,01,01,01,0,373567.9712,5025878.312,False,July,1,0,0,0,0,0,0,0,0,1,0,0,0,0,0,0,0,1,0
2018-07-05,12:37:00,02,05,01,01,01,00,0,368996.3966,5028205.054,False,July,0,1,0,0,0,0,0,0,0,0,1,0,0,0,0,0,0,1,0
2018-07-11,10:50:00,03,07,01,01,01,01,0,383520.7526,5037973.576,False,July,1,0,0,0,0,0,0,0,0,0,1,0,0,0,0,0,0,1,0
2018-07-11,13:03:00,03,03,01,01,01,,0,328918.8172,5027795.505,False,July,0,0,0,0,0,0,0,0,0,0,0,0,1,0,0,0,0,1,0
2018-07-11,01:15:00,03,07,01,07,01,,0,384835.7851,5040827.664,False,July,0,0,0,0,0,0,0,0,1,0,0,0,0,0,0,0,0,1,0
2018-07-11,14:18:00,03,03,01,01,01,01,0,365612.7513,5021942.616,False,July,1,0,0,0,0,0,0,0,0,1,0,0,0,0,0,0,0,1,0
2018-07-11,14:21:00,03,03,01,01,01,01,0,369777.7578,5022897.509,False,July,1,0,0,0,0,0,0,0,0,1,0,0,0,0,0,0,0,1,0
2018-07-08,,03,06,01,00,01,,0,364767.01700000005,5016504.666999999,False,July,0,0,0,0,0,0,0,0,1,0,0,0,0,0,0,0,0,1,0
2018-06-27,,03,06,01,00,01,,0,371143.0721,5035242.432,False,June,0,0,0,0,0,0,0,0,1,0,0,0,0,0,0,0,0,1,0
2018-07-15,16:02:00,02,03,01,01,01,01,0,349843.5427,5013825.4,False,July,1,0,0,0,0,0,0,0,0,1,0,0,0,0,0,0,0,1,0
2018-07-05,20:08:00,03,04,01,01,01,01,0,368316.1573,5032191.888,False,July,1,0,0,0,0,0,0,0,0,1,0,0,0,0,0,0,0,1,0
2018-07-15,18:08:00,03,04,01,01,01,,0,359646.9887,5021998.527,False,July,0,0,0,0,0,0,0,0,1,0,0,0,0,0,0,0,0,1,0
2018-07-25,03:12:00,03,07,02,07,02,,0,370369.4425,5025852.172,False,July,0,0,0,0,0,0,0,0,1,0,0,0,0,0,0,0,0,1,0
2018-07-15,18:48:00,03,04,01,01,01,01,0,367821.7338,5032556.657,False,July,1,0,0,0,0,0,0,0,0,1,0,0,0,0,0,0,0,1,0
2018-07-05,21:40:00,02,05,01,07,01,01,0,369654.8152,5033359.306,False,July,1,0,0,0,0,0,0,0,0,0,1,0,0,0,0,0,0,1,0
2018-07-24,07:17:00,03,04,01,01,02,01,0,347300.6062,5015926.449,True,July,1,0,0,0,0,0,0,0,0,1,0,0,0,0,0,0,0,1,0
2018-07-15,19:41:00,03,03,01,01,01,01,0,383183.9216,5037977.916,False,July,1,0,0,0,0,0,0,0,0,1,0,0,0,0,0,0,0,1,0
2018-07-05,21:04:00,03,03,01,07,01,01,0,371608.6578,5024096.463,False,July,1,0,0,0,0,0,0,0,0,1,0,0,0,0,0,0,0,1,0
2018-07-25,07:50:00,03,05,02,01,02,01,0,369464.256,5028290.841,False,July,0,1,0,0,0,0,0,0,0,1,0,0,0,0,0,0,0,1,0
2018-07-15,21:47:00,02,05,01,07,01,01,0,367613.7638,5028938.541,False,July,1,0,0,0,0,0,0,0,0,0,1,0,0,0,0,0,0,1,0
2018-07-16,07:06:00,02,05,01,01,01,,0,364907.9558,5029700.688,False,July,0,0,0,0,0,0,0,0,0,0,0,1,0,0,0,0,0,1,0
2018-07-16,07:59:00,03,03,01,01,01,,0,388421.8328,5032315.658,False,July,0,0,0,0,0,0,0,0,1,0,0,0,0,0,0,0,0,1,0
2018-07-16,08:49:00,03,02,01,01,01,01,0,371291.8491,5023864.578,False,July,1,0,0,0,0,0,0,0,0,0,1,0,0,0,0,0,0,1,0
2018-07-16,09:58:00,03,02,01,01,01,01,0,372305.713,5031951.601,False,July,1,0,0,0,0,0,0,0,0,0,1,0,0,0,0,0,0,1,0
2018-07-16,10:15:00,03,04,01,01,01,01,0,358137.7184,5021086.536,False,July,1,0,0,0,0,0,0,0,0,1,0,0,0,0,0,0,0,1,0
2018-07-16,11:33:00,03,03,01,01,01,01,0,375906.6757,5014804.595,False,July,1,0,0,0,0,0,0,0,0,1,0,0,0,0,0,0,0,1,0
2018-07-16,11:36:00,02,06,01,01,01,,0,384905.6362,5038313.672,False,July,0,0,0,0,0,0,0,0,0,0,0,1,0,0,0,0,0,1,0
2018-07-16,13:00:00,02,03,01,01,01,01,0,370540.907,5025499.961,False,July,1,0,0,0,0,0,0,0,0,1,0,0,0,0,0,0,0,1,0
2018-07-16,13:03:00,03,05,01,01,01,01,0,364172.1173,5014944.662,False,July,1,0,0,0,0,0,0,0,0,0,1,0,0,0,0,0,0,1,0
2018-07-16,13:28:00,02,07,01,01,01,01,1,368205.7114,5029865.563999999,False,July,0,1,0,0,0,0,0,0,0,0,1,0,0,0,0,0,0,1,0
2018-07-16,12:15:00,03,03,01,01,01,01,0,381117.7596,5036286.607,False,July,1,0,0,0,0,0,0,0,0,1,0,0,0,0,0,0,0,1,0
2018-07-16,13:50:00,03,06,01,01,01,,0,370252.33,5033093.708000001,False,July,0,0,0,0,0,0,0,0,1,0,0,0,0,0,0,0,0,1,0
2018-07-16,14:23:00,03,05,01,01,01,01,0,373148.7224,5027608.552,False,July,1,0,0,0,0,0,0,0,0,0,1,0,0,0,0,0,0,1,0
2018-07-16,15:54:00,03,04,01,01,01,01,0,370156.5932,5023121.5,False,July,1,0,0,0,0,0,0,0,0,1,0,0,0,0,0,0,0,1,0
2018-07-16,16:07:00,03,05,01,01,01,01,0,360496.6728,5024942.666,False,July,1,0,0,0,0,0,0,0,0,0,1,0,0,0,0,0,0,1,0
2018-07-16,16:40:00,03,04,01,01,01,01,0,361767.7362,5025725.473999999,False,July,1,0,0,0,0,0,0,0,0,0,1,0,0,0,0,0,0,1,0
2018-07-16,17:20:00,02,03,01,01,01,01,0,365216.7834,5029118.717,False,July,1,0,0,0,0,0,0,0,0,1,0,0,0,0,0,0,0,1,0
2018-07-16,18:02:00,02,03,01,01,01,01,0,368355.7154,5025296.512,False,July,1,0,0,0,0,0,0,0,0,1,0,0,0,0,0,0,0,1,0
2018-07-16,16:30:00,03,03,01,01,01,01,0,367921.6964,5032044.583000001,False,July,1,0,0,0,0,0,0,0,0,1,0,0,0,0,0,0,0,1,0
2018-07-16,21:34:00,03,07,01,07,01,01,0,380887.7493,5034540.554,False,July,1,0,0,0,0,0,0,0,0,1,0,0,0,0,0,0,0,1,0
2018-07-16,23:58:00,03,05,01,07,01,01,0,370684.7192,5030592.554,False,July,1,0,0,0,0,0,0,0,0,0,1,0,0,0,0,0,0,1,0
2018-07-17,04:25:00,03,05,01,07,02,01,0,369715.1678,5028627.403,False,July,1,0,0,0,0,0,0,0,0,0,1,0,0,0,0,0,0,1,0
2018-07-17,06:48:00,03,03,01,01,01,,0,359933.3761,5024242.331,False,July,0,0,0,0,0,0,0,0,1,0,0,0,0,0,0,0,0,1,0
2018-07-17,06:58:00,03,03,01,01,01,00,0,363002.7091,5026339.56,False,July,0,1,0,0,0,0,0,0,0,1,0,0,0,0,0,0,0,1,0
2018-07-17,07:37:00,03,05,01,01,01,,0,395314.2802,5023026.199,True,July,0,0,0,0,0,0,0,0,0,0,0,1,0,0,0,0,0,1,0
2018-07-17,08:31:00,03,03,01,01,01,01,0,352563.7609,5020467.614,False,July,1,0,0,0,0,0,0,0,0,1,0,0,0,0,0,0,0,1,0
2018-07-17,08:39:00,03,03,01,01,01,01,0,363176.6779,5016506.453,False,July,1,0,0,0,0,0,0,0,0,1,0,0,0,0,0,0,0,1,0
2018-07-17,08:35:00,03,04,01,01,01,01,0,361767.6896,5025725.533,False,July,1,0,0,0,0,0,0,0,0,1,0,0,0,0,0,0,0,1,0
2018-07-06,10:50:00,03,03,01,01,01,01,0,370432.5871,5028971.662,False,July,0,1,0,0,0,0,0,0,0,1,0,0,0,0,0,0,0,1,0
2018-07-16,07:13:00,03,03,01,01,01,,0,366256.8775,5031025.669,False,July,0,0,0,0,0,0,0,0,1,0,0,0,0,0,0,0,0,1,0
2018-07-17,09:21:00,03,03,01,01,01,01,0,363383.6108,5026747.583000001,False,July,0,1,0,0,0,0,0,0,0,1,0,0,0,0,0,0,0,1,0
2018-07-17,09:29:00,03,05,01,01,01,,0,357922.6792,5020957.661,False,July,0,0,0,0,0,0,0,0,1,0,0,0,0,0,0,0,0,1,0
2018-07-17,08:15:00,02,07,01,01,01,,1,366876.8756,5030818.157,False,July,0,0,0,0,0,0,0,0,0,0,0,1,0,0,0,0,0,1,0
2018-07-17,11:24:00,03,07,01,01,01,,0,363250.3566,5022258.053,False,July,0,0,0,0,0,0,0,0,1,0,0,0,0,0,0,0,0,1,0
2018-07-17,12:11:00,03,04,01,01,01,01,0,370432.7002,5029081.621,False,July,1,0,0,0,0,0,0,0,0,1,0,0,0,0,0,0,0,1,0
2018-07-17,13:07:00,03,02,01,01,01,01,0,360321.8599,5023834.375,False,July,1,0,0,0,0,0,0,0,0,1,0,0,0,0,0,0,0,1,0
2018-07-17,13:33:00,03,02,01,01,01,01,0,358234.69299999997,5023497.554,False,July,1,0,0,0,0,0,0,0,0,0,1,0,0,0,0,0,0,1,0
2018-07-17,14:40:00,03,05,01,01,01,01,0,371821.7419,5033951.58,False,July,0,1,0,0,0,0,0,0,0,0,1,0,0,0,0,0,0,1,0
2018-07-16,16:20:00,03,04,01,01,01,,0,366171.55299999996,5030939.441000001,False,July,0,0,0,0,0,0,0,0,1,0,0,0,0,0,0,0,0,1,0
2018-07-15,,03,06,01,00,01,,0,383962.6442,5035028.6219999995,False,July,0,0,0,0,0,0,0,0,1,0,0,0,0,0,0,0,0,1,0
2018-07-17,15:07:00,02,02,01,01,01,01,0,369225.7161,5027983.546,False,July,1,0,0,0,0,0,0,0,0,0,1,0,0,0,0,0,0,1,0
2018-07-17,15:16:00,03,03,01,01,01,01,0,373763.7311,5025404.535,False,July,1,0,0,0,0,0,0,0,0,1,0,0,0,0,0,0,0,1,0
2018-07-17,15:55:00,03,04,01,01,01,01,0,369077.5473,5028117.021000001,False,July,1,0,0,0,0,0,0,0,0,1,0,0,0,0,0,0,0,1,0
2018-07-17,16:09:00,03,03,01,01,01,01,0,381798.7475,5035073.58,False,July,1,0,0,0,0,0,0,0,0,1,0,0,0,0,0,0,0,1,0
2018-07-17,16:19:00,03,06,01,01,01,,0,368497.9944,5032973.956,False,July,0,0,0,0,0,0,0,0,1,0,0,0,0,0,0,0,0,1,0
2018-07-17,14:30:00,03,0,01,01,01,,0,353286.2349,5016304.301,False,July,0,0,0,0,0,0,0,0,0,0,0,1,0,0,0,0,0,1,0
2018-07-17,16:26:00,03,04,01,01,01,01,0,367102.4478,5031152.819,False,July,1,0,0,0,0,0,0,0,0,1,0,0,0,0,0,0,0,1,0
2018-07-17,16:25:00,03,03,01,01,01,01,0,366166.6533,5026028.579,False,July,1,0,0,0,0,0,0,0,0,1,0,0,0,0,0,0,0,1,0
2018-07-17,16:00:00,03,03,01,01,01,00,0,373705.6546,5030406.598999999,False,July,1,0,0,0,0,0,0,0,0,1,0,0,0,0,0,0,0,1,0
2018-07-17,16:53:00,03,05,01,01,01,01,0,365054.7405,5025325.555,False,July,1,0,0,0,0,0,0,0,0,0,1,0,0,0,0,0,0,1,0
2018-07-17,17:13:00,03,05,01,01,01,01,0,360770.6765,5025117.5139999995,False,July,1,0,0,0,0,0,0,0,0,0,1,0,0,0,0,0,0,1,0
2018-07-17,17:19:00,03,03,01,01,01,,0,353531.107,5018782.971,False,July,0,0,0,0,0,0,0,0,1,0,0,0,0,0,0,0,0,1,0
2018-07-17,17:35:00,03,03,01,01,01,,0,374384.874,5032511.244,True,July,0,0,0,0,0,0,0,0,1,0,0,0,0,0,0,0,0,1,0
2018-07-17,17:36:00,03,05,01,01,01,01,0,356789.55700000003,5020289.348,False,July,1,0,0,0,0,0,0,0,0,1,0,0,0,0,0,0,0,1,0
2018-07-17,17:45:00,03,0,01,01,01,,0,371993.3888,5026531.578,False,July,0,0,0,0,0,0,0,0,1,0,0,0,0,0,0,0,0,1,0
2018-07-17,17:46:00,03,04,01,01,01,,0,379560.0632,5036275.8780000005,False,July,0,0,0,0,0,0,0,0,1,0,0,0,0,0,0,0,0,1,0
2018-07-12,18:00:00,03,02,01,01,01,01,0,372691.4938,5029716.211,False,July,0,1,0,0,0,0,0,0,0,0,1,0,0,0,0,0,0,1,0
2018-07-17,17:59:00,03,02,01,01,01,01,0,365380.5837,5028745.598999999,False,July,1,0,0,0,0,0,0,0,0,0,1,0,0,0,0,0,0,1,0
2018-07-17,17:30:00,03,04,01,01,01,01,0,370684.5929,5030592.645,False,July,1,0,0,0,0,0,0,0,0,1,0,0,0,0,0,0,0,1,0