DATE,TIME,CLASS_OF_ACCIDENT,IMPACT_TYPE,ENVIRONMENT,LIGHT,ROAD_SURFACE_CONDITION,TRAFFIC_CONTROL_CONDITION,NO_OF_PEDESTRIANS,X,Y,Highway,Month,categorical_TRAFFIC_CONTROL_01,categorical_TRAFFIC_CONTROL_02,categorical_TRAFFIC_CONTROL_03,categorical_TRAFFIC_CONTROL_04,categorical_TRAFFIC_CONTROL_07,categorical_TRAFFIC_CONTROL_08,categorical_TRAFFIC_CONTROL_09,categorical_TRAFFIC_CONTROL_11,categorical_ACCIDENT_LOCATION_01,categorical_ACCIDENT_LOCATION_02,categorical_ACCIDENT_LOCATION_03,categorical_ACCIDENT_LOCATION_04,categorical_ACCIDENT_LOCATION_05,categorical_ACCIDENT_LOCATION_06,categorical_ACCIDENT_LOCATION_07,categorical_Seasons_Fall,categorical_Seasons_Spring,categorical_Seasons_Summer,categorical_Seasons_Winter
2018-07-17,18:39:00,03,03,01,01,01,,0,367373.5335,5025679.221,False,July,0,0,0,0,0,0,0,0,1,0,0,0,0,0,0,0,0,1,0
2018-07-25,07:54:00,03,02,02,01,02,01,0,373112.7271,5031178.57,False,July,0,1,0,0,0,0,0,0,0,0,1,0,0,0,0,0,0,1,0
2018-07-25,08:01:00,03,04,02,01,02,,0,364492.8213,5024577.3780000005,False,July,0,0,0,0,0,0,0,0,1,0,0,0,0,0,0,0,0,1,0
2018-07-25,08:19:00,03,04,02,01,02,,0,368052.5142,5027868.848999999,False,July,0,0,0,0,0,0,0,0,1,0,0,0,0,0,0,0,0,1,0
2018-07-05,21:31:00,03,07,01,07,01,,0,385655.648,5004838.23,False,July,0,0,0,0,0,0,0,0,1,0,0,0,0,0,0,0,0,1,0
2018-07-25,08:21:00,03,05,02,01,02,01,0,365416.6988,5028038.546,False,July,1,0,0,0,0,0,0,0,0,0,1,0,0,0,0,0,0,1,0
2018-07-25,10:00:00,03,03,02,01,02,01,0,376154.7568,5019727.473999999,False,July,0,1,0,0,0,0,0,0,0,1,0,0,0,0,0,0,0,1,0
2018-07-25,09:15:00,03,02,01,01,01,01,0,367482.7045,5030889.562,False,July,0,1,0,0,0,0,0,0,0,0,1,0,0,0,0,0,0,1,0
2018-07-25,11:18:00,03,02,01,01,01,01,0,364172.66799999995,5029304.602,False,July,0,1,0,0,0,0,0,0,0,0,1,0,0,0,0,0,0,1,0
2018-07-25,11:42:00,02,07,02,01,02,01,1,384428.3389,5035022.308,False,July,1,0,0,0,0,0,0,0,0,1,0,0,0,0,0,0,0,1,0
2018-07-25,11:47:00,03,03,02,01,02,01,0,373902.7495,5028046.855,False,July,1,0,0,0,0,0,0,0,0,1,0,0,0,0,0,0,0,1,0
2018-07-25,12:06:00,02,05,02,01,02,01,0,367948.7098,5031549.576,False,July,1,0,0,0,0,0,0,0,0,0,1,0,0,0,0,0,0,1,0
2018-07-25,12:20:00,03,03,02,01,02,01,0,380567.7475,5036174.573,False,July,1,0,0,0,0,0,0,0,0,1,0,0,0,0,0,0,0,1,0
2018-07-25,14:25:00,03,04,01,01,01,,0,368260.0444,5025711.933999999,False,July,0,0,0,0,0,0,0,0,1,0,0,0,0,0,0,0,0,1,0
2018-07-25,14:45:00,03,05,02,01,02,01,0,371882.7209,5030913.574,False,July,1,0,0,0,0,0,0,0,0,0,1,0,0,0,0,0,0,1,0
2018-07-25,14:40:00,03,04,02,01,02,01,0,370337.8518,5025947.735,False,July,1,0,0,0,0,0,0,0,0,1,0,0,0,0,0,0,0,1,0
2018-07-25,15:00:00,03,02,01,01,02,01,0,388559.7996,5032375.526000001,False,July,0,1,0,0,0,0,0,0,0,0,1,0,0,0,0,0,0,1,0
2018-07-25,15:45:00,03,03,01,01,01,01,0,363933.6839,5014784.416999999,False,July,1,0,0,0,0,0,0,0,0,1,0,0,0,0,0,0,0,1,0
2018-07-25,15:56:00,03,02,01,01,01,01,0,354014.6096,5011021.384,False,July,0,1,0,0,0,0,0,0,0,0,1,0,0,0,0,0,0,1,0
2018-07-25,15:56:00,03,03,01,01,01,,0,377553.6787,5016403.67,False,July,0,0,0,0,0,0,0,0,1,0,0,0,0,0,0,0,0,1,0
2018-07-25,16:31:00,03,03,01,01,01,,0,365418.1154,5014798.806,False,July,0,0,0,0,0,0,0,0,1,0,0,0,0,0,0,0,0,1,0
2018-07-25,16:37:00,03,04,01,01,01,,0,368361.2277,5029319.603,False,July,0,0,0,0,0,0,0,0,1,0,0,0,0,0,0,0,0,1,0
2018-07-22,19:00:00,03,07,01,01,01,,0,351613.1136,5021548.338,False,July,0,0,0,0,0,0,0,0,1,0,0,0,0,0,0,0,0,1,0
2018-07-25,18:32:00,02,02,01,01,02,01,0,365113.83700000006,5013068.716,False,July,0,1,0,0,0,0,0,0,0,0,1,0,0,0,0,0,0,1,0
2018-07-25,21:48:00,03,03,01,07,01,,0,375439.6853,5024016.972,False,July,0,0,0,0,0,0,0,0,1,0,0,0,0,0,0,0,0,1,0
2018-07-26,01:35:00,03,06,01,07,01,01,0,382491.7503,5036242.558999999,False,July,0,1,0,0,0,0,0,0,0,1,0,0,0,0,0,0,0,1,0
2018-07-26,01:34:00,03,05,01,07,01,01,0,369943.7057,5033295.594,False,July,0,1,0,0,0,0,0,0,0,0,1,0,0,0,0,0,0,1,0
2018-07-26,07:04:00,03,02,01,01,01,01,0,356952.6367,5015485.435,False,July,0,1,0,0,0,0,0,0,0,0,1,0,0,0,0,0,0,1,0
2018-07-26,07:07:00,02,03,01,01,01,01,0,372530.717,5031410.562,True,July,1,0,0,0,0,0,0,0,0,1,0,0,0,0,0,0,0,1,0
2018-07-26,08:32:00,02,02,01,01,01,01,0,367399.7097,5019166.47,False,July,1,0,0,0,0,0,0,0,0,0,1,0,0,0,0,0,0,1,0
2018-07-26,08:50:00,03,03,01,01,01,,0,352334.2349,5021622.463,False,July,0,0,0,0,0,0,0,0,1,0,0,0,0,0,0,0,0,1,0
2018-07-24,17:00:00,03,05,02,01,02,01,0,369185.8712,5033592.351,False,July,1,0,0,0,0,0,0,0,0,1,0,0,0,0,0,0,0,1,0
2018-07-26,10:27:00,02,03,01,01,01,01,0,374147.726,5030666.561000001,False,July,1,0,0,0,0,0,0,0,0,1,0,0,0,0,0,0,0,1,0
2018-07-26,12:00:00,03,02,01,01,01,01,0,369917.1874,5029121.391,False,July,0,0,1,0,0,0,0,0,0,0,1,0,0,0,0,0,0,1,0
2018-07-26,12:18:00,03,03,01,01,01,01,0,371921.719,5032887.575,False,July,1,0,0,0,0,0,0,0,0,1,0,0,0,0,0,0,0,1,0
2018-07-26,13:00:00,03,02,01,01,01,,0,374802.287,5029526.239,False,July,0,0,0,0,0,0,0,0,0,0,0,1,0,0,0,0,0,1,0
2018-07-26,,03,06,01,00,01,,0,368547.5445,5030574.613,False,July,0,0,0,0,0,0,0,0,1,0,0,0,0,0,0,0,0,1,0
2018-07-26,14:34:00,03,03,01,01,01,01,0,360856.6813,5025170.52,False,July,0,0,1,0,0,0,0,0,0,1,0,0,0,0,0,0,0,1,0
2018-07-26,15:30:00,02,07,01,01,01,,1,368855.4917,5031843.904,False,July,0,0,0,0,0,0,0,0,1,0,0,0,0,0,0,0,0,1,0
2018-07-26,15:30:00,02,05,01,01,01,01,0,359113.7445,5009588.449,False,July,0,1,0,0,0,0,0,0,0,0,1,0,0,0,0,0,0,1,0
2018-07-26,15:40:00,03,03,01,01,01,,0,366974.2663,5026441.1,False,July,0,0,0,0,0,0,0,0,1,0,0,0,0,0,0,0,0,1,0
2018-07-26,16:11:00,01,02,01,01,01,01,0,350278.6165,5024992.523,False,July,0,1,0,0,0,0,0,0,0,0,1,0,0,0,0,0,0,1,0
2018-07-26,16:15:00,03,02,01,01,01,01,0,367261.7074,5031252.587,False,July,1,0,0,0,0,0,0,0,0,0,1,0,0,0,0,0,0,1,0
2018-07-26,16:25:00,03,03,01,01,01,01,0,366409.7052,5020016.483,False,July,1,0,0,0,0,0,0,0,0,1,0,0,0,0,0,0,0,1,0
2018-07-26,16:27:00,02,03,01,01,01,,0,359803.3378,5019608.954,False,July,0,0,0,0,0,0,0,0,1,0,0,0,0,0,0,0,0,1,0
2018-07-18,17:30:00,03,03,01,01,01,,0,367384.6734,5019316.074,False,July,0,0,0,0,0,0,0,0,1,0,0,0,0,0,0,0,0,1,0
2018-07-26,16:20:00,03,03,01,01,01,01,0,360982.3112,5014901.733,False,July,1,0,0,0,0,0,0,0,0,0,1,0,0,0,0,0,0,1,0
2018-07-26,16:40:00,02,02,01,01,01,01,0,360469.6291,5003123.311000001,False,July,0,1,0,0,0,0,0,0,0,0,1,0,0,0,0,0,0,1,0
2018-07-26,17:00:00,03,06,01,01,01,,0,362586.7855,5027393.033,False,July,0,0,0,0,0,0,0,0,1,0,0,0,0,0,0,0,0,1,0
2018-07-26,17:55:00,02,02,01,01,01,01,0,365087.994,5029808.782,False,July,0,1,0,0,0,0,0,0,0,1,0,0,0,0,0,0,0,1,0
2018-07-26,19:12:00,02,05,01,01,01,01,0,365576.6999,5016707.443,False,July,1,0,0,0,0,0,0,0,0,0,1,0,0,0,0,0,0,1,0
2018-07-26,20:58:00,03,02,01,05,01,01,0,368036.7031,5021945.499,False,July,1,0,0,0,0,0,0,0,0,0,1,0,0,0,0,0,0,1,0
2018-07-26,21:00:00,03,07,01,05,01,,0,357158.9085,5018211.637,False,July,0,0,0,0,0,0,0,0,1,0,0,0,0,0,0,0,0,1,0
2018-07-26,22:34:00,03,03,02,07,02,01,0,363832.1327,5020899.449,False,July,1,0,0,0,0,0,0,0,0,1,0,0,0,0,0,0,0,1,0
2018-07-27,02:09:00,03,06,01,07,01,,0,350337.4755,5019850.5430000005,False,July,0,0,0,0,0,0,0,0,1,0,0,0,0,0,0,0,0,1,0
2018-07-27,05:49:00,03,06,01,01,01,01,0,372595.6727,5031241.535,False,July,1,0,0,0,0,0,0,0,0,1,0,0,0,0,0,0,0,1,0
2018-07-27,05:53:00,02,05,01,01,01,01,0,374862.7393,5029550.553,False,July,0,0,1,0,0,0,0,0,0,0,1,0,0,0,0,0,0,1,0
2018-07-27,08:13:00,02,03,01,01,01,,0,363120.7055,5016640.666999999,False,July,0,0,0,0,0,0,0,0,1,0,0,0,0,0,0,0,0,1,0
2018-07-27,08:38:00,03,03,01,01,01,01,0,364548.811,5015173.325,False,July,1,0,0,0,0,0,0,0,0,1,0,0,0,0,0,0,0,1,0
2018-07-27,08:51:00,03,03,01,01,01,01,0,365924.343,5015321.475,False,July,1,0,0,0,0,0,0,0,0,1,0,0,0,0,0,0,0,1,0
2018-07-27,08:52:00,03,07,01,01,01,,0,365201.6292,5022929.661,False,July,0,0,0,0,0,0,0,0,0,0,0,1,0,0,0,0,0,1,0
2018-07-27,09:25:00,03,02,01,01,01,01,0,364844.6939,5026809.538,False,July,1,0,0,0,0,0,0,0,0,1,0,0,0,0,0,0,0,1,0
2018-07-27,09:33:00,03,02,01,01,01,01,0,367747.7068,5030092.565,True,July,1,0,0,0,0,0,0,0,0,0,1,0,0,0,0,0,0,1,0
2018-07-26,18:15:00,03,03,01,01,01,01,0,370218.7051,5032690.586,False,July,1,0,0,0,0,0,0,0,0,1,0,0,0,0,0,0,0,1,0
2018-07-27,11:53:00,02,05,01,01,01,02,0,377128.7341,5035239.593,False,July,1,0,0,0,0,0,0,0,0,0,1,0,0,0,0,0,0,1,0
2018-07-27,12:10:00,03,02,01,01,01,,0,377740.976,5035699.092,False,July,0,0,0,0,0,0,0,0,0,0,0,1,0,0,0,0,0,1,0
2018-07-27,12:28:00,02,02,01,01,01,,0,381042.4585,5037249.0430000005,False,July,0,0,0,0,0,0,0,0,0,0,0,1,0,0,0,0,0,1,0
2018-07-05,21:45:00,03,04,01,07,01,01,0,368511.7579,5032413.613,False,July,1,0,0,0,0,0,0,0,0,1,0,0,0,0,0,0,0,1,0
2018-07-05,23:28:00,03,04,01,07,01,01,0,368206.6419,5032227.546,False,July,1,0,0,0,0,0,0,0,0,1,0,0,0,0,0,0,0,1,0
2018-07-06,00:23:00,03,02,01,07,01,,0,368236.5634,5032527.246,False,July,0,0,0,0,0,0,0,0,1,0,0,0,0,0,0,0,0,1,0
2018-07-06,01:04:00,03,07,01,07,01,,0,370022.979,5029121.09,False,July,0,0,0,0,0,0,0,0,1,0,0,0,0,0,0,0,0,1,0
2018-07-06,01:44:00,03,07,01,07,01,,0,347541.5923,5026652.272,False,July,0,0,0,0,0,0,0,0,1,0,0,0,0,0,0,0,0,1,0
2018-07-06,07:04:00,02,07,01,01,01,,0,364242.2855,5014055.143999999,False,July,0,0,0,0,0,0,0,0,1,0,0,0,0,0,0,0,0,1,0
2018-07-06,07:05:00,03,07,01,01,01,,0,367455.8572,5024955.212,False,July,0,0,0,0,0,0,0,0,1,0,0,0,0,0,0,0,0,1,0
2018-07-06,08:26:00,03,04,01,01,01,,0,365841.5848,5021387.987,False,July,0,0,0,0,0,0,0,0,0,0,0,1,0,0,0,0,0,1,0
2018-07-06,09:47:00,02,04,01,01,01,,0,367595.0523,5031460.676,False,July,0,0,0,0,0,0,0,0,1,0,0,0,0,0,0,0,0,1,0
2018-07-06,10:59:00,03,04,01,01,01,,0,369993.513,5023024.797,False,July,0,0,0,0,0,0,0,0,1,0,0,0,0,0,0,0,0,1,0
2018-07-06,11:28:00,02,02,01,01,01,02,0,374907.9837,5032661.565,False,July,1,0,0,0,0,0,0,0,0,0,1,0,0,0,0,0,0,1,0
2018-07-06,11:30:00,03,02,01,01,01,01,0,374298.8573,5030754.336,True,July,1,0,0,0,0,0,0,0,0,0,1,0,0,0,0,0,0,1,0
2018-07-06,12:05:00,03,0,01,01,01,,0,369621.0313,5031475.196,False,July,0,0,0,0,0,0,0,0,1,0,0,0,0,0,0,0,0,1,0
2018-07-06,13:00:00,03,04,01,01,01,01,0,370676.3937,5031611.846,False,July,1,0,0,0,0,0,0,0,0,1,0,0,0,0,0,0,0,1,0
2018-07-06,,03,06,01,00,01,,0,371897.4965,5032953.203,False,July,0,0,0,0,0,0,0,0,1,0,0,0,0,0,0,0,0,1,0
2018-07-06,13:42:00,03,02,01,01,01,01,0,369127.7985,5033487.066000001,False,July,1,0,0,0,0,0,0,0,0,0,1,0,0,0,0,0,0,1,0
2018-07-06,13:57:00,02,05,01,01,01,01,0,366379.67799999996,5008975.443,False,July,1,0,0,0,0,0,0,0,0,0,1,0,0,0,0,0,0,1,0
2018-07-06,14:11:00,02,07,01,01,01,01,0,364275.6943,5027493.614,False,July,1,0,0,0,0,0,0,0,0,0,1,0,0,0,0,0,0,1,0
2018-07-05,,03,07,01,07,01,,0,372867.1508,5010913.141,False,July,0,0,0,0,0,0,0,0,0,0,0,1,0,0,0,0,0,1,0
2018-07-06,14:34:00,03,03,01,01,01,01,0,359718.6621,5019554.561000001,False,July,1,0,0,0,0,0,0,0,0,1,0,0,0,0,0,0,0,1,0
2018-07-06,14:38:00,03,04,01,01,01,,0,367613.7229,5031344.623,False,July,0,0,0,0,0,0,0,0,1,0,0,0,0,0,0,0,0,1,0
2018-07-06,15:05:00,03,03,01,01,01,,0,376423.9553,5034882.25,False,July,0,0,0,0,0,0,0,0,1,0,0,0,0,0,0,0,0,1,0
2018-07-06,15:14:00,02,04,01,01,01,01,0,368325.8359,5032416.521000001,False,July,1,0,0,0,0,0,0,0,0,0,1,0,0,0,0,0,0,1,0
2018-07-05,,03,06,01,00,01,,0,364340.8618,5012934.831,False,July,0,0,0,0,0,0,0,0,1,0,0,0,0,0,0,0,0,1,0
2018-07-06,13:30:00,03,04,01,01,01,00,0,368140.6437,5033039.558999999,False,July,0,1,0,0,0,0,0,0,0,1,0,0,0,0,0,0,0,1,0
2018-07-06,15:44:00,03,02,01,01,01,01,0,369037.70399999997,5032215.786,False,July,0,1,0,0,0,0,0,0,0,0,1,0,0,0,0,0,0,1,0
2018-07-06,15:53:00,03,03,01,01,01,,0,367754.769,5031512.603999999,False,July,0,0,0,0,0,0,0,0,1,0,0,0,0,0,0,0,0,1,0
2018-07-06,15:05:00,03,03,01,01,01,,0,373199.0223,5032428.71,False,July,0,0,0,0,0,0,0,0,1,0,0,0,0,0,0,0,0,1,0
2018-07-06,15:53:00,03,01,01,01,01,01,0,359593.6858,5024350.501,False,July,1,0,0,0,0,0,0,0,0,1,0,0,0,0,0,0,0,1,0
2018-07-06,16:14:00,03,02,01,01,01,01,0,363078.8077,5026146.5030000005,False,July,0,1,0,0,0,0,0,0,0,0,1,0,0,0,0,0,0,1,0
2018-07-06,16:23:00,03,03,01,01,01,01,0,356345.5818,5022761.575,False,July,1,0,0,0,0,0,0,0,0,1,0,0,0,0,0,0,0,1,0
2018-07-06,17:45:00,03,02,01,01,01,,0,389947.8221,5042449.125,False,July,0,0,0,0,0,0,0,0,0,0,0,1,0,0,0,0,0,1,0
2018-07-06,18:16:00,03,03,01,01,01,,0,372439.1407,5031631.641,True,July,0,0,0,0,0,0,0,0,1,0,0,0,0,0,0,0,0,1,0
2018-07-06,16:30:00,03,02,01,01,01,01,0,366768.6969,5030948.412,False,July,1,0,0,0,0,0,0,0,0,0,1,0,0,0,0,0,0,1,0
2018-07-06,23:20:00,03,03,01,07,01,01,0,371291.8373,5023864.563999999,False,July,1,0,0,0,0,0,0,0,0,1,0,0,0,0,0,0,0,1,0
2018-07-07,00:46:00,03,06,01,07,01,,0,365007.0296,5026907.18,False,July,0,0,0,0,0,0,0,0,1,0,0,0,0,0,0,0,0,1,0
2018-07-07,04:44:00,03,03,01,07,01,01,0,371094.7399,5032359.61,False,July,1,0,0,0,0,0,0,0,0,1,0,0,0,0,0,0,0,1,0
2018-07-07,05:35:00,03,07,01,03,01,,0,350325.9424,5024940.688999999,False,July,0,0,0,0,0,0,0,0,1,0,0,0,0,0,0,0,0,1,0
2018-07-06,07:29:00,03,03,01,01,01,01,0,371516.677,5029181.563999999,False,July,1,0,0,0,0,0,0,0,0,1,0,0,0,0,0,0,0,1,0
2018-07-04,09:43:00,03,04,01,01,01,01,0,368665.7412,5030476.578,False,July,1,0,0,0,0,0,0,0,0,1,0,0,0,0,0,0,0,1,0
2018-07-07,09:55:00,02,03,01,01,01,01,0,352207.5948,5017242.506,False,July,1,0,0,0,0,0,0,0,0,1,0,0,0,0,0,0,0,1,0
2018-07-07,10:00:00,03,03,01,01,01,,0,376864.5267,5018056.58,False,July,0,0,0,0,0,0,0,0,0,0,0,1,0,0,0,0,0,1,0
2018-07-07,10:46:00,03,06,01,01,01,,0,369414.571,5015529.463,False,July,0,0,0,0,0,0,0,0,1,0,0,0,0,0,0,0,0,1,0
2018-07-07,10:51:00,02,05,01,01,01,01,0,350933.9003,5019115.588,False,July,1,0,0,0,0,0,0,0,0,0,1,0,0,0,0,0,0,1,0
2018-07-06,23:20:00,03,03,01,07,01,01,0,366114.58,5031292.475,False,July,0,1,0,0,0,0,0,0,0,1,0,0,0,0,0,0,0,1,0
2018-07-07,11:37:00,02,07,01,01,01,01,1,368000.6991,5032573.594,False,July,1,0,0,0,0,0,0,0,0,0,1,0,0,0,0,0,0,1,0
2018-07-07,11:36:00,03,04,01,01,01,01,0,368157.6875,5032315.579,False,July,1,0,0,0,0,0,0,0,0,1,0,0,0,0,0,0,0,1,0
2018-07-06,,03,06,01,07,01,,0,365131.7581,5016051.0,False,July,0,0,0,0,0,0,0,0,1,0,0,0,0,0,0,0,0,1,0
2018-07-07,12:16:00,03,04,01,01,01,01,0,365612.5538,5021942.65,False,July,1,0,0,0,0,0,0,0,0,1,0,0,0,0,0,0,0,1,0
2018-07-07,12:25:00,03,02,01,01,01,01,0,383165.8642,5016891.461,False,July,0,1,0,0,0,0,0,0,0,0,1,0,0,0,0,0,0,1,0
2018-07-06,,03,06,01,00,01,,0,368889.4512,5032653.828,False,July,0,0,0,0,0,0,0,0,1,0,0,0,0,0,0,0,0,1,0
2018-07-07,15:02:00,03,03,01,01,01,01,0,370155.7198,5015960.4569999995,False,July,1,0,0,0,0,0,0,0,0,1,0,0,0,0,0,0,0,1,0
2018-07-07,12:55:00,03,03,01,01,01,01,0,350267.5473,5016713.393999999,False,July,1,0,0,0,0,0,0,0,0,1,0,0,0,0,0,0,0,1,0
2018-07-07,16:24:00,02,02,01,01,01,01,0,373236.7263,5029693.533,False,July,1,0,0,0,0,0,0,0,0,0,1,0,0,0,0,0,0,1,0
2018-07-07,17:14:00,02,02,01,01,01,00,0,365695.3262,5005905.617,False,July,0,1,0,0,0,0,0,0,0,0,1,0,0,0,0,0,0,1,0
2018-07-07,18:15:00,03,07,01,01,01,,0,357347.9312,5005357.828,False,July,0,0,0,0,0,0,0,0,1,0,0,0,0,0,0,0,0,1,0
2018-07-07,18:25:00,03,02,01,01,01,,0,367690.4255,5030912.806,False,July,0,0,0,0,0,0,0,0,0,0,0,1,0,0,0,0,0,1,0
2018-07-07,16:25:00,03,05,01,01,01,01,0,352677.826,5017676.756,False,July,1,0,0,0,0,0,0,0,0,0,1,0,0,0,0,0,0,1,0
2018-07-07,14:30:00,03,06,01,01,01,,0,362575.2077,5025645.911,False,July,0,0,0,0,0,0,0,0,1,0,0,0,0,0,0,0,0,1,0
2018-07-07,19:55:00,03,04,01,01,01,01,0,368998.1684,5030968.172,False,July,0,1,0,0,0,0,0,0,0,1,0,0,0,0,0,0,0,1,0
2018-07-07,20:43:00,03,07,01,05,01,,0,349251.3609,5026111.066000001,False,July,0,0,0,0,0,0,0,0,1,0,0,0,0,0,0,0,0,1,0
2018-07-07,21:34:00,03,03,01,07,01,01,0,374298.9237,5030754.356000001,True,July,1,0,0,0,0,0,0,0,0,1,0,0,0,0,0,0,0,1,0
2018-07-07,21:49:00,02,06,01,07,01,,0,363754.802,5023114.013,False,July,0,0,0,0,0,0,0,0,1,0,0,0,0,0,0,0,0,1,0
2018-07-07,22:42:00,02,07,01,07,08,,0,336264.8684,5033338.001,False,July,0,0,0,0,0,0,0,0,1,0,0,0,0,0,0,0,0,1,0
2018-07-07,23:00:00,03,05,01,07,01,01,0,371946.5322,5024129.3,False,July,1,0,0,0,0,0,0,0,0,0,1,0,0,0,0,0,0,1,0
2018-07-07,23:46:00,02,07,01,07,01,,0,365894.9038,5011102.103,False,July,0,0,0,0,0,0,0,0,1,0,0,0,0,0,0,0,0,1,0
2018-07-08,04:30:00,03,07,01,07,01,,0,341545.3754,5022833.43,False,July,0,0,0,0,0,0,0,0,1,0,0,0,0,0,0,0,0,1,0
2018-07-08,09:15:00,03,04,01,01,01,,0,381406.5463,5038074.547,False,July,0,0,0,0,0,0,0,0,1,0,0,0,0,0,0,0,0,1,0
2018-07-08,11:36:00,03,03,01,01,01,,0,362393.9771,5013566.092,False,July,0,0,0,0,0,0,0,0,1,0,0,0,0,0,0,0,0,1,0
2018-02-13,,03,06,01,00,01,,0,348881.4082,5023819.483,False,February,0,0,0,0,0,0,0,0,1,0,0,0,0,0,0,0,0,0,1
2018-02-15,08:58:00,03,05,01,01,02,,0,374903.9016,5029460.723,False,February,0,0,0,0,0,0,0,0,0,0,0,1,0,0,0,0,0,0,1
2018-02-15,08:40:00,03,02,01,01,06,01,0,383540.7634,5035988.563999999,False,February,1,0,0,0,0,0,0,0,0,1,0,0,0,0,0,0,0,0,1
2018-03-09,08:55:00,03,02,03,01,05,,0,364412.3955,5012543.829,False,March,0,0,0,0,0,0,0,0,0,0,0,1,0,0,0,0,1,0,0
2018-02-15,09:06:00,02,04,04,01,06,01,0,373396.8069,5026308.46,False,February,1,0,0,0,0,0,0,0,0,1,0,0,0,0,0,0,0,0,1
2018-02-15,09:08:00,03,02,04,01,06,01,0,362985.3479,5028800.257,False,February,0,1,0,0,0,0,0,0,0,0,1,0,0,0,0,0,0,0,1
2018-02-15,09:11:00,03,03,01,01,04,01,0,373763.7395,5025404.523,False,February,1,0,0,0,0,0,0,0,0,1,0,0,0,0,0,0,0,0,1
2018-02-15,08:30:00,03,07,04,01,06,01,0,392562.5003,5026365.475,False,February,0,1,0,0,0,0,0,0,0,1,0,0,0,0,0,0,0,0,1
2018-02-15,09:18:00,03,04,02,01,02,01,0,367613.7125,5028938.554,False,February,1,0,0,0,0,0,0,0,0,1,0,0,0,0,0,0,0,0,1
2018-02-15,08:56:00,03,07,04,01,06,01,0,377875.0313,5020724.491,False,February,0,1,0,0,0,0,0,0,0,0,1,0,0,0,0,0,0,0,1
2018-02-15,09:30:00,03,01,04,01,06,,0,381920.609,5032459.303,False,February,0,0,0,0,0,0,0,0,1,0,0,0,0,0,0,0,0,0,1
2018-02-15,09:31:00,03,07,04,01,06,01,0,362908.729,5026021.835,False,February,0,1,0,0,0,0,0,0,0,1,0,0,0,0,0,0,0,0,1
2018-02-15,10:27:00,03,03,04,01,06,01,0,384428.3389,5035022.308,False,February,1,0,0,0,0,0,0,0,0,1,0,0,0,0,0,0,0,0,1
2018-02-15,11:07:00,03,02,04,01,06,,0,373409.4181,5031150.422,False,February,0,0,0,0,0,0,0,0,0,0,0,1,0,0,0,0,0,0,1
2018-02-15,11:21:00,03,07,04,01,06,,0,362102.3511,5026980.86,False,February,0,0,0,0,0,0,0,0,1,0,0,0,0,0,0,0,0,0,1
2018-02-15,11:32:00,03,04,01,01,01,01,0,360242.6764,5022371.5,False,February,1,0,0,0,0,0,0,0,0,1,0,0,0,0,0,0,0,0,1
2018-02-15,11:41:00,02,07,02,01,02,01,1,363697.6605,5025211.641,False,February,1,0,0,0,0,0,0,0,0,0,1,0,0,0,0,0,0,0,1
2018-02-15,10:30:00,03,07,04,01,06,,0,400037.1068,5029422.601,False,February,0,0,0,0,0,0,0,0,1,0,0,0,0,0,0,0,0,0,1
2018-02-15,12:56:00,02,02,01,01,02,01,0,338123.1657,5022171.51,False,February,0,1,0,0,0,0,0,0,0,0,1,0,0,0,0,0,0,0,1
2018-02-14,12:00:00,03,03,01,01,01,01,0,375047.7247,5031119.565,False,February,1,0,0,0,0,0,0,0,0,1,0,0,0,0,0,0,0,0,1
2018-02-15,13:32:00,03,04,01,01,01,01,0,368373.6368,5031798.27,False,February,1,0,0,0,0,0,0,0,0,0,1,0,0,0,0,0,0,0,1
2018-02-18,13:30:00,03,02,01,01,01,,0,379803.7381,5037350.596,False,February,0,0,0,0,0,0,0,0,0,1,0,0,0,0,0,0,0,0,1
2018-02-15,13:43:00,03,04,01,01,02,,0,372731.2155,5027361.285,False,February,0,0,0,0,0,0,0,0,1,0,0,0,0,0,0,0,0,0,1
2018-02-15,14:49:00,03,02,01,01,02,01,0,354573.0637,5016744.484,False,February,1,0,0,0,0,0,0,0,0,0,1,0,0,0,0,0,0,0,1
2018-02-15,09:00:00,03,01,04,01,04,,0,371375.8747,5032233.63,False,February,0,0,0,0,0,0,0,0,1,0,0,0,0,0,0,0,0,0,1
2018-02-15,15:23:00,02,03,01,01,01,,0,359405.5941,5014608.286,False,February,0,0,0,0,0,0,0,0,1,0,0,0,0,0,0,0,0,0,1
2018-02-15,15:30:00,03,03,01,01,02,01,0,367390.711,5021523.488,False,February,1,0,0,0,0,0,0,0,0,1,0,0,0,0,0,0,0,0,1
2018-02-15,13:50:00,03,02,01,01,02,,0,383576.4563,5035905.27,False,February,0,0,0,0,0,0,0,0,0,0,0,1,0,0,0,0,0,0,1
2018-02-15,15:43:00,03,03,01,01,02,01,0,383951.7608,5036159.561000001,False,February,1,0,0,0,0,0,0,0,0,1,0,0,0,0,0,0,0,0,1
2018-02-15,16:01:00,02,05,01,01,02,01,0,366261.6978,5025799.531,False,February,0,1,0,0,0,0,0,0,0,0,1,0,0,0,0,0,0,0,1
2018-02-15,16:12:00,03,02,01,01,02,,0,365810.5366,5021465.228999999,False,February,0,0,0,0,0,0,0,0,0,0,0,1,0,0,0,0,0,0,1
2018-02-15,16:13:00,03,05,01,01,01,01,0,353673.6253,5018424.46,False,February,1,0,0,0,0,0,0,0,0,0,1,0,0,0,0,0,0,0,1