DATE,TIME,CLASS_OF_ACCIDENT,IMPACT_TYPE,ENVIRONMENT,LIGHT,ROAD_SURFACE_CONDITION,TRAFFIC_CONTROL_CONDITION,NO_OF_PEDESTRIANS,X,Y,Highway,Month,categorical_TRAFFIC_CONTROL_01,categorical_TRAFFIC_CONTROL_02,categorical_TRAFFIC_CONTROL_03,categorical_TRAFFIC_CONTROL_04,categorical_TRAFFIC_CONTROL_07,categorical_TRAFFIC_CONTROL_08,categorical_TRAFFIC_CONTROL_09,categorical_TRAFFIC_CONTROL_11,categorical_ACCIDENT_LOCATION_01,categorical_ACCIDENT_LOCATION_02,categorical_ACCIDENT_LOCATION_03,categorical_ACCIDENT_LOCATION_04,categorical_ACCIDENT_LOCATION_05,categorical_ACCIDENT_LOCATION_06,categorical_ACCIDENT_LOCATION_07,categorical_Seasons_Fall,categorical_Seasons_Spring,categorical_Seasons_Summer,categorical_Seasons_Winter
2018-02-15,16:17:00,03,05,01,01,01,01,0,370851.7306,5024839.528,False,February,1,0,0,0,0,0,0,0,0,0,1,0,0,0,0,0,0,0,1
2018-02-15,16:42:00,03,02,01,01,01,,0,367247.4217,5031241.437,False,February,0,0,0,0,0,0,0,0,0,0,0,1,0,0,0,0,0,0,1
2018-02-15,16:48:00,03,02,02,01,02,01,0,367648.7023,5031680.578,False,February,1,0,0,0,0,0,0,0,0,0,1,0,0,0,0,0,0,0,1
2018-02-15,17:26:00,03,03,01,07,02,01,0,369249.7175,5025300.522,False,February,1,0,0,0,0,0,0,0,0,1,0,0,0,0,0,0,0,0,1
2018-02-15,17:53:00,03,07,03,07,06,01,0,361910.035,5025369.125,False,February,1,0,0,0,0,0,0,0,0,0,1,0,0,0,0,0,0,0,1
2018-02-15,17:55:00,03,03,01,05,01,01,0,357907.6519,5018498.456,False,February,1,0,0,0,0,0,0,0,0,1,0,0,0,0,0,0,0,0,1
2018-02-15,17:58:00,03,03,01,07,02,,0,364379.3949,5027273.546,False,February,0,0,0,0,0,0,0,0,1,0,0,0,0,0,0,0,0,0,1
2018-02-15,18:05:00,03,05,01,07,04,01,0,364172.2088,5014944.573,False,February,1,0,0,0,0,0,0,0,0,1,0,0,0,0,0,0,0,0,1
2018-02-15,21:03:00,03,05,01,07,05,01,0,352677.8782,5017676.768999999,False,February,1,0,0,0,0,0,0,0,0,1,0,0,0,0,0,0,0,0,1
2018-02-15,21:51:00,02,07,01,07,02,,1,363281.2705,5014675.022,False,February,0,0,0,0,0,0,0,0,1,0,0,0,0,0,0,0,0,0,1
2018-02-15,22:44:00,02,05,01,07,02,01,0,358234.6562,5023497.518,False,February,1,0,0,0,0,0,0,0,0,0,1,0,0,0,0,0,0,0,1
2018-02-15,23:14:00,02,07,01,07,02,,0,367200.4245,5025579.772,False,February,0,0,0,0,0,0,0,0,1,0,0,0,0,0,0,0,0,0,1
2018-02-16,04:42:00,03,04,01,07,02,,0,375423.3997,5033294.666999999,False,February,0,0,0,0,0,0,0,0,1,0,0,0,0,0,0,0,0,0,1
2018-02-16,08:11:00,03,03,01,01,02,01,0,354989.6355,5019202.473999999,False,February,0,1,0,0,0,0,0,0,0,1,0,0,0,0,0,0,0,0,1
2018-02-16,08:11:00,03,03,02,01,02,01,0,370925.7176,5029115.551,False,February,0,1,0,0,0,0,0,0,0,1,0,0,0,0,0,0,0,0,1
2018-02-16,06:30:00,03,06,01,03,01,,0,355002.7947,5017668.779,False,February,0,0,0,0,0,0,0,0,0,0,0,1,0,0,0,0,0,0,1
2018-02-16,11:09:00,03,05,01,01,04,01,0,380123.7811,5013430.437,False,February,0,1,0,0,0,0,0,0,0,0,1,0,0,0,0,0,0,0,1
2018-02-16,11:58:00,03,04,01,01,02,01,0,367357.7008,5031098.572,False,February,1,0,0,0,0,0,0,0,0,1,0,0,0,0,0,0,0,0,1
2018-02-16,12:25:00,03,03,01,01,01,01,0,368075.7178,5028519.554,False,February,0,1,0,0,0,0,0,0,0,1,0,0,0,0,0,0,0,0,1
2018-02-16,13:02:00,02,07,01,01,02,01,1,363608.6446,5028539.949,False,February,1,0,0,0,0,0,0,0,0,0,1,0,0,0,0,0,0,0,1
2018-02-16,13:21:00,03,03,01,01,02,01,0,373380.1954,5032536.261,False,February,1,0,0,0,0,0,0,0,0,1,0,0,0,0,0,0,0,0,1
2018-02-16,14:37:00,03,03,01,01,01,01,0,389860.7736,5042617.563999999,False,February,1,0,0,0,0,0,0,0,0,1,0,0,0,0,0,0,0,0,1
2018-02-16,14:47:00,03,03,01,01,01,00,0,362888.6877,5023126.512,False,February,0,1,0,0,0,0,0,0,0,1,0,0,0,0,0,0,0,0,1
2018-02-16,14:47:00,03,04,01,01,01,01,0,367275.3564,5030865.57,False,February,1,0,0,0,0,0,0,0,0,1,0,0,0,0,0,0,0,0,1
2018-02-16,15:24:00,03,03,01,01,01,,0,376499.3095,5035043.291999999,False,February,0,0,0,0,0,0,0,0,1,0,0,0,0,0,0,0,0,0,1
2018-02-16,15:37:00,03,05,01,01,01,,0,358167.3814,5018650.162,True,February,0,0,0,0,0,0,0,0,0,0,0,1,0,0,0,0,0,0,1
2018-02-16,16:42:00,03,02,01,01,02,01,0,374387.711,4996968.277,False,February,0,1,0,0,0,0,0,0,0,0,1,0,0,0,0,0,0,0,1
2018-02-16,16:57:00,03,03,01,01,01,,0,367933.0972,5032027.492,False,February,0,0,0,0,0,0,0,0,0,0,0,1,0,0,0,0,0,0,1
2018-02-16,17:12:00,03,0,01,05,01,,0,377646.0583,5036035.588,False,February,0,0,0,0,0,0,0,0,1,0,0,0,0,0,0,0,0,0,1
2018-02-16,17:00:00,03,02,01,01,01,,0,371967.3568,5034021.346,False,February,0,0,0,0,0,0,0,0,0,0,0,1,0,0,0,0,0,0,1
2018-02-16,11:00:00,03,06,01,01,03,,0,365026.0989,5029547.788,False,February,0,0,0,0,0,0,0,0,1,0,0,0,0,0,0,0,0,0,1
2018-02-16,17:46:00,03,06,01,05,01,,0,368547.2568,5028522.054,False,February,0,0,0,0,0,0,0,0,0,0,0,1,0,0,0,0,0,0,1
2018-02-16,18:14:00,03,04,01,07,01,,0,368675.6937,5026710.2069999995,False,February,0,0,0,0,0,0,0,0,0,0,0,0,0,0,0,0,0,0,1
2018-02-16,18:53:00,03,07,01,07,01,01,0,357327.4324,5019853.431,False,February,1,0,0,0,0,0,0,0,0,0,1,0,0,0,0,0,0,0,1
2018-02-16,19:01:00,02,07,01,07,01,,1,371594.8318,5033844.076,False,February,0,0,0,0,0,0,0,0,1,0,0,0,0,0,0,0,0,0,1
2018-02-16,19:41:00,03,07,01,07,01,,0,373371.5135,5036066.721,False,February,0,0,0,0,0,0,0,0,1,0,0,0,0,0,0,0,0,0,1
2018-02-16,19:49:00,03,02,01,07,01,01,0,363591.6448,5028305.946,False,February,0,1,0,0,0,0,0,0,0,0,1,0,0,0,0,0,0,0,1
2018-02-16,20:01:00,02,07,01,07,02,01,1,359353.7421,5024621.516,False,February,0,1,0,0,0,0,0,0,0,1,0,0,0,0,0,0,0,0,1
2018-02-17,01:05:00,03,07,01,07,01,,0,388627.5213,5013839.278,False,February,0,0,0,0,0,0,0,0,1,0,0,0,0,0,0,0,0,0,1
2018-02-17,04:45:00,03,07,01,07,01,01,0,375198.6959,5031217.26,False,February,1,0,0,0,0,0,0,0,0,0,1,0,0,0,0,0,0,0,1
2018-02-15,07:45:00,03,02,02,01,04,,0,365075.78799999994,5012303.647,False,February,0,0,0,0,0,0,0,0,0,0,0,1,0,0,0,0,0,0,1
2018-02-16,15:35:00,03,03,01,01,01,01,0,360752.2244,5014962.154,False,February,1,0,0,0,0,0,0,0,0,1,0,0,0,0,0,0,0,0,1
2018-02-17,11:29:00,03,05,01,01,01,01,0,366935.2711,5031426.166,False,February,1,0,0,0,0,0,0,0,0,0,1,0,0,0,0,0,0,0,1
2018-02-17,11:31:00,02,02,01,01,01,01,0,386566.4237,5037273.556,False,February,1,0,0,0,0,0,0,0,0,0,1,0,0,0,0,0,0,0,1
2018-02-17,12:06:00,03,03,01,01,06,01,0,348253.5715,5014875.436000001,False,February,0,1,0,0,0,0,0,0,0,1,0,0,0,0,0,0,0,0,1
2018-02-16,18:30:00,03,07,01,07,02,01,0,357326.9968,5019855.174,False,February,1,0,0,0,0,0,0,0,0,0,1,0,0,0,0,0,0,0,1
2018-02-17,12:20:00,03,02,01,01,01,,0,369204.7143,5029879.565,False,February,0,0,0,0,0,0,0,0,0,1,0,0,0,0,0,0,0,0,1
2018-02-17,12:32:00,03,07,01,01,01,01,0,382225.7028,5035959.965,False,February,1,0,0,0,0,0,0,0,0,1,0,0,0,0,0,0,0,0,1
2018-02-17,12:34:00,02,02,01,01,01,,0,371563.5767,5033775.415,False,February,0,0,0,0,0,0,0,0,0,0,0,1,0,0,0,0,0,0,1
2018-02-17,12:50:00,03,03,01,01,01,01,0,360597.6843,5022584.501,False,February,1,0,0,0,0,0,0,0,0,1,0,0,0,0,0,0,0,0,1
2018-02-17,13:27:00,03,06,01,01,01,,0,370732.9679,5031840.345,False,February,0,0,0,0,0,0,0,0,1,0,0,0,0,0,0,0,0,0,1
2018-02-16,15:45:00,03,03,01,01,06,01,0,351270.0664,5018181.078,False,February,1,0,0,0,0,0,0,0,0,1,0,0,0,0,0,0,0,0,1
2018-02-17,15:50:00,02,03,01,01,01,01,0,360531.3094,5023312.494,True,February,1,0,0,0,0,0,0,0,0,1,0,0,0,0,0,0,0,0,1
2018-02-14,23:00:00,03,06,01,07,01,,0,372717.2431,5028457.893999999,False,February,0,0,0,0,0,0,0,0,1,0,0,0,0,0,0,0,0,0,1
2018-02-17,17:25:00,03,0,01,05,01,01,0,367174.2445,5014824.888,False,February,1,0,0,0,0,0,0,0,0,1,0,0,0,0,0,0,0,0,1
2018-02-17,18:07:00,03,03,01,07,01,01,0,352207.6106,5017242.452,False,February,1,0,0,0,0,0,0,0,0,1,0,0,0,0,0,0,0,0,1
2018-02-17,18:35:00,03,03,01,07,01,,0,368351.0499,5032101.744,False,February,0,0,0,0,0,0,0,0,1,0,0,0,0,0,0,0,0,0,1
2018-02-17,20:56:00,02,07,01,07,01,01,0,384534.1296,5039595.057,False,February,0,0,0,0,0,0,0,1,0,1,0,0,0,0,0,0,0,0,1
2018-02-17,20:12:00,03,06,01,07,01,,0,379904.3254,5037165.063999999,False,February,0,0,0,0,0,0,0,0,1,0,0,0,0,0,0,0,0,0,1
2018-02-17,20:35:00,03,03,01,07,02,,0,375092.0886,5026257.306,False,February,0,0,0,0,0,0,0,0,1,0,0,0,0,0,0,0,0,0,1
2018-02-17,20:59:00,03,06,01,07,01,,0,349033.1609,5002785.228,False,February,0,0,0,0,0,0,0,0,1,0,0,0,0,0,0,0,0,0,1
2018-02-17,21:15:00,02,02,01,07,01,01,0,363453.6891,5028441.556,False,February,1,0,0,0,0,0,0,0,0,0,1,0,0,0,0,0,0,0,1
2018-02-18,00:36:00,03,06,01,07,03,,0,367647.97,5033043.502,False,February,0,0,0,0,0,0,0,0,1,0,0,0,0,0,0,0,0,0,1
2018-02-12,12:20:00,03,04,01,01,01,,0,371836.4908,5033913.829,False,February,0,0,0,0,0,0,0,0,0,0,0,1,0,0,0,0,0,0,1
2018-02-18,08:58:00,03,06,01,01,05,,0,360173.7336,5024386.319,False,February,0,0,0,0,0,0,0,0,1,0,0,0,0,0,0,0,0,0,1
2018-02-18,10:22:00,03,03,01,01,01,01,0,348804.5754,5014360.436000001,False,February,1,0,0,0,0,0,0,0,0,1,0,0,0,0,0,0,0,0,1
2018-02-18,10:59:00,03,04,01,01,01,01,0,367921.6966,5032044.584,False,February,1,0,0,0,0,0,0,0,0,1,0,0,0,0,0,0,0,0,1
2018-02-18,11:41:00,03,02,01,01,01,01,0,368040.0538,5030268.966,False,February,1,0,0,0,0,0,0,0,0,0,1,0,0,0,0,0,0,0,1
2018-02-18,12:10:00,03,02,01,01,01,01,0,366896.6946,5030641.568,False,February,0,1,0,0,0,0,0,0,0,1,0,0,0,0,0,0,0,0,1
2018-02-18,12:55:00,03,03,01,01,01,01,0,354382.626,5016623.444,False,February,1,0,0,0,0,0,0,0,0,1,0,0,0,0,0,0,0,0,1
2018-02-21,22:41:00,03,04,01,07,01,01,0,369995.7204,5026851.5430000005,False,February,1,0,0,0,0,0,0,0,0,1,0,0,0,0,0,0,0,0,1
2018-03-01,20:40:00,03,03,01,07,01,01,0,375507.7502,5026406.53,False,March,1,0,0,0,0,0,0,0,0,1,0,0,0,0,0,0,1,0,0
2018-03-09,09:22:00,03,05,03,01,03,01,0,375578.7347,5031439.556,False,March,1,0,0,0,0,0,0,0,0,0,1,0,0,0,0,0,1,0,0
2018-02-21,22:59:00,03,05,01,07,06,01,0,381420.7472,5036060.571,False,February,1,0,0,0,0,0,0,0,0,0,1,0,0,0,0,0,0,0,1
2018-03-02,,03,06,01,00,01,,0,367642.3327,5031087.415,False,March,0,0,0,0,0,0,0,0,1,0,0,0,0,0,0,0,1,0,0
2018-02-18,13:31:00,03,04,01,01,01,01,0,370802.078,5031015.908,True,February,1,0,0,0,0,0,0,0,0,1,0,0,0,0,0,0,0,0,1
2018-03-09,09:43:00,03,07,03,01,04,,0,362625.4642,5000632.807,False,March,0,0,0,0,0,0,0,0,1,0,0,0,0,0,0,0,1,0,0
2018-02-22,06:47:00,02,05,01,07,01,01,0,375906.1993,5014804.726,False,February,1,0,0,0,0,0,0,0,0,0,1,0,0,0,0,0,0,0,1
2018-03-03,14:14:00,03,04,02,01,02,01,0,370218.7046,5032690.587,False,March,1,0,0,0,0,0,0,0,0,1,0,0,0,0,0,0,1,0,0
2018-03-09,09:59:00,03,03,02,01,06,01,0,361863.685,5020584.477,False,March,1,0,0,0,0,0,0,0,0,1,0,0,0,0,0,0,1,0,0
2018-02-18,12:35:00,02,03,01,01,01,,0,374159.1227,5034088.574,False,February,0,0,0,0,0,0,0,0,1,0,0,0,0,0,0,0,0,0,1
2018-02-21,22:00:00,03,03,02,07,02,01,0,367496.7101,5030502.565,False,February,1,0,0,0,0,0,0,0,0,1,0,0,0,0,0,0,0,0,1
2018-03-03,14:45:00,03,03,01,01,01,01,0,359233.6692,5023509.506,False,March,1,0,0,0,0,0,0,0,0,1,0,0,0,0,0,0,1,0,0
2018-03-09,10:55:00,02,02,03,01,02,01,0,360752.2247,5014962.154,False,March,1,0,0,0,0,0,0,0,0,0,1,0,0,0,0,0,1,0,0
2018-02-18,14:15:00,03,06,01,01,01,,0,357640.4942,5020414.978,False,February,0,0,0,0,0,0,0,0,1,0,0,0,0,0,0,0,0,0,1
2018-02-22,07:55:00,03,03,01,01,01,,0,372005.7861,5032686.113,False,February,0,0,0,0,0,0,0,0,0,0,0,1,0,0,0,0,0,0,1
2018-03-03,14:55:00,03,04,01,01,02,01,0,353673.6252,5018424.46,False,March,1,0,0,0,0,0,0,0,0,1,0,0,0,0,0,0,1,0,0
2018-03-09,11:15:00,03,02,02,01,02,01,0,366644.95399999997,5011533.807,False,March,0,1,0,0,0,0,0,0,0,0,1,0,0,0,0,0,1,0,0
2018-02-18,13:30:00,03,02,01,01,01,,0,352161.2695,5017199.245,False,February,0,0,0,0,0,0,0,0,0,0,0,1,0,0,0,0,0,0,1
2018-02-18,14:45:00,03,05,01,01,01,,0,364185.4732,5014929.102,False,February,0,0,0,0,0,0,0,0,0,0,0,1,0,0,0,0,0,0,1
2018-02-18,14:35:00,03,04,01,01,01,,0,380741.4678,5037051.321,False,February,0,0,0,0,0,0,0,0,1,0,0,0,0,0,0,0,0,0,1
2018-02-17,20:00:00,03,06,01,07,01,,0,361694.1342,5014083.2069999995,False,February,0,0,0,0,0,0,0,0,0,0,0,1,0,0,0,0,0,0,1
2018-02-18,15:34:00,02,02,01,01,01,01,0,364880.35799999995,5025068.914,False,February,1,0,0,0,0,0,0,0,0,0,1,0,0,0,0,0,0,0,1
2018-02-18,16:14:00,03,05,01,01,01,01,0,383190.7565,5035796.563,False,February,1,0,0,0,0,0,0,0,0,1,0,0,0,0,0,0,0,0,1
2018-02-18,16:27:00,03,03,01,01,01,01,0,367948.7099,5031549.576,False,February,1,0,0,0,0,0,0,0,0,1,0,0,0,0,0,0,0,0,1
2018-03-07,08:50:00,03,05,03,01,03,01,0,350623.4792,5018915.728999999,False,March,1,0,0,0,0,0,0,0,0,1,0,0,0,0,0,0,1,0,0
2018-02-18,15:00:00,03,02,01,01,01,01,0,362694.1408,5027833.984,False,February,0,1,0,0,0,0,0,0,0,0,1,0,0,0,0,0,0,0,1
2018-02-18,17:16:00,03,02,01,01,01,01,0,383183.9298,5037977.882,False,February,1,0,0,0,0,0,0,0,0,0,1,0,0,0,0,0,0,0,1
2018-02-18,17:47:00,03,04,01,07,01,01,0,367921.69700000004,5032044.583000001,False,February,1,0,0,0,0,0,0,0,0,1,0,0,0,0,0,0,0,0,1
2018-02-18,18:00:00,03,04,01,05,01,01,0,364521.6979,5024507.526000001,False,February,1,0,0,0,0,0,0,0,0,1,0,0,0,0,0,0,0,0,1
2018-02-18,19:08:00,03,07,01,07,01,01,0,369250.0574,5032860.289,False,February,1,0,0,0,0,0,0,0,0,1,0,0,0,0,0,0,0,0,1
2018-02-19,09:21:00,03,05,01,01,01,01,0,359004.8712,5023990.612,False,February,1,0,0,0,0,0,0,0,0,0,1,0,0,0,0,0,0,0,1
2018-02-19,10:15:00,03,04,01,01,01,,0,352779.11600000004,5020613.896000001,True,February,0,0,0,0,0,0,0,0,1,0,0,0,0,0,0,0,0,0,1
2018-02-19,14:00:00,03,07,01,01,01,01,0,367252.3601,5029797.96,False,February,1,0,0,0,0,0,0,0,0,0,1,0,0,0,0,0,0,0,1
2018-02-08,,03,06,01,00,06,,0,382703.5224,5037570.204,False,February,0,0,0,0,0,0,0,0,1,0,0,0,0,0,0,0,0,0,1
2018-02-19,,03,06,01,07,02,,0,351915.5297,5017846.346,False,February,0,0,0,0,0,0,0,0,1,0,0,0,0,0,0,0,0,0,1
2018-02-19,14:54:00,02,02,01,01,01,01,0,367571.7644,5014683.843,False,February,1,0,0,0,0,0,0,0,0,0,1,0,0,0,0,0,0,0,1
2018-02-19,14:55:00,03,04,01,01,02,01,0,366737.6994,5029618.56,True,February,1,0,0,0,0,0,0,0,0,1,0,0,0,0,0,0,0,0,1
2018-02-16,12:47:00,03,04,01,01,01,01,0,364653.7653,5028022.989,False,February,1,0,0,0,0,0,0,0,0,1,0,0,0,0,0,0,0,0,1
2018-02-19,15:16:00,03,06,02,01,02,,0,371030.6463,5033045.922,False,February,0,0,0,0,0,0,0,0,1,0,0,0,0,0,0,0,0,0,1
2018-02-19,15:27:00,03,04,01,01,02,,0,366259.1556,5030240.828,False,February,0,0,0,0,0,0,0,0,1,0,0,0,0,0,0,0,0,0,1
2018-02-19,16:34:00,03,03,02,01,02,01,0,365031.6975,5028917.556,False,February,1,0,0,0,0,0,0,0,0,1,0,0,0,0,0,0,0,0,1
2018-02-19,16:54:00,03,07,02,05,02,,0,359170.9818,5024078.201,False,February,0,0,0,0,0,0,0,0,1,0,0,0,0,0,0,0,0,0,1
2018-02-17,19:34:00,03,04,01,07,01,01,0,371545.7026,5033817.595,False,February,1,0,0,0,0,0,0,0,0,1,0,0,0,0,0,0,0,0,1
2018-02-19,20:53:00,03,03,04,07,06,01,0,375399.7299,5031874.567,False,February,1,0,0,0,0,0,0,0,0,1,0,0,0,0,0,0,0,0,1
2018-02-19,21:06:00,03,07,01,07,03,,0,367852.7286,5031621.488,False,February,0,0,0,0,0,0,0,0,1,0,0,0,0,0,0,0,0,0,1
2018-02-19,22:55:00,03,05,02,07,02,01,0,370676.3846,5031611.703,False,February,1,0,0,0,0,0,0,0,0,0,1,0,0,0,0,0,0,0,1
2018-02-20,06:42:00,03,05,02,03,02,01,0,375907.3089,5014804.172,False,February,1,0,0,0,0,0,0,0,0,0,1,0,0,0,0,0,0,0,1
2018-02-20,07:18:00,02,07,02,01,02,01,1,366833.3537,5030793.966,False,February,1,0,0,0,0,0,0,0,0,0,1,0,0,0,0,0,0,0,1
2018-02-20,08:57:00,03,06,02,01,06,,0,369105.0561,5032105.825,False,February,0,0,0,0,0,0,0,0,1,0,0,0,0,0,0,0,0,0,1
2018-02-20,09:54:00,03,03,02,01,02,01,0,367832.0958,5033871.926,False,February,1,0,0,0,0,0,0,0,0,0,1,0,0,0,0,0,0,0,1
2018-02-20,11:17:00,03,05,01,01,01,,0,367142.0288,5030584.14,False,February,0,0,0,0,0,0,0,0,0,0,0,1,0,0,0,0,0,0,1
2018-02-16,,03,06,01,00,02,,0,372294.8927,5033225.228999999,False,February,0,0,0,0,0,0,0,0,1,0,0,0,0,0,0,0,0,0,1
2018-02-20,12:07:00,03,04,01,01,02,01,0,363560.4805,5014577.838,False,February,1,0,0,0,0,0,0,0,0,1,0,0,0,0,0,0,0,0,1
2018-02-20,13:18:00,03,05,02,01,02,01,0,366379.69,5008975.387,False,February,1,0,0,0,0,0,0,0,0,0,1,0,0,0,0,0,0,0,1
2018-02-18,18:00:00,03,07,03,07,06,,0,393588.7189,5023737.4,False,February,0,0,0,0,0,0,0,0,1,0,0,0,0,0,0,0,0,0,1
2018-02-16,21:05:00,03,04,01,07,02,01,0,371523.7208,5031641.565,False,February,1,0,0,0,0,0,0,0,0,1,0,0,0,0,0,0,0,0,1
2018-02-20,14:55:00,03,05,02,01,02,01,0,353827.6251,5018034.456,False,February,1,0,0,0,0,0,0,0,0,0,1,0,0,0,0,0,0,0,1
2018-02-20,14:31:00,02,03,02,01,02,01,0,368036.7025,5021945.498,False,February,1,0,0,0,0,0,0,0,0,1,0,0,0,0,0,0,0,0,1
2018-02-20,15:09:00,03,03,02,01,02,01,0,372823.7389,5024807.504,False,February,1,0,0,0,0,0,0,0,0,1,0,0,0,0,0,0,0,0,1
2018-02-20,07:40:00,03,03,02,01,02,01,0,363342.6912,5025562.527,False,February,1,0,0,0,0,0,0,0,0,1,0,0,0,0,0,0,0,0,1
2018-02-20,15:45:00,03,03,02,01,02,01,0,353673.6244,5018424.46,False,February,1,0,0,0,0,0,0,0,0,1,0,0,0,0,0,0,0,0,1
2018-02-17,17:00:00,03,04,01,01,02,01,0,362282.6923,5024441.518999999,False,February,1,0,0,0,0,0,0,0,0,1,0,0,0,0,0,0,0,0,1
2018-02-20,15:45:00,03,03,02,01,02,01,0,382226.7481,5035958.572,False,February,1,0,0,0,0,0,0,0,0,0,1,0,0,0,0,0,0,0,1
2018-02-20,16:32:00,03,03,02,01,02,,0,364969.2067,5025273.029,False,February,0,0,0,0,0,0,0,0,1,0,0,0,0,0,0,0,0,0,1
2018-02-20,16:33:00,03,03,02,01,02,01,0,370311.7133,5032270.585,False,February,1,0,0,0,0,0,0,0,0,1,0,0,0,0,0,0,0,0,1
2018-02-20,17:31:00,03,01,02,05,02,01,0,371145.7085,5034781.598,False,February,1,0,0,0,0,0,0,0,0,1,0,0,0,0,0,0,0,0,1
2018-02-20,17:46:00,03,05,02,05,02,01,0,379860.7425,5036471.581,False,February,0,0,0,0,0,0,0,1,0,0,1,0,0,0,0,0,0,0,1
2018-02-20,17:48:00,03,04,02,07,02,01,0,370706.7084,5033416.596,False,February,0,1,0,0,0,0,0,0,0,1,0,0,0,0,0,0,0,0,1
2018-02-20,18:01:00,03,03,02,07,02,,0,370054.8152,5026687.652,False,February,0,0,0,0,0,0,0,0,1,0,0,0,0,0,0,0,0,0,1
2018-02-20,13:20:00,03,06,01,01,06,,0,382959.1653,5036357.395,False,February,0,0,0,0,0,0,0,0,1,0,0,0,0,0,0,0,0,0,1
2018-02-20,18:07:00,02,07,02,07,02,00,2,370852.6731,5031800.58,False,February,0,1,0,0,0,0,0,0,0,0,1,0,0,0,0,0,0,0,1
2018-02-20,18:26:00,03,01,02,07,02,,0,392686.9579,5033167.759,False,February,0,0,0,0,0,0,0,0,1,0,0,0,0,0,0,0,0,0,1
2018-02-20,20:24:00,01,07,07,07,02,,0,334970.9069,5033123.375,False,February,0,0,0,0,0,0,0,0,1,0,0,0,0,0,0,0,0,0,1
2018-02-20,18:53:00,03,05,02,07,02,01,0,368897.4487,5027671.908,False,February,1,0,0,0,0,0,0,0,0,1,0,0,0,0,0,0,0,0,1
2018-02-20,19:12:00,03,02,02,07,02,,0,380471.3348,5036877.273,False,February,0,0,0,0,0,0,0,0,0,0,0,1,0,0,0,0,0,0,1
2018-02-20,22:20:00,03,02,02,07,02,,0,372884.2409,5024843.464,False,February,0,0,0,0,0,0,0,0,0,0,0,1,0,0,0,0,0,0,1
2018-02-20,23:48:00,03,05,02,07,02,01,0,369304.7164,5027894.553,False,February,1,0,0,0,0,0,0,0,0,0,1,0,0,0,0,0,0,0,1
2018-02-21,03:00:00,03,07,07,07,02,,0,398999.9384,5028983.835,False,February,0,0,0,0,0,0,0,0,1,0,0,0,0,0,0,0,0,0,1
2018-02-21,07:02:00,03,07,02,03,02,01,0,370686.35799999995,5033407.989,False,February,1,0,0,0,0,0,0,0,0,1,0,0,0,0,0,0,0,0,1
2018-02-21,08:13:00,03,06,01,01,06,,0,362065.1991,5023669.998,False,February,0,0,0,0,0,0,0,0,1,0,0,0,0,0,0,0,0,0,1
2018-02-21,08:20:00,03,05,01,01,02,,0,373534.6694,5028953.765,False,February,0,0,0,0,0,0,0,0,0,1,0,0,0,0,0,0,0,0,1
2018-02-21,09:15:00,02,02,02,01,02,01,0,366150.7001,5021836.498,False,February,0,1,0,0,0,0,0,0,0,0,1,0,0,0,0,0,0,0,1
2018-02-21,10:24:00,02,02,02,01,02,01,0,371817.7236,5024443.52,False,February,0,1,0,0,0,0,0,0,0,0,1,0,0,0,0,0,0,0,1
2018-02-21,10:39:00,03,03,01,01,02,01,0,373236.7319,5029693.556,False,February,1,0,0,0,0,0,0,0,0,1,0,0,0,0,0,0,0,0,1
2018-02-21,09:13:00,03,03,02,01,02,01,0,367102.70399999997,5031152.587,False,February,1,0,0,0,0,0,0,0,0,1,0,0,0,0,0,0,0,0,1
2018-02-18,18:00:00,03,07,01,05,01,,0,345984.7743,5025453.658,False,February,0,0,0,0,0,0,0,0,1,0,0,0,0,0,0,0,0,0,1
2018-02-20,18:00:00,03,06,07,07,02,,0,357533.8952,5019913.761,False,February,0,0,0,0,0,0,0,0,1,0,0,0,0,0,0,0,0,0,1
2018-02-21,11:24:00,03,04,01,01,02,,0,368309.0925,5031759.312,False,February,0,0,0,0,0,0,0,0,1,0,0,0,0,0,0,0,0,0,1
2018-02-21,11:24:00,03,03,02,01,02,01,0,364907.3972,5026230.412,False,February,1,0,0,0,0,0,0,0,0,1,0,0,0,0,0,0,0,0,1
2018-02-21,11:49:00,02,03,01,01,01,01,0,367550.7119,5029087.558,False,February,0,1,0,0,0,0,0,0,0,1,0,0,0,0,0,0,0,0,1
2018-02-20,13:00:00,03,06,01,01,02,,0,368415.6307,5029691.007,False,February,0,0,0,0,0,0,0,0,0,0,0,1,0,0,0,0,0,0,1
2018-02-15,12:05:00,03,06,02,01,02,,0,349947.0368,5023713.052,False,February,0,0,0,0,0,0,0,0,0,0,0,1,0,0,0,0,0,0,1
2018-02-21,12:46:00,02,02,02,01,02,01,0,372541.7287,5028108.544,False,February,0,1,0,0,0,0,0,0,0,1,0,0,0,0,0,0,0,0,1