DATE,TIME,CLASS_OF_ACCIDENT,IMPACT_TYPE,ENVIRONMENT,LIGHT,ROAD_SURFACE_CONDITION,TRAFFIC_CONTROL_CONDITION,NO_OF_PEDESTRIANS,X,Y,Highway,Month,categorical_TRAFFIC_CONTROL_01,categorical_TRAFFIC_CONTROL_02,categorical_TRAFFIC_CONTROL_03,categorical_TRAFFIC_CONTROL_04,categorical_TRAFFIC_CONTROL_07,categorical_TRAFFIC_CONTROL_08,categorical_TRAFFIC_CONTROL_09,categorical_TRAFFIC_CONTROL_11,categorical_ACCIDENT_LOCATION_01,categorical_ACCIDENT_LOCATION_02,categorical_ACCIDENT_LOCATION_03,categorical_ACCIDENT_LOCATION_04,categorical_ACCIDENT_LOCATION_05,categorical_ACCIDENT_LOCATION_06,categorical_ACCIDENT_LOCATION_07,categorical_Seasons_Fall,categorical_Seasons_Spring,categorical_Seasons_Summer,categorical_Seasons_Winter
2018-02-21,08:55:00,03,06,01,01,02,,0,365963.8971,5030322.433999999,False,February,0,0,0,0,0,0,0,0,1,0,0,0,0,0,0,0,0,0,1
2018-02-21,11:30:00,03,03,02,01,02,01,0,368859.7037,5030914.575,False,February,0,1,0,0,0,0,0,0,0,1,0,0,0,0,0,0,0,0,1
2018-02-21,14:16:00,03,04,01,01,02,01,0,375578.7349,5031439.555,False,February,1,0,0,0,0,0,0,0,0,1,0,0,0,0,0,0,0,0,1
2018-02-18,18:45:00,02,07,01,07,01,01,1,362669.6477,5022577.196,False,February,1,0,0,0,0,0,0,0,0,0,1,0,0,0,0,0,0,0,1
2018-02-21,11:50:00,03,02,01,01,02,01,0,371129.3752,5032045.977,False,February,0,1,0,0,0,0,0,0,0,0,1,0,0,0,0,0,0,0,1
2018-02-21,13:45:00,03,02,01,01,01,01,0,350624.0392,5018916.27,False,February,1,0,0,0,0,0,0,0,0,0,1,0,0,0,0,0,0,0,1
2018-02-21,15:20:00,03,04,01,01,01,01,0,373763.7404,5025404.522,False,February,1,0,0,0,0,0,0,0,0,1,0,0,0,0,0,0,0,0,1
2018-02-21,15:42:00,03,04,01,01,01,01,0,363311.6858,5016194.433,False,February,1,0,0,0,0,0,0,0,0,1,0,0,0,0,0,0,0,0,1
2018-02-21,15:55:00,03,03,01,01,01,01,0,373600.7221,5032664.563,False,February,1,0,0,0,0,0,0,0,0,1,0,0,0,0,0,0,0,0,1
2018-02-21,16:07:00,03,06,01,01,02,,0,367878.55,5031504.906,False,February,0,0,0,0,0,0,0,0,0,0,0,1,0,0,0,0,0,0,1
2018-02-21,16:27:00,03,04,01,01,01,01,0,367447.7067,5029335.561000001,False,February,1,0,0,0,0,0,0,0,0,1,0,0,0,0,0,0,0,0,1
2018-02-21,17:30:00,03,02,01,05,05,,0,372841.3091,5031967.067,False,February,0,0,0,0,0,0,0,0,1,0,0,0,0,0,0,0,0,0,1
2018-02-21,17:04:00,03,03,01,01,02,,0,374278.1753,5031329.413,False,February,0,0,0,0,0,0,0,0,1,0,0,0,0,0,0,0,0,0,1
2018-02-21,,03,06,01,00,01,,0,367197.2497,5031096.444,False,February,0,0,0,0,0,0,0,0,1,0,0,0,0,0,0,0,0,0,1
2018-02-21,15:50:00,03,04,01,01,01,01,0,367458.7098,5021891.504,False,February,1,0,0,0,0,0,0,0,0,1,0,0,0,0,0,0,0,0,1
2018-02-21,18:26:00,03,04,01,07,01,01,0,359004.8713,5023990.612,False,February,1,0,0,0,0,0,0,0,0,1,0,0,0,0,0,0,0,0,1
2018-02-21,18:29:00,03,04,01,07,01,,0,359172.8013,5023633.492,False,February,0,0,0,0,0,0,0,0,1,0,0,0,0,0,0,0,0,0,1
2018-02-21,20:06:00,03,03,01,07,01,01,0,366106.1538,5015395.149,False,February,1,0,0,0,0,0,0,0,0,1,0,0,0,0,0,0,0,0,1
2018-02-21,20:23:00,03,03,01,07,06,,0,370144.8962,5030155.508,False,February,0,0,0,0,0,0,0,0,1,0,0,0,0,0,0,0,0,0,1
2018-02-21,20:49:00,02,07,01,07,06,01,0,363671.0394,5021245.791999999,False,February,1,0,0,0,0,0,0,0,0,1,0,0,0,0,0,0,0,0,1
2018-02-21,20:49:00,03,04,01,07,06,01,0,368694.7208,5026294.528,False,February,0,0,0,0,0,0,0,1,0,0,1,0,0,0,0,0,0,0,1
2018-03-13,07:21:00,03,01,03,01,05,,0,388031.2008,5022256.7069999995,False,March,0,0,0,0,0,0,0,0,1,0,0,0,0,0,0,0,1,0,0
2018-02-22,08:19:00,03,03,01,01,01,01,0,376280.7406,5031841.563999999,False,February,1,0,0,0,0,0,0,0,0,1,0,0,0,0,0,0,0,0,1
2018-02-22,08:24:00,03,03,01,01,01,,0,364872.9609,5026454.9569999995,False,February,0,0,0,0,0,0,0,0,1,0,0,0,0,0,0,0,0,0,1
2018-03-03,16:37:00,03,05,01,01,01,01,0,379860.7423,5036471.581,False,March,0,0,0,0,0,0,0,1,0,0,1,0,0,0,0,0,1,0,0
2018-03-07,09:35:00,03,02,03,01,04,01,0,351821.255,5018632.217,False,March,0,1,0,0,0,0,0,0,0,0,1,0,0,0,0,0,1,0,0
2018-03-13,08:33:00,03,05,03,01,02,01,0,370383.276,5025810.322,False,March,0,1,0,0,0,0,0,0,0,0,1,0,0,0,0,0,1,0,0
2018-03-09,11:17:00,03,04,03,01,03,,0,375367.9989,5033736.34,False,March,0,0,0,0,0,0,0,0,1,0,0,0,0,0,0,0,1,0,0
2018-03-07,10:03:00,03,06,01,01,01,,0,362469.7264,5023171.678,False,March,0,0,0,0,0,0,0,0,1,0,0,0,0,0,0,0,1,0,0
2018-03-13,08:33:00,03,04,01,01,04,,0,365572.719,5016717.399,False,March,0,0,0,0,0,0,0,0,1,0,0,0,0,0,0,0,1,0,0
2018-03-07,10:54:00,03,04,03,01,02,,0,372993.7844,5030596.538,False,March,0,0,0,0,0,0,0,0,1,0,0,0,0,0,0,0,1,0,0
2018-03-09,11:35:00,03,03,01,01,02,01,0,367107.7113,5022081.502,False,March,1,0,0,0,0,0,0,0,0,1,0,0,0,0,0,0,1,0,0
2018-02-22,08:49:00,03,03,01,01,01,01,0,370337.8513,5025947.735,False,February,1,0,0,0,0,0,0,0,0,1,0,0,0,0,0,0,0,0,1
2018-03-03,,03,06,01,00,01,,0,366573.6969,5029837.882,False,March,0,0,0,0,0,0,0,0,1,0,0,0,0,0,0,0,1,0,0
2018-03-13,09:15:00,02,02,03,01,02,01,0,385349.982,5037697.569,False,March,0,1,0,0,0,0,0,0,0,0,1,0,0,0,0,0,1,0,0
2018-03-09,,03,06,03,00,03,,0,361963.8917,5015183.545,False,March,0,0,0,0,0,0,0,0,1,0,0,0,0,0,0,0,1,0,0
2018-03-07,11:11:00,03,05,03,01,02,01,0,368305.7052,5029628.56,False,March,0,1,0,0,0,0,0,0,0,1,0,0,0,0,0,0,1,0,0
2018-02-22,09:18:00,02,07,01,01,01,01,1,356138.8214,5016109.802,False,February,0,1,0,0,0,0,0,0,0,0,1,0,0,0,0,0,0,0,1
2018-03-03,18:40:00,03,07,01,07,01,01,0,367173.5476,5014824.888,False,March,1,0,0,0,0,0,0,0,0,0,1,0,0,0,0,0,1,0,0
2018-03-13,10:00:00,02,02,03,01,03,01,0,369472.7105,5031989.578,False,March,0,1,0,0,0,0,0,0,0,0,1,0,0,0,0,0,1,0,0
2018-03-08,19:00:00,02,03,03,07,06,01,0,370851.7308,5024839.528,False,March,1,0,0,0,0,0,0,0,0,1,0,0,0,0,0,0,1,0,0
2018-03-07,11:43:00,03,05,03,01,02,01,0,363180.6869,5026638.541999999,False,March,1,0,0,0,0,0,0,0,0,1,0,0,0,0,0,0,1,0,0
2018-03-07,12:26:00,03,06,03,01,04,,0,368631.3716,5028080.615,False,March,0,0,0,0,0,0,0,0,1,0,0,0,0,0,0,0,1,0,0
2018-03-07,12:38:00,02,01,03,01,02,01,0,352353.7685,5018045.143,False,March,1,0,0,0,0,0,0,0,0,0,1,0,0,0,0,0,1,0,0
2018-03-07,07:00:00,03,03,03,01,04,00,0,345928.5603,5017477.4569999995,False,March,0,1,0,0,0,0,0,0,0,1,0,0,0,0,0,0,1,0,0
2018-03-07,07:40:00,03,07,03,01,05,,0,365266.2751,5016221.943,False,March,0,0,0,0,0,0,0,0,1,0,0,0,0,0,0,0,1,0,0
2018-03-07,15:25:00,03,02,01,01,02,,0,371385.4635,5032818.1110000005,False,March,0,0,0,0,0,0,0,0,0,0,0,1,0,0,0,0,1,0,0
2018-03-07,15:29:00,02,02,01,01,02,01,0,365279.7023,5028350.557,False,March,0,1,0,0,0,0,0,0,0,0,1,0,0,0,0,0,1,0,0
2018-03-07,15:27:00,03,02,01,01,02,01,0,366808.1649,5028986.384,False,March,0,1,0,0,0,0,0,0,0,0,1,0,0,0,0,0,1,0,0
2018-03-07,14:00:00,03,03,01,01,02,01,0,359718.6778,5019554.478,False,March,1,0,0,0,0,0,0,0,0,1,0,0,0,0,0,0,1,0,0
2018-03-07,16:23:00,03,03,03,01,02,01,0,360554.6752,5022893.492,False,March,1,0,0,0,0,0,0,0,0,1,0,0,0,0,0,0,1,0,0
2018-03-07,16:41:00,03,03,03,01,02,01,0,393676.8668,5023503.459,False,March,0,1,0,0,0,0,0,0,0,1,0,0,0,0,0,0,1,0,0
2018-03-07,17:15:00,03,07,02,01,02,,0,377015.7281,5017695.344,False,March,0,0,0,0,0,0,0,0,1,0,0,0,0,0,0,0,1,0,0
2018-03-07,18:04:00,03,06,01,05,01,,0,365589.7665,5029747.413,False,March,0,0,0,0,0,0,0,0,1,0,0,0,0,0,0,0,1,0,0
2018-03-07,18:34:00,03,03,01,07,02,01,0,367371.9186,5025693.477,False,March,1,0,0,0,0,0,0,0,0,1,0,0,0,0,0,0,1,0,0
2018-03-07,20:10:00,03,07,01,07,02,01,0,357578.4967,5020750.5030000005,False,March,1,0,0,0,0,0,0,0,0,1,0,0,0,0,0,0,1,0,0
2018-03-07,21:04:00,03,07,03,07,06,,0,342245.0431,5021800.801,False,March,0,0,0,0,0,0,0,0,1,0,0,0,0,0,0,0,1,0,0
2018-03-07,22:21:00,03,07,03,07,03,,0,346594.8686,5012122.99,False,March,0,0,0,0,0,0,0,0,1,0,0,0,0,0,0,0,1,0,0
2018-03-07,23:12:00,03,03,03,07,03,01,0,366737.7001,5029618.56,True,March,1,0,0,0,0,0,0,0,0,1,0,0,0,0,0,0,1,0,0
2018-03-08,01:31:00,03,07,03,07,03,,0,372521.1657,5023995.315,False,March,0,0,0,0,0,0,0,0,1,0,0,0,0,0,0,0,1,0,0
2018-02-21,20:49:00,03,04,01,07,06,01,0,368694.721,5026294.528,False,February,0,0,0,0,0,0,0,1,0,0,1,0,0,0,0,0,0,0,1
2018-03-08,07:00:00,03,07,03,01,03,,0,364511.7684,5013192.465,False,March,0,0,0,0,0,0,0,0,1,0,0,0,0,0,0,0,1,0,0
2018-03-07,11:30:00,03,06,03,01,02,01,0,362757.0862,5022756.427,False,March,0,0,1,0,0,0,0,0,0,1,0,0,0,0,0,0,1,0,0
2018-03-08,07:15:00,03,02,03,01,02,01,0,363708.6865,5028598.552,False,March,0,1,0,0,0,0,0,0,0,0,1,0,0,0,0,0,1,0,0
2018-03-08,07:26:00,03,01,03,01,05,01,0,373791.7447,5019723.473,False,March,0,1,0,0,0,0,0,0,0,1,0,0,0,0,0,0,1,0,0
2018-03-08,08:20:00,03,02,03,01,03,,0,387091.8324,5037566.297,False,March,0,0,0,0,0,0,0,0,1,0,0,0,0,0,0,0,1,0,0
2018-03-08,09:00:00,02,03,05,01,02,,0,367742.6856,5028551.624,False,March,0,0,0,0,0,0,0,0,1,0,0,0,0,0,0,0,1,0,0
2018-03-08,09:12:00,03,0,01,01,02,,0,340063.0408,5019945.676,False,March,0,0,0,0,0,0,0,0,0,0,0,1,0,0,0,0,1,0,0
2018-03-08,09:29:00,03,02,01,01,02,,0,367240.9155,5009478.516,False,March,0,0,0,0,0,0,0,0,0,0,0,1,0,0,0,0,1,0,0
2018-03-08,09:48:00,02,07,03,01,02,01,1,363311.4251,5016193.388,False,March,1,0,0,0,0,0,0,0,0,1,0,0,0,0,0,0,1,0,0
2018-03-07,05:55:00,03,07,03,07,04,,0,332918.7329,5013434.7530000005,False,March,0,0,0,0,0,0,0,0,1,0,0,0,0,0,0,0,1,0,0
2018-03-08,14:22:00,03,06,03,01,03,,0,365660.292,5029912.205,False,March,0,0,0,0,0,0,0,0,1,0,0,0,0,0,0,0,1,0,0
2018-03-07,09:30:00,03,02,04,01,06,01,0,348989.0044,5015038.594,False,March,0,1,0,0,0,0,0,0,0,0,1,0,0,0,0,0,1,0,0
2018-03-08,16:04:00,03,01,03,01,04,,0,365872.3071,5025237.754,False,March,0,0,0,0,0,0,0,0,1,0,0,0,0,0,0,0,1,0,0
2018-03-08,08:50:00,03,04,03,01,04,,0,363721.0927,5021161.657,False,March,0,0,0,0,0,0,0,0,1,0,0,0,0,0,0,0,1,0,0
2018-03-08,16:44:00,03,03,03,01,04,01,0,350907.6169,5022246.508,False,March,1,0,0,0,0,0,0,0,0,1,0,0,0,0,0,0,1,0,0
2018-03-08,16:47:00,03,05,01,01,02,01,0,369225.716,5027983.546,False,March,1,0,0,0,0,0,0,0,0,0,1,0,0,0,0,0,1,0,0
2018-03-08,17:16:00,03,03,03,01,03,01,0,352657.6132,5020883.485,False,March,0,1,0,0,0,0,0,0,0,0,1,0,0,0,0,0,1,0,0
2018-03-08,09:30:00,03,02,03,01,04,01,0,367907.3591,5030189.958000001,False,March,1,0,0,0,0,0,0,0,0,0,1,0,0,0,0,0,1,0,0
2018-03-08,17:15:00,03,03,03,01,02,01,0,367480.7005,5031265.588,False,March,1,0,0,0,0,0,0,0,0,0,1,0,0,0,0,0,1,0,0
2018-03-08,17:53:00,02,01,03,05,06,,0,379557.28,5021869.873,False,March,0,0,0,0,0,0,0,0,1,0,0,0,0,0,0,0,1,0,0
2018-03-08,17:53:00,03,04,01,05,04,01,0,368970.7093,5030632.567,False,March,1,0,0,0,0,0,0,0,0,1,0,0,0,0,0,0,1,0,0
2018-03-08,18:04:00,03,03,03,05,03,01,0,363522.6951,5028273.55,False,March,0,1,0,0,0,0,0,0,0,1,0,0,0,0,0,0,1,0,0
2018-03-08,18:09:00,02,03,03,05,06,,0,361396.5587,5020442.185,False,March,0,0,0,0,0,0,0,0,1,0,0,0,0,0,0,0,1,0,0
2018-03-08,18:11:00,03,0,03,05,03,,0,373602.4291,5004338.844,False,March,0,0,0,0,0,0,0,0,1,0,0,0,0,0,0,0,1,0,0
2018-03-08,18:05:00,02,03,03,05,03,01,0,367394.7116,5023266.516,False,March,1,0,0,0,0,0,0,0,0,1,0,0,0,0,0,0,1,0,0
2018-03-08,18:24:00,03,07,03,07,03,,0,375078.0397,5004217.85,False,March,0,0,0,0,0,0,0,0,1,0,0,0,0,0,0,0,1,0,0
2018-03-08,18:25:00,03,01,03,07,03,,0,376999.5535,5022801.867,False,March,0,0,0,0,0,0,0,0,1,0,0,0,0,0,0,0,1,0,0
2018-03-08,18:28:00,03,03,03,07,04,,0,353059.7395,5016227.75,False,March,0,0,0,0,0,0,0,0,1,0,0,0,0,0,0,0,1,0,0
2018-03-08,18:28:00,03,07,02,07,04,,0,365340.6672,5018082.461,False,March,0,0,0,0,0,0,0,0,1,0,0,0,0,0,0,0,1,0,0
2018-03-08,18:34:00,03,03,03,07,02,01,0,374507.724,5033198.575,False,March,1,0,0,0,0,0,0,0,0,1,0,0,0,0,0,0,1,0,0
2018-03-08,18:35:00,02,05,03,07,06,01,0,371306.8151,5024316.728,False,March,1,0,0,0,0,0,0,0,0,0,1,0,0,0,0,0,1,0,0
2018-03-08,18:32:00,03,04,03,07,03,,0,376262.5201,5031831.754,False,March,0,0,0,0,0,0,0,0,1,0,0,0,0,0,0,0,1,0,0
2018-03-08,18:37:00,02,01,03,07,03,,0,345732.2625,5024992.197,False,March,0,0,0,0,0,0,0,0,1,0,0,0,0,0,0,0,1,0,0
2018-03-08,18:41:00,03,03,03,07,03,01,0,368403.9971,5020477.313,False,March,1,0,0,0,0,0,0,0,0,1,0,0,0,0,0,0,1,0,0
2018-03-08,18:41:00,03,07,03,07,06,01,0,377039.1101,5022708.805,False,March,1,0,0,0,0,0,0,0,0,1,0,0,0,0,0,0,1,0,0
2018-03-08,18:44:00,02,07,03,07,06,,0,366920.9939,5027961.24,False,March,0,0,0,0,0,0,0,0,1,0,0,0,0,0,0,0,1,0,0
2018-03-08,18:50:00,03,03,03,05,05,01,0,367161.7049,5023942.512,False,March,1,0,0,0,0,0,0,0,0,1,0,0,0,0,0,0,1,0,0
2018-03-08,18:54:00,03,03,03,07,06,01,0,377038.7612,5022709.502,False,March,1,0,0,0,0,0,0,0,0,1,0,0,0,0,0,0,1,0,0
2018-03-08,18:53:00,03,03,03,05,06,01,0,370432.7163,5029081.558,False,March,1,0,0,0,0,0,0,0,0,1,0,0,0,0,0,0,1,0,0
2018-03-08,18:55:00,03,03,04,07,06,01,0,368403.9965,5020477.312,False,March,1,0,0,0,0,0,0,0,0,1,0,0,0,0,0,0,1,0,0
2018-03-08,19:07:00,03,03,03,07,06,01,0,351126.61,5020988.4860000005,False,March,0,1,0,0,0,0,0,0,0,1,0,0,0,0,0,0,1,0,0
2018-03-08,19:11:00,02,01,03,07,06,,0,376417.94,5019113.387,False,March,0,0,0,0,0,0,0,0,1,0,0,0,0,0,0,0,1,0,0
2018-03-08,19:13:00,03,03,03,07,06,01,0,352207.6105,5017242.451,False,March,1,0,0,0,0,0,0,0,0,1,0,0,0,0,0,0,1,0,0
2018-03-08,19:12:00,03,04,03,07,02,,0,367843.4713,5021892.69,False,March,0,0,0,0,0,0,0,0,1,0,0,0,0,0,0,0,1,0,0
2018-03-08,19:15:00,03,03,03,07,05,01,0,350942.5982,5016079.432,False,March,1,0,0,0,0,0,0,0,0,1,0,0,0,0,0,0,1,0,0
2018-03-08,19:17:00,03,03,03,07,04,01,0,367427.1298,5025222.893,False,March,0,1,0,0,0,0,0,0,0,1,0,0,0,0,0,0,1,0,0
2018-03-08,19:19:00,03,01,03,07,03,,0,365795.6496,5022394.578,False,March,0,0,0,0,0,0,0,0,1,0,0,0,0,0,0,0,1,0,0
2018-03-08,19:21:00,03,03,03,07,02,01,0,363440.6904,5024315.507,False,March,1,0,0,0,0,0,0,0,0,1,0,0,0,0,0,0,1,0,0
2018-03-08,19:23:00,03,07,03,07,05,01,0,368193.6707,5022793.5,False,March,1,0,0,0,0,0,0,0,0,1,0,0,0,0,0,0,1,0,0
2018-03-08,19:25:00,03,07,03,07,06,,0,364371.4677,5013400.328,False,March,0,0,0,0,0,0,0,0,1,0,0,0,0,0,0,0,1,0,0
2018-03-08,19:35:00,03,03,03,07,06,01,0,352053.4485,5013123.4969999995,False,March,0,0,0,0,0,0,0,1,0,1,0,0,0,0,0,0,1,0,0
2018-03-08,19:38:00,03,07,03,07,06,01,0,363593.3398,5024410.223,False,March,1,0,0,0,0,0,0,0,0,1,0,0,0,0,0,0,1,0,0
2018-03-08,19:41:00,03,02,03,07,03,01,0,372770.718,5034398.581,False,March,1,0,0,0,0,0,0,0,0,1,0,0,0,0,0,0,1,0,0
2018-03-08,19:50:00,03,03,03,07,06,01,0,364233.6835,5019974.478,False,March,1,0,0,0,0,0,0,0,0,1,0,0,0,0,0,0,1,0,0
2018-03-07,20:49:00,03,06,01,07,02,,0,368182.7316,5032472.23,False,March,0,0,0,0,0,0,0,0,1,0,0,0,0,0,0,0,1,0,0
2018-03-08,20:06:00,02,04,03,07,02,01,0,368109.0472,5027766.436000001,False,March,1,0,0,0,0,0,0,0,0,1,0,0,0,0,0,0,1,0,0
2018-03-08,20:06:00,03,03,03,07,03,,0,368208.1431,5024405.058999999,False,March,0,0,0,0,0,0,0,0,1,0,0,0,0,0,0,0,1,0,0
2018-03-08,20:08:00,03,03,03,07,05,01,0,359588.6675,5024366.513,False,March,1,0,0,0,0,0,0,0,0,1,0,0,0,0,0,0,1,0,0
2018-03-08,20:07:00,03,03,03,07,03,,0,365484.7504,5021862.651000001,False,March,0,0,0,0,0,0,0,0,1,0,0,0,0,0,0,0,1,0,0
2018-03-08,20:05:00,03,07,03,07,06,01,0,366075.9438,5009751.695,False,March,0,1,0,0,0,0,0,0,0,0,1,0,0,0,0,0,1,0,0
2018-03-08,20:21:00,03,03,03,07,02,01,0,366346.903,5015471.134,False,March,1,0,0,0,0,0,0,0,0,1,0,0,0,0,0,0,1,0,0
2018-03-08,20:41:00,03,03,03,07,05,01,0,371360.7159,5032388.58,False,March,0,1,0,0,0,0,0,0,0,1,0,0,0,0,0,0,1,0,0
2018-03-08,20:49:00,03,04,01,07,02,01,0,370799.7251,5031397.561000001,True,March,1,0,0,0,0,0,0,0,0,1,0,0,0,0,0,0,1,0,0
2018-03-08,21:09:00,03,05,03,07,02,01,0,371921.7193,5032887.575,False,March,1,0,0,0,0,0,0,0,0,0,1,0,0,0,0,0,1,0,0
2018-03-08,21:08:00,03,03,03,07,03,,0,368208.3692,5024405.494,False,March,0,0,0,0,0,0,0,0,1,0,0,0,0,0,0,0,1,0,0
2018-03-08,21:14:00,03,03,03,07,03,01,0,369654.8152,5033359.306,False,March,1,0,0,0,0,0,0,0,0,1,0,0,0,0,0,0,1,0,0
2018-03-08,21:44:00,03,07,03,07,03,,0,353059.8627,5016227.456,False,March,0,0,0,0,0,0,0,0,1,0,0,0,0,0,0,0,1,0,0
2018-03-08,21:54:00,03,05,03,07,03,01,0,367261.7069,5031252.587,False,March,1,0,0,0,0,0,0,0,0,1,0,0,0,0,0,0,1,0,0
2018-03-08,23:16:00,03,07,03,07,05,,0,350908.0801,5013089.624,False,March,0,0,0,0,0,0,0,0,1,0,0,0,0,0,0,0,1,0,0
2018-03-08,23:29:00,03,07,03,07,03,,0,382272.5411,5023530.511,False,March,0,0,0,0,0,0,0,0,1,0,0,0,0,0,0,0,1,0,0
2018-03-08,23:57:00,03,07,03,07,06,01,0,379791.3995,5033782.959,False,March,1,0,0,0,0,0,0,0,0,1,0,0,0,0,0,0,1,0,0
2018-03-09,07:46:00,03,05,03,01,04,01,0,347737.5656,5015442.441000001,False,March,1,0,0,0,0,0,0,0,0,0,1,0,0,0,0,0,1,0,0
2018-03-07,19:20:00,03,03,03,07,03,01,0,381420.7465,5036060.571,False,March,1,0,0,0,0,0,0,0,0,1,0,0,0,0,0,0,1,0,0
2018-03-09,08:09:00,03,03,03,01,02,01,0,358496.6751,5022986.456,False,March,1,0,0,0,0,0,0,0,0,1,0,0,0,0,0,0,1,0,0
2018-03-09,,03,06,03,00,03,,0,370667.0544,5027961.853,False,March,0,0,0,0,0,0,0,0,1,0,0,0,0,0,0,0,1,0,0
2018-02-22,09:34:00,02,05,01,01,01,01,0,367316.6989,5031164.589,False,February,1,0,0,0,0,0,0,0,0,0,1,0,0,0,0,0,0,0,1
2018-03-13,10:03:00,03,05,03,01,02,,0,368664.3117,5032506.8610000005,False,March,0,0,0,0,0,0,0,0,0,0,0,1,0,0,0,0,1,0,0
2018-03-03,19:21:00,03,05,02,07,05,,0,365534.5439,5029801.334,False,March,0,0,0,0,0,0,0,0,0,0,0,1,0,0,0,0,1,0,0
2018-03-09,13:12:00,02,07,03,01,02,,1,366963.8634,5030490.509,False,March,0,0,0,0,0,0,0,0,0,0,0,1,0,0,0,0,1,0,0
2018-02-21,08:20:00,03,03,01,01,02,01,0,365363.695,5022544.496,False,February,1,0,0,0,0,0,0,0,0,1,0,0,0,0,0,0,0,0,1
2018-02-22,10:32:00,03,02,01,01,06,01,0,362309.3404,5027065.24,False,February,0,1,0,0,0,0,0,0,0,0,1,0,0,0,0,0,0,0,1
2018-02-22,09:00:00,03,03,01,01,06,,0,366276.9328,5031433.801,False,February,0,0,0,0,0,0,0,0,1,0,0,0,0,0,0,0,0,0,1
2018-02-21,16:40:00,03,02,01,01,05,,0,372733.8447,5032200.329,False,February,0,0,0,0,0,0,0,0,0,0,0,1,0,0,0,0,0,0,1
2018-02-22,11:44:00,02,07,01,01,01,01,1,373337.0913,5023444.817,False,February,1,0,0,0,0,0,0,0,0,0,1,0,0,0,0,0,0,0,1
2018-02-22,12:12:00,03,03,01,01,01,01,0,368403.9976,5020477.312,False,February,1,0,0,0,0,0,0,0,0,0,1,0,0,0,0,0,0,0,1
2018-02-20,15:00:00,03,03,02,01,02,,0,375402.7348,5031520.563999999,False,February,0,0,0,0,0,0,0,0,1,0,0,0,0,0,0,0,0,0,1
2018-02-22,13:27:00,02,03,01,01,01,01,0,383951.7605,5036159.561000001,False,February,1,0,0,0,0,0,0,0,0,1,0,0,0,0,0,0,0,0,1
2018-02-22,14:21:00,03,02,01,01,01,01,0,362759.4874,5023897.376,False,February,1,0,0,0,0,0,0,0,0,0,1,0,0,0,0,0,0,0,1
2018-02-22,14:52:00,03,02,01,01,01,01,0,364270.2482,5007762.7069999995,False,February,0,1,0,0,0,0,0,0,0,0,1,0,0,0,0,0,0,0,1
2018-02-22,15:01:00,03,03,01,01,01,01,0,370213.2036,5025873.558,False,February,1,0,0,0,0,0,0,0,0,1,0,0,0,0,0,0,0,0,1
2018-02-22,15:06:00,03,02,01,01,01,01,0,348347.1182,5019895.0,False,February,0,1,0,0,0,0,0,0,0,1,0,0,0,0,0,0,0,0,1
2018-02-22,15:08:00,02,05,01,01,01,01,0,367948.7097,5031549.576,False,February,1,0,0,0,0,0,0,0,0,1,0,0,0,0,0,0,0,0,1
2018-02-22,15:31:00,03,03,01,01,01,01,0,371545.703,5033817.595,False,February,1,0,0,0,0,0,0,0,0,0,1,0,0,0,0,0,0,0,1
2018-02-22,15:38:00,03,02,01,01,01,,0,371504.5553,5024150.862,False,February,0,0,0,0,0,0,0,0,0,0,0,1,0,0,0,0,0,0,1
2018-02-22,15:43:00,02,03,01,01,01,,0,373626.027,5027889.494,False,February,0,0,0,0,0,0,0,0,1,0,0,0,0,0,0,0,0,0,1
2018-02-22,16:16:00,03,03,01,01,01,,0,352928.7846,5016381.273,False,February,0,0,0,0,0,0,0,0,1,0,0,0,0,0,0,0,0,0,1
2018-02-22,16:28:00,02,05,01,01,01,01,0,365193.69700000004,5022948.496,False,February,1,0,0,0,0,0,0,0,0,0,1,0,0,0,0,0,0,0,1
2018-02-22,17:20:00,03,03,01,05,02,01,0,349864.6084,5023399.509,False,February,1,0,0,0,0,0,0,0,0,1,0,0,0,0,0,0,0,0,1
2018-02-22,17:33:00,03,02,01,05,01,01,0,360597.42299999995,5024680.523,False,February,0,1,0,0,0,0,0,0,0,0,1,0,0,0,0,0,0,0,1
2018-02-22,17:40:00,03,05,01,05,01,01,0,368161.7146,5030858.569,False,February,0,1,0,0,0,0,0,0,0,1,0,0,0,0,0,0,0,0,1
2018-02-22,17:56:00,03,02,01,07,01,01,0,381375.7446,5037514.592,False,February,0,1,0,0,0,0,0,0,0,0,1,0,0,0,0,0,0,0,1
2018-02-22,20:35:00,02,07,01,07,01,01,0,384533.3088,5039596.088,False,February,0,0,0,0,0,0,0,1,0,1,0,0,0,0,0,0,0,0,1
2018-02-22,21:03:00,03,03,01,07,01,01,0,348208.5853,5018982.462,False,February,0,1,0,0,0,0,0,0,0,0,1,0,0,0,0,0,0,0,1
2018-02-23,06:42:00,03,03,01,03,03,01,0,375047.7241,5031119.563999999,False,February,1,0,0,0,0,0,0,0,0,1,0,0,0,0,0,0,0,0,1
2018-02-23,07:41:00,03,04,01,01,01,,0,381616.5921,5033176.837,False,February,0,0,0,0,0,0,0,0,0,1,0,0,0,0,0,0,0,0,1
2018-02-23,08:47:00,03,07,01,01,01,01,0,368766.6649,5030525.567,False,February,1,0,0,0,0,0,0,0,0,0,1,0,0,0,0,0,0,0,1