DATE,TIME,CLASS_OF_ACCIDENT,IMPACT_TYPE,ENVIRONMENT,LIGHT,ROAD_SURFACE_CONDITION,TRAFFIC_CONTROL_CONDITION,NO_OF_PEDESTRIANS,X,Y,Highway,Month,categorical_TRAFFIC_CONTROL_01,categorical_TRAFFIC_CONTROL_02,categorical_TRAFFIC_CONTROL_03,categorical_TRAFFIC_CONTROL_04,categorical_TRAFFIC_CONTROL_07,categorical_TRAFFIC_CONTROL_08,categorical_TRAFFIC_CONTROL_09,categorical_TRAFFIC_CONTROL_11,categorical_ACCIDENT_LOCATION_01,categorical_ACCIDENT_LOCATION_02,categorical_ACCIDENT_LOCATION_03,categorical_ACCIDENT_LOCATION_04,categorical_ACCIDENT_LOCATION_05,categorical_ACCIDENT_LOCATION_06,categorical_ACCIDENT_LOCATION_07,categorical_Seasons_Fall,categorical_Seasons_Spring,categorical_Seasons_Summer,categorical_Seasons_Winter
2018-02-23,09:06:00,02,04,01,01,01,,0,371188.809,5033648.879,False,February,0,0,0,0,0,0,0,0,1,0,0,0,0,0,0,0,0,0,1
2018-02-22,07:15:00,03,06,01,03,01,,0,370913.2,5033284.4180000005,False,February,0,0,0,0,0,0,0,0,1,0,0,0,0,0,0,0,0,0,1
2018-02-22,20:15:00,03,03,01,07,01,01,0,371608.7365,5024096.506,False,February,1,0,0,0,0,0,0,0,0,1,0,0,0,0,0,0,0,0,1
2018-02-23,12:36:00,03,05,02,01,02,01,0,373569.7332,5029260.545,False,February,1,0,0,0,0,0,0,0,0,0,1,0,0,0,0,0,0,0,1
2018-02-23,12:56:00,03,07,04,01,06,,0,367427.9211,5033223.344,False,February,0,0,0,0,0,0,0,0,0,0,0,0,0,0,1,0,0,0,1
2018-02-23,13:12:00,02,07,04,01,06,,0,349853.1103,5023409.265,False,February,0,0,0,0,0,0,0,0,1,0,0,0,0,0,0,0,0,0,1
2018-02-23,13:20:00,03,02,04,01,06,01,0,373261.6854,5029289.244,False,February,0,0,1,0,0,0,0,0,0,0,1,0,0,0,0,0,0,0,1
2018-02-23,13:23:00,03,03,04,01,06,01,0,365657.7066,5028517.553,False,February,0,1,0,0,0,0,0,0,0,0,1,0,0,0,0,0,0,0,1
2018-02-23,13:29:00,03,03,02,01,04,01,0,370365.3747,5027751.539,False,February,1,0,0,0,0,0,0,0,0,1,0,0,0,0,0,0,0,0,1
2018-02-23,13:20:00,03,03,04,01,06,01,0,366824.7037,5029414.56,False,February,1,0,0,0,0,0,0,0,0,1,0,0,0,0,0,0,0,0,1
2018-02-23,13:31:00,03,04,04,01,06,,0,376448.3344,5034980.576,False,February,0,0,0,0,0,0,0,0,1,0,0,0,0,0,0,0,0,0,1
2018-02-23,13:33:00,03,03,04,01,06,01,0,376954.7519,5017844.473,False,February,1,0,0,0,0,0,0,0,0,1,0,0,0,0,0,0,0,0,1
2018-02-23,13:38:00,03,07,04,01,06,,0,367936.7811,5017914.653,False,February,0,0,0,0,0,0,0,0,1,0,0,0,0,0,0,0,0,0,1
2018-02-23,13:39:00,03,03,04,01,06,,0,378959.7998,5036777.304,False,February,0,0,0,0,0,0,0,0,1,0,0,0,0,0,0,0,0,0,1
2018-02-23,13:45:00,03,03,01,01,06,01,0,372169.8897,5032287.152,False,February,1,0,0,0,0,0,0,0,0,1,0,0,0,0,0,0,0,0,1
2018-02-23,13:52:00,02,07,04,01,06,,0,358312.5496,5017552.2469999995,False,February,0,0,0,0,0,0,0,0,1,0,0,0,0,0,0,0,0,0,1
2018-02-23,14:00:00,03,07,04,01,06,,0,374392.8769,5032513.596,True,February,0,0,0,0,0,0,0,0,1,0,0,0,0,0,0,0,0,0,1
2018-02-23,14:22:00,03,07,04,01,06,,0,376441.1653,5031731.276000001,False,February,0,0,0,0,0,0,0,0,1,0,0,0,0,0,0,0,0,0,1
2018-02-23,16:18:00,02,05,04,01,06,,0,362882.6817,5017191.785,False,February,0,0,0,0,0,0,0,0,1,0,0,0,0,0,0,0,0,0,1
2018-02-23,14:26:00,02,07,04,01,06,,0,367492.8805,5020179.949,False,February,0,0,0,0,0,0,0,0,1,0,0,0,0,0,0,0,0,0,1
2018-02-23,14:55:00,03,07,04,01,06,,0,373803.8097,5025317.415,False,February,0,0,0,0,0,0,0,0,1,0,0,0,0,0,0,0,0,0,1
2018-02-23,14:58:00,02,04,04,01,06,,0,382723.4288,5038902.112,False,February,0,0,0,0,0,0,0,0,1,0,0,0,0,0,0,0,0,0,1
2018-02-23,15:12:00,03,03,04,01,06,01,0,375654.7349,5034556.585,False,February,1,0,0,0,0,0,0,0,0,1,0,0,0,0,0,0,0,0,1
2018-02-23,15:15:00,03,03,04,01,06,01,0,367639.9318,5014847.048,False,February,1,0,0,0,0,0,0,0,0,1,0,0,0,0,0,0,0,0,1
2018-02-23,16:22:00,02,03,04,01,06,01,0,376762.7389,5032132.563999999,False,February,1,0,0,0,0,0,0,0,0,1,0,0,0,0,0,0,0,0,1
2018-02-23,16:25:00,03,03,04,01,06,,0,379541.9636,5033744.703,False,February,0,0,0,0,0,0,0,0,1,0,0,0,0,0,0,0,0,0,1
2018-02-23,,03,06,04,00,06,,0,350633.2658,5011733.365,False,February,0,0,0,0,0,0,0,0,1,0,0,0,0,0,0,0,0,0,1
2018-02-23,17:10:00,03,07,01,05,01,,0,327466.7716,5034730.857,False,February,0,0,0,0,0,0,0,0,1,0,0,0,0,0,0,0,0,0,1
2018-02-13,09:21:00,02,07,01,01,05,01,1,367368.6656,5030139.873,False,February,0,1,0,0,0,0,0,0,0,1,0,0,0,0,0,0,0,0,1
2018-02-23,17:35:00,03,02,04,07,06,,0,370025.6715,5033036.324,False,February,0,0,0,0,0,0,0,0,0,0,0,1,0,0,0,0,0,0,1
2018-02-23,17:44:00,03,03,01,05,06,01,0,369236.7013,5033653.589,False,February,1,0,0,0,0,0,0,0,0,1,0,0,0,0,0,0,0,0,1
2018-02-23,18:36:00,03,07,04,07,06,01,0,368185.3605,5032110.883,False,February,1,0,0,0,0,0,0,0,0,0,1,0,0,0,0,0,0,0,1
2018-02-23,18:06:00,03,04,04,05,06,01,0,375363.742,5031313.553,False,February,1,0,0,0,0,0,0,0,0,1,0,0,0,0,0,0,0,0,1
2018-02-23,14:15:00,03,02,04,01,02,,0,372841.0994,5031967.584,False,February,0,0,0,0,0,0,0,0,0,0,0,1,0,0,0,0,0,0,1
2018-02-23,18:10:00,03,04,01,07,02,,0,375128.2504,5031174.608,False,February,0,0,0,0,0,0,0,0,1,0,0,0,0,0,0,0,0,0,1
2018-02-23,18:40:00,02,07,04,07,06,01,1,368317.7647,5032191.719,False,February,1,0,0,0,0,0,0,0,0,0,1,0,0,0,0,0,0,0,1
2018-02-23,,03,06,04,00,06,,0,384230.4859,5038959.659,False,February,0,0,0,0,0,0,0,0,1,0,0,0,0,0,0,0,0,0,1
2018-02-23,19:16:00,03,02,04,07,06,,0,366340.05100000004,5028753.555,False,February,0,0,0,0,0,0,0,0,0,0,0,1,0,0,0,0,0,0,1
2018-02-23,19:26:00,03,03,04,07,06,01,0,368355.7153,5025296.512,False,February,1,0,0,0,0,0,0,0,0,1,0,0,0,0,0,0,0,0,1
2018-02-23,19:39:00,03,07,03,07,06,01,0,365626.3284,5028174.961,False,February,1,0,0,0,0,0,0,0,0,1,0,0,0,0,0,0,0,0,1
2018-02-23,20:44:00,03,06,01,07,06,,0,367401.5049,5030442.456,False,February,0,0,0,0,0,0,0,0,1,0,0,0,0,0,0,0,0,0,1
2018-02-23,19:00:00,03,06,04,07,06,,0,372111.5312,5027305.615,False,February,0,0,0,0,0,0,0,0,1,0,0,0,0,0,0,0,0,0,1
2018-02-23,22:00:00,02,03,04,07,06,01,0,389602.82399999996,5011391.3889999995,False,February,0,1,0,0,0,0,0,0,0,1,0,0,0,0,0,0,0,0,1
2018-02-23,22:15:00,03,07,04,07,05,,0,366796.52200000006,5009004.107,False,February,0,0,0,0,0,0,0,0,1,0,0,0,0,0,0,0,0,0,1
2018-02-23,22:50:00,03,06,04,07,06,,0,365603.0711,5030027.952,False,February,0,0,0,0,0,0,0,0,1,0,0,0,0,0,0,0,0,0,1
2018-02-23,21:45:00,03,07,01,07,06,,0,384293.0065,5019377.18,False,February,0,0,0,0,0,0,0,0,1,0,0,0,0,0,0,0,0,0,1
2018-02-23,23:40:00,03,07,01,07,01,,0,367006.3198,5030380.053,False,February,0,0,0,0,0,0,0,0,1,0,0,0,0,0,0,0,0,0,1
2018-02-24,01:41:00,02,02,02,07,06,01,0,374573.7516,5023515.511,False,February,0,1,0,0,0,0,0,0,0,1,0,0,0,0,0,0,0,0,1
2018-02-24,03:28:00,02,03,04,07,06,01,0,367133.7018,5030081.563999999,False,February,1,0,0,0,0,0,0,0,0,1,0,0,0,0,0,0,0,0,1
2018-02-23,09:00:00,03,06,04,01,06,,0,375548.279,5020806.876,False,February,0,0,0,0,0,0,0,0,1,0,0,0,0,0,0,0,0,0,1
2018-02-24,09:27:00,03,03,01,01,01,01,0,360496.677,5024942.518999999,False,February,1,0,0,0,0,0,0,0,0,0,1,0,0,0,0,0,0,0,1
2018-02-24,10:35:00,02,03,01,01,01,01,0,369995.7202,5026851.541999999,False,February,1,0,0,0,0,0,0,0,0,1,0,0,0,0,0,0,0,0,1
2018-02-23,20:30:00,03,06,01,07,06,,0,369700.3174,5030978.088,False,February,0,0,0,0,0,0,0,0,1,0,0,0,0,0,0,0,0,0,1
2018-02-24,11:36:00,03,06,01,01,01,,0,370920.2278,5035112.255,False,February,0,0,0,0,0,0,0,0,1,0,0,0,0,0,0,0,0,0,1
2018-02-24,12:06:00,03,02,01,01,01,,0,332352.5494,5030646.933999999,False,February,0,0,0,0,0,0,0,0,0,0,0,1,0,0,0,0,0,0,1
2018-02-24,,03,06,01,00,01,,0,359870.1506,5016669.64,False,February,0,0,0,0,0,0,0,0,1,0,0,0,0,0,0,0,0,0,1
2018-02-24,13:06:00,03,04,01,01,01,01,0,367107.7117,5022081.502,False,February,1,0,0,0,0,0,0,0,0,1,0,0,0,0,0,0,0,0,1
2018-02-22,,03,06,01,00,03,,0,369122.9296,5031716.977,False,February,0,0,0,0,0,0,0,0,1,0,0,0,0,0,0,0,0,0,1
2018-02-21,06:30:00,03,06,01,03,01,,0,383933.6774,5036766.995,False,February,0,0,0,0,0,0,0,0,1,0,0,0,0,0,0,0,0,0,1
2018-02-24,14:28:00,03,04,01,01,01,,0,384523.5561,5040086.673,False,February,0,0,0,0,0,0,0,0,1,0,0,0,0,0,0,0,0,0,1
2018-02-23,13:20:00,03,02,01,01,01,,0,380568.1354,5036939.619,False,February,0,0,0,0,0,0,0,0,0,0,0,1,0,0,0,0,0,0,1
2018-02-24,15:23:00,02,03,01,01,01,,0,361183.566,5014755.065,False,February,0,0,0,0,0,0,0,0,1,0,0,0,0,0,0,0,0,0,1
2018-02-24,15:33:00,03,04,01,01,03,,0,361265.583,5015143.231000001,False,February,0,0,0,0,0,0,0,0,1,0,0,0,0,0,0,0,0,0,1
2018-02-28,08:56:00,03,04,01,01,02,01,0,372453.719,5032005.57,False,February,1,0,0,0,0,0,0,0,0,1,0,0,0,0,0,0,0,0,1
2018-03-13,10:06:00,02,07,01,01,01,01,1,364529.9531,5029022.865,False,March,1,0,0,0,0,0,0,0,0,0,1,0,0,0,0,0,1,0,0
2018-03-03,19:36:00,03,02,01,07,01,01,0,350625.6608,5018914.648,False,March,1,0,0,0,0,0,0,0,0,0,1,0,0,0,0,0,1,0,0
2018-03-13,11:00:00,03,04,01,01,01,,0,367374.005,5014754.291,False,March,0,0,0,0,0,0,0,0,1,0,0,0,0,0,0,0,1,0,0
2018-03-09,13:01:00,03,03,03,01,02,01,0,370363.7105,5031957.585,False,March,1,0,0,0,0,0,0,0,0,1,0,0,0,0,0,0,1,0,0
2018-02-28,09:47:00,03,03,01,01,01,01,0,349661.6093,5023617.51,False,February,1,0,0,0,0,0,0,0,0,1,0,0,0,0,0,0,0,0,1
2018-03-13,12:10:00,03,04,03,01,03,,0,368861.8605,5032143.829,False,March,0,0,0,0,0,0,0,0,1,0,0,0,0,0,0,0,1,0,0
2018-03-03,19:46:00,02,07,01,07,01,01,1,364429.9054,5025535.162,False,March,0,1,0,0,0,0,0,0,0,1,0,0,0,0,0,0,1,0,0
2018-03-09,13:12:00,03,03,03,01,03,01,0,361584.6863,5026654.523,False,March,1,0,0,0,0,0,0,0,0,1,0,0,0,0,0,0,1,0,0
2018-02-28,10:01:00,02,02,01,01,01,01,0,385632.1181,5036891.855,False,February,1,0,0,0,0,0,0,0,0,0,1,0,0,0,0,0,0,0,1
2018-02-28,11:13:00,03,03,01,01,01,01,0,364858.3515,5023724.813999999,False,February,1,0,0,0,0,0,0,0,0,1,0,0,0,0,0,0,0,0,1
2018-02-28,12:16:00,03,03,01,01,01,01,0,370540.8762,5025499.971,False,February,1,0,0,0,0,0,0,0,0,1,0,0,0,0,0,0,0,0,1
2018-02-28,12:28:00,02,02,01,01,01,01,0,367869.0579,5030258.268,False,February,1,0,0,0,0,0,0,0,0,0,1,0,0,0,0,0,0,0,1
2018-02-27,15:15:00,03,04,01,01,01,,0,363274.5741,5022440.319,False,February,0,0,0,0,0,0,0,0,1,0,0,0,0,0,0,0,0,0,1
2018-02-27,13:03:00,03,04,01,01,01,,0,374766.4132,5033351.505,False,February,0,0,0,0,0,0,0,0,1,0,0,0,0,0,0,0,0,0,1
2018-02-28,13:53:00,03,03,01,01,01,01,0,349864.6086,5023399.509,False,February,1,0,0,0,0,0,0,0,0,1,0,0,0,0,0,0,0,0,1
2018-02-28,14:18:00,03,04,02,01,02,,0,373186.9181,5030055.2360000005,False,February,0,0,0,0,0,0,0,0,1,0,0,0,0,0,0,0,0,0,1
2018-02-28,14:19:00,03,03,01,01,01,01,0,348795.2,5022408.413,False,February,1,0,0,0,0,0,0,0,0,1,0,0,0,0,0,0,0,0,1
2018-02-28,14:45:00,03,02,01,01,01,,0,364792.9333,5030088.056,False,February,0,0,0,0,0,0,0,0,0,0,0,1,0,0,0,0,0,0,1
2018-02-28,15:05:00,03,02,01,01,01,01,0,371092.7223,5030527.556,False,February,0,1,0,0,0,0,0,0,0,0,1,0,0,0,0,0,0,0,1
2018-02-28,16:04:00,03,03,01,01,01,01,0,360531.3091,5023312.494,True,February,1,0,0,0,0,0,0,0,0,1,0,0,0,0,0,0,0,0,1
2018-02-27,17:00:00,03,01,01,07,01,,0,372520.7262,5022894.953,False,February,0,0,0,0,0,0,0,0,1,0,0,0,0,0,0,0,0,0,1
2018-02-28,18:59:00,02,07,01,07,01,,1,367710.8643,5031625.429,False,February,0,0,0,0,0,0,0,0,1,0,0,0,0,0,0,0,0,0,1
2018-02-28,18:00:00,02,03,01,05,02,01,0,350623.4796,5018915.728999999,False,February,1,0,0,0,0,0,0,0,0,1,0,0,0,0,0,0,0,0,1
2018-02-28,18:00:00,03,04,02,07,02,01,0,349683.5989,5020193.47,False,February,0,0,0,0,0,0,0,1,0,0,1,0,0,0,0,0,0,0,1
2018-02-28,18:33:00,03,03,01,07,01,01,0,363002.6959,5026339.522,False,February,0,1,0,0,0,0,0,0,0,1,0,0,0,0,0,0,0,0,1
2018-02-28,19:21:00,03,05,01,07,01,01,0,366575.065,5025045.446,False,February,1,0,0,0,0,0,0,0,0,0,1,0,0,0,0,0,0,0,1
2018-02-28,20:48:00,02,07,01,07,02,,0,371473.3052,5026838.69,False,February,0,0,0,0,0,0,0,0,1,0,0,0,0,0,0,0,0,0,1
2018-02-28,22:06:00,03,04,01,07,01,,0,370485.4576,5030416.204,False,February,0,0,0,0,0,0,0,0,1,0,0,0,0,0,0,0,0,0,1
2018-02-28,22:11:00,03,05,01,07,01,01,0,368002.7121,5031904.58,False,February,1,0,0,0,0,0,0,0,0,1,0,0,0,0,0,0,0,0,1
2018-02-28,22:17:00,03,05,01,07,01,01,0,367850.7113,5031711.5819999995,False,February,1,0,0,0,0,0,0,0,0,0,1,0,0,0,0,0,0,0,1
2018-02-28,23:03:00,03,07,01,07,01,00,0,370832.7737,5021556.895,False,February,1,0,0,0,0,0,0,0,0,1,0,0,0,0,0,0,0,0,1
2018-03-01,00:07:00,03,07,01,07,01,,0,354105.6205,5023448.995,False,March,0,0,0,0,0,0,0,0,1,0,0,0,0,0,0,0,1,0,0
2018-03-01,05:29:00,03,07,01,07,01,,0,378917.6135,4997201.866,False,March,0,0,0,0,0,0,0,0,1,0,0,0,0,0,0,0,1,0,0
2018-03-01,07:54:00,03,03,01,01,01,01,0,370684.7185,5030592.553,False,March,1,0,0,0,0,0,0,0,0,1,0,0,0,0,0,0,1,0,0
2018-03-01,08:25:00,03,06,01,01,01,,0,355647.0389,5016224.369,False,March,0,0,0,0,0,0,0,0,1,0,0,0,0,0,0,0,1,0,0
2018-03-01,08:55:00,03,03,01,01,01,,0,355996.2139,5023939.751,False,March,0,0,0,0,0,0,0,0,1,0,0,0,0,0,0,0,1,0,0
2018-03-01,08:54:00,03,03,01,01,01,00,0,359058.6719,5022748.496,False,March,1,0,0,0,0,0,0,0,0,1,0,0,0,0,0,0,1,0,0
2018-03-01,09:01:00,03,04,01,01,01,,0,363269.0916,5022211.123,False,March,0,0,0,0,0,0,0,0,1,0,0,0,0,0,0,0,1,0,0
2018-03-01,09:38:00,03,04,01,01,01,,0,367267.4678,5031256.183,False,March,0,0,0,0,0,0,0,0,1,0,0,0,0,0,0,0,1,0,0
2018-03-01,08:15:00,03,03,01,01,01,,0,364910.7319,5018345.574,False,March,0,0,0,0,0,0,0,0,1,0,0,0,0,0,0,0,1,0,0
2018-03-01,11:29:00,03,03,01,01,01,01,0,362549.6903,5023770.504,False,March,1,0,0,0,0,0,0,0,0,1,0,0,0,0,0,0,1,0,0
2018-03-01,12:01:00,03,05,01,01,01,01,0,370949.7119,5032771.574,False,March,1,0,0,0,0,0,0,0,0,0,1,0,0,0,0,0,1,0,0
2018-02-28,14:45:00,03,03,01,01,01,01,0,369356.706,5032925.589,False,February,1,0,0,0,0,0,0,0,0,1,0,0,0,0,0,0,0,0,1
2018-02-27,12:29:00,03,06,01,01,01,,0,366548.4649,5016865.751,False,February,0,0,0,0,0,0,0,0,1,0,0,0,0,0,0,0,0,0,1
2018-03-01,12:34:00,03,03,01,01,01,01,0,374507.7235,5033198.575,False,March,1,0,0,0,0,0,0,0,0,1,0,0,0,0,0,0,1,0,0
2018-02-27,07:30:00,03,02,01,01,01,,0,366622.6955,5014145.334,False,February,0,0,0,0,0,0,0,0,0,0,0,1,0,0,0,0,0,0,1
2018-03-01,12:46:00,02,05,01,01,01,01,0,365336.698,5028845.555,True,March,1,0,0,0,0,0,0,0,0,0,1,0,0,0,0,0,1,0,0
2018-03-01,13:00:00,03,07,01,01,01,01,0,369136.0574,5013038.732,False,March,0,1,0,0,0,0,0,0,0,1,0,0,0,0,0,0,1,0,0
2018-03-01,13:14:00,03,0,01,01,01,,0,368468.1192,5029231.705,False,March,0,0,0,0,0,0,0,0,1,0,0,0,0,0,0,0,1,0,0
2018-03-01,13:16:00,02,07,01,01,01,01,2,367101.6593,5031151.194,False,March,1,0,0,0,0,0,0,0,0,0,1,0,0,0,0,0,1,0,0
2018-03-01,13:33:00,03,03,01,01,01,,0,367370.4286,5026490.938999999,False,March,0,0,0,0,0,0,0,0,1,0,0,0,0,0,0,0,1,0,0
2018-03-01,13:45:00,03,03,01,01,01,01,0,364358.7036,5024890.513,False,March,1,0,0,0,0,0,0,0,0,1,0,0,0,0,0,0,1,0,0
2018-03-01,13:55:00,02,02,01,01,01,01,0,373725.6144,5030347.488,False,March,0,1,0,0,0,0,0,0,0,0,1,0,0,0,0,0,1,0,0
2018-02-14,08:25:00,03,02,01,01,03,,0,369242.2161,5030697.9,False,February,0,0,0,0,0,0,0,0,0,0,0,1,0,0,0,0,0,0,1
2018-03-01,14:30:00,03,04,01,01,01,01,0,366829.7097,5028935.554,False,March,1,0,0,0,0,0,0,0,0,1,0,0,0,0,0,0,1,0,0
2018-03-01,14:53:00,03,04,01,01,01,01,0,372267.1752,5027083.455,False,March,1,0,0,0,0,0,0,0,0,1,0,0,0,0,0,0,1,0,0
2018-03-01,15:52:00,03,02,01,01,01,01,0,369407.706,5031948.584,False,March,0,1,0,0,0,0,0,0,0,0,1,0,0,0,0,0,1,0,0
2018-03-01,15:47:00,03,02,01,01,01,01,0,364305.2374,5015646.35,False,March,0,0,0,0,0,0,0,1,0,0,1,0,0,0,0,0,1,0,0
2018-03-01,16:07:00,02,07,01,01,02,,1,357173.2389,5019858.534,False,March,0,0,0,0,0,0,0,0,1,0,0,0,0,0,0,0,1,0,0
2018-03-01,17:57:00,03,05,01,05,01,01,0,373705.7228,5030406.556,False,March,1,0,0,0,0,0,0,0,0,0,1,0,0,0,0,0,1,0,0
2018-03-01,18:05:00,02,03,01,05,01,,0,380846.8344,5036496.077,False,March,0,0,0,0,0,0,0,0,1,0,0,0,0,0,0,0,1,0,0
2018-03-01,18:11:00,03,05,01,05,01,01,0,384964.6518,5038717.576,False,March,1,0,0,0,0,0,0,0,0,0,1,0,0,0,0,0,1,0,0
2018-03-01,18:18:00,03,03,01,05,02,01,0,365363.6953,5022544.496,False,March,1,0,0,0,0,0,0,0,0,0,1,0,0,0,0,0,1,0,0
2018-03-01,19:07:00,03,0,01,07,01,,0,381330.7622,5038087.734,False,March,0,0,0,0,0,0,0,0,1,0,0,0,0,0,0,0,1,0,0
2018-03-01,23:06:00,03,04,03,07,02,01,0,372391.7249,5031742.565,False,March,1,0,0,0,0,0,0,0,0,0,1,0,0,0,0,0,1,0,0
2018-03-01,20:59:00,03,06,01,07,01,,0,364332.3906,5015563.072,False,March,0,0,0,0,0,0,0,0,1,0,0,0,0,0,0,0,1,0,0
2018-03-02,05:15:00,03,03,01,07,01,01,0,369185.8709,5033592.351,False,March,1,0,0,0,0,0,0,0,0,1,0,0,0,0,0,0,1,0,0
2018-03-02,06:27:00,02,03,01,03,01,01,0,363933.6841,5014784.4180000005,False,March,1,0,0,0,0,0,0,0,0,1,0,0,0,0,0,0,1,0,0
2018-03-02,08:07:00,03,02,01,01,01,01,0,384784.9695,5034842.438999999,False,March,0,1,0,0,0,0,0,0,0,0,1,0,0,0,0,0,1,0,0
2018-03-02,08:27:00,03,03,01,01,01,,0,373920.7103,5028057.379,False,March,0,0,0,0,0,0,0,0,1,0,0,0,0,0,0,0,1,0,0
2018-03-02,08:30:00,03,03,01,01,01,01,0,371608.7359,5024096.506,False,March,1,0,0,0,0,0,0,0,0,1,0,0,0,0,0,0,1,0,0
2018-03-02,08:54:00,02,04,01,01,01,01,0,367802.7064,5031964.586,False,March,1,0,0,0,0,0,0,0,0,1,0,0,0,0,0,0,1,0,0
2018-03-02,09:37:00,03,04,01,01,01,01,0,350907.6168,5022246.508,False,March,1,0,0,0,0,0,0,0,0,1,0,0,0,0,0,0,1,0,0
2018-03-02,12:24:00,02,03,01,01,01,01,0,360554.675,5022893.492,False,March,1,0,0,0,0,0,0,0,0,1,0,0,0,0,0,0,1,0,0
2018-03-02,12:00:00,03,05,01,01,01,,0,364017.526,5014607.554,False,March,0,0,0,0,0,0,0,0,1,0,0,0,0,0,0,0,1,0,0
2018-03-02,14:15:00,02,05,01,01,01,01,0,349305.8671,5019211.584,False,March,1,0,0,0,0,0,0,0,0,0,1,0,0,0,0,0,1,0,0
2018-03-02,15:36:00,03,03,01,01,01,01,0,364411.8695,5017517.29,False,March,0,0,0,0,1,0,0,0,0,0,0,0,1,0,0,0,1,0,0
2018-03-02,15:51:00,03,02,01,01,01,01,0,348411.8663,4998734.052,False,March,0,1,0,0,0,0,0,0,0,0,1,0,0,0,0,0,1,0,0
2018-03-02,15:59:00,03,05,01,01,01,,0,372757.8018,5032151.937,False,March,0,0,0,0,0,0,0,0,0,0,0,1,0,0,0,0,1,0,0
2018-03-02,15:59:00,03,04,01,01,01,01,0,360531.3091,5023312.494,True,March,1,0,0,0,0,0,0,0,0,1,0,0,0,0,0,0,1,0,0
2018-03-02,16:18:00,03,04,03,01,02,,0,373793.3938,5027984.535,False,March,0,0,0,0,0,0,0,0,1,0,0,0,0,0,0,0,1,0,0
2018-03-02,16:56:00,03,03,01,01,01,01,0,356204.6378,5015964.432,False,March,1,0,0,0,0,0,0,0,0,1,0,0,0,0,0,0,1,0,0
2018-03-02,17:01:00,03,07,01,01,06,,0,337235.3023,5032334.621,False,March,0,0,0,0,0,0,0,0,1,0,0,0,0,0,0,0,1,0,0
2018-03-02,17:37:00,03,03,01,01,01,01,0,368194.7159,5022793.5,False,March,1,0,0,0,0,0,0,0,0,1,0,0,0,0,0,0,1,0,0
2018-03-02,18:35:00,03,02,01,05,01,01,0,351146.9363,5012341.9860000005,False,March,0,1,0,0,0,0,0,0,0,0,1,0,0,0,0,0,1,0,0
2018-03-02,18:46:00,02,01,03,07,02,,0,399966.2098,5029473.085,False,March,0,0,0,0,0,0,0,0,1,0,0,0,0,0,0,0,1,0,0
2018-03-02,19:34:00,03,03,03,07,04,01,0,360554.8399,5023127.8,False,March,0,1,0,0,0,0,0,0,0,1,0,0,0,0,0,0,1,0,0
2018-03-02,20:53:00,03,07,03,07,02,,0,344817.3987,5010529.197,False,March,0,0,0,0,0,0,0,0,1,0,0,0,0,0,0,0,1,0,0
2018-03-03,01:37:00,03,03,03,07,03,01,0,372823.7136,5034416.583000001,False,March,0,1,0,0,0,0,0,0,0,1,0,0,0,0,0,0,1,0,0
2018-03-03,05:17:00,03,07,01,07,02,,0,366891.7256,5028065.072,False,March,0,0,0,0,0,0,0,0,1,0,0,0,0,0,0,0,1,0,0
2018-03-02,20:06:00,03,0,01,07,03,,0,368740.0244,5032551.098,False,March,0,0,0,0,0,0,0,0,1,0,0,0,0,0,0,0,1,0,0
2018-03-03,07:49:00,03,07,01,01,04,00,0,372943.9891,5027780.845,False,March,0,1,0,0,0,0,0,0,0,1,0,0,0,0,0,0,1,0,0
2018-03-03,08:30:00,03,04,01,01,01,01,0,350809.6021,5018709.466,True,March,1,0,0,0,0,0,0,0,0,1,0,0,0,0,0,0,1,0,0
2018-03-03,09:43:00,03,04,01,01,02,,0,372321.9511,5032085.046,False,March,0,0,0,0,0,0,0,0,1,0,0,0,0,0,0,0,1,0,0
2018-02-21,10:00:00,03,03,02,01,02,01,0,383951.7602,5036159.56,False,February,1,0,0,0,0,0,0,0,0,1,0,0,0,0,0,0,0,0,1
2018-03-03,10:44:00,03,04,01,01,01,01,0,369995.7201,5026851.541999999,False,March,1,0,0,0,0,0,0,0,0,1,0,0,0,0,0,0,1,0,0
2018-03-03,12:01:00,02,05,01,01,02,01,0,370473.71,5032796.586,False,March,0,1,0,0,0,0,0,0,0,0,1,0,0,0,0,0,1,0,0
2018-03-03,12:09:00,02,03,01,01,01,01,0,374629.7331,5031242.556,False,March,1,0,0,0,0,0,0,0,0,1,0,0,0,0,0,0,1,0,0
2018-03-03,11:30:00,02,02,01,01,01,01,0,381378.6994,5038724.295,False,March,1,0,0,0,0,0,0,0,0,0,1,0,0,0,0,0,1,0,0
2018-03-02,11:53:00,03,04,01,01,01,01,0,362549.6899,5023770.505,False,March,1,0,0,0,0,0,0,0,0,1,0,0,0,0,0,0,1,0,0
2018-03-03,12:10:00,03,05,01,01,01,01,0,363560.4805,5014577.837,False,March,1,0,0,0,0,0,0,0,0,0,1,0,0,0,0,0,1,0,0
2018-03-03,12:54:00,03,02,01,01,01,,0,369559.0286,5010804.072,False,March,0,0,0,0,0,0,0,0,0,0,0,1,0,0,0,0,1,0,0