DATE,TIME,CLASS_OF_ACCIDENT,IMPACT_TYPE,ENVIRONMENT,LIGHT,ROAD_SURFACE_CONDITION,TRAFFIC_CONTROL_CONDITION,NO_OF_PEDESTRIANS,X,Y,Highway,Month,categorical_TRAFFIC_CONTROL_01,categorical_TRAFFIC_CONTROL_02,categorical_TRAFFIC_CONTROL_03,categorical_TRAFFIC_CONTROL_04,categorical_TRAFFIC_CONTROL_07,categorical_TRAFFIC_CONTROL_08,categorical_TRAFFIC_CONTROL_09,categorical_TRAFFIC_CONTROL_11,categorical_ACCIDENT_LOCATION_01,categorical_ACCIDENT_LOCATION_02,categorical_ACCIDENT_LOCATION_03,categorical_ACCIDENT_LOCATION_04,categorical_ACCIDENT_LOCATION_05,categorical_ACCIDENT_LOCATION_06,categorical_ACCIDENT_LOCATION_07,categorical_Seasons_Fall,categorical_Seasons_Spring,categorical_Seasons_Summer,categorical_Seasons_Winter
2018-03-03,12:15:00,03,0,01,01,01,,0,368523.9123,5025899.245,False,March,0,0,0,0,0,0,0,0,0,0,0,1,0,0,0,0,1,0,0
2018-03-03,13:33:00,03,02,01,01,01,01,0,368169.6516,5032678.888,False,March,1,0,0,0,0,0,0,0,0,0,1,0,0,0,0,0,1,0,0
2018-03-03,13:40:00,03,07,01,01,01,,0,388320.7178,5042389.914,False,March,0,0,0,0,0,0,0,0,1,0,0,0,0,0,0,0,1,0,0
2018-03-03,13:42:00,03,04,01,01,01,,0,383296.2316,5037699.726,False,March,0,0,0,0,0,0,0,0,1,0,0,0,0,0,0,0,1,0,0
2018-03-15,15:45:00,03,03,01,01,01,01,0,364548.8104,5015173.324,False,March,1,0,0,0,0,0,0,0,0,1,0,0,0,0,0,0,1,0,0
2018-02-24,14:45:00,02,03,01,01,01,01,0,376125.7299,5034853.575,False,February,1,0,0,0,0,0,0,0,0,1,0,0,0,0,0,0,0,0,1
2018-03-13,13:38:00,03,04,01,01,01,01,0,352511.8926,5016870.007,False,March,1,0,0,0,0,0,0,0,0,1,0,0,0,0,0,0,1,0,0
2018-02-24,18:13:00,02,0,01,07,01,01,0,362548.6449,5023769.1110000005,False,February,1,0,0,0,0,0,0,0,0,1,0,0,0,0,0,0,0,0,1
2018-03-08,16:30:00,02,07,01,01,01,01,1,360399.5863,5025021.662,False,March,1,0,0,0,0,0,0,0,0,0,1,0,0,0,0,0,1,0,0
2018-03-15,18:59:00,02,07,01,05,01,,1,368607.8086,5031953.462,False,March,0,0,0,0,0,0,0,0,1,0,0,0,0,0,0,0,1,0,0
2018-03-03,20:09:00,03,03,01,07,01,01,0,372860.7238,5030578.562,False,March,1,0,0,0,0,0,0,0,0,1,0,0,0,0,0,0,1,0,0
2018-03-13,13:42:00,02,02,03,01,02,01,0,381419.7411,5037546.575,False,March,1,0,0,0,0,0,0,0,0,0,1,0,0,0,0,0,1,0,0
2018-02-24,18:30:00,03,04,01,07,02,,0,371364.6311,5026716.226,False,February,0,0,0,0,0,0,0,0,1,0,0,0,0,0,0,0,0,0,1
2018-03-14,16:15:00,03,03,01,01,01,01,0,366983.6979,5031078.57,False,March,1,0,0,0,0,0,0,0,0,1,0,0,0,0,0,0,1,0,0
2018-03-08,19:00:00,03,03,03,07,02,01,0,363323.6789,5014773.416,False,March,0,0,0,0,0,0,0,1,0,1,0,0,0,0,0,0,1,0,0
2018-03-03,21:01:00,03,05,01,07,01,,0,374469.6258,5026345.537,False,March,0,0,0,0,0,0,0,0,1,0,0,0,0,0,0,0,1,0,0
2018-03-13,14:53:00,03,03,01,01,01,,0,359624.6152,5023939.673,False,March,0,0,0,0,0,0,0,0,1,0,0,0,0,0,0,0,1,0,0
2018-02-24,19:15:00,03,05,01,07,01,01,0,380940.7448,5036250.58,False,February,1,0,0,0,0,0,0,0,0,0,1,0,0,0,0,0,0,0,1
2018-03-15,20:33:00,02,02,01,07,01,01,0,389860.7734,5042617.563999999,False,March,1,0,0,0,0,0,0,0,0,0,1,0,0,0,0,0,1,0,0
2018-03-09,13:57:00,03,03,03,01,02,01,0,370684.7182,5030592.553,False,March,1,0,0,0,0,0,0,0,0,1,0,0,0,0,0,0,1,0,0
2018-03-03,22:15:00,03,04,01,07,01,01,0,381597.2458,5038180.816000001,False,March,1,0,0,0,0,0,0,0,0,1,0,0,0,0,0,0,1,0,0
2018-03-12,,03,06,03,00,04,,0,354717.385,5015111.319,False,March,0,0,0,0,0,0,0,0,1,0,0,0,0,0,0,0,1,0,0
2018-02-24,19:46:00,03,03,01,07,01,01,0,364008.3563,5014602.19,False,February,1,0,0,0,0,0,0,0,0,1,0,0,0,0,0,0,0,0,1
2018-02-24,20:08:00,03,02,01,07,01,01,0,360531.309,5023312.494,True,February,1,0,0,0,0,0,0,0,0,1,0,0,0,0,0,0,0,0,1
2018-02-25,03:53:00,03,07,01,07,01,,0,369630.1806,5031267.464,False,February,0,0,0,0,0,0,0,0,1,0,0,0,0,0,0,0,0,0,1
2018-02-25,08:40:00,03,02,04,01,06,01,0,365046.7245,5014686.539,False,February,0,1,0,0,0,0,0,0,0,0,1,0,0,0,0,0,0,0,1
2018-02-25,08:54:00,03,07,02,01,06,01,0,373704.6779,5030407.252,False,February,1,0,0,0,0,0,0,0,0,0,1,0,0,0,0,0,0,0,1
2018-02-25,09:11:00,03,03,04,01,06,01,0,370684.7179,5030592.554,False,February,1,0,0,0,0,0,0,0,0,1,0,0,0,0,0,0,0,0,1
2018-02-25,09:22:00,03,07,04,01,06,01,0,382289.8384,5033944.239,False,February,0,0,0,0,0,0,0,1,0,0,1,0,0,0,0,0,0,0,1
2018-02-25,,03,06,01,00,01,,0,361440.542,5014674.34,False,February,0,0,0,0,0,0,0,0,1,0,0,0,0,0,0,0,0,0,1
2018-02-24,16:00:00,03,04,01,01,01,00,0,367052.7115,5029657.563,True,February,1,0,0,0,0,0,0,0,0,1,0,0,0,0,0,0,0,0,1
2018-02-25,09:45:00,02,03,04,01,06,01,0,370432.7162,5029081.557,False,February,1,0,0,0,0,0,0,0,0,1,0,0,0,0,0,0,0,0,1
2018-02-25,08:30:00,03,07,04,01,06,01,0,381168.99700000003,5032906.816000001,False,February,0,0,0,0,0,0,0,1,0,0,1,0,0,0,0,0,0,0,1
2018-02-24,,03,06,01,00,06,,0,364287.696,5025351.84,False,February,0,0,0,0,0,0,0,0,1,0,0,0,0,0,0,0,0,0,1
2018-02-25,10:00:00,03,02,01,01,06,01,0,372650.7214,5032411.579,False,February,1,0,0,0,0,0,0,0,0,1,0,0,0,0,0,0,0,0,1
2018-02-25,10:58:00,03,06,02,01,06,,0,374439.552,5019522.658,False,February,0,0,0,0,0,0,0,0,1,0,0,0,0,0,0,0,0,0,1
2018-02-25,11:04:00,03,02,04,01,06,01,0,372257.6752,5032993.272,False,February,0,1,0,0,0,0,0,0,0,0,1,0,0,0,0,0,0,0,1
2018-02-25,11:00:00,02,05,04,01,06,01,0,383183.9295,5037977.882,False,February,1,0,0,0,0,0,0,0,0,0,1,0,0,0,0,0,0,0,1
2018-02-25,11:24:00,02,01,04,01,06,01,0,371845.3338,5030815.925,False,February,1,0,0,0,0,0,0,0,0,1,0,0,0,0,0,0,0,0,1
2018-02-22,19:00:00,03,03,01,07,01,01,0,371867.7334,5024320.518,False,February,1,0,0,0,0,0,0,0,0,1,0,0,0,0,0,0,0,0,1
2018-02-25,00:30:00,03,02,01,07,01,01,0,368297.7041,5030309.566000001,True,February,1,0,0,0,0,0,0,0,0,0,1,0,0,0,0,0,0,0,1
2018-02-25,12:42:00,03,02,01,01,01,01,0,367907.3591,5030189.261,False,February,1,0,0,0,0,0,0,0,0,0,1,0,0,0,0,0,0,0,1
2018-02-25,13:02:00,03,02,01,01,02,01,0,364480.5887,5015294.217,False,February,0,1,0,0,0,0,0,0,0,1,0,0,0,0,0,0,0,0,1
2018-02-25,14:55:00,03,06,04,01,06,,0,368352.3118,5030823.662,False,February,0,0,0,0,0,0,0,0,1,0,0,0,0,0,0,0,0,0,1
2018-02-25,,03,06,01,00,01,,0,367268.1663,5031137.72,False,February,0,0,0,0,0,0,0,0,1,0,0,0,0,0,0,0,0,0,1
2018-02-25,17:30:00,03,03,01,05,01,01,0,366379.6896,5008975.386,False,February,1,0,0,0,0,0,0,0,0,1,0,0,0,0,0,0,0,0,1
2018-02-25,18:41:00,03,02,01,07,02,,0,375536.2925,5034480.261,False,February,0,0,0,0,0,0,0,0,0,0,0,1,0,0,0,0,0,0,1
2018-02-25,18:46:00,03,03,02,07,06,01,0,383951.7602,5036159.561000001,False,February,1,0,0,0,0,0,0,0,0,1,0,0,0,0,0,0,0,0,1
2018-02-25,19:45:00,03,03,01,07,02,01,0,368036.7029,5021945.498,False,February,1,0,0,0,0,0,0,0,0,1,0,0,0,0,0,0,0,0,1
2018-02-25,20:11:00,03,07,01,07,01,,0,337897.54299999995,5024995.025,False,February,0,0,0,0,0,0,0,0,1,0,0,0,0,0,0,0,0,0,1
2018-02-25,21:07:00,03,02,01,07,02,01,0,364879.9224,5025068.0430000005,False,February,1,0,0,0,0,0,0,0,0,0,1,0,0,0,0,0,0,0,1
2018-02-25,22:31:00,03,07,01,07,06,,0,358283.3184,5013906.829,False,February,0,0,0,0,0,0,0,0,1,0,0,0,0,0,0,0,0,0,1
2018-02-25,23:26:00,03,07,01,07,06,,0,360374.1955,5017965.536,False,February,0,0,0,0,0,0,0,0,1,0,0,0,0,0,0,0,0,0,1
2018-02-26,00:51:00,03,07,01,07,06,,0,358116.0959,5022835.002,True,February,0,0,0,0,0,0,0,0,1,0,0,0,0,0,0,0,0,0,1
2018-02-26,07:00:00,03,06,01,03,01,,0,362464.4548,5014004.699,False,February,0,0,0,0,0,0,0,0,0,0,0,1,0,0,0,0,0,0,1
2018-02-26,07:41:00,03,03,01,01,01,01,0,374507.724,5033198.575,False,February,1,0,0,0,0,0,0,0,0,1,0,0,0,0,0,0,0,0,1
2018-02-26,08:09:00,03,01,01,01,02,,0,369281.0958,5034081.156,False,February,0,0,0,0,0,0,0,0,1,0,0,0,0,0,0,0,0,0,1
2018-02-26,08:56:00,02,03,01,01,01,01,0,361479.6773,5020502.478999999,False,February,1,0,0,0,0,0,0,0,0,1,0,0,0,0,0,0,0,0,1
2018-02-26,09:48:00,03,06,01,01,01,,0,372171.39,5029994.916999999,False,February,0,0,0,0,0,0,0,0,1,0,0,0,0,0,0,0,0,0,1
2018-02-26,10:36:00,02,03,01,01,01,,0,364323.2281,5027517.726,True,February,0,0,0,0,0,0,0,0,1,0,0,0,0,0,0,0,0,0,1
2018-02-26,10:53:00,03,03,01,01,01,01,0,362888.6879,5023126.512,False,February,0,1,0,0,0,0,0,0,0,1,0,0,0,0,0,0,0,0,1
2018-02-26,11:01:00,03,04,01,01,01,01,0,371705.7116,5033894.5819999995,False,February,0,1,0,0,0,0,0,0,0,1,0,0,0,0,0,0,0,0,1
2018-02-26,11:21:00,03,02,01,01,01,01,0,363743.8553,5014679.355,False,February,1,0,0,0,0,0,0,0,0,0,1,0,0,0,0,0,0,0,1
2018-02-26,11:20:00,03,03,01,01,01,01,0,372106.7284,5023740.502,False,February,1,0,0,0,0,0,0,0,0,1,0,0,0,0,0,0,0,0,1
2018-02-26,12:13:00,03,03,01,01,01,01,0,361256.6757,5021017.49,False,February,1,0,0,0,0,0,0,0,0,1,0,0,0,0,0,0,0,0,1
2018-02-26,12:20:00,03,03,01,01,01,01,0,370379.7199,5028802.551,False,February,0,1,0,0,0,0,0,0,0,0,1,0,0,0,0,0,0,0,1
2018-02-12,15:15:00,03,04,01,01,01,01,0,363933.6842,5014784.4180000005,False,February,1,0,0,0,0,0,0,0,0,1,0,0,0,0,0,0,0,0,1
2018-02-26,14:22:00,03,04,01,01,01,,0,360637.1504,5025422.453,False,February,0,0,0,0,0,0,0,0,1,0,0,0,0,0,0,0,0,0,1
2018-02-26,14:28:00,03,06,01,01,01,,0,368273.3331,5029608.826,False,February,0,0,0,0,0,0,0,0,1,0,0,0,0,0,0,0,0,0,1
2018-02-26,14:35:00,02,07,01,01,01,,0,374693.7502,5032763.722,False,February,0,0,0,0,0,0,0,0,1,0,0,0,0,0,0,0,0,0,1
2018-02-26,14:39:00,03,03,01,01,01,01,0,368239.7103,5029787.565,False,February,1,0,0,0,0,0,0,0,0,1,0,0,0,0,0,0,0,0,1
2018-02-26,14:43:00,02,05,01,01,01,01,0,358137.6638,5021086.476,False,February,1,0,0,0,0,0,0,0,0,0,1,0,0,0,0,0,0,0,1
2018-02-26,14:43:00,03,02,01,01,01,01,0,353381.6177,5019151.468,False,February,1,0,0,0,0,0,0,0,0,0,1,0,0,0,0,0,0,0,1
2018-02-26,14:43:00,03,04,01,01,01,,0,380949.0919,5036221.364,False,February,0,0,0,0,0,0,0,0,1,0,0,0,0,0,0,0,0,0,1
2018-02-25,19:30:00,03,02,04,07,06,01,0,378004.4069,5025617.826,False,February,0,1,0,0,0,0,0,0,0,0,1,0,0,0,0,0,0,0,1
2018-02-26,16:16:00,03,04,01,01,01,01,0,368374.5109,5032329.973999999,False,February,1,0,0,0,0,0,0,0,0,1,0,0,0,0,0,0,0,0,1
2018-02-26,16:26:00,03,02,01,01,06,01,0,370926.6605,5033171.9860000005,False,February,0,1,0,0,0,0,0,0,0,0,1,0,0,0,0,0,0,0,1
2018-02-26,13:30:00,03,02,01,01,01,01,0,387530.2796,5037629.8610000005,False,February,0,1,0,0,0,0,0,0,0,0,1,0,0,0,0,0,0,0,1
2018-02-24,16:45:00,03,06,01,01,02,,0,364695.6477,5026676.341,False,February,0,0,0,0,0,0,0,0,1,0,0,0,0,0,0,0,0,0,1
2018-02-26,17:15:00,02,03,01,01,01,01,0,350454.0241,5016509.305,False,February,0,1,0,0,0,0,0,0,0,1,0,0,0,0,0,0,0,0,1
2018-02-26,21:42:00,02,07,01,07,01,,0,380295.5008,5037502.541,False,February,0,0,0,0,0,0,0,0,1,0,0,0,0,0,0,0,0,0,1
2018-02-26,18:48:00,03,05,01,07,02,,0,381163.8315,5037328.585,False,February,0,0,0,0,0,0,0,0,1,0,0,0,0,0,0,0,0,0,1
2018-02-26,21:51:00,03,05,01,07,01,01,0,363749.6969,5027093.546,False,February,0,1,0,0,0,0,0,0,0,1,0,0,0,0,0,0,0,0,1
2018-02-26,19:50:00,03,05,01,07,01,01,0,350489.6082,5022710.5030000005,False,February,1,0,0,0,0,0,0,0,0,0,1,0,0,0,0,0,0,0,1
2018-02-26,22:20:00,03,07,01,07,06,,0,366782.31799999997,5028381.449,False,February,0,0,0,0,0,0,0,0,1,0,0,0,0,0,0,0,0,0,1
2018-02-27,07:07:00,03,03,01,03,01,01,0,353417.6211,5018265.463,False,February,1,0,0,0,0,0,0,0,0,1,0,0,0,0,0,0,0,0,1
2018-02-27,07:08:00,03,03,01,03,01,01,0,372241.7202,5032111.58,False,February,1,0,0,0,0,0,0,0,0,1,0,0,0,0,0,0,0,0,1
2018-02-27,07:28:00,02,03,01,01,01,01,0,390001.7784,5042639.567,False,February,0,1,0,0,0,0,0,0,0,1,0,0,0,0,0,0,0,0,1
2018-02-27,07:44:00,03,05,01,01,02,01,0,364275.8213,5027493.55,False,February,1,0,0,0,0,0,0,0,0,0,1,0,0,0,0,0,0,0,1
2018-02-27,07:45:00,03,03,01,01,01,,0,376148.7286,5034572.585,False,February,0,0,0,0,0,0,0,0,1,0,0,0,0,0,0,0,0,0,1
2018-02-26,08:13:00,03,06,01,01,01,,0,359314.0206,5021782.563999999,False,February,0,0,0,0,0,0,0,0,1,0,0,0,0,0,0,0,0,0,1
2018-02-09,15:45:00,03,03,01,01,02,,0,395097.1518,5043174.173,False,February,0,0,0,0,0,0,0,0,1,0,0,0,0,0,0,0,0,0,1
2018-02-27,10:02:00,02,07,01,01,01,01,1,367538.6182,5031520.507,False,February,1,0,0,0,0,0,0,0,0,0,1,0,0,0,0,0,0,0,1
2018-02-27,11:10:00,03,02,01,01,01,,0,367241.9786,5023031.775,False,February,0,0,0,0,0,0,0,0,0,0,0,1,0,0,0,0,0,0,1
2018-02-27,11:29:00,03,04,01,01,01,,0,369115.7935,5031286.52,True,February,0,0,0,0,0,0,0,0,0,1,0,0,0,0,0,0,0,0,1
2018-02-27,11:26:00,03,04,01,01,01,01,0,363775.6959,5027013.538,False,February,1,0,0,0,0,0,0,0,0,1,0,0,0,0,0,0,0,0,1
2018-02-27,08:00:00,03,02,01,01,01,,0,370424.9942,5028475.24,False,February,0,0,0,0,0,0,0,0,0,0,0,1,0,0,0,0,0,0,1
2018-02-27,12:21:00,03,04,01,01,01,01,0,364275.69200000004,5027493.534,False,February,1,0,0,0,0,0,0,0,0,0,1,0,0,0,0,0,0,0,1
2018-02-27,12:53:00,03,02,01,01,02,01,0,372541.7202,5031688.57,True,February,0,1,0,0,0,0,0,0,0,0,1,0,0,0,0,0,0,0,1
2018-02-27,13:25:00,02,04,01,01,01,,0,367089.8045,5030552.65,False,February,0,0,0,0,0,0,0,0,1,0,0,0,0,0,0,0,0,0,1
2018-02-27,14:40:00,03,03,01,01,01,01,0,351414.6158,5021779.483,False,February,1,0,0,0,0,0,0,0,0,1,0,0,0,0,0,0,0,0,1
2018-02-27,14:39:00,03,05,01,01,01,01,0,360325.6796,5024900.513,False,February,1,0,0,0,0,0,0,0,0,0,1,0,0,0,0,0,0,0,1
2018-02-27,15:30:00,03,03,01,01,01,01,0,375654.7354,5034556.586,False,February,1,0,0,0,0,0,0,0,0,1,0,0,0,0,0,0,0,0,1
2018-02-27,15:39:00,03,02,01,01,01,01,0,367068.919,5030643.136,False,February,0,1,0,0,0,0,0,0,0,0,1,0,0,0,0,0,0,0,1
2018-02-27,16:26:00,03,03,01,01,01,01,0,366166.6929,5026028.533,False,February,1,0,0,0,0,0,0,0,0,1,0,0,0,0,0,0,0,0,1
2018-02-27,16:34:00,02,05,01,01,01,01,0,365527.37700000004,5015321.482,False,February,1,0,0,0,0,0,0,0,0,0,1,0,0,0,0,0,0,0,1
2018-02-27,17:18:00,03,03,01,05,02,01,0,356781.6412,5015891.437,False,February,1,0,0,0,0,0,0,0,0,0,1,0,0,0,0,0,0,0,1
2018-02-27,17:34:00,03,06,01,07,04,,0,365848.9315,5016327.732,False,February,0,0,0,0,0,0,0,0,1,0,0,0,0,0,0,0,0,0,1
2018-02-24,,03,06,01,00,02,,0,369577.0882,5033508.924,False,February,0,0,0,0,0,0,0,0,1,0,0,0,0,0,0,0,0,0,1
2018-02-27,18:24:00,03,02,01,07,01,01,0,373583.786,5023681.808999999,False,February,0,1,0,0,0,0,0,0,0,0,1,0,0,0,0,0,0,0,1
2018-02-27,18:32:00,03,05,01,07,01,,0,368442.7099,5030641.568,False,February,0,0,0,0,0,0,0,0,0,0,1,0,0,0,0,0,0,0,1
2018-02-27,18:15:00,03,05,01,05,01,,0,353141.0354,5019751.537,True,February,0,0,0,0,0,0,0,0,0,0,0,1,0,0,0,0,0,0,1
2018-02-27,18:59:00,02,07,01,07,01,01,1,362862.3408,5028026.546,False,February,1,0,0,0,0,0,0,0,0,0,1,0,0,0,0,0,0,0,1
2018-02-26,,03,06,01,00,06,,0,375484.3551,5036341.551,False,February,0,0,0,0,0,0,0,0,1,0,0,0,0,0,0,0,0,0,1
2018-02-28,07:08:00,02,01,01,03,01,,0,354535.7455,5018931.416,False,February,0,0,0,0,0,0,0,0,1,0,0,0,0,0,0,0,0,0,1
2018-02-27,18:15:00,03,07,01,05,02,01,0,362489.9933,5027691.727,False,February,1,0,0,0,0,0,0,0,0,1,0,0,0,0,0,0,0,0,1
2018-02-28,08:13:00,03,02,01,01,01,,0,368974.0866,5031648.491,False,February,0,0,0,0,0,0,0,0,0,0,0,1,0,0,0,0,0,0,1
2018-02-28,08:20:00,03,05,01,01,01,01,0,366920.7053,5025322.524,False,February,1,0,0,0,0,0,0,0,0,0,1,0,0,0,0,0,0,0,1
2018-03-15,20:56:00,03,07,01,07,06,,0,393027.6582,5008772.193,False,March,0,0,0,0,0,0,0,0,1,0,0,0,0,0,0,0,1,0,0
2018-03-04,08:23:00,03,05,01,01,01,01,0,362942.6976,5026488.527,False,March,1,0,0,0,0,0,0,0,0,0,1,0,0,0,0,0,1,0,0
2018-03-13,15:15:00,02,05,03,01,02,01,0,380460.7945,5034296.403,False,March,1,0,0,0,0,0,0,0,0,0,1,0,0,0,0,0,1,0,0
2018-03-09,,03,04,01,07,02,01,0,344196.5532,5019441.487,False,March,0,1,0,0,0,0,0,0,0,1,0,0,0,0,0,0,1,0,0
2018-03-13,15:31:00,03,03,03,01,02,01,0,368897.4488,5027671.907,False,March,1,0,0,0,0,0,0,0,0,1,0,0,0,0,0,0,1,0,0
2018-03-13,15:58:00,02,07,03,01,02,01,1,375399.3815,5031873.87,False,March,1,0,0,0,0,0,0,0,0,1,0,0,0,0,0,0,1,0,0
2018-03-13,16:13:00,03,05,03,01,02,,0,368890.7175,5028320.553,False,March,0,0,0,0,0,0,0,0,0,0,1,0,0,0,0,0,1,0,0
2018-03-13,16:18:00,03,05,03,01,02,01,0,384262.1278,5035420.69,False,March,1,0,0,0,0,0,0,0,0,0,1,0,0,0,0,0,1,0,0
2018-03-13,17:00:00,03,04,03,01,02,,0,352984.39700000006,5017953.114,False,March,0,0,0,0,0,0,0,0,1,0,0,0,0,0,0,0,1,0,0
2018-03-13,17:32:00,02,03,03,01,02,01,0,368164.7085,5031198.572,False,March,1,0,0,0,0,0,0,0,0,1,0,0,0,0,0,0,1,0,0
2018-03-13,17:48:00,03,06,01,05,02,,0,365102.7478,5030229.404,False,March,0,0,0,0,0,0,0,0,1,0,0,0,0,0,0,0,1,0,0
2018-03-13,18:28:00,03,02,03,05,02,01,0,364756.3412,5011926.383,False,March,0,0,0,0,0,0,0,1,0,0,1,0,0,0,0,0,1,0,0
2018-03-13,18:30:00,03,07,03,05,02,,0,347009.8336,5030507.343,False,March,0,0,0,0,0,0,0,0,1,0,0,0,0,0,0,0,1,0,0
2018-03-13,18:51:00,03,03,03,07,04,01,0,361767.6833,5025725.513,False,March,1,0,0,0,0,0,0,0,0,0,1,0,0,0,0,0,1,0,0
2018-03-13,21:22:00,03,07,03,07,06,00,0,365538.0318,5027610.512,False,March,0,1,0,0,0,0,0,0,0,0,1,0,0,0,0,0,1,0,0
2018-03-13,22:25:00,03,03,03,07,03,,0,355811.2928,5012976.694,False,March,0,0,0,0,0,0,0,0,0,0,0,1,0,0,0,0,1,0,0
2018-03-14,04:45:00,03,02,03,07,04,,0,361377.4828,5023049.742,False,March,0,0,0,0,0,0,0,0,1,0,0,0,0,0,0,0,1,0,0
2018-03-14,06:25:00,03,02,03,03,04,,0,381854.51399999997,5032760.084,False,March,0,0,0,0,0,0,0,0,0,0,0,1,0,0,0,0,1,0,0
2018-03-14,06:30:00,03,07,03,03,05,,0,354889.5701,5015360.944,False,March,0,0,0,0,0,0,0,0,1,0,0,0,0,0,0,0,1,0,0
2018-03-14,08:17:00,03,07,03,01,04,,0,358432.7503,5006682.312,False,March,0,0,0,0,0,0,0,0,1,0,0,0,0,0,0,0,1,0,0
2018-03-14,08:56:00,02,05,03,01,04,01,0,350489.60799999995,5022710.5030000005,False,March,1,0,0,0,0,0,0,0,0,0,1,0,0,0,0,0,1,0,0
2018-03-14,08:58:00,03,0,03,01,05,01,0,374246.6914,5028249.537,False,March,1,0,0,0,0,0,0,0,0,0,1,0,0,0,0,0,1,0,0
2018-03-14,08:54:00,03,01,03,01,04,,0,368381.9163,5020575.698,False,March,0,0,0,0,0,0,0,0,1,0,0,0,0,0,0,0,1,0,0
2018-03-14,09:05:00,03,01,03,01,03,,0,373342.226,5020788.463,False,March,0,0,0,0,0,0,0,0,1,0,0,0,0,0,0,0,1,0,0
2018-03-14,09:13:00,03,05,03,01,03,01,0,373148.7306,5027608.535,False,March,1,0,0,0,0,0,0,0,0,0,1,0,0,0,0,0,1,0,0
2018-03-14,09:18:00,03,05,03,01,05,01,0,363205.68700000003,5025833.534,True,March,0,0,1,0,0,0,0,0,0,1,0,0,0,0,0,0,1,0,0
2018-03-14,09:24:00,03,02,03,01,03,01,0,363592.6903,5028304.553,False,March,0,1,0,0,0,0,0,0,0,0,1,0,0,0,0,0,1,0,0
2018-03-14,09:07:00,03,07,03,01,03,,0,373331.16,5020816.681,False,March,0,0,0,0,0,0,0,0,1,0,0,0,0,0,0,0,1,0,0
2018-03-14,09:32:00,02,04,03,01,04,01,0,373364.7296,5029424.551,False,March,1,0,0,0,0,0,0,0,0,1,0,0,0,0,0,0,1,0,0
2018-03-14,09:40:00,03,07,03,01,04,,0,380566.55799999996,5031956.496,False,March,0,0,0,0,0,0,0,0,1,0,0,0,0,0,0,0,1,0,0
2018-03-14,09:44:00,03,03,03,01,03,01,0,370492.7221,5026902.538,False,March,1,0,0,0,0,0,0,0,0,1,0,0,0,0,0,0,1,0,0
2018-03-14,09:58:00,03,07,03,01,04,,0,368075.9294,5019715.586,False,March,0,0,0,0,0,0,0,0,1,0,0,0,0,0,0,0,1,0,0
2018-03-14,09:59:00,03,02,03,01,04,01,0,368941.7244,5026732.541,False,March,0,1,0,0,0,0,0,0,0,0,1,0,0,0,0,0,1,0,0
2018-03-14,10:25:00,03,07,03,01,04,,0,360598.2925,4982990.972,False,March,0,0,0,0,0,0,0,0,1,0,0,0,0,0,0,0,1,0,0
2018-03-14,09:15:00,03,06,03,01,04,,0,370362.5193,5024343.143,False,March,0,0,0,0,0,0,0,0,0,0,0,1,0,0,0,0,1,0,0
2018-03-09,11:30:00,02,07,01,01,02,,1,366371.2022,5029135.291999999,False,March,0,0,0,0,0,0,0,0,0,0,0,1,0,0,0,0,1,0,0
2018-03-14,11:14:00,03,02,03,01,03,01,0,354620.6226,5016027.427,False,March,1,0,0,0,0,0,0,0,0,0,1,0,0,0,0,0,1,0,0
2018-03-14,12:00:00,03,04,03,01,02,01,0,367390.7104,5021523.488,False,March,1,0,0,0,0,0,0,0,0,1,0,0,0,0,0,0,1,0,0
2018-03-14,12:22:00,02,04,03,01,02,,0,369285.156,5028065.026000001,False,March,0,0,0,0,0,0,0,0,1,0,0,0,0,0,0,0,1,0,0
2018-03-13,23:30:00,03,07,03,07,04,,0,363236.8443,5022298.538,False,March,0,0,0,0,0,0,0,0,1,0,0,0,0,0,0,0,1,0,0
2018-03-13,11:15:00,03,07,03,01,02,,0,362803.1151,5020879.478999999,False,March,0,0,0,0,0,0,0,0,1,0,0,0,0,0,0,0,1,0,0
2018-03-14,14:30:00,03,04,01,01,01,01,0,365389.7016,5021337.49,False,March,0,1,0,0,0,0,0,0,0,1,0,0,0,0,0,0,1,0,0
2018-03-14,15:01:00,03,03,01,01,01,,0,373059.674,5030098.162,False,March,0,0,0,0,0,0,0,0,1,0,0,0,0,0,0,0,1,0,0
2018-03-14,15:01:00,03,03,03,01,02,,0,369168.2642,5032295.465,False,March,0,0,0,0,0,0,0,0,1,0,0,0,0,0,0,0,1,0,0
2018-03-14,15:20:00,02,02,01,01,02,01,0,381379.7446,5038723.598999999,False,March,1,0,0,0,0,0,0,0,0,0,1,0,0,0,0,0,1,0,0
2018-03-14,11:40:00,03,03,03,01,02,,0,351173.2841,5018297.344,True,March,0,0,0,0,0,0,0,0,1,0,0,0,0,0,0,0,1,0,0
2018-03-14,15:47:00,02,07,01,01,01,01,1,368769.9602,5032570.584,False,March,1,0,0,0,0,0,0,0,0,0,1,0,0,0,0,0,1,0,0