DATE,TIME,CLASS_OF_ACCIDENT,IMPACT_TYPE,ENVIRONMENT,LIGHT,ROAD_SURFACE_CONDITION,TRAFFIC_CONTROL_CONDITION,NO_OF_PEDESTRIANS,X,Y,Highway,Month,categorical_TRAFFIC_CONTROL_01,categorical_TRAFFIC_CONTROL_02,categorical_TRAFFIC_CONTROL_03,categorical_TRAFFIC_CONTROL_04,categorical_TRAFFIC_CONTROL_07,categorical_TRAFFIC_CONTROL_08,categorical_TRAFFIC_CONTROL_09,categorical_TRAFFIC_CONTROL_11,categorical_ACCIDENT_LOCATION_01,categorical_ACCIDENT_LOCATION_02,categorical_ACCIDENT_LOCATION_03,categorical_ACCIDENT_LOCATION_04,categorical_ACCIDENT_LOCATION_05,categorical_ACCIDENT_LOCATION_06,categorical_ACCIDENT_LOCATION_07,categorical_Seasons_Fall,categorical_Seasons_Spring,categorical_Seasons_Summer,categorical_Seasons_Winter
2018-03-14,15:59:00,03,04,03,01,04,,0,368696.4678,5027518.101,False,March,0,0,0,0,0,0,0,0,1,0,0,0,0,0,0,0,1,0,0
2018-03-14,16:05:00,03,03,03,01,04,01,0,349558.3983,5014878.717,False,March,1,0,0,0,0,0,0,0,0,1,0,0,0,0,0,0,1,0,0
2018-03-14,16:22:00,03,02,01,01,02,01,0,383600.7617,5035848.561000001,False,March,0,1,0,0,0,0,0,0,0,0,1,0,0,0,0,0,1,0,0
2018-03-14,16:30:00,03,03,03,01,04,01,0,365085.1495,5017903.19,False,March,1,0,0,0,0,0,0,0,0,1,0,0,0,0,0,0,1,0,0
2018-03-14,16:44:00,03,05,01,01,01,,0,374508.4755,5018022.524,False,March,0,0,0,0,0,0,0,0,0,0,0,1,0,0,0,0,1,0,0
2018-03-14,16:55:00,02,07,01,01,01,01,1,369446.1368,5027741.924,False,March,1,0,0,0,0,0,0,0,0,0,1,0,0,0,0,0,1,0,0
2018-03-14,17:05:00,03,0,03,01,04,,0,383134.0298,5038754.932,False,March,0,0,0,0,0,0,0,0,1,0,0,0,0,0,0,0,1,0,0
2018-03-14,17:36:00,02,07,03,05,03,01,0,368693.1879,5026295.679,False,March,0,0,0,0,0,0,0,1,0,1,0,0,0,0,0,0,1,0,0
2018-03-14,18:14:00,03,02,03,05,02,01,0,364862.7,5029306.558999999,False,March,0,1,0,0,0,0,0,0,0,1,0,0,0,0,0,0,1,0,0
2018-03-14,18:16:00,03,04,03,05,02,,0,375970.6075,5029165.731000001,True,March,0,0,0,0,0,0,0,0,1,0,0,0,0,0,0,0,1,0,0
2018-03-14,18:54:00,03,05,03,07,02,01,0,364548.8105,5015173.325,False,March,1,0,0,0,0,0,0,0,0,1,0,0,0,0,0,0,1,0,0
2018-03-14,20:10:00,03,01,03,07,04,,0,347955.2842,5015202.016,False,March,0,0,0,0,0,0,0,0,1,0,0,0,0,0,0,0,1,0,0
2018-03-14,21:12:00,03,03,01,07,02,01,0,363848.6933,5025152.518,False,March,0,1,0,0,0,0,0,0,0,1,0,0,0,0,0,0,1,0,0
2018-03-14,21:11:00,03,03,03,07,06,01,0,371673.7235,5012108.4180000005,False,March,1,0,0,0,0,0,0,0,0,1,0,0,0,0,0,0,1,0,0
2018-03-14,21:35:00,03,03,03,07,03,,0,354229.0784,5017015.967,False,March,0,0,0,0,0,0,0,0,1,0,0,0,0,0,0,0,1,0,0
2018-03-14,21:40:00,03,07,03,07,06,,0,356714.5699,5007890.985,False,March,0,0,0,0,0,0,0,0,1,0,0,0,0,0,0,0,1,0,0
2018-03-14,21:52:00,03,07,06,07,04,,0,337126.9465,5017177.57,False,March,0,0,0,0,0,0,0,0,1,0,0,0,0,0,0,0,1,0,0
2018-03-14,22:36:00,03,03,03,07,02,01,0,373148.7304,5027608.535,False,March,1,0,0,0,0,0,0,0,0,1,0,0,0,0,0,0,1,0,0
2018-03-14,22:45:00,03,07,02,07,06,01,0,348803.5306,5014361.133,False,March,1,0,0,0,0,0,0,0,0,1,0,0,0,0,0,0,1,0,0
2018-03-14,23:00:00,03,03,03,07,06,01,0,382129.7808,5011521.421,False,March,0,1,0,0,0,0,0,0,0,1,0,0,0,0,0,0,1,0,0
2018-03-14,23:20:00,03,03,01,07,06,01,0,351543.999,5016629.975,False,March,1,0,0,0,0,0,0,0,0,1,0,0,0,0,0,0,1,0,0
2018-03-15,00:33:00,03,07,03,07,03,,0,350186.7857,5023848.1219999995,False,March,0,0,0,0,0,0,0,0,0,0,0,1,0,0,0,0,1,0,0
2018-03-15,01:46:00,03,05,03,07,04,01,0,349675.6062,5017365.436000001,False,March,1,0,0,0,0,0,0,0,0,0,1,0,0,0,0,0,1,0,0
2018-03-15,06:10:00,02,02,01,07,02,01,0,360530.2637,5023312.494,True,March,1,0,0,0,0,0,0,0,0,0,1,0,0,0,0,0,1,0,0
2018-03-15,06:05:00,03,03,01,07,02,01,0,356345.6516,5022761.4969999995,False,March,1,0,0,0,0,0,0,0,0,1,0,0,0,0,0,0,1,0,0
2018-03-15,07:36:00,03,03,01,01,01,01,0,364233.6838,5019974.478999999,False,March,1,0,0,0,0,0,0,0,0,1,0,0,0,0,0,0,1,0,0
2018-03-15,07:42:00,02,07,01,01,01,,0,377730.6379,5028794.173,False,March,0,0,0,0,0,0,0,0,1,0,0,0,0,0,0,0,1,0,0
2018-03-15,09:17:00,03,02,01,01,01,,0,373314.7282,5030270.552,False,March,0,0,0,0,0,0,0,0,0,0,1,0,0,0,0,0,1,0,0
2018-03-15,09:38:00,03,02,01,01,01,01,0,369304.7173,5027894.553,False,March,1,0,0,0,0,0,0,0,0,0,1,0,0,0,0,0,1,0,0
2018-03-15,09:51:00,03,03,01,01,02,01,0,366588.7022,5029487.556,False,March,0,1,0,0,0,0,0,0,0,1,0,0,0,0,0,0,1,0,0
2018-03-15,09:54:00,03,07,01,01,03,,0,367526.0763,5025494.54,False,March,0,0,0,0,0,0,0,0,1,0,0,0,0,0,0,0,1,0,0
2018-03-15,10:24:00,03,06,01,01,01,,0,367329.3823,5031172.416,False,March,0,0,0,0,0,0,0,0,1,0,0,0,0,0,0,0,1,0,0
2018-03-15,11:04:00,03,04,01,01,01,01,0,368706.7142,5028648.556,False,March,0,1,0,0,0,0,0,0,0,0,1,0,0,0,0,0,1,0,0
2018-03-15,11:45:00,03,02,01,01,01,01,0,362949.5871,5013991.964,False,March,0,1,0,0,0,0,0,0,0,0,1,0,0,0,0,0,1,0,0
2018-03-15,12:09:00,03,02,01,01,01,01,0,367613.7123,5028938.554,False,March,1,0,0,0,0,0,0,0,0,0,1,0,0,0,0,0,1,0,0
2018-03-14,08:30:00,03,02,03,01,03,,0,373304.5478,5027293.301,False,March,0,0,0,0,0,0,0,0,0,0,0,1,0,0,0,0,1,0,0
2018-03-15,14:20:00,03,04,01,01,01,01,0,364880.7061,5025067.52,False,March,1,0,0,0,0,0,0,0,0,1,0,0,0,0,0,0,1,0,0
2018-03-15,15:25:00,03,02,01,01,01,,0,366773.8947,5012684.992,False,March,0,0,0,0,0,0,0,0,0,0,0,1,0,0,0,0,1,0,0
2018-03-15,15:51:00,02,02,01,01,01,,0,371127.2203,5026589.14,False,March,0,0,0,0,0,0,0,0,0,0,0,1,0,0,0,0,1,0,0
2018-03-15,16:05:00,02,01,01,01,01,,0,366806.4217,5022808.578,False,March,0,0,0,0,0,0,0,0,1,0,0,0,0,0,0,0,1,0,0
2018-03-15,16:15:00,03,06,03,01,04,,0,364731.6166,5027419.69,False,March,0,0,0,0,0,0,0,0,0,0,0,1,0,0,0,0,1,0,0
2018-03-15,17:48:00,02,03,01,01,01,01,0,370213.2029,5025873.558,False,March,1,0,0,0,0,0,0,0,0,1,0,0,0,0,0,0,1,0,0
2018-03-15,18:44:00,03,04,01,07,01,01,0,361767.6833,5025725.5139999995,False,March,1,0,0,0,0,0,0,0,0,1,0,0,0,0,0,0,1,0,0
2018-03-15,22:14:00,03,02,01,07,01,,0,376464.7445,5029420.55,False,March,0,0,0,0,0,0,0,0,0,0,1,0,0,0,0,0,1,0,0
2018-03-04,10:40:00,03,04,01,01,01,,0,362870.5055,5026703.985,False,March,0,0,0,0,0,0,0,0,0,0,0,1,0,0,0,0,1,0,0
2018-03-09,14:28:00,03,05,03,01,02,01,0,364859.7061,5026556.534,False,March,0,1,0,0,0,0,0,0,0,1,0,0,0,0,0,0,1,0,0
2018-03-15,22:46:00,02,07,01,07,06,,0,357904.9665,5007700.446,False,March,0,0,0,0,0,0,0,0,1,0,0,0,0,0,0,0,1,0,0
2018-03-04,11:27:00,03,07,01,01,01,,0,377434.2091,5032143.893999999,False,March,0,0,0,0,0,0,0,0,1,0,0,0,0,0,0,0,1,0,0
2018-03-16,00:24:00,03,07,01,07,01,01,0,367957.7442,5034164.3,False,March,0,0,0,0,0,0,0,1,0,0,1,0,0,0,0,0,1,0,0
2018-03-09,14:33:00,02,05,01,01,01,01,0,363933.6835,5014784.416999999,False,March,1,0,0,0,0,0,0,0,0,0,1,0,0,0,0,0,1,0,0
2018-03-04,11:49:00,03,02,01,01,01,01,0,356578.2599,5005545.041999999,False,March,0,1,0,0,0,0,0,0,0,0,1,0,0,0,0,0,1,0,0
2018-03-15,23:35:00,03,07,01,07,01,,0,360261.9032,5023985.922,False,March,0,0,0,0,0,0,0,0,1,0,0,0,0,0,0,0,1,0,0
2018-03-09,14:47:00,03,05,01,01,01,01,0,353673.6247,5018424.46,False,March,1,0,0,0,0,0,0,0,0,1,0,0,0,0,0,0,1,0,0
2018-03-04,11:56:00,03,02,01,01,01,01,0,370136.7085,5033101.586,False,March,0,1,0,0,0,0,0,0,0,1,0,0,0,0,0,0,1,0,0
2018-03-16,03:26:00,03,07,01,07,01,,0,363919.68100000004,5021814.517,False,March,0,0,0,0,0,0,0,0,1,0,0,0,0,0,0,0,1,0,0
2018-03-09,15:38:00,03,02,03,01,04,01,0,368850.3564,5032433.288,False,March,0,1,0,0,0,0,0,0,0,0,1,0,0,0,0,0,1,0,0
2018-03-04,12:34:00,03,02,01,01,01,01,0,364815.0448,5024951.821,False,March,1,0,0,0,0,0,0,0,0,0,1,0,0,0,0,0,1,0,0
2018-03-16,07:16:00,03,03,01,01,01,01,0,364351.7002,5027337.549,False,March,1,0,0,0,0,0,0,0,0,1,0,0,0,0,0,0,1,0,0
2018-03-16,09:17:00,02,07,01,01,01,01,0,369226.0643,5027984.94,False,March,1,0,0,0,0,0,0,0,0,1,0,0,0,0,0,0,1,0,0
2018-03-16,09:17:00,03,02,01,01,01,,0,355831.3313,5017119.512,False,March,0,0,0,0,0,0,0,0,1,0,0,0,0,0,0,0,1,0,0
2018-03-16,10:19:00,03,03,01,01,01,01,0,370072.7101,5033065.592,False,March,1,0,0,0,0,0,0,0,0,1,0,0,0,0,0,0,1,0,0
2018-03-16,10:36:00,02,02,01,01,01,01,0,364631.8298,5014953.584,False,March,1,0,0,0,0,0,0,0,0,0,1,0,0,0,0,0,1,0,0
2018-03-16,10:36:00,03,07,01,01,01,,0,368089.8703,5033129.651000001,False,March,0,0,0,0,0,0,0,0,1,0,0,0,0,0,0,0,1,0,0
2018-03-16,10:49:00,02,07,05,01,03,,0,348710.8577,4999000.982,False,March,0,0,0,0,0,0,0,0,1,0,0,0,0,0,0,0,1,0,0
2018-03-16,11:08:00,03,03,01,01,01,01,0,367907.7075,5030188.565,False,March,1,0,0,0,0,0,0,0,0,1,0,0,0,0,0,0,1,0,0
2018-03-16,11:46:00,03,07,05,01,03,,0,356671.75700000004,5007960.262,False,March,0,0,0,0,0,0,0,0,1,0,0,0,0,0,0,0,1,0,0
2018-03-15,13:45:00,03,02,01,01,01,,0,366932.3093,5029961.9180000005,False,March,0,0,0,0,0,0,0,0,0,0,0,1,0,0,0,0,1,0,0
2018-03-15,19:30:00,03,03,01,07,01,01,0,382936.7546,5035690.555,False,March,1,0,0,0,0,0,0,0,0,1,0,0,0,0,0,0,1,0,0
2018-02-26,12:40:00,03,06,01,01,01,,0,380438.6284,5037440.819,False,February,0,0,0,0,0,0,0,0,0,0,0,1,0,0,0,0,0,0,1
2018-03-16,13:20:00,03,0,01,01,01,,0,356364.855,5016257.047,False,March,0,0,0,0,0,0,0,0,0,0,0,1,0,0,0,0,1,0,0
2018-03-16,14:52:00,03,03,01,01,01,01,0,362549.6902,5023770.505,False,March,1,0,0,0,0,0,0,0,0,1,0,0,0,0,0,0,1,0,0
2018-03-16,14:59:00,03,02,01,01,01,01,0,362066.685,5026492.527,False,March,0,1,0,0,0,0,0,0,0,0,1,0,0,0,0,0,1,0,0
2018-03-16,15:03:00,03,05,01,01,01,01,0,363763.6624,5021067.234,False,March,1,0,0,0,0,0,0,0,0,0,1,0,0,0,0,0,1,0,0
2018-03-16,12:40:00,03,05,01,01,01,01,0,361021.6728,5021566.492,False,March,1,0,0,0,0,0,0,0,0,0,1,0,0,0,0,0,1,0,0
2018-03-16,15:29:00,03,01,05,01,03,01,0,361122.6646,5010805.383,False,March,0,1,0,0,0,0,0,0,0,1,0,0,0,0,0,0,1,0,0
2018-03-16,12:00:00,03,0,01,01,01,,0,386103.28799999994,5035687.016,False,March,0,0,0,0,0,0,0,0,0,0,0,1,0,0,0,0,1,0,0
2018-03-16,15:37:00,03,01,01,01,01,01,0,367678.7095,5031292.581,False,March,1,0,0,0,0,0,0,0,0,1,0,0,0,0,0,0,1,0,0
2018-03-16,16:11:00,03,05,01,01,01,,0,367615.5496,5030013.705,False,March,0,0,0,0,0,0,0,0,0,0,0,1,0,0,0,0,1,0,0
2018-03-16,16:35:00,03,04,01,01,01,01,0,368121.1048,5026647.221,False,March,1,0,0,0,0,0,0,0,0,1,0,0,0,0,0,0,1,0,0
2018-03-16,16:52:00,03,03,01,01,01,01,0,377187.1997,5032175.69,False,March,1,0,0,0,0,0,0,0,0,1,0,0,0,0,0,0,1,0,0
2018-03-16,17:31:00,03,03,01,01,01,01,0,366166.6938,5026028.533,False,March,1,0,0,0,0,0,0,0,0,1,0,0,0,0,0,0,1,0,0
2018-03-16,17:36:00,02,03,01,01,01,01,0,368121.1051,5026647.221,False,March,1,0,0,0,0,0,0,0,0,1,0,0,0,0,0,0,1,0,0
2018-03-16,17:52:00,03,02,01,01,01,01,0,372601.7271,5027284.544,False,March,1,0,0,0,0,0,0,0,0,0,1,0,0,0,0,0,1,0,0
2018-03-16,16:30:00,03,02,01,01,01,,0,368244.9387,5032509.813999999,False,March,0,0,0,0,0,0,0,0,1,0,0,0,0,0,0,0,1,0,0
2018-03-16,17:56:00,03,02,01,01,01,,0,363508.8431,5026867.057,False,March,0,0,0,0,0,0,0,0,0,0,0,1,0,0,0,0,1,0,0
2018-03-16,18:03:00,03,05,01,05,01,,0,354161.8367,5015726.066000001,False,March,0,0,0,0,0,0,0,0,0,0,0,1,0,0,0,0,1,0,0
2018-03-16,18:09:00,03,03,01,05,01,01,0,367747.706,5030092.565,True,March,1,0,0,0,0,0,0,0,0,1,0,0,0,0,0,0,1,0,0
2018-03-16,18:12:00,03,02,01,05,01,01,0,365452.8887,5029674.704,False,March,0,1,0,0,0,0,0,0,0,0,1,0,0,0,0,0,1,0,0
2018-03-16,18:22:00,02,07,01,07,01,,1,368270.02200000006,5032739.25,False,March,0,0,0,0,0,0,0,0,0,0,0,1,0,0,0,0,1,0,0
2018-03-16,20:07:00,03,03,01,07,03,01,0,366166.6936,5026028.532,False,March,1,0,0,0,0,0,0,0,0,1,0,0,0,0,0,0,1,0,0
2018-03-16,17:30:00,03,06,01,05,01,,0,366794.7264,5023894.232,False,March,0,0,0,0,0,0,0,0,1,0,0,0,0,0,0,0,1,0,0
2018-03-16,22:43:00,03,07,01,07,01,01,0,362061.3382,5023465.505,False,March,1,0,0,0,0,0,0,0,0,1,0,0,0,0,0,0,1,0,0
2018-03-16,22:30:00,02,04,01,07,01,01,0,367636.7007,5031358.578,False,March,1,0,0,0,0,0,0,0,0,0,1,0,0,0,0,0,1,0,0
2018-03-16,22:41:00,03,07,01,07,06,,0,390679.338,5029562.373,False,March,0,0,0,0,0,0,0,0,1,0,0,0,0,0,0,0,1,0,0
2018-03-17,02:33:00,03,07,01,07,01,01,0,368167.7111,5026222.521000001,False,March,1,0,0,0,0,0,0,0,0,1,0,0,0,0,0,0,1,0,0
2018-03-17,05:56:00,02,07,01,07,06,,1,343262.7245,5016122.9180000005,False,March,0,0,0,0,0,0,0,0,0,0,0,1,0,0,0,0,1,0,0
2018-03-16,,03,06,01,00,01,,0,385029.4927,5035603.623,False,March,0,0,0,0,0,0,0,0,1,0,0,0,0,0,0,0,1,0,0
2018-03-17,03:00:00,03,07,01,07,01,,0,348975.464,5022575.625,False,March,0,0,0,0,0,0,0,0,1,0,0,0,0,0,0,0,1,0,0
2018-03-13,13:15:00,03,02,01,01,03,,0,364556.5256,5024426.376,False,March,0,0,0,0,0,0,0,0,0,0,0,1,0,0,0,0,1,0,0
2018-03-16,14:00:00,03,06,01,01,01,,0,367258.0059,5031434.665,False,March,0,0,0,0,0,0,0,0,1,0,0,0,0,0,0,0,1,0,0
2018-03-17,,03,06,01,00,01,,0,372809.6452,5034146.326,False,March,0,0,0,0,0,0,0,0,1,0,0,0,0,0,0,0,1,0,0
2018-03-17,11:39:00,02,03,01,01,01,01,0,363342.6917,5025562.528,False,March,1,0,0,0,0,0,0,0,0,1,0,0,0,0,0,0,1,0,0
2018-03-15,10:20:00,03,04,01,01,01,01,0,367493.0184,5029635.415,False,March,0,1,0,0,0,0,0,0,0,0,1,0,0,0,0,0,1,0,0
2018-03-16,19:15:00,03,03,01,07,01,01,0,349911.5909,5017528.462,False,March,1,0,0,0,0,0,0,0,0,1,0,0,0,0,0,0,1,0,0
2018-03-17,12:09:00,03,02,01,01,01,01,0,351616.0627,5019224.795,True,March,1,0,0,0,0,0,0,0,0,0,1,0,0,0,0,0,1,0,0
2018-03-17,12:40:00,03,03,01,01,01,01,0,381156.4263,5032327.413,False,March,0,1,0,0,0,0,0,0,0,1,0,0,0,0,0,0,1,0,0
2018-03-17,13:07:00,02,02,01,01,01,,0,373521.7445,5023789.507,False,March,0,0,0,0,0,0,0,0,0,0,1,0,0,0,0,0,1,0,0
2018-03-17,13:19:00,02,0,01,01,01,01,0,350623.4789,5018915.728999999,False,March,1,0,0,0,0,0,0,0,0,1,0,0,0,0,0,0,1,0,0
2018-03-17,13:00:00,03,03,01,01,01,01,0,361491.8603,5014099.549,False,March,1,0,0,0,0,0,0,0,0,1,0,0,0,0,0,0,1,0,0
2018-03-17,13:22:00,03,07,01,01,01,,0,384246.2784,5039894.173,False,March,0,0,0,0,0,0,0,0,1,0,0,0,0,0,0,0,1,0,0
2018-03-17,14:08:00,03,05,01,01,01,01,0,375967.5345,5020175.263,False,March,1,0,0,0,0,0,0,0,0,1,0,0,0,0,0,0,1,0,0
2018-03-17,14:19:00,03,07,01,01,01,,0,350407.1686,5019026.483,False,March,0,0,0,0,0,0,0,0,0,0,0,1,0,0,0,0,1,0,0
2018-03-17,14:47:00,02,03,01,01,01,,0,370715.5218,5030688.357,False,March,0,0,0,0,0,0,0,0,1,0,0,0,0,0,0,0,1,0,0
2018-03-17,14:55:00,03,03,01,01,01,01,0,390001.778,5042639.567,False,March,0,1,0,0,0,0,0,0,0,1,0,0,0,0,0,0,1,0,0
2018-03-17,15:05:00,03,04,01,01,01,01,0,364949.7034,5029726.558999999,False,March,1,0,0,0,0,0,0,0,0,1,0,0,0,0,0,0,1,0,0
2018-03-17,16:57:00,03,03,01,01,01,01,0,365576.6993,5016707.443,False,March,1,0,0,0,0,0,0,0,0,1,0,0,0,0,0,0,1,0,0
2018-03-17,15:00:00,03,02,01,01,01,01,0,366829.7104,5028935.554,False,March,1,0,0,0,0,0,0,0,0,0,1,0,0,0,0,0,1,0,0
2018-03-17,18:40:00,03,02,01,05,01,01,0,371452.5858,5027012.541999999,False,March,1,0,0,0,0,0,0,0,0,0,1,0,0,0,0,0,1,0,0
2018-03-17,18:48:00,03,07,01,05,01,,0,373896.8268,5028061.489,False,March,0,0,0,0,0,0,0,0,0,0,0,1,0,0,0,0,1,0,0
2018-03-17,22:46:00,03,07,01,07,01,01,0,365084.1047,5017903.19,False,March,1,0,0,0,0,0,0,0,0,1,0,0,0,0,0,0,1,0,0
2018-03-18,05:26:00,02,07,01,07,01,,0,377073.1293,5013954.737,False,March,0,0,0,0,0,0,0,0,1,0,0,0,0,0,0,0,1,0,0
2018-03-18,10:47:00,03,02,01,01,01,01,0,366737.7001,5029618.558999999,True,March,1,0,0,0,0,0,0,0,0,0,1,0,0,0,0,0,1,0,0
2018-03-18,10:54:00,02,07,01,01,01,01,1,382348.2447,5035398.966,False,March,1,0,0,0,0,0,0,0,0,0,1,0,0,0,0,0,1,0,0
2018-03-06,14:30:00,03,04,01,01,01,01,0,362942.6977,5026488.527,False,March,1,0,0,0,0,0,0,0,0,1,0,0,0,0,0,0,1,0,0
2018-03-18,13:10:00,03,06,01,01,01,,0,364801.463,5011494.183,False,March,0,0,0,0,0,0,0,0,0,0,0,1,0,0,0,0,1,0,0
2018-03-18,13:50:00,03,02,01,01,01,01,0,363993.6903,5028136.547,False,March,0,1,0,0,0,0,0,0,0,0,1,0,0,0,0,0,1,0,0
2018-03-12,,03,06,01,00,01,,0,374362.7565,5031597.25,False,March,0,0,0,0,0,0,0,0,1,0,0,0,0,0,0,0,1,0,0
2018-03-18,15:06:00,03,05,01,01,01,01,0,366166.6936,5026028.533,False,March,1,0,0,0,0,0,0,0,0,1,0,0,0,0,0,0,1,0,0
2018-03-18,18:21:00,03,04,01,05,01,,0,370158.0034,5029746.05,False,March,0,0,0,0,0,0,0,0,1,0,0,0,0,0,0,0,1,0,0
2018-03-18,18:38:00,03,03,01,05,01,01,0,357066.6521,5020455.478,False,March,1,0,0,0,0,0,0,0,0,1,0,0,0,0,0,0,1,0,0
2018-03-18,19:03:00,02,02,01,07,01,01,0,371845.3338,5030815.925,False,March,1,0,0,0,0,0,0,0,0,0,1,0,0,0,0,0,1,0,0
2018-03-18,,03,06,01,00,01,,0,361839.00899999996,5015575.119,False,March,0,0,0,0,0,0,0,0,1,0,0,0,0,0,0,0,1,0,0
2018-03-18,20:32:00,03,03,01,07,01,,0,372296.5694,5023284.449,False,March,0,0,0,0,0,0,0,0,1,0,0,0,0,0,0,0,1,0,0
2018-03-18,20:54:00,02,07,01,07,01,,0,340053.8919,5029697.5030000005,False,March,0,0,0,0,0,0,0,0,1,0,0,0,0,0,0,0,1,0,0
2018-03-19,06:38:00,03,03,01,01,01,,0,381181.6084,5032894.273,False,March,0,0,0,0,0,0,0,0,0,0,0,1,0,0,0,0,1,0,0
2018-03-19,07:10:00,03,02,01,01,01,01,0,359607.886,5019743.776000001,True,March,0,1,0,0,0,0,0,0,0,0,1,0,0,0,0,0,1,0,0
2018-03-19,08:41:00,03,04,01,01,01,01,0,370072.7099,5033065.592,False,March,1,0,0,0,0,0,0,0,0,1,0,0,0,0,0,0,1,0,0
2018-03-19,08:50:00,02,02,01,01,01,01,0,351052.6054,5018433.459,True,March,1,0,0,0,0,0,0,0,0,0,1,0,0,0,0,0,1,0,0
2018-03-18,18:30:00,03,03,01,05,03,01,0,370684.7183,5030592.554,False,March,1,0,0,0,0,0,0,0,0,1,0,0,0,0,0,0,1,0,0
2018-03-18,,03,06,01,00,01,,0,367649.1048,5032738.7530000005,False,March,0,0,0,0,0,0,0,0,1,0,0,0,0,0,0,0,1,0,0
2018-03-19,10:37:00,03,03,01,01,01,01,0,358136.619,5021087.869,False,March,1,0,0,0,0,0,0,0,0,1,0,0,0,0,0,0,1,0,0
2018-03-19,11:16:00,03,07,01,01,01,01,0,358968.0133,5021673.7930000005,False,March,1,0,0,0,0,0,0,0,0,0,1,0,0,0,0,0,1,0,0
2018-03-19,12:22:00,03,03,01,01,01,,0,355188.386,5014616.026000001,False,March,0,0,0,0,0,0,0,0,1,0,0,0,0,0,0,0,1,0,0
2018-03-19,14:30:00,03,02,01,01,01,01,0,369304.7168,5027894.553,False,March,1,0,0,0,0,0,0,0,0,0,1,0,0,0,0,0,1,0,0
2018-03-19,14:34:00,03,06,01,01,01,,0,367998.2839,5029260.535,False,March,0,0,0,0,0,0,0,0,0,0,0,1,0,0,0,0,1,0,0
2018-03-19,14:39:00,03,05,01,01,01,01,0,367869.216,5032130.693,False,March,1,0,0,0,0,0,0,0,0,1,0,0,0,0,0,0,1,0,0
2018-03-19,14:42:00,03,06,01,01,01,,0,371008.7871,5027740.643,False,March,0,0,0,0,0,0,0,0,1,0,0,0,0,0,0,0,1,0,0
2018-03-09,15:40:00,02,05,01,01,01,01,0,363180.68700000003,5026638.541,False,March,1,0,0,0,0,0,0,0,0,0,1,0,0,0,0,0,1,0,0
2018-03-08,19:20:00,03,03,04,07,06,01,0,363527.6936,5021571.493,False,March,1,0,0,0,0,0,0,0,0,1,0,0,0,0,0,0,1,0,0
2018-03-02,19:00:00,02,07,03,05,03,01,1,366910.3518,5030196.262,False,March,0,1,0,0,0,0,0,0,0,0,1,0,0,0,0,0,1,0,0
2018-03-09,15:50:00,02,03,01,01,01,01,0,367639.9313,5014847.047,False,March,1,0,0,0,0,0,0,0,0,1,0,0,0,0,0,0,1,0,0
2018-03-09,16:14:00,03,06,01,01,02,,0,384350.6562,5038471.627,False,March,0,0,0,0,0,0,0,0,1,0,0,0,0,0,0,0,1,0,0
2018-03-04,14:23:00,03,04,01,01,01,01,0,364929.7015,5029153.554,False,March,1,0,0,0,0,0,0,0,0,1,0,0,0,0,0,0,1,0,0
2018-03-09,16:30:00,02,03,01,01,01,,0,353790.7037,5018127.958000001,False,March,0,0,0,0,0,0,0,0,1,0,0,0,0,0,0,0,1,0,0
2018-03-04,14:50:00,03,03,01,01,01,01,0,380631.7377,5036980.591,False,March,1,0,0,0,0,0,0,0,0,1,0,0,0,0,0,0,1,0,0
2018-03-04,13:48:00,03,04,01,01,01,01,0,370684.7182,5030592.554,False,March,1,0,0,0,0,0,0,0,0,1,0,0,0,0,0,0,1,0,0
2018-03-02,,03,06,01,00,02,,0,363676.9935,5028662.498,False,March,0,0,0,0,0,0,0,0,1,0,0,0,0,0,0,0,1,0,0
2018-03-04,15:34:00,03,03,01,01,01,01,0,370072.7093,5033065.592,False,March,1,0,0,0,0,0,0,0,0,1,0,0,0,0,0,0,1,0,0
2018-02-25,11:30:00,02,07,02,01,02,,1,384356.2539,5039446.766,False,February,0,0,0,0,0,0,0,0,1,0,0,0,0,0,0,0,0,0,1
2018-03-04,16:21:00,03,03,01,01,01,01,0,369127.7971,5033487.134,False,March,1,0,0,0,0,0,0,0,0,1,0,0,0,0,0,0,1,0,0
2018-03-04,16:30:00,03,03,01,01,01,01,0,349262.9711,5024061.621,False,March,1,0,0,0,0,0,0,0,0,1,0,0,0,0,0,0,1,0,0
2018-03-04,17:01:00,03,02,01,01,01,,0,363816.4172,5028547.905,False,March,0,0,0,0,0,0,0,0,0,0,0,1,0,0,0,0,1,0,0
2018-03-04,,03,06,01,00,02,,0,368964.6116,5032592.905,False,March,0,0,0,0,0,0,0,0,1,0,0,0,0,0,0,0,1,0,0
2018-03-04,18:58:00,02,03,01,07,01,01,0,384964.6521,5038717.577,False,March,1,0,0,0,0,0,0,0,0,1,0,0,0,0,0,0,1,0,0
2018-03-04,19:35:00,03,06,02,07,02,,0,362266.9833,5016122.536,False,March,0,0,0,0,0,0,0,0,0,0,0,1,0,0,0,0,1,0,0
2018-03-04,20:16:00,02,05,01,07,01,,0,368978.0502,5032695.898,False,March,0,0,0,0,0,0,0,0,1,0,0,0,0,0,0,0,1,0,0
2018-03-04,22:31:00,03,07,01,07,01,,0,379975.3877,5026634.577,False,March,0,0,0,0,0,0,0,0,1,0,0,0,0,0,0,0,1,0,0
2018-03-05,01:05:00,02,02,01,07,01,01,0,369995.3716,5026851.541999999,False,March,1,0,0,0,0,0,0,0,0,0,1,0,0,0,0,0,1,0,0