DATE,TIME,CLASS_OF_ACCIDENT,IMPACT_TYPE,ENVIRONMENT,LIGHT,ROAD_SURFACE_CONDITION,TRAFFIC_CONTROL_CONDITION,NO_OF_PEDESTRIANS,X,Y,Highway,Month,categorical_TRAFFIC_CONTROL_01,categorical_TRAFFIC_CONTROL_02,categorical_TRAFFIC_CONTROL_03,categorical_TRAFFIC_CONTROL_04,categorical_TRAFFIC_CONTROL_07,categorical_TRAFFIC_CONTROL_08,categorical_TRAFFIC_CONTROL_09,categorical_TRAFFIC_CONTROL_11,categorical_ACCIDENT_LOCATION_01,categorical_ACCIDENT_LOCATION_02,categorical_ACCIDENT_LOCATION_03,categorical_ACCIDENT_LOCATION_04,categorical_ACCIDENT_LOCATION_05,categorical_ACCIDENT_LOCATION_06,categorical_ACCIDENT_LOCATION_07,categorical_Seasons_Fall,categorical_Seasons_Spring,categorical_Seasons_Summer,categorical_Seasons_Winter
2018-03-05,08:22:00,02,07,01,01,01,,0,352912.2162,5008266.252,False,March,0,0,0,0,0,0,0,0,1,0,0,0,0,0,0,0,1,0,0
2018-03-05,08:23:00,03,03,01,01,01,01,0,365612.695,5021942.498,False,March,1,0,0,0,0,0,0,0,0,1,0,0,0,0,0,0,1,0,0
2018-03-05,09:54:00,02,07,01,01,01,,0,366191.0106,5030390.007,False,March,0,0,0,0,0,0,0,0,1,0,0,0,0,0,0,0,1,0,0
2018-01-30,15:00:00,03,06,01,01,01,,0,357378.1951,5020769.175,False,January,0,0,0,0,0,0,0,0,0,0,0,1,0,0,0,0,0,0,1
2018-03-05,10:33:00,02,02,01,01,01,01,0,350942.9463,5016078.038,False,March,1,0,0,0,0,0,0,0,0,0,1,0,0,0,0,0,1,0,0
2018-03-05,10:03:00,02,03,01,01,01,01,0,361633.6811,5023207.511,False,March,1,0,0,0,0,0,0,0,0,1,0,0,0,0,0,0,1,0,0
2018-03-05,12:17:00,02,07,01,01,01,,0,347694.1286,5023619.494,False,March,0,0,0,0,0,0,0,0,1,0,0,0,0,0,0,0,1,0,0
2018-03-05,12:43:00,02,02,01,01,01,01,0,363081.721,5016732.455,False,March,1,0,0,0,0,0,0,0,0,0,1,0,0,0,0,0,1,0,0
2018-03-04,21:00:00,03,07,01,07,06,01,0,371874.8801,5026501.586,False,March,0,1,0,0,0,0,0,0,0,1,0,0,0,0,0,0,1,0,0
2018-03-05,14:02:00,03,04,01,01,01,01,0,368374.511,5032329.973999999,False,March,1,0,0,0,0,0,0,0,0,1,0,0,0,0,0,0,1,0,0
2018-03-05,12:30:00,03,03,01,01,01,,0,361206.4638,5022946.057,False,March,0,0,0,0,0,0,0,0,1,0,0,0,0,0,0,0,1,0,0
2018-03-05,14:37:00,03,02,01,01,01,01,0,372097.3815,5023337.21,False,March,0,1,0,0,0,0,0,0,0,0,1,0,0,0,0,0,1,0,0
2018-03-05,14:52:00,03,04,01,01,01,01,0,371291.7286,5023864.504,False,March,1,0,0,0,0,0,0,0,0,1,0,0,0,0,0,0,1,0,0
2018-03-05,14:50:00,03,03,01,01,01,01,0,370684.7188,5030592.553,False,March,1,0,0,0,0,0,0,0,0,1,0,0,0,0,0,0,1,0,0
2018-03-05,16:06:00,03,07,01,01,01,,0,354199.5664,4989226.226,False,March,0,0,0,0,0,0,0,0,1,0,0,0,0,0,0,0,1,0,0
2018-03-05,16:15:00,03,05,01,01,01,01,0,354303.6357,5015130.473999999,False,March,1,0,0,0,0,0,0,0,0,0,1,0,0,0,0,0,1,0,0
2018-03-05,16:25:00,03,05,01,01,01,01,0,367252.7087,5029796.567,False,March,1,0,0,0,0,0,0,0,0,0,1,0,0,0,0,0,1,0,0
2018-03-05,16:30:00,03,03,01,01,01,,0,392432.31799999997,5042749.205,False,March,0,0,0,0,0,0,0,0,1,0,0,0,0,0,0,0,1,0,0
2018-03-05,16:34:00,02,05,01,01,01,00,0,371882.7212,5030913.574,False,March,1,0,0,0,0,0,0,0,0,1,0,0,0,0,0,0,1,0,0
2018-03-02,20:00:00,03,06,03,07,03,,0,364986.619,5017625.856000001,False,March,0,0,0,0,0,0,0,0,0,0,0,1,0,0,0,0,1,0,0
2018-03-05,17:55:00,03,02,01,05,01,01,0,343087.7762,5022588.351,False,March,0,1,0,0,0,0,0,0,0,0,1,0,0,0,0,0,1,0,0
2018-03-05,14:00:00,03,03,01,01,01,01,0,365612.6955,5021942.498,False,March,1,0,0,0,0,0,0,0,0,1,0,0,0,0,0,0,1,0,0
2018-03-05,18:51:00,02,07,01,07,01,00,1,369711.7694,5025573.8319999995,False,March,0,1,0,0,0,0,0,0,0,1,0,0,0,0,0,0,1,0,0
2018-03-05,12:30:00,03,03,01,01,01,01,0,358786.6642,5022150.494,False,March,1,0,0,0,0,0,0,0,0,1,0,0,0,0,0,0,1,0,0
2018-03-05,20:11:00,03,03,01,07,01,01,0,369059.709,5031507.581,False,March,1,0,0,0,0,0,0,0,0,1,0,0,0,0,0,0,1,0,0
2018-03-05,20:31:00,03,07,01,07,01,,0,358757.2069,5021446.362,False,March,0,0,0,0,0,0,0,0,1,0,0,0,0,0,0,0,1,0,0
2018-03-05,01:12:00,03,07,01,07,01,01,0,368167.3626,5026223.218,False,March,1,0,0,0,0,0,0,0,0,1,0,0,0,0,0,0,1,0,0
2018-03-06,06:19:00,03,07,01,01,01,,0,382726.161,5012619.338,False,March,0,0,0,0,0,0,0,0,1,0,0,0,0,0,0,0,1,0,0
2018-03-06,07:22:00,03,06,01,01,01,,0,368131.941,5014248.177,False,March,0,0,0,0,0,0,0,0,0,0,0,1,0,0,0,0,1,0,0
2018-03-06,07:30:00,03,07,01,01,01,,0,347162.5243,5032333.903,False,March,0,0,0,0,0,0,0,0,1,0,0,0,0,0,0,0,1,0,0
2018-03-06,09:54:00,03,06,01,01,01,,0,368411.148,5030622.451,False,March,0,0,0,0,0,0,0,0,1,0,0,0,0,0,0,0,1,0,0
2018-03-06,10:13:00,03,02,01,01,01,01,0,374635.7646,5032991.853999999,False,March,1,0,0,0,0,0,0,0,0,0,1,0,0,0,0,0,1,0,0
2018-03-05,15:15:00,03,07,01,01,01,,0,382678.7789,5038879.8780000005,False,March,0,0,0,0,0,0,0,0,1,0,0,0,0,0,0,0,1,0,0
2018-03-06,12:31:00,02,03,01,01,01,01,0,365421.1699,5017106.945,False,March,1,0,0,0,0,0,0,0,0,1,0,0,0,0,0,0,1,0,0
2018-03-06,11:00:00,03,05,01,01,01,01,0,364952.9039,5025873.588,False,March,1,0,0,0,0,0,0,0,0,0,1,0,0,0,0,0,1,0,0
2018-03-06,13:29:00,03,05,01,01,01,01,0,368227.7013,5032046.574,False,March,1,0,0,0,0,0,0,0,0,1,0,0,0,0,0,0,1,0,0
2018-03-06,16:24:00,02,0,01,01,01,01,0,371844.9856,5030815.925,False,March,1,0,0,0,0,0,0,0,0,1,0,0,0,0,0,0,1,0,0
2018-03-06,16:32:00,03,05,01,01,01,01,0,365101.7038,5024009.508,False,March,1,0,0,0,0,0,0,0,0,0,1,0,0,0,0,0,1,0,0
2018-03-06,17:18:00,03,03,01,01,01,,0,376510.7111,5035071.449,False,March,0,0,0,0,0,0,0,0,1,0,0,0,0,0,0,0,1,0,0
2018-03-06,07:15:00,03,07,01,01,01,,0,329303.9077,5036376.388,False,March,0,0,0,0,0,0,0,0,1,0,0,0,0,0,0,0,1,0,0
2018-03-06,17:53:00,03,03,01,01,01,,0,376984.35799999995,5032183.175,False,March,0,0,0,0,0,0,0,0,1,0,0,0,0,0,0,0,1,0,0
2018-03-06,17:45:00,03,04,01,01,01,01,0,365054.6965,5025325.515,False,March,1,0,0,0,0,0,0,0,0,1,0,0,0,0,0,0,1,0,0
2018-03-06,17:30:00,02,03,01,05,01,,0,376584.9007,5035235.932,False,March,0,0,0,0,0,0,0,0,1,0,0,0,0,0,0,0,1,0,0
2018-03-06,18:30:00,03,07,01,07,01,,0,336802.2225,5037195.99,False,March,0,0,0,0,0,0,0,0,1,0,0,0,0,0,0,0,1,0,0
2018-03-06,19:11:00,03,0,01,07,01,01,0,371922.4886,5032887.337,False,March,1,0,0,0,0,0,0,0,0,1,0,0,0,0,0,0,1,0,0
2018-03-06,17:30:00,03,03,01,01,01,01,0,364642.429,5024227.768999999,False,March,1,0,0,0,0,0,0,0,0,1,0,0,0,0,0,0,1,0,0
2018-03-06,17:55:00,03,03,01,05,01,01,0,362206.6923,5024626.528,True,March,0,0,1,0,0,0,0,0,0,1,0,0,0,0,0,0,1,0,0
2018-03-06,21:02:00,03,05,01,07,01,01,0,368170.6968,5032679.585,False,March,1,0,0,0,0,0,0,0,0,1,0,0,0,0,0,0,1,0,0
2018-03-06,21:30:00,03,05,01,07,01,01,0,370385.9394,5030402.195,False,March,1,0,0,0,0,0,0,0,0,0,1,0,0,0,0,0,1,0,0
2018-03-06,22:22:00,02,07,01,07,01,,1,366749.7088,5016478.212,False,March,0,0,0,0,0,0,0,0,1,0,0,0,0,0,0,0,1,0,0
2018-03-06,22:49:00,03,07,01,07,01,01,0,360738.2914,5005672.034,False,March,0,1,0,0,0,0,0,0,0,1,0,0,0,0,0,0,1,0,0
2018-03-07,06:25:00,03,07,03,01,03,,0,333478.189,5040557.936000001,False,March,0,0,0,0,0,0,0,0,1,0,0,0,0,0,0,0,1,0,0
2018-03-07,05:45:00,03,01,03,03,03,01,0,366873.7064,5026438.532,False,March,1,0,0,0,0,0,0,0,0,1,0,0,0,0,0,0,1,0,0
2018-03-07,06:30:00,03,03,02,01,04,01,0,351414.6167,5021779.483,False,March,1,0,0,0,0,0,0,0,0,1,0,0,0,0,0,0,1,0,0
2018-03-07,07:40:00,03,07,03,01,04,,0,361969.229,5008781.391,False,March,0,0,0,0,0,0,0,0,1,0,0,0,0,0,0,0,1,0,0
2018-03-07,07:45:00,03,04,03,01,05,01,0,385839.9441,5034746.433999999,False,March,0,1,0,0,0,0,0,0,0,1,0,0,0,0,0,0,1,0,0
2018-03-07,07:43:00,03,03,03,01,05,01,0,379860.7428,5036471.581,False,March,0,0,0,0,0,0,0,1,0,1,0,0,0,0,0,0,1,0,0
2018-03-07,,03,06,03,00,03,,0,365406.9434,5015675.755,False,March,0,0,0,0,0,0,0,0,1,0,0,0,0,0,0,0,1,0,0
2018-03-07,08:15:00,03,02,03,01,03,,0,369016.01700000005,5034829.531,False,March,0,0,0,0,0,0,0,0,0,0,0,1,0,0,0,0,1,0,0
2018-03-07,08:15:00,03,02,03,01,02,,0,385262.0873,5037546.827,False,March,0,0,0,0,0,0,0,0,0,0,0,1,0,0,0,0,1,0,0
2018-03-07,08:27:00,02,03,03,01,02,,0,367922.4095,5026113.577,False,March,0,0,0,0,0,0,0,0,1,0,0,0,0,0,0,0,1,0,0
2018-03-07,08:37:00,03,07,03,01,03,,0,362753.9799,5012177.867,False,March,0,0,0,0,0,0,0,0,1,0,0,0,0,0,0,0,1,0,0
2018-03-07,09:12:00,03,01,03,01,05,,0,363118.9053,5023243.541,False,March,0,0,0,0,0,0,0,0,1,0,0,0,0,0,0,0,1,0,0
2018-03-07,09:23:00,03,05,01,01,05,,0,375161.034,5033592.768,False,March,0,0,0,0,0,0,0,0,0,0,0,1,0,0,0,0,1,0,0
2018-03-09,16:49:00,03,03,01,01,02,01,0,369225.7157,5027983.546,False,March,1,0,0,0,0,0,0,0,0,1,0,0,0,0,0,0,1,0,0
2018-03-09,17:26:00,03,03,03,05,04,01,0,389860.7739,5042617.563999999,False,March,1,0,0,0,0,0,0,0,0,1,0,0,0,0,0,0,1,0,0
2018-03-09,17:45:00,03,0,01,01,01,01,0,352180.7934,5018500.67,False,March,1,0,0,0,0,0,0,0,0,1,0,0,0,0,0,0,1,0,0
2018-03-09,19:47:00,03,03,01,07,02,01,0,351950.4526,5018943.516,False,March,1,0,0,0,0,0,0,0,0,1,0,0,0,0,0,0,1,0,0
2018-03-09,19:57:00,03,07,03,07,02,,0,336725.3918,5025885.7069999995,False,March,0,0,0,0,0,0,0,0,1,0,0,0,0,0,0,0,1,0,0
2018-03-09,20:18:00,03,04,03,07,04,01,0,365421.1693,5017106.944,False,March,1,0,0,0,0,0,0,0,0,1,0,0,0,0,0,0,1,0,0
2018-03-09,20:45:00,03,03,01,07,01,01,0,370083.7135,5034659.607,False,March,0,1,0,0,0,0,0,0,0,1,0,0,0,0,0,0,1,0,0
2018-03-08,20:15:00,03,04,03,07,04,01,0,360597.6841,5022584.5,False,March,1,0,0,0,0,0,0,0,0,1,0,0,0,0,0,0,1,0,0
2018-03-09,22:03:00,02,07,01,07,01,01,1,371018.0516,5033564.893999999,False,March,1,0,0,0,0,0,0,0,0,1,0,0,0,0,0,0,1,0,0
2018-03-09,22:00:00,03,04,01,07,02,,0,368367.7835,5031914.844,False,March,0,0,0,0,0,0,0,0,1,0,0,0,0,0,0,0,1,0,0
2018-03-10,06:45:00,03,04,01,03,02,,0,376420.0686,5034916.695,False,March,0,0,0,0,0,0,0,0,1,0,0,0,0,0,0,0,1,0,0
2018-03-08,20:30:00,03,03,01,07,03,01,0,371360.7158,5032388.58,False,March,0,1,0,0,0,0,0,0,0,1,0,0,0,0,0,0,1,0,0
2018-03-10,09:12:00,03,02,01,01,01,01,0,367064.7045,5030036.57,False,March,0,1,0,0,0,0,0,0,0,0,1,0,0,0,0,0,1,0,0
2018-03-10,10:52:00,03,02,01,01,01,01,0,382891.1522,5038667.15,False,March,1,0,0,0,0,0,0,0,0,0,1,0,0,0,0,0,1,0,0
2018-03-08,23:30:00,03,07,03,07,06,,0,337291.096,5035288.766,False,March,0,0,0,0,0,0,0,0,1,0,0,0,0,0,0,0,1,0,0
2018-03-10,11:40:00,03,05,01,01,01,,0,360300.804,5023135.065,False,March,0,0,0,0,0,0,0,0,0,0,0,1,0,0,0,0,1,0,0
2018-03-10,12:12:00,03,03,01,01,01,01,0,362706.2416,5023492.801,False,March,1,0,0,0,0,0,0,0,0,1,0,0,0,0,0,0,1,0,0
2018-03-10,12:23:00,03,04,01,01,01,01,0,366883.7117,5028137.546,False,March,0,0,0,0,0,0,0,1,0,0,1,0,0,0,0,0,1,0,0
2018-03-10,12:41:00,02,03,01,01,01,,0,382930.75,5038585.619,False,March,0,0,0,0,0,0,0,0,1,0,0,0,0,0,0,0,1,0,0
2018-03-10,12:45:00,03,03,01,01,01,01,0,369995.7198,5026851.541999999,False,March,1,0,0,0,0,0,0,0,0,1,0,0,0,0,0,0,1,0,0
2018-03-08,18:40:00,03,03,03,07,04,01,0,365612.6953,5021942.498,False,March,1,0,0,0,0,0,0,0,0,1,0,0,0,0,0,0,1,0,0
2018-03-10,14:27:00,02,05,01,01,02,01,0,370213.2036,5025873.558,False,March,1,0,0,0,0,0,0,0,0,0,1,0,0,0,0,0,1,0,0
2018-03-10,14:43:00,03,05,01,01,01,,0,372367.1004,5031802.758,False,March,0,0,0,0,0,0,0,0,0,0,0,1,0,0,0,0,1,0,0
2018-03-10,15:43:00,02,07,01,01,01,,1,383943.0495,5036179.77,False,March,0,0,0,0,0,0,0,0,0,0,0,1,0,0,0,0,1,0,0
2018-03-10,16:03:00,03,04,01,01,01,01,0,352677.8782,5017676.768999999,False,March,1,0,0,0,0,0,0,0,0,1,0,0,0,0,0,0,1,0,0
2018-03-10,16:05:00,03,04,03,01,03,01,0,353673.6247,5018424.46,False,March,1,0,0,0,0,0,0,0,0,1,0,0,0,0,0,0,1,0,0
2018-03-10,16:39:00,03,05,01,01,01,01,0,381379.7447,5038723.598,False,March,1,0,0,0,0,0,0,0,0,0,1,0,0,0,0,0,1,0,0
2018-03-08,22:45:00,03,07,03,07,03,,0,375577.8068,5026235.432,False,March,0,0,0,0,0,0,0,0,1,0,0,0,0,0,0,0,1,0,0
2018-03-10,17:28:00,03,02,01,01,01,01,0,375048.77,5031120.261,False,March,1,0,0,0,0,0,0,0,0,0,1,0,0,0,0,0,1,0,0
2018-03-10,18:50:00,02,07,01,07,01,,1,380936.5928,5033018.313999999,False,March,0,0,0,0,0,0,0,0,1,0,0,0,0,0,0,0,1,0,0
2018-03-10,19:47:00,03,03,01,07,01,01,0,364913.9611,5027526.463,False,March,0,1,0,0,0,0,0,0,0,1,0,0,0,0,0,0,1,0,0
2018-03-10,21:26:00,02,02,01,07,01,01,0,364670.7041,5028706.551,False,March,0,1,0,0,0,0,0,0,0,0,1,0,0,0,0,0,1,0,0
2018-03-10,03:26:00,03,06,01,07,01,,0,367787.4553,5032346.411,False,March,0,0,0,0,0,0,0,0,1,0,0,0,0,0,0,0,1,0,0
2018-03-11,06:52:00,03,03,01,03,02,01,0,366833.7014,5030792.573,False,March,1,0,0,0,0,0,0,0,0,1,0,0,0,0,0,0,1,0,0
2018-03-08,18:30:00,03,03,04,05,02,01,0,368194.7155,5022793.5,False,March,1,0,0,0,0,0,0,0,0,1,0,0,0,0,0,0,1,0,0
2018-03-11,05:00:00,03,06,01,07,01,,0,349732.1875,5019197.1,False,March,0,0,0,0,0,0,0,0,1,0,0,0,0,0,0,0,1,0,0
2018-03-11,14:07:00,03,03,01,01,01,,0,364723.7905,5024036.176,False,March,0,0,0,0,0,0,0,0,1,0,0,0,0,0,0,0,1,0,0
2018-03-09,14:46:00,03,07,03,01,03,,0,378295.3158,4998334.706,False,March,0,0,0,0,0,0,0,0,1,0,0,0,0,0,0,0,1,0,0
2018-03-11,15:21:00,03,03,01,01,01,01,0,360597.6844,5022584.5,False,March,1,0,0,0,0,0,0,0,0,1,0,0,0,0,0,0,1,0,0
2018-03-11,15:35:00,03,03,01,01,01,01,0,371608.7368,5024096.506,False,March,1,0,0,0,0,0,0,0,0,1,0,0,0,0,0,0,1,0,0
2018-03-11,15:39:00,03,02,01,01,01,01,0,371705.7119,5033894.5819999995,False,March,0,1,0,0,0,0,0,0,0,0,1,0,0,0,0,0,1,0,0
2018-03-11,15:55:00,03,03,01,01,01,01,0,367916.7062,5030562.571,False,March,1,0,0,0,0,0,0,0,0,1,0,0,0,0,0,0,1,0,0
2018-03-11,16:28:00,03,02,01,01,01,01,0,363607.9477,5028539.252,False,March,1,0,0,0,0,0,0,0,0,0,1,0,0,0,0,0,1,0,0
2018-03-11,17:20:00,03,03,01,01,01,01,0,368529.3617,5029086.257,False,March,1,0,0,0,0,0,0,0,0,1,0,0,0,0,0,0,1,0,0
2018-03-10,17:35:00,03,03,01,01,01,,0,370814.9951,5032326.295,False,March,0,0,0,0,0,0,0,0,0,0,0,1,0,0,0,0,1,0,0
2018-03-11,17:32:00,03,02,01,01,01,01,0,363848.6932,5025152.518,False,March,0,1,0,0,0,0,0,0,0,1,0,0,0,0,0,0,1,0,0
2018-03-11,18:03:00,03,04,01,05,01,01,0,372601.7269,5027284.544,False,March,1,0,0,0,0,0,0,0,0,1,0,0,0,0,0,0,1,0,0
2018-03-11,18:00:00,03,04,01,01,01,01,0,382637.7536,5035567.554,False,March,1,0,0,0,0,0,0,0,0,1,0,0,0,0,0,0,1,0,0
2018-03-11,19:03:00,03,06,01,07,01,,0,370810.81899999996,5032755.875,False,March,0,0,0,0,0,0,0,0,1,0,0,0,0,0,0,0,1,0,0
2018-03-11,23:48:00,03,06,01,07,01,,0,371572.2139,5023561.8,False,March,0,0,0,0,0,0,0,0,0,0,0,1,0,0,0,0,1,0,0
2018-03-12,06:07:00,03,03,01,07,01,01,0,369995.7197,5026851.541999999,False,March,1,0,0,0,0,0,0,0,0,1,0,0,0,0,0,0,1,0,0
2018-03-12,07:37:00,03,04,01,01,01,,0,367656.74700000003,5028836.054,False,March,0,0,0,0,0,0,0,0,1,0,0,0,0,0,0,0,1,0,0
2018-03-12,07:40:00,03,04,01,01,01,01,0,368109.0474,5027766.436000001,False,March,1,0,0,0,0,0,0,0,0,1,0,0,0,0,0,0,1,0,0
2018-03-12,08:56:00,03,02,01,01,01,01,0,379859.6972,5036470.884,False,March,0,0,0,0,0,0,0,1,0,0,1,0,0,0,0,0,1,0,0
2018-03-12,08:40:00,03,03,01,01,01,01,0,383640.9751,5036900.456,False,March,1,0,0,0,0,0,0,0,0,1,0,0,0,0,0,0,1,0,0
2018-03-12,10:21:00,03,05,01,01,01,01,0,363227.6941,5028292.552,False,March,1,0,0,0,0,0,0,0,0,0,1,0,0,0,0,0,1,0,0
2018-03-09,11:15:00,03,03,01,01,01,01,0,372241.7204,5032111.58,False,March,1,0,0,0,0,0,0,0,0,1,0,0,0,0,0,0,1,0,0
2018-03-12,12:36:00,03,03,01,01,01,01,0,370134.7203,5026479.526000001,False,March,1,0,0,0,0,0,0,0,0,1,0,0,0,0,0,0,1,0,0
2018-03-12,12:40:00,03,02,01,01,01,01,0,350455.6006,5019010.455,False,March,1,0,0,0,0,0,0,0,0,1,0,0,0,0,0,0,1,0,0
2018-03-12,12:59:00,03,03,01,01,01,,0,364560.7888,5024416.445,False,March,0,0,0,0,0,0,0,0,1,0,0,0,0,0,0,0,1,0,0
2018-03-12,13:25:00,03,04,01,01,01,,0,364068.1159,5016055.452,False,March,0,0,0,0,0,0,0,0,0,1,0,0,0,0,0,0,1,0,0
2018-03-08,19:20:00,03,03,03,07,03,01,0,373643.7366,5027899.544,False,March,1,0,0,0,0,0,0,0,0,1,0,0,0,0,0,0,1,0,0
2018-03-12,15:08:00,03,01,01,01,01,,0,371707.0991,5024715.945,False,March,0,0,0,0,0,0,0,0,1,0,0,0,0,0,0,0,1,0,0
2018-03-12,09:00:00,03,04,01,01,01,01,0,351414.6159,5021779.482,False,March,1,0,0,0,0,0,0,0,0,1,0,0,0,0,0,0,1,0,0
2018-03-12,15:40:00,03,02,01,01,01,,0,374490.0117,5031287.852,False,March,0,0,0,0,0,0,0,0,0,0,0,1,0,0,0,0,1,0,0
2018-03-12,18:13:00,02,02,01,05,01,,0,363397.4558,5021882.555,False,March,0,0,0,0,0,0,0,0,0,0,0,1,0,0,0,0,1,0,0
2018-03-12,18:08:00,03,06,01,05,01,,0,370116.4192,5033268.42,False,March,0,0,0,0,0,0,0,0,1,0,0,0,0,0,0,0,1,0,0
2018-02-23,,03,06,04,00,06,,0,367566.5641,5031225.063,False,February,0,0,0,0,0,0,0,0,1,0,0,0,0,0,0,0,0,0,1
2018-03-12,20:58:00,03,03,01,07,01,,0,365207.5538,5020512.512,False,March,0,0,0,0,0,0,0,0,1,0,0,0,0,0,0,0,1,0,0
2018-03-12,21:09:00,03,05,01,07,01,01,0,361184.6759,5022932.504,False,March,0,1,0,0,0,0,0,0,0,1,0,0,0,0,0,0,1,0,0
2018-03-12,23:00:00,03,03,03,07,02,,0,368417.8101,5027180.813999999,False,March,0,0,0,0,0,0,0,0,1,0,0,0,0,0,0,0,1,0,0
2018-03-12,23:19:00,03,03,03,07,03,01,0,364858.6991,5023725.511,False,March,1,0,0,0,0,0,0,0,0,1,0,0,0,0,0,0,1,0,0
2018-03-13,01:17:00,03,07,03,07,03,,0,378500.6268,4997951.752,False,March,0,0,0,0,0,0,0,0,1,0,0,0,0,0,0,0,1,0,0
2018-03-13,02:58:00,03,07,03,07,03,01,0,367933.3578,5030047.551,False,March,1,0,0,0,0,0,0,0,0,1,0,0,0,0,0,0,1,0,0
2018-08-23,07:31:00,02,07,01,01,01,01,1,363857.6921,5024575.523,False,August,0,1,0,0,0,0,0,0,0,0,1,0,0,0,0,0,0,1,0
2018-08-23,07:47:00,03,07,01,01,01,,0,377227.2855,5025163.424,False,August,0,0,0,0,0,0,0,0,1,0,0,0,0,0,0,0,0,1,0
2018-08-23,07:52:00,03,03,01,01,01,,0,350496.4154,5022702.691000001,False,August,0,0,0,0,0,0,0,0,1,0,0,0,0,0,0,0,0,1,0
2018-08-23,08:35:00,03,03,01,01,01,01,0,349305.8674,5019211.584,False,August,1,0,0,0,0,0,0,0,0,0,1,0,0,0,0,0,0,1,0
2018-08-23,09:32:00,02,05,01,01,01,01,0,372093.7917,5032472.717,False,August,1,0,0,0,0,0,0,0,0,0,1,0,0,0,0,0,0,1,0
2018-08-23,11:30:00,03,01,01,01,01,,0,365300.4644,5029407.623,False,August,0,0,0,0,0,0,0,0,1,0,0,0,0,0,0,0,0,1,0
2018-08-23,12:17:00,03,07,01,01,01,01,0,351807.6154,5019846.466,False,August,1,0,0,0,0,0,0,0,0,1,0,0,0,0,0,0,0,1,0
2018-08-23,12:37:00,03,03,01,01,01,,0,382776.5777,5035625.664,False,August,0,0,0,0,0,0,0,0,1,0,0,0,0,0,0,0,0,1,0
2018-08-23,12:45:00,03,05,01,01,01,01,0,349262.9714,5024061.621,False,August,1,0,0,0,0,0,0,0,0,0,1,0,0,0,0,0,0,1,0
2018-08-23,13:06:00,03,03,01,01,01,01,0,371018.528,5023702.998,False,August,1,0,0,0,0,0,0,0,0,1,0,0,0,0,0,0,0,1,0
2018-08-23,12:10:00,03,04,01,01,01,01,0,368393.7068,5030486.563,False,August,1,0,0,0,0,0,0,0,0,1,0,0,0,0,0,0,0,1,0
2018-08-23,13:25:00,03,05,01,01,01,,0,333912.6679,5028794.069,False,August,0,0,0,0,0,0,0,0,0,0,0,1,0,0,0,0,0,1,0
2018-08-22,15:05:00,03,05,01,01,01,01,0,368315.9331,5032191.978,False,August,1,0,0,0,0,0,0,0,0,0,1,0,0,0,0,0,0,1,0
2018-08-23,15:04:00,03,05,01,01,01,01,0,364275.6921,5027493.534,False,August,1,0,0,0,0,0,0,0,0,0,1,0,0,0,0,0,0,1,0
2018-08-16,08:20:00,03,02,01,01,01,,0,371362.7916,5027861.169,False,August,0,0,0,0,0,0,0,0,1,0,0,0,0,0,0,0,0,1,0
2018-08-23,15:45:00,02,03,01,01,01,01,0,372860.7239,5030578.562,False,August,1,0,0,0,0,0,0,0,0,1,0,0,0,0,0,0,0,1,0
2018-08-23,16:00:00,03,03,01,01,01,01,0,366983.6978,5031078.57,False,August,1,0,0,0,0,0,0,0,0,0,1,0,0,0,0,0,0,1,0
2018-08-22,16:30:00,03,03,01,01,01,,0,369468.5204,5029444.757,False,August,0,0,0,0,0,0,0,0,1,0,0,0,0,0,0,0,0,1,0
2018-08-17,16:38:00,02,07,01,01,01,,1,364446.5258,5024946.5819999995,False,August,0,0,0,0,0,0,0,0,1,0,0,0,0,0,0,0,0,1,0
2018-08-23,16:59:00,02,05,01,01,01,,0,374544.5023,5028424.2469999995,False,August,0,0,0,0,0,0,0,0,1,0,0,0,0,0,0,0,0,1,0
2018-08-23,17:04:00,03,03,01,01,01,01,0,373364.7292,5029424.551,False,August,1,0,0,0,0,0,0,0,0,1,0,0,0,0,0,0,0,1,0
2018-08-23,17:16:00,03,04,01,01,01,,0,362542.1758,5023789.822,False,August,0,0,0,0,0,0,0,0,1,0,0,0,0,0,0,0,0,1,0
2018-08-23,17:47:00,03,03,01,01,01,01,0,367390.7113,5021523.488,False,August,1,0,0,0,0,0,0,0,0,1,0,0,0,0,0,0,0,1,0
2018-08-23,17:58:00,03,02,01,01,01,01,0,379860.7427,5036471.581,False,August,0,0,0,0,0,0,0,1,0,0,1,0,0,0,0,0,0,1,0
2018-08-23,18:01:00,03,03,01,01,01,01,0,363593.6879,5024409.526000001,False,August,1,0,0,0,0,0,0,0,0,1,0,0,0,0,0,0,0,1,0
2018-08-23,16:50:00,03,02,01,01,01,01,0,367962.7075,5031178.57,False,August,0,1,0,0,0,0,0,0,0,0,1,0,0,0,0,0,0,1,0
2018-08-23,18:39:00,02,07,01,01,01,01,0,377777.7614,5026758.534,False,August,0,1,0,0,0,0,0,0,0,0,1,0,0,0,0,0,0,1,0
2018-08-23,18:49:00,03,02,01,01,01,01,0,368010.7046,5029649.562,False,August,0,1,0,0,0,0,0,0,0,0,1,0,0,0,0,0,0,1,0
2018-08-23,20:22:00,03,05,01,07,01,01,0,368970.709,5030632.568,False,August,1,0,0,0,0,0,0,0,0,0,1,0,0,0,0,0,0,1,0
2018-08-23,21:30:00,03,06,01,07,01,,0,364993.39200000005,5026326.879,False,August,0,0,0,0,0,0,0,0,1,0,0,0,0,0,0,0,0,1,0