DATE,TIME,CLASS_OF_ACCIDENT,IMPACT_TYPE,ENVIRONMENT,LIGHT,ROAD_SURFACE_CONDITION,TRAFFIC_CONTROL_CONDITION,NO_OF_PEDESTRIANS,X,Y,Highway,Month,categorical_TRAFFIC_CONTROL_01,categorical_TRAFFIC_CONTROL_02,categorical_TRAFFIC_CONTROL_03,categorical_TRAFFIC_CONTROL_04,categorical_TRAFFIC_CONTROL_07,categorical_TRAFFIC_CONTROL_08,categorical_TRAFFIC_CONTROL_09,categorical_TRAFFIC_CONTROL_11,categorical_ACCIDENT_LOCATION_01,categorical_ACCIDENT_LOCATION_02,categorical_ACCIDENT_LOCATION_03,categorical_ACCIDENT_LOCATION_04,categorical_ACCIDENT_LOCATION_05,categorical_ACCIDENT_LOCATION_06,categorical_ACCIDENT_LOCATION_07,categorical_Seasons_Fall,categorical_Seasons_Spring,categorical_Seasons_Summer,categorical_Seasons_Winter
2018-08-24,00:23:00,03,06,01,07,01,,0,358872.6246,5023728.416,False,August,0,0,0,0,0,0,0,0,1,0,0,0,0,0,0,0,0,1,0
2018-08-24,06:56:00,02,02,01,01,01,01,0,347517.5657,5015685.454,True,August,0,1,0,0,0,0,0,0,0,1,0,0,0,0,0,0,0,1,0
2018-08-24,07:37:00,02,03,01,01,01,,0,368035.321,5031600.803,False,August,0,0,0,0,0,0,0,0,1,0,0,0,0,0,0,0,0,1,0
2018-08-24,12:22:00,03,03,01,01,01,,0,370171.3544,5026385.808,False,August,0,0,0,0,0,0,0,0,1,0,0,0,0,0,0,0,0,1,0
2018-08-24,12:50:00,03,05,01,01,01,01,0,358757.6743,5022868.4969999995,True,August,1,0,0,0,0,0,0,0,0,1,0,0,0,0,0,0,0,1,0
2018-08-24,13:42:00,02,02,01,01,01,01,0,380258.7484,5034819.572,False,August,1,0,0,0,0,0,0,0,0,0,1,0,0,0,0,0,0,1,0
2018-08-24,13:55:00,02,05,01,01,01,01,0,364949.7032,5029726.56,False,August,1,0,0,0,0,0,0,0,0,0,1,0,0,0,0,0,0,1,0
2018-08-24,13:55:00,03,03,01,01,01,01,0,372093.7133,5032472.584,False,August,1,0,0,0,0,0,0,0,0,1,0,0,0,0,0,0,0,1,0
2018-08-24,08:45:00,03,0,01,01,01,,0,365320.0672,5015616.258,False,August,0,0,0,0,0,0,0,0,0,0,0,1,0,0,0,0,0,1,0
2018-08-23,,03,06,01,00,01,,0,353969.7714,5015817.953,False,August,0,0,0,0,0,0,0,0,1,0,0,0,0,0,0,0,0,1,0
2018-08-24,14:29:00,03,0,01,01,01,01,0,351051.6074,5017887.447,False,August,1,0,0,0,0,0,0,0,0,1,0,0,0,0,0,0,0,1,0
2018-08-24,14:34:00,03,03,01,01,01,01,0,349558.3975,5014878.717,False,August,1,0,0,0,0,0,0,0,0,1,0,0,0,0,0,0,0,1,0
2018-08-24,15:16:00,03,07,01,01,01,01,0,364233.6833,5019974.478999999,False,August,1,0,0,0,0,0,0,0,0,1,0,0,0,0,0,0,0,1,0
2018-08-24,15:53:00,03,03,01,01,01,01,0,350489.6086,5022710.5030000005,False,August,1,0,0,0,0,0,0,0,0,1,0,0,0,0,0,0,0,1,0
2018-08-24,16:40:00,03,01,01,01,01,01,0,369374.7039,5032657.583000001,False,August,1,0,0,0,0,0,0,0,0,0,1,0,0,0,0,0,0,1,0
2018-08-24,16:43:00,03,04,01,01,01,,0,363889.6511,5014760.058,False,August,0,0,0,0,0,0,0,0,1,0,0,0,0,0,0,0,0,1,0
2018-08-24,16:49:00,03,0,01,01,01,,0,374945.6398,5032932.26,False,August,0,0,0,0,0,0,0,0,1,0,0,0,0,0,0,0,0,1,0
2018-08-24,17:06:00,03,0,01,01,01,,0,367892.666,5032746.983,False,August,0,0,0,0,0,0,0,0,1,0,0,0,0,0,0,0,0,1,0
2018-08-24,17:11:00,03,03,01,01,01,01,0,351950.4525,5018943.516,False,August,1,0,0,0,0,0,0,0,0,1,0,0,0,0,0,0,0,1,0
2018-08-24,17:17:00,02,07,01,01,01,,0,362756.7897,5012141.9180000005,False,August,0,0,0,0,0,0,0,0,1,0,0,0,0,0,0,0,0,1,0
2018-08-19,21:04:00,03,03,01,07,01,,0,370802.6954,5031347.495,True,August,0,0,0,0,0,0,0,0,1,0,0,0,0,0,0,0,0,1,0
2018-08-24,17:50:00,03,03,01,01,01,01,0,364769.8504,5023677.766,False,August,0,1,0,0,0,0,0,0,0,1,0,0,0,0,0,0,0,1,0
2018-08-24,17:53:00,03,05,01,01,01,,0,364725.0367,5026718.682,False,August,0,0,0,0,0,0,0,0,1,0,0,0,0,0,0,0,0,1,0
2018-08-24,18:18:00,03,06,01,01,01,01,0,367526.7013,5030815.565,False,August,1,0,0,0,0,0,0,0,0,1,0,0,0,0,0,0,0,1,0
2018-08-24,18:44:00,02,03,01,01,01,,0,346051.7747,5017014.856000001,False,August,0,0,0,0,0,0,0,0,0,0,0,1,0,0,0,0,0,1,0
2018-08-24,20:43:00,03,03,01,07,01,01,0,365612.6946,5021942.498,False,August,1,0,0,0,0,0,0,0,0,1,0,0,0,0,0,0,0,1,0
2018-08-24,21:06:00,03,04,01,07,01,01,0,366360.7018,5030006.577,False,August,0,1,0,0,0,0,0,0,0,1,0,0,0,0,0,0,0,1,0
2018-08-24,22:29:00,03,06,01,07,01,,0,366995.4282,5029860.552,False,August,0,0,0,0,0,0,0,0,1,0,0,0,0,0,0,0,0,1,0
2018-08-25,00:52:00,03,07,01,07,01,01,0,336736.6957,5037257.145,False,August,0,1,0,0,0,0,0,0,0,1,0,0,0,0,0,0,0,1,0
2018-08-25,02:39:00,03,07,01,07,01,,0,384835.7166,5040827.528,False,August,0,0,0,0,0,0,0,0,1,0,0,0,0,0,0,0,0,1,0
2018-08-25,04:00:00,03,07,01,07,01,01,0,372097.713,5033813.594,False,August,0,1,0,0,0,0,0,0,0,1,0,0,0,0,0,0,0,1,0
2018-08-25,05:46:00,02,06,01,07,01,,0,367635.4058,5030393.036,False,August,0,0,0,0,0,0,0,0,1,0,0,0,0,0,0,0,0,1,0
2018-08-25,10:23:00,03,02,01,01,01,01,0,367194.6981,5031001.572,False,August,1,0,0,0,0,0,0,0,0,0,1,0,0,0,0,0,0,1,0
2018-08-25,10:41:00,03,03,01,01,01,01,0,362179.6955,5024694.524,True,August,1,0,0,0,0,0,0,0,0,1,0,0,0,0,0,0,0,1,0
2018-08-07,14:00:00,03,06,01,01,01,,0,367713.76200000005,5032779.97,False,August,0,0,0,0,0,0,0,0,1,0,0,0,0,0,0,0,0,1,0
2018-08-25,13:17:00,01,05,01,01,01,01,0,353417.6214,5018265.463,False,August,1,0,0,0,0,0,0,0,0,0,1,0,0,0,0,0,0,1,0
2018-08-25,,03,06,01,00,01,,0,368008.2307,5032366.365,False,August,0,0,0,0,0,0,0,0,1,0,0,0,0,0,0,0,0,1,0
2018-08-25,13:15:00,03,02,01,01,01,01,0,379860.7425,5036471.581,False,August,0,0,0,0,0,0,0,1,0,0,1,0,0,0,0,0,0,1,0
2018-08-25,13:54:00,03,02,01,01,01,01,0,366327.1148,5014853.404,False,August,1,0,0,0,0,0,0,0,0,0,1,0,0,0,0,0,0,1,0
2018-08-24,,03,06,01,00,01,,0,349857.424,5015857.685,False,August,0,0,0,0,0,0,0,0,1,0,0,0,0,0,0,0,0,1,0
2018-08-25,14:18:00,02,02,01,01,01,01,0,374387.7104,4996968.277,False,August,0,1,0,0,0,0,0,0,0,1,0,0,0,0,0,0,0,1,0
2018-08-25,15:28:00,03,04,01,01,01,01,0,370419.7083,5033261.591,False,August,1,0,0,0,0,0,0,0,0,1,0,0,0,0,0,0,0,1,0
2018-08-25,17:20:00,03,03,01,01,01,,0,367346.0784,5021202.164,False,August,0,0,0,0,0,0,0,0,1,0,0,0,0,0,0,0,0,1,0
2018-08-25,17:43:00,02,02,01,01,01,01,0,370236.5135,5022934.475,False,August,0,1,0,0,0,0,0,0,0,0,1,0,0,0,0,0,0,1,0
2018-08-25,20:14:00,03,05,01,07,01,01,0,361293.6779,5026219.521000001,False,August,1,0,0,0,0,0,0,0,0,1,0,0,0,0,0,0,0,1,0
2018-08-25,19:13:00,02,03,01,01,01,01,0,363670.6907,5021246.489,False,August,1,0,0,0,0,0,0,0,0,1,0,0,0,0,0,0,0,1,0
2018-08-25,20:00:00,03,05,01,05,01,01,0,360325.6788,5024900.5139999995,False,August,1,0,0,0,0,0,0,0,0,0,1,0,0,0,0,0,0,1,0
2018-08-25,20:26:00,03,03,01,07,01,01,0,359593.6659,5024350.511,False,August,1,0,0,0,0,0,0,0,0,1,0,0,0,0,0,0,0,1,0
2018-08-25,22:07:00,03,04,02,07,02,,0,355059.9871,5024032.304,False,August,0,0,0,0,0,0,0,0,1,0,0,0,0,0,0,0,0,1,0
2018-08-25,22:29:00,02,06,02,07,02,,0,353411.4885,5018716.666,False,August,0,0,0,0,0,0,0,0,1,0,0,0,0,0,0,0,0,1,0
2018-08-25,22:58:00,03,07,02,07,02,,0,362289.9794,5018569.731000001,False,August,0,0,0,0,0,0,0,0,1,0,0,0,0,0,0,0,0,1,0
2018-08-25,23:13:00,03,03,02,07,02,01,0,355188.1523,5014616.005,False,August,1,0,0,0,0,0,0,0,0,1,0,0,0,0,0,0,0,1,0
2018-08-25,23:22:00,02,07,02,07,02,01,0,362061.6861,5023465.505,False,August,1,0,0,0,0,0,0,0,0,1,0,0,0,0,0,0,0,1,0
2018-08-25,23:53:00,03,07,02,07,02,01,0,349305.8677,5019211.585,False,August,1,0,0,0,0,0,0,0,0,0,1,0,0,0,0,0,0,1,0
2018-08-26,01:15:00,03,06,02,07,02,,0,355069.528,5016144.164,False,August,0,0,0,0,0,0,0,0,1,0,0,0,0,0,0,0,0,1,0
2018-08-26,06:53:00,02,05,01,01,02,01,0,370363.7104,5031957.585,False,August,1,0,0,0,0,0,0,0,0,1,0,0,0,0,0,0,0,1,0
2018-08-26,06:57:00,03,07,01,01,01,,0,350561.9011,5011670.928,False,August,0,0,0,0,0,0,0,0,1,0,0,0,0,0,0,0,0,1,0
2018-08-26,09:49:00,03,07,01,01,01,01,0,342164.5713,5021732.545,False,August,1,0,0,0,0,0,0,0,0,0,1,0,0,0,0,0,0,1,0
2018-08-26,11:07:00,03,03,01,01,01,01,0,354796.0309,5016897.353,False,August,0,1,0,0,0,0,0,0,0,1,0,0,0,0,0,0,0,1,0
2018-08-26,11:21:00,03,03,02,01,02,,0,361984.9568,5025183.259,True,August,0,0,0,0,0,0,0,0,1,0,0,0,0,0,0,0,0,1,0
2018-08-26,11:51:00,02,03,02,01,02,,0,360108.114,5018649.268999999,False,August,0,0,0,0,0,0,0,0,1,0,0,0,0,0,0,0,0,1,0
2018-08-25,15:30:00,02,04,01,01,01,,0,367959.9622,5030459.028,False,August,0,0,0,0,0,0,0,0,1,0,0,0,0,0,0,0,0,1,0
2018-08-26,12:10:00,02,05,01,01,01,01,0,352841.625,5020476.467,True,August,1,0,0,0,0,0,0,0,0,0,1,0,0,0,0,0,0,1,0
2018-08-26,12:37:00,02,07,01,01,01,01,1,366898.69899999996,5030433.567,False,August,0,1,0,0,0,0,0,0,0,0,1,0,0,0,0,0,0,1,0
2018-08-24,21:00:00,03,0,01,07,01,,0,368049.6871,5022148.906,False,August,0,0,0,0,0,0,0,0,1,0,0,0,0,0,0,0,0,1,0
2018-08-26,14:07:00,03,03,01,01,01,,0,374933.0559,5032946.052,False,August,0,0,0,0,0,0,0,0,1,0,0,0,0,0,0,0,0,1,0
2018-08-24,,03,06,01,00,01,,0,360579.5177,5025521.765,False,August,0,0,0,0,0,0,0,0,1,0,0,0,0,0,0,0,0,1,0
2018-08-26,14:24:00,03,02,01,01,01,01,0,366967.6961,5030476.573,False,August,1,0,0,0,0,0,0,0,0,1,0,0,0,0,0,0,0,1,0
2018-08-26,14:29:00,03,0,01,01,01,01,0,369685.6236,5026804.498,False,August,1,0,0,0,0,0,0,0,0,1,0,0,0,0,0,0,0,1,0
2018-08-22,16:45:00,03,03,01,01,01,01,0,372391.7249,5031742.565,False,August,1,0,0,0,0,0,0,0,0,1,0,0,0,0,0,0,0,1,0
2018-08-26,14:37:00,03,02,01,01,01,01,0,368282.7476,5032274.584,False,August,1,0,0,0,0,0,0,0,0,0,1,0,0,0,0,0,0,1,0
2018-08-26,14:48:00,02,07,01,01,01,,1,365107.115,5023818.333000001,False,August,0,0,0,0,0,0,0,0,1,0,0,0,0,0,0,0,0,1,0
2018-08-26,15:16:00,03,03,01,01,01,01,0,363080.7001,5016732.508,False,August,1,0,0,0,0,0,0,0,0,1,0,0,0,0,0,0,0,1,0
2018-08-11,15:32:00,02,03,01,01,01,01,0,351430.0513,5019331.333000001,False,August,1,0,0,0,0,0,0,0,0,1,0,0,0,0,0,0,0,1,0
2018-08-11,16:10:00,03,03,01,01,01,,0,372626.3671,5032473.942,False,August,0,0,0,0,0,0,0,0,0,1,0,0,0,0,0,0,0,1,0
2018-08-08,13:01:00,02,02,01,01,01,01,0,357660.6225,5005236.346,False,August,0,1,0,0,0,0,0,0,0,0,1,0,0,0,0,0,0,1,0
2018-08-08,13:08:00,03,02,01,01,01,01,0,366999.7,5030399.563999999,False,August,0,1,0,0,0,0,0,0,0,0,1,0,0,0,0,0,0,1,0
2018-08-11,17:14:00,02,05,01,01,01,01,0,371452.7279,5027012.538,False,August,1,0,0,0,0,0,0,0,0,0,1,0,0,0,0,0,0,1,0
2018-08-08,13:29:00,03,03,01,01,01,01,0,373099.7272,5030005.567,False,August,1,0,0,0,0,0,0,0,0,1,0,0,0,0,0,0,0,1,0
2018-08-16,09:08:00,03,05,01,01,01,,0,351854.0773,5015019.82,False,August,0,0,0,0,0,0,0,0,0,0,0,1,0,0,0,0,0,1,0
2018-08-08,14:56:00,03,04,01,01,01,01,0,369001.7068,5030560.571,False,August,1,0,0,0,0,0,0,0,0,1,0,0,0,0,0,0,0,1,0
2018-08-11,17:23:00,03,03,01,01,01,,0,367318.7038,5029643.552,False,August,0,0,0,0,0,0,0,0,0,0,1,0,0,0,0,0,0,1,0
2018-08-20,00:24:00,03,06,01,07,01,,0,349561.7699,5020381.745,False,August,0,0,0,0,0,0,0,0,0,0,0,1,0,0,0,0,0,1,0
2018-08-08,15:48:00,02,03,01,01,01,01,0,364673.6965,5024151.515,False,August,0,1,0,0,0,0,0,0,0,1,0,0,0,0,0,0,0,1,0
2018-08-11,17:24:00,03,03,01,01,01,01,0,370072.7099,5033065.593,False,August,1,0,0,0,0,0,0,0,0,1,0,0,0,0,0,0,0,1,0
2018-08-20,08:51:00,03,06,01,01,01,,0,363515.6157,5026671.505,False,August,0,0,0,0,0,0,0,0,1,0,0,0,0,0,0,0,0,1,0
2018-08-15,,03,06,01,00,01,,0,366609.0639,5029412.366,False,August,0,0,0,0,0,0,0,0,1,0,0,0,0,0,0,0,0,1,0
2018-08-08,15:51:00,03,06,01,01,01,,0,364452.9332,5023462.92,False,August,0,0,0,0,0,0,0,0,0,0,0,1,0,0,0,0,0,1,0
2018-08-11,19:20:00,02,05,01,01,01,01,0,364858.7003,5023725.51,False,August,1,0,0,0,0,0,0,0,0,0,1,0,0,0,0,0,0,1,0
2018-08-20,09:24:00,03,03,01,01,01,,0,374713.195,5032779.754,False,August,0,0,0,0,0,0,0,0,1,0,0,0,0,0,0,0,0,1,0
2018-08-11,20:45:00,03,02,01,05,01,01,0,381300.7427,5037796.589,False,August,0,1,0,0,0,0,0,0,0,0,1,0,0,0,0,0,0,1,0
2018-08-15,19:00:00,03,01,01,01,01,,0,369978.2666,5026898.763,False,August,0,0,0,0,0,0,0,0,1,0,0,0,0,0,0,0,0,1,0
2018-08-08,16:22:00,03,03,01,01,01,01,0,375906.7536,5014804.45,False,August,1,0,0,0,0,0,0,0,0,1,0,0,0,0,0,0,0,1,0
2018-08-20,12:30:00,02,07,01,01,01,,1,369208.2863,5031327.398,False,August,0,0,0,0,0,0,0,0,1,0,0,0,0,0,0,0,0,1,0
2018-08-11,21:31:00,03,07,01,07,01,,0,384691.5521,5033113.195,False,August,0,0,0,0,0,0,0,0,1,0,0,0,0,0,0,0,0,1,0
2018-08-12,02:35:00,03,07,01,07,01,,0,341642.0911,5029895.428,False,August,0,0,0,0,0,0,0,0,1,0,0,0,0,0,0,0,0,1,0
2018-08-12,03:09:00,03,07,01,07,01,,0,373818.8631,5012608.202,False,August,0,0,0,0,0,0,0,0,1,0,0,0,0,0,0,0,0,1,0
2018-08-12,07:16:00,03,07,01,01,01,,0,358646.4325,5014167.561000001,False,August,0,0,0,0,0,0,0,0,1,0,0,0,0,0,0,0,0,1,0
2018-08-12,07:39:00,02,07,01,01,01,,0,360410.2071,5023621.518999999,True,August,0,0,0,0,0,0,0,0,1,0,0,0,0,0,0,0,0,1,0
2018-08-12,09:51:00,02,03,01,01,01,,0,366134.4478,5015406.708000001,False,August,0,0,0,0,0,0,0,0,1,0,0,0,0,0,0,0,0,1,0
2018-08-12,09:56:00,03,07,01,01,01,,0,368123.1038,5030318.666,False,August,0,0,0,0,0,0,0,0,1,0,0,0,0,0,0,0,0,1,0
2018-08-12,11:39:00,02,04,01,01,01,01,0,354303.6354,5015130.473999999,False,August,1,0,0,0,0,0,0,0,0,1,0,0,0,0,0,0,0,1,0
2018-08-12,11:43:00,03,04,01,01,01,,0,369366.716,5028026.3,False,August,0,0,0,0,0,0,0,0,1,0,0,0,0,0,0,0,0,1,0
2018-08-12,11:52:00,03,02,01,01,01,01,0,373145.7541,5028668.633,False,August,0,1,0,0,0,0,0,0,0,0,1,0,0,0,0,0,0,1,0
2018-08-12,13:01:00,03,02,01,01,01,,0,356711.2925,5015864.197,False,August,0,0,0,0,0,0,0,0,0,0,0,1,0,0,0,0,0,1,0
2018-08-12,14:21:00,03,02,01,01,01,01,0,368511.7069,5032413.59,False,August,1,0,0,0,0,0,0,0,0,1,0,0,0,0,0,0,0,1,0
2018-08-12,14:32:00,03,03,01,01,01,01,0,359501.6558,5014636.413,False,August,1,0,0,0,0,0,0,0,0,1,0,0,0,0,0,0,0,1,0
2018-08-12,,03,06,01,00,01,,0,363717.5346,5012788.09,False,August,0,0,0,0,0,0,0,0,1,0,0,0,0,0,0,0,0,1,0
2018-08-12,18:19:00,03,06,01,01,01,,0,363903.856,5015752.385,False,August,0,0,0,0,0,0,0,0,1,0,0,0,0,0,0,0,0,1,0
2018-08-12,12:00:00,03,06,01,01,01,,0,364614.883,5012466.858,False,August,0,0,0,0,0,0,0,0,1,0,0,0,0,0,0,0,0,1,0
2018-08-12,19:32:00,03,05,01,01,01,01,0,365085.1501,5017903.19,False,August,1,0,0,0,0,0,0,0,0,0,1,0,0,0,0,0,0,1,0
2018-08-12,,03,06,01,00,01,,0,368303.7079,5030071.563999999,False,August,0,0,0,0,0,0,0,0,1,0,0,0,0,0,0,0,0,1,0
2018-08-12,20:53:00,03,04,01,05,01,01,0,370801.8664,5031016.182,True,August,1,0,0,0,0,0,0,0,0,1,0,0,0,0,0,0,0,1,0
2018-08-12,21:31:00,02,05,01,07,01,01,0,367526.7011,5030815.565,False,August,1,0,0,0,0,0,0,0,0,1,0,0,0,0,0,0,0,1,0
2018-08-12,21:33:00,03,02,01,07,01,01,0,366402.7021,5030675.571,False,August,0,1,0,0,0,0,0,0,0,0,1,0,0,0,0,0,0,1,0
2018-08-12,22:16:00,03,05,01,07,01,01,0,373902.7502,5028046.855,False,August,1,0,0,0,0,0,0,0,0,0,1,0,0,0,0,0,0,1,0
2018-08-13,07:00:00,02,02,01,01,01,01,0,370884.6464,5030557.509,False,August,1,0,0,0,0,0,0,0,0,1,0,0,0,0,0,0,0,1,0
2018-08-12,08:15:00,03,03,01,01,01,01,0,371306.8151,5024316.727,False,August,1,0,0,0,0,0,0,0,0,0,1,0,0,0,0,0,0,1,0
2018-08-13,09:36:00,02,02,01,01,01,,0,338049.67100000003,5035907.1680000005,False,August,0,0,0,0,0,0,0,0,0,0,0,1,0,0,0,0,0,1,0
2018-08-13,09:38:00,03,05,01,01,01,01,0,373364.7297,5029424.551,False,August,1,0,0,0,0,0,0,0,0,0,1,0,0,0,0,0,0,1,0
2018-08-13,10:40:00,02,05,01,01,01,01,0,367480.7006,5031265.588,False,August,1,0,0,0,0,0,0,0,0,0,1,0,0,0,0,0,0,1,0
2018-08-11,10:30:00,03,04,01,01,01,01,0,363778.69,5028641.555,False,August,1,0,0,0,0,0,0,0,0,1,0,0,0,0,0,0,0,1,0
2018-08-13,11:58:00,03,03,01,01,01,01,0,361493.6826,5026857.5430000005,False,August,0,1,0,0,0,0,0,0,0,1,0,0,0,0,0,0,0,1,0
2018-08-13,12:18:00,02,05,01,01,01,01,0,376125.7308,5034853.575,False,August,1,0,0,0,0,0,0,0,0,0,1,0,0,0,0,0,0,1,0
2018-08-13,12:18:00,03,02,01,01,01,01,0,360698.6768,5025069.52,False,August,0,1,0,0,0,0,0,0,0,0,1,0,0,0,0,0,0,1,0
2018-08-13,13:38:00,03,05,01,01,01,01,0,365149.7002,5029270.556,False,August,1,0,0,0,0,0,0,0,0,1,0,0,0,0,0,0,0,1,0
2018-08-13,14:57:00,02,05,01,01,01,01,0,370381.7167,5028348.556,False,August,0,1,0,0,0,0,0,0,0,0,1,0,0,0,0,0,0,1,0
2018-08-13,15:26:00,02,03,01,01,01,01,0,369561.2512,5028415.015,False,August,1,0,0,0,0,0,0,0,0,1,0,0,0,0,0,0,0,1,0
2018-08-13,16:20:00,03,05,01,01,01,01,0,363520.6907,5026850.541999999,False,August,1,0,0,0,0,0,0,0,0,0,1,0,0,0,0,0,0,1,0
2018-08-13,16:40:00,03,03,01,01,01,,0,369049.0969,5030761.916,True,August,0,0,0,0,0,0,0,0,1,0,0,0,0,0,0,0,0,1,0
2018-08-13,16:00:00,03,04,01,01,01,,0,367912.8843,5028109.391,False,August,0,0,0,0,0,0,0,0,1,0,0,0,0,0,0,0,0,1,0
2018-08-13,18:02:00,02,02,01,01,01,01,0,368393.7064,5030486.563,False,August,1,0,0,0,0,0,0,0,0,0,1,0,0,0,0,0,0,1,0
2018-08-13,18:02:00,03,04,01,01,01,01,0,360006.6759,5024632.528,False,August,1,0,0,0,0,0,0,0,0,1,0,0,0,0,0,0,0,1,0
2018-08-13,19:50:00,02,05,01,05,01,00,0,375466.8175,5035025.569,False,August,1,0,0,0,0,0,0,0,0,1,0,0,0,0,0,0,0,1,0
2018-08-13,21:54:00,03,05,01,07,01,01,0,366768.7052,5029850.562,False,August,1,0,0,0,0,0,0,0,0,0,1,0,0,0,0,0,0,1,0
2018-08-14,02:23:00,03,04,01,07,01,,0,364212.1294,5027222.566000001,True,August,0,0,0,0,0,0,0,0,1,0,0,0,0,0,0,0,0,1,0
2018-08-14,06:38:00,03,02,01,01,01,01,0,385640.4886,5036379.8719999995,False,August,0,1,0,0,0,0,0,0,0,0,1,0,0,0,0,0,0,1,0
2018-08-14,07:31:00,03,02,01,01,01,01,0,375906.7538,5014804.449,False,August,1,0,0,0,0,0,0,0,0,0,1,0,0,0,0,0,0,1,0
2018-08-14,08:16:00,03,03,01,01,01,01,0,368280.7049,5025609.532,False,August,1,0,0,0,0,0,0,0,0,1,0,0,0,0,0,0,0,1,0
2018-08-14,08:28:00,03,02,01,01,01,01,0,371094.8738,5032359.566000001,False,August,1,0,0,0,0,0,0,0,0,0,1,0,0,0,0,0,0,1,0
2018-08-14,09:46:00,03,07,01,01,01,01,0,355961.6345,5012594.405,False,August,1,0,0,0,0,0,0,0,0,1,0,0,0,0,0,0,0,1,0
2018-08-14,11:04:00,03,02,01,01,01,,0,356884.652,5020796.48,False,August,0,0,0,0,0,0,0,0,0,0,0,1,0,0,0,0,0,1,0
2018-08-14,12:41:00,03,05,01,01,01,01,0,368252.7015,5032157.574,False,August,1,0,0,0,0,0,0,0,0,0,1,0,0,0,0,0,0,1,0
2018-08-14,12:43:00,03,03,01,01,01,01,0,368036.703,5021945.499,False,August,1,0,0,0,0,0,0,0,0,1,0,0,0,0,0,0,0,1,0
2018-08-14,12:43:00,03,06,01,01,01,01,0,364929.7013,5029153.554,False,August,1,0,0,0,0,0,0,0,0,1,0,0,0,0,0,0,0,1,0
2018-08-14,13:47:00,03,03,01,01,01,01,0,374908.8439,5028602.493,False,August,1,0,0,0,0,0,0,0,0,1,0,0,0,0,0,0,0,1,0
2018-08-14,10:30:00,03,03,01,01,01,,0,372578.7141,5031284.57,True,August,0,0,0,0,0,0,0,0,0,1,0,0,0,0,0,0,0,1,0
2018-08-14,15:00:00,03,05,01,01,01,01,0,369003.4321,5028541.386,False,August,1,0,0,0,0,0,0,0,0,0,1,0,0,0,0,0,0,1,0
2018-08-14,14:47:00,03,03,01,01,01,,0,362101.7888,5024892.443,True,August,0,0,0,0,0,0,0,0,1,0,0,0,0,0,0,0,0,1,0
2018-08-14,15:21:00,03,07,02,01,02,01,0,370218.7046,5032690.586,False,August,1,0,0,0,0,0,0,0,0,1,0,0,0,0,0,0,0,1,0
2018-08-14,15:31:00,02,05,01,01,01,01,0,367446.7092,5024562.521000001,False,August,1,0,0,0,0,0,0,0,0,0,1,0,0,0,0,0,0,1,0
2018-08-14,15:43:00,03,02,02,01,02,01,0,365279.7019,5028350.557,False,August,0,1,0,0,0,0,0,0,0,0,1,0,0,0,0,0,0,1,0
2018-08-14,15:15:00,03,05,01,01,01,01,0,384964.6523,5038717.576,False,August,1,0,0,0,0,0,0,0,0,0,1,0,0,0,0,0,0,1,0
2018-08-14,16:17:00,03,02,01,01,01,,0,365300.3294,5030197.874,False,August,0,0,0,0,0,0,0,0,0,0,0,1,0,0,0,0,0,1,0
2018-08-14,16:48:00,03,03,01,01,01,01,0,366233.5783,5031084.813999999,False,August,1,0,0,0,0,0,0,0,0,1,0,0,0,0,0,0,0,1,0
2018-08-14,16:55:00,03,03,02,01,02,01,0,365085.1495,5017903.19,False,August,1,0,0,0,0,0,0,0,0,1,0,0,0,0,0,0,0,1,0
2018-08-14,16:57:00,02,07,01,01,01,,1,363570.8418,5021475.774,False,August,0,0,0,0,0,0,0,0,1,0,0,0,0,0,0,0,0,1,0
2018-08-14,17:45:00,02,03,01,01,01,01,0,360072.6738,5024471.518,False,August,1,0,0,0,0,0,0,0,0,1,0,0,0,0,0,0,0,1,0
2018-08-14,19:12:00,03,04,01,01,01,01,0,374634.7315,5032991.575,False,August,1,0,0,0,0,0,0,0,0,1,0,0,0,0,0,0,0,1,0
2018-08-14,20:48:00,02,07,01,07,01,01,1,364275.6918,5027493.534,False,August,1,0,0,0,0,0,0,0,0,0,1,0,0,0,0,0,0,1,0
2018-08-14,19:10:00,02,07,01,01,01,,1,364591.2272,5021633.7530000005,False,August,0,0,0,0,0,0,0,0,1,0,0,0,0,0,0,0,0,1,0
2018-08-15,06:50:00,03,03,01,01,01,01,0,366166.6935,5026028.533,False,August,1,0,0,0,0,0,0,0,0,0,1,0,0,0,0,0,0,1,0
2018-08-15,08:40:00,02,05,01,01,01,01,0,370050.7195,5026697.537,False,August,0,1,0,0,0,0,0,0,0,1,0,0,0,0,0,0,0,1,0
2018-08-15,08:45:00,03,03,01,01,01,,0,363253.2878,5025716.676,True,August,0,0,0,0,0,0,0,0,1,0,0,0,0,0,0,0,0,1,0
2018-08-15,09:38:00,03,03,01,01,01,01,0,370311.7133,5032270.586,False,August,1,0,0,0,0,0,0,0,0,1,0,0,0,0,0,0,0,1,0
2018-08-15,10:05:00,03,03,07,01,01,,0,393676.0547,5034503.409,False,August,0,0,0,0,0,0,0,0,0,0,0,1,0,0,0,0,0,1,0
2018-08-14,18:00:00,03,03,01,01,01,01,0,368036.7031,5021945.499,False,August,1,0,0,0,0,0,0,0,0,1,0,0,0,0,0,0,0,1,0