DATE,TIME,CLASS_OF_ACCIDENT,IMPACT_TYPE,ENVIRONMENT,LIGHT,ROAD_SURFACE_CONDITION,TRAFFIC_CONTROL_CONDITION,NO_OF_PEDESTRIANS,X,Y,Highway,Month,categorical_TRAFFIC_CONTROL_01,categorical_TRAFFIC_CONTROL_02,categorical_TRAFFIC_CONTROL_03,categorical_TRAFFIC_CONTROL_04,categorical_TRAFFIC_CONTROL_07,categorical_TRAFFIC_CONTROL_08,categorical_TRAFFIC_CONTROL_09,categorical_TRAFFIC_CONTROL_11,categorical_ACCIDENT_LOCATION_01,categorical_ACCIDENT_LOCATION_02,categorical_ACCIDENT_LOCATION_03,categorical_ACCIDENT_LOCATION_04,categorical_ACCIDENT_LOCATION_05,categorical_ACCIDENT_LOCATION_06,categorical_ACCIDENT_LOCATION_07,categorical_Seasons_Fall,categorical_Seasons_Spring,categorical_Seasons_Summer,categorical_Seasons_Winter
2018-08-15,10:49:00,03,03,01,01,01,01,0,364255.7107,5028603.567,False,August,1,0,0,0,0,0,0,0,0,1,0,0,0,0,0,0,0,1,0
2018-08-15,11:11:00,03,07,01,01,01,,0,362760.2489,5012133.687,False,August,0,0,0,0,0,0,0,0,1,0,0,0,0,0,0,0,0,1,0
2018-08-15,11:13:00,03,05,01,01,01,01,0,375047.6639,5031119.552,False,August,1,0,0,0,0,0,0,0,0,0,1,0,0,0,0,0,0,1,0
2018-08-15,,03,06,01,00,01,,0,367047.5287,5025955.646000001,False,August,0,0,0,0,0,0,0,0,1,0,0,0,0,0,0,0,0,1,0
2018-08-15,11:45:00,03,04,01,01,01,,0,366900.63200000004,5026535.035,False,August,0,0,0,0,0,0,0,0,1,0,0,0,0,0,0,0,0,1,0
2018-08-15,12:05:00,03,04,01,01,01,01,0,370684.7191,5030592.553,False,August,1,0,0,0,0,0,0,0,0,1,0,0,0,0,0,0,0,1,0
2018-08-15,12:26:00,03,07,01,01,01,01,0,366909.2812,5015100.818,False,August,0,1,0,0,0,0,0,0,0,0,1,0,0,0,0,0,0,1,0
2018-08-15,14:02:00,03,03,01,01,01,01,0,368235.6976,5022055.978999999,False,August,1,0,0,0,0,0,0,0,0,1,0,0,0,0,0,0,0,1,0
2018-08-15,14:55:00,03,04,01,01,01,01,0,361767.6834,5025725.513,False,August,1,0,0,0,0,0,0,0,0,1,0,0,0,0,0,0,0,1,0
2018-08-15,15:41:00,03,03,01,01,01,01,0,363145.6791,5025983.592,True,August,1,0,0,0,0,0,0,0,0,1,0,0,0,0,0,0,0,1,0
2018-08-15,15:30:00,03,05,01,01,01,,0,364696.2835,5015259.8719999995,False,August,0,0,0,0,0,0,0,0,0,0,0,1,0,0,0,0,0,1,0
2018-08-15,17:19:00,02,04,01,01,01,,0,374853.1115,5032885.978,False,August,0,0,0,0,0,0,0,0,1,0,0,0,0,0,0,0,0,1,0
2018-08-15,17:22:00,03,07,01,01,01,,0,371069.5086,5021383.223,False,August,0,0,0,0,0,0,0,0,1,0,0,0,0,0,0,0,0,1,0
2018-08-15,,03,06,01,00,01,,0,364333.732,5013214.721,False,August,0,0,0,0,0,0,0,0,1,0,0,0,0,0,0,0,0,1,0
2018-08-15,16:00:00,03,02,01,01,01,,0,367771.8685,5029027.106000001,False,August,0,0,0,0,0,0,0,0,0,0,0,1,0,0,0,0,0,1,0
2018-08-15,18:24:00,03,03,01,01,01,,0,365516.6366,5027550.537,False,August,0,0,0,0,0,0,0,0,1,0,0,0,0,0,0,0,0,1,0
2018-08-15,18:31:00,03,02,01,01,01,01,0,366768.7054,5030948.568,False,August,1,0,0,0,0,0,0,0,0,0,1,0,0,0,0,0,0,1,0
2018-08-15,22:13:00,02,05,01,07,01,01,0,349661.6093,5023617.51,False,August,1,0,0,0,0,0,0,0,0,0,1,0,0,0,0,0,0,1,0
2018-08-16,08:29:00,03,03,01,01,01,01,0,361294.6671,5015664.442,False,August,1,0,0,0,0,0,0,0,0,1,0,0,0,0,0,0,0,1,0
2018-08-16,08:38:00,03,03,01,01,01,01,0,361021.6721,5021566.492,False,August,1,0,0,0,0,0,0,0,0,1,0,0,0,0,0,0,0,1,0
2018-08-30,14:42:00,03,02,01,01,01,01,0,342164.7487,5021732.408,False,August,1,0,0,0,0,0,0,0,0,0,1,0,0,0,0,0,0,1,0
2018-07-30,16:45:00,03,03,01,01,01,,0,376385.2368,5034797.48,False,July,0,0,0,0,0,0,0,0,1,0,0,0,0,0,0,0,0,1,0
2018-08-26,15:37:00,03,04,02,01,02,00,0,365193.7743,5022948.642,False,August,1,0,0,0,0,0,0,0,0,1,0,0,0,0,0,0,0,1,0
2018-08-08,17:01:00,03,03,02,01,02,01,0,363933.6837,5014784.416999999,False,August,1,0,0,0,0,0,0,0,0,1,0,0,0,0,0,0,0,1,0
2018-07-23,23:00:00,03,0,01,07,01,,0,371253.0668,5034522.7469999995,False,July,0,0,0,0,0,0,0,0,1,0,0,0,0,0,0,0,0,1,0
2018-08-26,17:30:00,03,03,01,01,01,,0,369890.3457,5025736.903,False,August,0,0,0,0,0,0,0,0,1,0,0,0,0,0,0,0,0,1,0
2018-08-16,10:43:00,03,02,01,01,01,,0,370156.0316,5026422.936000001,False,August,0,0,0,0,0,0,0,0,0,0,0,1,0,0,0,0,0,1,0
2018-08-20,12:31:00,03,06,01,01,01,,0,359988.1744,5024332.219,False,August,0,0,0,0,0,0,0,0,1,0,0,0,0,0,0,0,0,1,0
2018-09-03,14:14:00,03,05,01,01,01,01,0,364359.6931,5015493.666,False,September,0,1,0,0,0,0,0,0,0,0,1,0,0,0,0,1,0,0,0
2018-08-03,07:00:00,03,07,01,01,01,,0,396591.6598,5034706.002,False,August,0,0,0,0,0,0,0,0,1,0,0,0,0,0,0,0,0,1,0
2018-07-31,03:38:00,03,07,01,07,01,,0,340717.1929,5013871.393999999,False,July,0,0,0,0,0,0,0,0,1,0,0,0,0,0,0,0,0,1,0
2018-07-31,07:49:00,03,05,01,01,01,01,0,366935.2707,5031426.166999999,False,July,1,0,0,0,0,0,0,0,0,1,0,0,0,0,0,0,0,1,0
2018-07-31,08:05:00,02,03,01,01,01,01,0,371291.7289,5023864.504,False,July,1,0,0,0,0,0,0,0,0,1,0,0,0,0,0,0,0,1,0
2018-07-31,08:09:00,03,05,01,01,01,01,0,353214.6236,5019565.47,False,July,1,0,0,0,0,0,0,0,0,0,1,0,0,0,0,0,0,1,0
2018-07-31,08:20:00,03,04,01,01,01,,0,367128.9594,5031109.329,False,July,0,0,0,0,0,0,0,0,1,0,0,0,0,0,0,0,0,1,0
2018-07-31,07:50:00,03,03,01,01,01,01,0,382325.7442,5038273.585,False,July,1,0,0,0,0,0,0,0,0,0,1,0,0,0,0,0,0,1,0
2018-07-31,09:50:00,03,04,01,01,01,,0,363943.2506,5014761.086,False,July,0,0,0,0,0,0,0,0,1,0,0,0,0,0,0,0,0,1,0
2018-07-31,11:30:00,03,02,01,01,01,01,0,355333.6238,5014247.425,False,July,0,1,0,0,0,0,0,0,0,0,1,0,0,0,0,0,0,1,0
2018-07-31,11:54:00,03,06,01,01,01,,0,366940.5708,5030332.9,False,July,0,0,0,0,0,0,0,0,1,0,0,0,0,0,0,0,0,1,0
2018-07-31,11:58:00,03,07,01,01,01,,0,374923.7496,5031034.054,True,July,0,0,0,0,0,0,0,0,1,0,0,0,0,0,0,0,0,1,0
2018-07-31,12:03:00,03,06,01,01,01,,0,373938.6024,5028173.661,False,July,0,0,0,0,0,0,0,0,0,0,0,1,0,0,0,0,0,1,0
2018-07-31,12:31:00,03,03,01,01,01,01,0,383183.93,5037977.882,False,July,1,0,0,0,0,0,0,0,0,0,1,0,0,0,0,0,0,1,0
2018-07-31,12:45:00,03,07,01,01,01,01,0,367792.7094,5031451.576,False,July,1,0,0,0,0,0,0,0,0,1,0,0,0,0,0,0,0,1,0
2018-07-31,12:30:00,03,06,01,01,01,,0,382158.7204,5037041.346,False,July,0,0,0,0,0,0,0,0,0,0,0,1,0,0,0,0,0,1,0
2018-07-31,13:19:00,03,03,01,01,01,01,0,370337.8518,5025947.735,False,July,1,0,0,0,0,0,0,0,0,1,0,0,0,0,0,0,0,1,0
2018-07-31,14:59:00,03,0,01,01,01,01,0,367895.6982,5033189.594,False,July,0,1,0,0,0,0,0,0,0,1,0,0,0,0,0,0,0,1,0
2018-08-30,15:10:00,02,01,01,01,01,01,0,360554.8403,5023127.8,False,August,0,1,0,0,0,0,0,0,0,0,1,0,0,0,0,0,0,1,0
2018-07-31,15:38:00,03,03,01,01,01,01,0,364858.7,5023725.511,False,July,1,0,0,0,0,0,0,0,0,1,0,0,0,0,0,0,0,1,0
2018-07-31,,03,06,01,00,01,,0,352550.326,5016032.964,False,July,0,0,0,0,0,0,0,0,1,0,0,0,0,0,0,0,0,1,0
2018-07-31,17:09:00,03,06,01,01,01,,0,366580.8627,5030167.824,False,July,0,0,0,0,0,0,0,0,1,0,0,0,0,0,0,0,0,1,0
2018-07-31,16:15:00,03,04,01,01,01,,0,374125.4655,5030653.573,False,July,0,0,0,0,0,0,0,0,1,0,0,0,0,0,0,0,0,1,0
2018-07-31,17:31:00,02,04,01,01,01,01,0,370492.7221,5026902.537,False,July,1,0,0,0,0,0,0,0,0,0,1,0,0,0,0,0,0,1,0
2018-07-31,19:53:00,02,02,01,01,01,,0,366347.6063,5015595.149,False,July,0,0,0,0,0,0,0,0,0,0,0,1,0,0,0,0,0,1,0
2018-07-31,20:11:00,02,07,01,05,01,,0,351052.8232,5006597.248,False,July,0,0,0,0,0,0,0,0,1,0,0,0,0,0,0,0,0,1,0
2018-07-31,20:50:00,03,03,01,05,01,,0,360544.4082,5023207.286,True,July,0,0,0,0,0,0,0,0,1,0,0,0,0,0,0,0,0,1,0
2018-07-31,21:06:00,02,02,01,07,01,,0,386332.7862,5030466.521000001,False,July,0,0,0,0,0,0,0,0,0,0,1,0,0,0,0,0,0,1,0
2018-07-31,21:12:00,02,05,01,07,01,01,0,364329.9,5015565.735,False,July,0,1,0,0,0,0,0,0,0,0,1,0,0,0,0,0,0,1,0
2018-07-31,21:13:00,02,02,01,07,01,01,0,377874.7699,5020724.491,False,July,0,1,0,0,0,0,0,0,0,0,1,0,0,0,0,0,0,1,0
2018-07-31,21:18:00,02,05,01,07,01,01,0,362706.2413,5023492.801,False,July,1,0,0,0,0,0,0,0,0,0,1,0,0,0,0,0,0,1,0
2018-07-31,22:28:00,03,05,01,07,01,01,0,373763.7395,5025404.523,False,July,1,0,0,0,0,0,0,0,0,0,1,0,0,0,0,0,0,1,0
2018-07-31,22:58:00,03,0,01,07,01,,0,372649.9088,5019890.448,False,July,0,0,0,0,0,0,0,0,1,0,0,0,0,0,0,0,0,1,0
2018-07-31,23:53:00,03,02,01,07,01,01,0,374629.73299999995,5031242.556,False,July,1,0,0,0,0,0,0,0,0,0,1,0,0,0,0,0,0,1,0
2018-08-01,06:18:00,03,07,01,01,02,,0,350553.1613,4996191.225,False,August,0,0,0,0,0,0,0,0,1,0,0,0,0,0,0,0,0,1,0
2018-08-01,07:37:00,02,02,01,01,01,01,0,357721.6352,5013529.416,False,August,1,0,0,0,0,0,0,0,0,0,1,0,0,0,0,0,0,1,0
2018-08-01,09:00:00,02,05,01,01,01,01,0,369225.7159,5027983.545,False,August,1,0,0,0,0,0,0,0,0,0,1,0,0,0,0,0,0,1,0
2018-08-01,10:03:00,03,03,01,01,01,,0,349319.528,5022893.816000001,False,August,0,0,0,0,0,0,0,0,1,0,0,0,0,0,0,0,0,1,0
2018-08-01,13:08:00,03,03,01,01,01,01,0,365612.6953,5021942.499,False,August,1,0,0,0,0,0,0,0,0,1,0,0,0,0,0,0,0,1,0
2018-08-01,14:01:00,02,07,01,01,01,01,1,381870.7178,5035883.551,False,August,1,0,0,0,0,0,0,0,0,0,1,0,0,0,0,0,0,1,0
2018-08-01,15:10:00,03,03,01,01,01,01,0,367664.7038,5031877.577,False,August,1,0,0,0,0,0,0,0,0,1,0,0,0,0,0,0,0,1,0
2018-08-01,,03,06,01,00,01,,0,368487.9896,5031340.041,False,August,0,0,0,0,0,0,0,0,1,0,0,0,0,0,0,0,0,1,0
2018-08-01,16:14:00,03,01,01,01,01,01,0,377767.7479,5031503.561000001,False,August,0,0,0,0,0,0,0,1,0,1,0,0,0,0,0,0,0,1,0
2018-07-31,16:38:00,03,04,01,01,01,01,0,352841.6251,5020476.467,True,July,1,0,0,0,0,0,0,0,0,1,0,0,0,0,0,0,0,1,0
2018-08-01,17:01:00,02,07,02,01,02,,0,383426.1144,5010835.742,False,August,0,0,0,0,0,0,0,0,1,0,0,0,0,0,0,0,0,1,0
2018-08-01,17:07:00,03,05,02,01,02,01,0,372007.7069,5034040.586,False,August,1,0,0,0,0,0,0,0,0,0,1,0,0,0,0,0,0,1,0
2018-08-01,15:00:00,03,03,01,01,01,01,0,366242.7101,5020412.481000001,False,August,0,1,0,0,0,0,0,0,0,1,0,0,0,0,0,0,0,1,0
2018-08-01,17:12:00,03,04,02,01,02,01,0,349305.9942,5019211.473,False,August,1,0,0,0,0,0,0,0,0,1,0,0,0,0,0,0,0,1,0
2018-08-01,17:19:00,03,05,01,01,01,01,0,369653.7198,5027427.548,False,August,1,0,0,0,0,0,0,0,0,0,1,0,0,0,0,0,0,1,0
2018-08-01,17:51:00,03,04,01,01,01,01,0,367890.7076,5031646.575,False,August,1,0,0,0,0,0,0,0,0,0,1,0,0,0,0,0,0,1,0
2018-08-01,17:57:00,02,04,02,01,02,01,0,354014.6105,5011021.384,False,August,0,1,0,0,0,0,0,0,0,1,0,0,0,0,0,0,0,1,0
2018-08-01,18:18:00,03,05,01,01,01,,0,365652.7629,5030023.981000001,False,August,0,0,0,0,0,0,0,0,0,0,0,1,0,0,0,0,0,1,0
2018-08-01,17:00:00,03,05,01,01,01,01,0,384682.7539,5039285.5819999995,False,August,0,0,0,0,0,0,0,1,0,1,0,0,0,0,0,0,0,1,0
2018-08-01,18:45:00,03,03,01,01,02,01,0,381420.74700000003,5036060.572,False,August,1,0,0,0,0,0,0,0,0,0,1,0,0,0,0,0,0,1,0
2018-08-01,19:23:00,03,04,02,05,02,01,0,368109.047,5027766.436000001,False,August,1,0,0,0,0,0,0,0,0,1,0,0,0,0,0,0,0,1,0
2018-08-01,17:00:00,03,04,01,01,01,,0,370644.1666,5033386.138,False,August,0,0,0,0,0,0,0,0,1,0,0,0,0,0,0,0,0,1,0
2018-08-01,19:39:00,03,06,01,01,01,,0,369293.2824,5031398.098999999,False,August,0,0,0,0,0,0,0,0,1,0,0,0,0,0,0,0,0,1,0
2018-08-01,20:15:00,02,07,01,07,02,,1,365177.6924,5027896.587,False,August,0,0,0,0,0,0,0,0,1,0,0,0,0,0,0,0,0,1,0
2018-08-01,21:56:00,02,02,01,07,01,01,0,382892.7417,5037915.58,False,August,0,1,0,0,0,0,0,0,0,0,1,0,0,0,0,0,0,1,0
2018-08-02,06:54:00,02,03,01,01,01,01,0,372146.7161,5034108.583000001,False,August,1,0,0,0,0,0,0,0,0,1,0,0,0,0,0,0,0,1,0
2018-08-02,07:11:00,03,05,01,01,01,,0,374684.0666,5029960.879,False,August,0,0,0,0,0,0,0,0,0,0,0,1,0,0,0,0,0,1,0
2018-08-01,17:00:00,03,01,01,01,01,01,0,360346.6798,5023783.506,False,August,1,0,0,0,0,0,0,0,0,0,1,0,0,0,0,0,0,1,0
2018-08-02,08:00:00,03,04,01,01,01,01,0,366379.6895,5008975.386,False,August,1,0,0,0,0,0,0,0,0,0,1,0,0,0,0,0,0,1,0
2018-08-02,08:48:00,03,03,01,01,01,01,0,367370.5253,5016576.909,False,August,1,0,0,0,0,0,0,0,0,1,0,0,0,0,0,0,0,1,0
2018-08-02,09:16:00,02,02,01,01,01,01,0,369995.7196,5026851.541999999,False,August,1,0,0,0,0,0,0,0,0,0,1,0,0,0,0,0,0,1,0
2018-08-02,09:16:00,02,03,01,01,01,,0,366885.3235,5028083.123,False,August,0,0,0,0,0,0,0,0,1,0,0,0,0,0,0,0,0,1,0
2018-08-01,19:50:00,03,02,01,01,01,01,0,379267.7275,5037741.566000001,False,August,1,0,0,0,0,0,0,0,0,0,1,0,0,0,0,0,0,1,0
2018-08-02,10:39:00,03,03,01,01,01,01,0,372407.7343,5024542.509,False,August,1,0,0,0,0,0,0,0,0,1,0,0,0,0,0,0,0,1,0
2018-08-02,09:30:00,03,03,01,01,01,01,0,353037.1807,5020013.788,True,August,1,0,0,0,0,0,0,0,0,1,0,0,0,0,0,0,0,1,0
2018-08-02,10:58:00,02,07,01,01,01,,1,359336.0919,5023490.7360000005,False,August,0,0,0,0,0,0,0,0,0,0,0,1,0,0,0,0,0,1,0
2018-08-02,10:50:00,02,02,01,01,01,01,0,367933.7066,5028789.55,False,August,0,1,0,0,0,0,0,0,0,0,1,0,0,0,0,0,0,1,0
2018-08-02,11:37:00,03,03,01,01,01,01,0,373929.7309,5031213.563,False,August,0,1,0,0,0,0,0,0,0,1,0,0,0,0,0,0,0,1,0
2018-08-02,11:00:00,03,06,01,01,01,01,0,368047.9717,5032233.52,False,August,1,0,0,0,0,0,0,0,0,1,0,0,0,0,0,0,0,1,0
2018-08-02,12:13:00,02,03,01,01,01,01,0,373828.722,5032800.576,False,August,1,0,0,0,0,0,0,0,0,1,0,0,0,0,0,0,0,1,0
2018-08-02,12:28:00,03,04,01,01,01,01,0,363180.6866,5026638.541999999,False,August,1,0,0,0,0,0,0,0,0,0,1,0,0,0,0,0,0,1,0
2018-08-02,13:02:00,02,04,01,01,01,,1,367870.8921,5031714.7,False,August,0,0,0,0,0,0,0,0,1,0,0,0,0,0,0,0,0,1,0
2018-08-02,13:31:00,02,0,01,01,01,,0,350025.9968,5013134.07,False,August,0,0,0,0,0,0,0,0,1,0,0,0,0,0,0,0,0,1,0
2018-07-29,02:00:00,03,07,01,07,01,,0,355862.0684,4990644.492,False,July,0,0,0,0,0,0,0,0,1,0,0,0,0,0,0,0,0,1,0
2018-08-02,14:24:00,03,03,01,01,01,01,0,361479.6766,5020502.48,False,August,1,0,0,0,0,0,0,0,0,1,0,0,0,0,0,0,0,1,0
2018-08-02,15:18:00,02,02,01,01,01,01,0,368036.7028,5021945.498,False,August,1,0,0,0,0,0,0,0,0,1,0,0,0,0,0,0,0,1,0
2018-08-02,15:32:00,02,03,01,01,01,01,0,360545.6867,5025272.518999999,False,August,1,0,0,0,0,0,0,0,0,0,1,0,0,0,0,0,0,1,0
2018-08-02,15:34:00,03,04,01,01,01,01,0,367371.9189,5025693.477,False,August,1,0,0,0,0,0,0,0,0,1,0,0,0,0,0,0,0,1,0
2018-08-02,15:35:00,03,03,01,01,01,01,0,371992.7206,5032460.584,False,August,0,1,0,0,0,0,0,0,0,1,0,0,0,0,0,0,0,1,0
2018-08-02,10:41:00,03,04,01,01,01,01,0,360245.6788,5024781.513,False,August,1,0,0,0,0,0,0,0,0,1,0,0,0,0,0,0,0,1,0
2018-08-02,15:50:00,03,04,01,01,01,01,0,349053.6082,5018056.464,False,August,0,0,0,0,0,0,0,1,0,1,0,0,0,0,0,0,0,1,0
2018-08-02,16:36:00,03,07,01,01,01,,0,362341.0453,5013160.277,False,August,0,0,0,0,0,0,0,0,1,0,0,0,0,0,0,0,0,1,0
2018-08-02,16:20:00,03,05,01,01,01,,0,357710.8058,5020830.429,False,August,0,0,0,0,0,0,0,0,0,0,0,1,0,0,0,0,0,1,0
2018-08-01,16:30:00,02,05,01,01,01,01,0,369299.7103,5029854.562,False,August,0,1,0,0,0,0,0,0,0,0,1,0,0,0,0,0,0,1,0
2018-08-02,17:19:00,03,04,01,01,01,,0,369147.6524,5027919.374,False,August,0,0,0,0,0,0,0,0,1,0,0,0,0,0,0,0,0,1,0
2018-08-02,17:33:00,03,03,01,01,01,01,0,352207.6105,5017242.451,False,August,1,0,0,0,0,0,0,0,0,1,0,0,0,0,0,0,0,1,0
2018-08-02,17:35:00,03,04,01,01,01,,0,376530.5124,5035118.697,False,August,0,0,0,0,0,0,0,0,1,0,0,0,0,0,0,0,0,1,0
2018-08-02,17:38:00,02,07,01,01,01,01,2,369225.7155,5027983.546,False,August,1,0,0,0,0,0,0,0,0,1,0,0,0,0,0,0,0,1,0
2018-07-31,17:00:00,03,06,01,01,01,,0,352370.9388,5021357.265,False,July,0,0,0,0,0,0,0,0,0,0,0,1,0,0,0,0,0,1,0
2018-08-02,17:43:00,03,05,01,01,01,,0,363732.8611,5026986.16,False,August,0,0,0,0,0,0,0,0,0,0,0,1,0,0,0,0,0,1,0
2018-08-02,17:40:00,03,04,01,01,01,01,0,369236.7015,5033653.589,False,August,1,0,0,0,0,0,0,0,0,1,0,0,0,0,0,0,0,1,0
2018-07-30,17:30:00,03,06,01,01,01,,0,364067.269,5016609.173,False,July,0,0,0,0,0,0,0,0,0,0,0,1,0,0,0,0,0,1,0
2018-08-02,19:06:00,02,0,01,01,01,,0,366368.6179,5029987.566000001,False,August,0,0,0,0,0,0,0,0,1,0,0,0,0,0,0,0,0,1,0
2018-08-02,20:47:00,03,03,01,07,01,01,0,364275.6924,5027493.535,False,August,1,0,0,0,0,0,0,0,0,1,0,0,0,0,0,0,0,1,0
2018-08-02,21:25:00,03,02,01,07,01,01,0,369304.7165,5027894.553,False,August,1,0,0,0,0,0,0,0,0,0,1,0,0,0,0,0,0,1,0
2018-08-02,23:00:00,03,03,01,07,01,,0,370760.4046,5024127.009,False,August,0,0,0,0,0,0,0,0,1,0,0,0,0,0,0,0,0,1,0
2018-08-03,06:44:00,03,06,01,01,01,,0,369047.4867,5030903.053,False,August,0,0,0,0,0,0,0,0,1,0,0,0,0,0,0,0,0,1,0
2018-08-26,22:37:00,03,04,01,07,01,01,0,370337.8515,5025947.734,False,August,1,0,0,0,0,0,0,0,0,1,0,0,0,0,0,0,0,1,0
2018-09-03,17:11:00,03,07,01,01,01,01,0,355984.6141,5007387.362,False,September,0,1,0,0,0,0,0,0,0,1,0,0,0,0,0,1,0,0,0
2018-08-20,13:38:00,02,04,01,01,01,,0,368125.5673,5030926.424,False,August,0,0,0,0,0,0,0,0,1,0,0,0,0,0,0,0,0,1,0
2018-08-08,17:18:00,03,05,01,01,01,01,0,370311.7132,5032270.586,False,August,1,0,0,0,0,0,0,0,0,0,1,0,0,0,0,0,0,1,0
2018-08-16,11:20:00,03,03,01,01,01,01,0,370884.7238,5030557.57,False,August,1,0,0,0,0,0,0,0,0,1,0,0,0,0,0,0,0,1,0
2018-08-16,12:57:00,03,03,01,01,01,,0,367512.5214,5029180.282,False,August,0,0,0,0,0,0,0,0,1,0,0,0,0,0,0,0,0,1,0
2018-08-02,15:40:00,02,02,02,01,02,,0,381864.0886,5037889.194,False,August,0,0,0,0,0,0,0,0,0,0,0,1,0,0,0,0,0,1,0
2018-08-08,17:40:00,03,06,02,01,02,,0,350805.0321,5011657.244,False,August,0,0,0,0,0,0,0,0,1,0,0,0,0,0,0,0,0,1,0
2018-08-17,12:00:00,03,03,01,01,01,01,0,361479.6776,5020502.478999999,False,August,1,0,0,0,0,0,0,0,0,1,0,0,0,0,0,0,0,1,0
2018-09-03,16:00:00,02,03,01,01,01,,0,368451.8221,5031735.159,False,September,0,0,0,0,0,0,0,0,1,0,0,0,0,0,0,1,0,0,0
2018-08-26,18:43:00,03,04,01,01,01,,0,374893.1704,5032916.08,False,August,0,0,0,0,0,0,0,0,1,0,0,0,0,0,0,0,0,1,0
2018-08-26,20:07:00,03,04,01,05,01,01,0,365054.6966,5025325.515,False,August,1,0,0,0,0,0,0,0,0,1,0,0,0,0,0,0,0,1,0
2018-08-30,13:20:00,03,05,01,01,01,01,0,368082.7125,5030166.562,False,August,1,0,0,0,0,0,0,0,0,0,1,0,0,0,0,0,0,1,0
2018-08-16,13:12:00,02,03,01,01,01,,0,368368.7895,5031795.363,False,August,0,0,0,0,0,0,0,0,1,0,0,0,0,0,0,0,0,1,0
2018-08-03,07:00:00,03,03,01,01,01,01,0,369355.7159,5017877.466,False,August,1,0,0,0,0,0,0,0,0,0,1,0,0,0,0,0,0,1,0
2018-08-05,09:30:00,03,04,01,01,01,01,0,369995.7201,5026851.541999999,False,August,1,0,0,0,0,0,0,0,0,1,0,0,0,0,0,0,0,1,0
2018-09-03,18:02:00,02,02,01,01,01,01,0,366646.6964,5011532.413,False,September,0,1,0,0,0,0,0,0,0,0,1,0,0,0,0,1,0,0,0
2018-08-20,14:40:00,02,02,01,01,01,01,0,369995.7201,5026851.541999999,False,August,1,0,0,0,0,0,0,0,0,0,1,0,0,0,0,0,0,1,0
2018-08-26,20:13:00,02,03,01,05,01,01,0,369304.7167,5027894.553,False,August,1,0,0,0,0,0,0,0,0,1,0,0,0,0,0,0,0,1,0
2018-08-30,15:30:00,03,05,01,01,01,01,0,379860.7419,5036471.581,False,August,0,0,0,0,0,0,0,1,0,0,1,0,0,0,0,0,0,1,0
2018-08-16,13:18:00,02,03,01,01,01,,0,370225.3835,5026256.45,False,August,0,0,0,0,0,0,0,0,1,0,0,0,0,0,0,0,0,1,0
2018-08-03,09:24:00,03,02,01,01,01,01,0,370802.0786,5031015.908,True,August,1,0,0,0,0,0,0,0,0,0,1,0,0,0,0,0,0,1,0
2018-07-31,10:30:00,03,06,01,01,01,,0,367579.0647,5032812.8610000005,False,July,0,0,0,0,0,0,0,0,1,0,0,0,0,0,0,0,0,1,0
2018-08-03,11:06:00,03,05,01,01,01,01,0,363229.6901,5025774.518,True,August,1,0,0,0,0,0,0,0,0,0,1,0,0,0,0,0,0,1,0
2018-08-03,11:25:00,03,02,01,01,01,01,0,368184.7105,5030485.573,False,August,1,0,0,0,0,0,0,0,0,0,1,0,0,0,0,0,0,1,0
2018-08-03,12:20:00,02,03,01,01,01,01,0,371545.7032,5033817.594,False,August,1,0,0,0,0,0,0,0,0,1,0,0,0,0,0,0,0,1,0
2018-08-03,12:24:00,03,07,01,01,01,,0,349656.994,5014939.317,False,August,0,0,0,0,0,0,0,0,1,0,0,0,0,0,0,0,0,1,0
2018-08-03,13:19:00,03,03,01,01,01,01,0,351553.6087,5017864.464,False,August,1,0,0,0,0,0,0,0,0,1,0,0,0,0,0,0,0,1,0
2018-08-03,13:27:00,03,06,01,01,01,,0,365960.5108,5025298.9569999995,False,August,0,0,0,0,0,0,0,0,0,0,0,1,0,0,0,0,0,1,0
2018-08-03,14:05:00,02,07,01,01,01,,1,362846.6961,5023950.891,False,August,0,0,0,0,0,0,0,0,0,0,0,1,0,0,0,0,0,1,0
2018-08-03,14:35:00,03,03,01,01,01,01,0,367394.7118,5023266.516,False,August,1,0,0,0,0,0,0,0,0,1,0,0,0,0,0,0,0,1,0
2018-08-03,14:00:00,03,03,01,01,01,01,0,374988.7321,5033486.583000001,False,August,1,0,0,0,0,0,0,0,0,0,1,0,0,0,0,0,0,1,0
2018-08-03,15:05:00,03,02,01,01,01,,0,373046.0502,5027548.429,False,August,0,0,0,0,0,0,0,0,0,0,0,1,0,0,0,0,0,1,0
2018-08-03,15:42:00,02,02,01,01,01,01,0,364681.5791,4998309.254,False,August,0,1,0,0,0,0,0,0,0,0,1,0,0,0,0,0,0,1,0
2018-08-03,15:43:00,03,03,01,01,01,01,0,364358.7029,5024890.513,False,August,1,0,0,0,0,0,0,0,0,1,0,0,0,0,0,0,0,1,0
2018-08-02,17:35:00,03,03,01,01,01,,0,370235.0522,5033157.4969999995,False,August,0,0,0,0,0,0,0,0,1,0,0,0,0,0,0,0,0,1,0
2018-08-03,16:09:00,03,02,01,01,01,,0,363125.8432,5014883.973,False,August,0,0,0,0,0,0,0,0,0,0,0,1,0,0,0,0,0,1,0
2018-08-03,17:08:00,03,05,01,01,01,01,0,361262.6802,5025424.525,False,August,1,0,0,0,0,0,0,0,0,0,1,0,0,0,0,0,0,1,0