DATE,TIME,CLASS_OF_ACCIDENT,IMPACT_TYPE,ENVIRONMENT,LIGHT,ROAD_SURFACE_CONDITION,TRAFFIC_CONTROL_CONDITION,NO_OF_PEDESTRIANS,X,Y,Highway,Month,categorical_TRAFFIC_CONTROL_01,categorical_TRAFFIC_CONTROL_02,categorical_TRAFFIC_CONTROL_03,categorical_TRAFFIC_CONTROL_04,categorical_TRAFFIC_CONTROL_07,categorical_TRAFFIC_CONTROL_08,categorical_TRAFFIC_CONTROL_09,categorical_TRAFFIC_CONTROL_11,categorical_ACCIDENT_LOCATION_01,categorical_ACCIDENT_LOCATION_02,categorical_ACCIDENT_LOCATION_03,categorical_ACCIDENT_LOCATION_04,categorical_ACCIDENT_LOCATION_05,categorical_ACCIDENT_LOCATION_06,categorical_ACCIDENT_LOCATION_07,categorical_Seasons_Fall,categorical_Seasons_Spring,categorical_Seasons_Summer,categorical_Seasons_Winter
2018-08-03,17:38:00,03,03,01,01,01,,0,384866.2204,5038891.598,False,August,0,0,0,0,0,0,0,0,1,0,0,0,0,0,0,0,0,1,0
2018-08-03,21:27:00,03,04,01,07,01,,0,370148.1799,5025414.61,False,August,0,0,0,0,0,0,0,0,0,1,0,0,0,0,0,0,0,1,0
2018-08-03,,03,06,01,00,01,,0,366500.3065,5029536.2930000005,False,August,0,0,0,0,0,0,0,0,1,0,0,0,0,0,0,0,0,1,0
2018-08-04,00:41:00,03,07,01,07,01,,0,333187.999,5023698.824,False,August,0,0,0,0,0,0,0,0,1,0,0,0,0,0,0,0,0,1,0
2018-08-04,02:23:00,02,07,01,07,01,,1,370761.7116,5033443.591,False,August,0,0,0,0,0,0,0,0,1,0,0,0,0,0,0,0,0,1,0
2018-08-04,06:48:00,03,02,01,01,01,01,0,367252.7088,5029796.566000001,False,August,1,0,0,0,0,0,0,0,0,0,1,0,0,0,0,0,0,1,0
2018-08-04,02:30:00,03,04,01,07,01,01,0,361479.6768,5020502.478999999,False,August,1,0,0,0,0,0,0,0,0,1,0,0,0,0,0,0,0,1,0
2018-08-04,09:57:00,03,05,01,01,01,01,0,367850.7113,5031711.581,False,August,1,0,0,0,0,0,0,0,0,0,1,0,0,0,0,0,0,1,0
2018-08-04,10:19:00,03,02,01,01,01,,0,357706.4836,5020827.817,False,August,0,0,0,0,0,0,0,0,1,0,0,0,0,0,0,0,0,1,0
2018-08-04,11:46:00,03,04,01,01,01,01,0,375363.7425,5031313.553,False,August,1,0,0,0,0,0,0,0,0,1,0,0,0,0,0,0,0,1,0
2018-08-04,12:49:00,03,05,01,01,01,01,0,368170.69700000004,5032679.585,False,August,1,0,0,0,0,0,0,0,0,1,0,0,0,0,0,0,0,1,0
2018-08-04,13:13:00,03,03,01,01,01,01,0,369995.7198,5026851.541999999,False,August,1,0,0,0,0,0,0,0,0,1,0,0,0,0,0,0,0,1,0
2018-08-04,13:26:00,03,05,01,01,01,01,0,358786.6646,5022150.494,False,August,1,0,0,0,0,0,0,0,0,1,0,0,0,0,0,0,0,1,0
2018-08-04,13:51:00,03,02,01,01,01,01,0,360388.0858,5023677.836,True,August,1,0,0,0,0,0,0,0,0,0,1,0,0,0,0,0,0,1,0
2018-08-04,14:03:00,02,07,01,01,01,,1,370210.0818,5032740.471,False,August,0,0,0,0,0,0,0,0,1,0,0,0,0,0,0,0,0,1,0
2018-08-04,14:19:00,03,03,02,01,02,,0,361996.6854,5013584.068,False,August,0,0,0,0,0,0,0,0,1,0,0,0,0,0,0,0,0,1,0
2018-08-04,14:31:00,03,03,01,01,01,01,0,372595.7139,5031241.577,False,August,1,0,0,0,0,0,0,0,0,1,0,0,0,0,0,0,0,1,0
2018-08-04,15:20:00,02,05,01,01,01,01,0,383540.7634,5035988.563999999,False,August,1,0,0,0,0,0,0,0,0,0,1,0,0,0,0,0,0,1,0
2018-08-04,16:04:00,03,06,01,01,01,,0,369331.4987,5026409.1110000005,False,August,0,0,0,0,0,0,0,0,0,0,0,1,0,0,0,0,0,1,0
2018-08-04,17:20:00,03,03,01,01,01,01,0,373569.7338,5029260.544,False,August,1,0,0,0,0,0,0,0,0,0,1,0,0,0,0,0,0,1,0
2018-08-04,19:36:00,02,02,01,01,01,,0,386208.0396,5036118.807,False,August,0,0,0,0,0,0,0,0,0,0,0,1,0,0,0,0,0,1,0
2018-08-04,19:49:00,03,03,01,01,01,01,0,370072.7102,5033065.593,False,August,1,0,0,0,0,0,0,0,0,1,0,0,0,0,0,0,0,1,0
2018-08-05,03:35:00,02,04,01,07,01,,0,368099.2354,5032410.828,False,August,0,0,0,0,0,0,0,0,1,0,0,0,0,0,0,0,0,1,0
2018-08-05,03:52:00,03,07,01,07,01,,0,375277.3003,5011845.225,False,August,0,0,0,0,0,0,0,0,0,0,0,1,0,0,0,0,0,1,0
2018-08-05,09:30:00,02,05,01,01,01,01,0,375967.5345,5020175.263,False,August,1,0,0,0,0,0,0,0,0,1,0,0,0,0,0,0,0,1,0
2018-08-05,10:21:00,03,07,01,01,01,01,0,368892.4086,5032643.272,False,August,1,0,0,0,0,0,0,0,0,1,0,0,0,0,0,0,0,1,0
2018-08-05,18:35:00,03,07,01,01,01,,0,393795.7132,5026878.393,False,August,0,0,0,0,0,0,0,0,1,0,0,0,0,0,0,0,0,1,0
2018-08-06,01:30:00,03,02,01,07,01,,0,370072.0027,5026646.165,False,August,0,0,0,0,0,0,0,0,0,0,0,1,0,0,0,0,0,1,0
2018-08-06,07:25:00,03,07,01,01,01,,0,350860.6198,5023733.0,False,August,0,0,0,0,0,0,0,0,1,0,0,0,0,0,0,0,0,1,0
2018-08-06,13:42:00,03,02,01,01,01,01,0,360545.6868,5025272.52,False,August,1,0,0,0,0,0,0,0,0,1,0,0,0,0,0,0,0,1,0
2018-08-06,13:41:00,03,02,01,01,01,,0,367160.7854,5023962.837,False,August,0,0,0,0,0,0,0,0,0,0,0,1,0,0,0,0,0,1,0
2018-08-06,14:51:00,02,02,01,01,01,01,0,370390.7075,5033103.586,False,August,0,1,0,0,0,0,0,0,0,0,1,0,0,0,0,0,0,1,0
2018-08-05,17:00:00,03,06,01,01,01,,0,367875.8978,5032309.225,False,August,0,0,0,0,0,0,0,0,1,0,0,0,0,0,0,0,0,1,0
2018-08-06,16:27:00,03,02,01,01,01,01,0,379106.7225,5037764.596,False,August,0,1,0,0,0,0,0,0,0,0,1,0,0,0,0,0,0,1,0
2018-08-06,17:05:00,02,02,01,01,01,,0,360271.5254,5024798.098999999,False,August,0,0,0,0,0,0,0,0,1,0,0,0,0,0,0,0,0,1,0
2018-08-06,17:24:00,03,03,01,01,01,01,0,349524.7859,5014330.203,False,August,1,0,0,0,0,0,0,0,0,1,0,0,0,0,0,0,0,1,0
2018-08-06,20:18:00,03,02,02,07,02,02,0,361909.6869,5025370.52,False,August,1,0,0,0,0,0,0,0,0,0,1,0,0,0,0,0,0,1,0
2018-08-06,20:53:00,02,03,02,07,02,,0,370084.2487,5025795.478999999,False,August,0,0,0,0,0,0,0,0,1,0,0,0,0,0,0,0,0,1,0
2018-08-06,21:25:00,03,0,02,07,02,,0,373745.8387,5028432.242,False,August,0,0,0,0,0,0,0,0,1,0,0,0,0,0,0,0,0,1,0
2018-08-06,21:39:00,03,07,02,07,02,01,0,365496.6993,5027596.535,False,August,0,1,0,0,0,0,0,0,0,1,0,0,0,0,0,0,0,1,0
2018-08-06,23:05:00,03,05,01,07,02,01,0,368248.7016,5032823.589,False,August,1,0,0,0,0,0,0,0,0,0,1,0,0,0,0,0,0,1,0
2018-08-06,23:18:00,03,03,01,07,01,02,0,367786.7047,5030774.571,False,August,1,0,0,0,0,0,0,0,0,1,0,0,0,0,0,0,0,1,0
2018-08-07,00:37:00,03,07,01,07,01,,0,375209.37100000004,5033134.243,False,August,0,0,0,0,0,0,0,0,1,0,0,0,0,0,0,0,0,1,0
2018-08-07,03:36:00,03,07,01,07,01,,0,367224.6882,5033294.393999999,False,August,0,0,0,0,0,0,0,0,0,0,0,0,0,0,1,0,0,1,0
2018-08-07,07:50:00,02,03,01,01,01,,0,376298.8375,5031851.368,False,August,0,0,0,0,0,0,0,0,1,0,0,0,0,0,0,0,0,1,0
2018-08-07,08:20:00,02,05,01,01,02,,0,372056.3048,5034063.827,False,August,0,0,0,0,0,0,0,0,1,0,0,0,0,0,0,0,0,1,0
2018-08-03,16:00:00,03,06,01,01,01,,0,369297.8126,5033739.227,False,August,0,0,0,0,0,0,0,0,1,0,0,0,0,0,0,0,0,1,0
2018-08-07,08:54:00,03,02,01,01,01,01,0,348804.5755,5014360.436000001,False,August,1,0,0,0,0,0,0,0,0,1,0,0,0,0,0,0,0,1,0
2018-08-07,08:56:00,02,02,01,01,02,01,0,365679.7048,5021783.5030000005,False,August,0,1,0,0,0,0,0,0,0,0,1,0,0,0,0,0,0,1,0
2018-08-06,,03,06,02,00,02,,0,374165.7651,5025706.853999999,False,August,0,0,0,0,0,0,0,0,1,0,0,0,0,0,0,0,0,1,0
2018-08-07,11:36:00,03,03,02,01,02,01,0,365235.7001,5021732.494,False,August,1,0,0,0,0,0,0,0,0,1,0,0,0,0,0,0,0,1,0
2018-08-03,09:35:00,03,05,01,01,01,,0,373580.5378,5026990.251,False,August,0,0,0,0,0,0,0,0,0,0,0,1,0,0,0,0,0,1,0
2018-08-07,12:20:00,03,04,01,01,01,01,0,372093.7128,5032472.584,False,August,1,0,0,0,0,0,0,0,0,1,0,0,0,0,0,0,0,1,0
2018-08-07,12:32:00,02,02,01,01,01,01,0,368641.5881,5026697.643,False,August,1,0,0,0,0,0,0,0,0,0,1,0,0,0,0,0,0,1,0
2018-08-07,12:46:00,02,07,01,01,01,01,1,369653.7195,5027427.547,False,August,1,0,0,0,0,0,0,0,0,0,1,0,0,0,0,0,0,1,0
2018-08-07,12:53:00,02,03,01,01,01,01,0,368036.6093,5021945.549,False,August,1,0,0,0,0,0,0,0,0,1,0,0,0,0,0,0,0,1,0
2018-08-06,12:59:00,03,02,01,01,01,,0,374406.0642,5030465.662,False,August,0,0,0,0,0,0,0,0,0,0,0,1,0,0,0,0,0,1,0
2018-08-04,13:47:00,03,02,01,01,01,01,0,370337.8518,5025947.735,False,August,1,0,0,0,0,0,0,0,0,1,0,0,0,0,0,0,0,1,0
2018-08-06,15:30:00,02,02,01,01,01,01,0,381625.7426,5038839.6,False,August,0,1,0,0,0,0,0,0,0,0,1,0,0,0,0,0,0,1,0
2018-08-07,14:41:00,03,05,01,01,01,01,0,366402.7025,5030675.572,False,August,0,1,0,0,0,0,0,0,0,0,1,0,0,0,0,0,0,1,0
2018-08-07,16:00:00,03,03,01,01,01,01,0,385041.5936,5038064.364,False,August,0,1,0,0,0,0,0,0,0,1,0,0,0,0,0,0,0,1,0
2018-08-07,14:40:00,03,04,01,01,01,01,0,368970.71,5030632.567,False,August,1,0,0,0,0,0,0,0,0,1,0,0,0,0,0,0,0,1,0
2018-08-07,16:13:00,03,03,01,01,01,,0,367361.598,5016476.51,False,August,0,0,0,0,0,0,0,0,1,0,0,0,0,0,0,0,0,1,0
2018-08-07,16:32:00,03,03,01,01,01,01,0,372146.7173,5034108.583000001,False,August,1,0,0,0,0,0,0,0,0,1,0,0,0,0,0,0,0,1,0
2018-08-07,16:44:00,03,03,01,01,01,01,0,361262.6802,5025424.524,False,August,1,0,0,0,0,0,0,0,0,1,0,0,0,0,0,0,0,1,0
2018-08-07,16:46:00,03,02,01,01,01,01,0,377912.7367,5002875.357,False,August,0,1,0,0,0,0,0,0,0,0,1,0,0,0,0,0,0,1,0
2018-08-07,16:57:00,03,03,01,01,01,01,0,367808.7112,5028521.554,False,August,0,1,0,0,0,0,0,0,0,1,0,0,0,0,0,0,0,1,0
2018-08-07,17:59:00,02,07,01,01,01,,1,368494.1699,5032402.898,False,August,0,0,0,0,0,0,0,0,1,0,0,0,0,0,0,0,0,1,0
2018-08-07,19:14:00,03,05,01,01,01,01,0,366967.6963,5030476.572,False,August,1,0,0,0,0,0,0,0,0,0,1,0,0,0,0,0,0,1,0
2018-08-07,20:19:00,03,04,01,07,01,01,0,375047.7247,5031119.563999999,False,August,1,0,0,0,0,0,0,0,0,1,0,0,0,0,0,0,0,1,0
2018-08-07,23:25:00,03,02,01,07,01,01,0,372305.7197,5031951.575,False,August,1,0,0,0,0,0,0,0,0,0,1,0,0,0,0,0,0,1,0
2018-08-08,00:01:00,03,07,01,07,01,,0,365307.3166,5022678.4969999995,False,August,0,0,0,0,0,0,0,0,1,0,0,0,0,0,0,0,0,1,0
2018-08-08,03:06:00,03,07,01,07,01,,0,369613.55600000004,5018032.393999999,False,August,0,0,0,0,0,0,0,0,1,0,0,0,0,0,0,0,0,1,0
2018-08-08,06:56:00,02,02,01,01,01,01,0,351416.596,5010740.397,False,August,0,1,0,0,0,0,0,0,0,0,1,0,0,0,0,0,0,1,0
2018-08-07,13:26:00,03,03,01,01,01,01,0,376125.7305,5034853.574,False,August,1,0,0,0,0,0,0,0,0,1,0,0,0,0,0,0,0,1,0
2018-08-08,09:14:00,03,0,01,01,01,01,0,367062.7003,5031219.584,False,August,1,0,0,0,0,0,0,0,0,1,0,0,0,0,0,0,0,1,0
2018-08-07,08:00:00,03,06,01,01,01,,0,366354.8862,5021738.817,False,August,0,0,0,0,0,0,0,0,1,0,0,0,0,0,0,0,0,1,0
2018-08-08,09:52:00,03,03,01,01,01,01,0,367613.7123,5028938.554,False,August,1,0,0,0,0,0,0,0,0,0,1,0,0,0,0,0,0,1,0
2018-08-08,10:21:00,03,06,01,01,01,,0,377855.346,5032655.152,False,August,0,0,0,0,0,0,0,0,0,0,0,1,0,0,0,0,0,1,0
2018-08-08,11:19:00,03,06,01,01,01,01,0,370337.8517,5025947.735,False,August,1,0,0,0,0,0,0,0,0,1,0,0,0,0,0,0,0,1,0
2018-08-08,18:36:00,02,02,01,01,01,01,0,366855.7007,5029922.569,False,August,0,1,0,0,0,0,0,0,0,0,1,0,0,0,0,0,0,1,0
2018-08-26,20:43:00,02,05,01,07,01,01,0,370213.2032,5025873.558,False,August,1,0,0,0,0,0,0,0,0,0,1,0,0,0,0,0,0,1,0
2018-09-03,19:31:00,02,05,01,05,01,01,0,367451.3722,5032952.114,False,September,1,0,0,0,0,0,0,0,0,0,1,0,0,0,0,1,0,0,0
2018-08-30,13:20:00,03,03,01,01,01,01,0,352563.7225,5020467.526000001,False,August,1,0,0,0,0,0,0,0,0,1,0,0,0,0,0,0,0,1,0
2018-08-20,14:42:00,03,03,01,01,01,,0,365036.9287,5025314.778,False,August,0,0,0,0,0,0,0,0,1,0,0,0,0,0,0,0,0,1,0
2018-08-16,13:19:00,02,05,01,01,01,01,0,382637.7535,5035567.553,False,August,1,0,0,0,0,0,0,0,0,0,1,0,0,0,0,0,0,1,0
2018-09-03,21:01:00,03,05,01,07,01,01,0,370432.7046,5029081.585,False,September,1,0,0,0,0,0,0,0,0,0,1,0,0,0,0,1,0,0,0
2018-08-20,14:53:00,03,04,01,01,01,01,0,369995.72,5026851.541999999,False,August,1,0,0,0,0,0,0,0,0,1,0,0,0,0,0,0,0,1,0
2018-08-30,16:20:00,03,05,01,01,01,01,0,369118.7091,5032264.584,False,August,1,0,0,0,0,0,0,0,0,0,1,0,0,0,0,0,0,1,0
2018-08-08,19:07:00,03,05,01,01,01,,0,369755.1267,5032839.078,False,August,0,0,0,0,0,0,0,0,1,0,0,0,0,0,0,0,0,1,0
2018-08-26,21:48:00,02,05,01,07,01,01,0,352207.6111,5017242.452,False,August,1,0,0,0,0,0,0,0,0,1,0,0,0,0,0,0,0,1,0
2018-09-03,23:38:00,03,06,01,07,01,,0,367596.1641,5030341.311000001,False,September,0,0,0,0,0,0,0,0,1,0,0,0,0,0,0,1,0,0,0
2018-08-16,13:33:00,03,02,01,01,01,01,0,371611.7225,5029191.548,False,August,0,1,0,0,0,0,0,0,0,1,0,0,0,0,0,0,0,1,0
2018-08-20,15:30:00,03,03,01,01,01,01,0,353827.6246,5018034.456,False,August,1,0,0,0,0,0,0,0,0,1,0,0,0,0,0,0,0,1,0
2018-08-30,16:40:00,03,03,01,01,01,01,0,363194.6835,5022397.492,False,August,1,0,0,0,0,0,0,0,0,1,0,0,0,0,0,0,0,1,0
2018-08-08,19:17:00,03,06,01,05,01,,0,352551.0289,5016139.517,False,August,0,0,0,0,0,0,0,0,1,0,0,0,0,0,0,0,0,1,0
2018-08-26,23:10:00,02,02,01,07,01,01,0,365336.6977,5028845.555,True,August,1,0,0,0,0,0,0,0,0,0,1,0,0,0,0,0,0,1,0
2018-09-04,05:35:00,03,06,01,07,01,01,0,368184.6716,5030485.642,False,September,1,0,0,0,0,0,0,0,0,1,0,0,0,0,0,1,0,0,0
2018-08-16,14:04:00,03,05,01,01,01,01,0,356781.6409,5015891.437,False,August,1,0,0,0,0,0,0,0,0,0,1,0,0,0,0,0,0,1,0
2018-08-20,15:33:00,03,06,01,01,01,,0,369343.525,5032728.098,False,August,0,0,0,0,0,0,0,0,1,0,0,0,0,0,0,0,0,1,0
2018-08-29,,03,06,01,00,01,,0,364827.095,5012368.65,False,August,0,0,0,0,0,0,0,0,1,0,0,0,0,0,0,0,0,1,0
2018-08-30,17:38:00,03,04,01,01,01,,0,367422.5691,5031728.1219999995,False,August,0,0,0,0,0,0,0,0,1,0,0,0,0,0,0,0,0,1,0
2018-08-30,18:02:00,03,05,01,01,01,,0,352729.9135,5017614.17,False,August,0,0,0,0,0,0,0,0,0,0,0,1,0,0,0,0,0,1,0
2018-08-30,18:24:00,03,02,01,01,01,01,0,367907.7073,5030188.563999999,False,August,1,0,0,0,0,0,0,0,0,0,1,0,0,0,0,0,0,1,0
2018-08-30,18:30:00,02,03,01,01,01,,0,376740.1256,5035454.876,False,August,0,0,0,0,0,0,0,0,1,0,0,0,0,0,0,0,0,1,0
2018-08-27,08:00:00,03,04,01,01,01,01,0,374908.7406,5028602.541,False,August,1,0,0,0,0,0,0,0,0,1,0,0,0,0,0,0,0,1,0
2018-08-30,19:10:00,03,04,01,01,01,01,0,360531.3088,5023312.494,True,August,1,0,0,0,0,0,0,0,0,1,0,0,0,0,0,0,0,1,0
2018-08-30,,03,06,01,00,01,01,0,365270.6952,5027955.549,False,August,0,1,0,0,0,0,0,0,0,1,0,0,0,0,0,0,0,1,0
2018-08-31,03:48:00,02,07,01,07,01,01,0,385690.0813,5038071.501,False,August,1,0,0,0,0,0,0,0,0,0,1,0,0,0,0,0,0,1,0
2018-08-30,07:25:00,03,04,01,01,01,,0,369115.79299999995,5031286.52,True,August,0,0,0,0,0,0,0,0,0,1,0,0,0,0,0,0,0,1,0
2018-08-30,17:20:00,03,03,01,01,01,01,0,373828.722,5032800.577,False,August,1,0,0,0,0,0,0,0,0,1,0,0,0,0,0,0,0,1,0
2018-08-31,08:09:00,03,07,01,01,01,01,0,367850.7113,5031711.581,False,August,1,0,0,0,0,0,0,0,0,0,1,0,0,0,0,0,0,1,0
2018-08-31,07:45:00,03,02,01,01,01,,0,348350.7548,5022979.302,False,August,0,0,0,0,0,0,0,0,0,0,0,1,0,0,0,0,0,1,0
2018-08-31,09:01:00,03,03,01,01,01,01,0,382637.7536,5035567.554,False,August,1,0,0,0,0,0,0,0,0,1,0,0,0,0,0,0,0,1,0
2018-08-31,09:20:00,02,02,01,01,01,01,0,381816.769,5032736.52,False,August,1,0,0,0,0,0,0,0,0,0,1,0,0,0,0,0,0,1,0
2018-08-31,09:32:00,03,05,01,01,01,01,0,364233.6833,5019974.478999999,False,August,1,0,0,0,0,0,0,0,0,0,1,0,0,0,0,0,0,1,0
2018-08-31,09:54:00,02,03,01,01,01,01,0,363670.691,5021246.489,False,August,1,0,0,0,0,0,0,0,0,1,0,0,0,0,0,0,0,1,0
2018-08-31,10:06:00,02,06,01,01,01,,0,356653.0507,5019818.683,False,August,0,0,0,0,0,0,0,0,1,0,0,0,0,0,0,0,0,1,0
2018-08-31,10:07:00,02,02,01,01,01,01,0,363778.6892,5028641.555,False,August,1,0,0,0,0,0,0,0,0,0,1,0,0,0,0,0,0,1,0
2018-08-31,12:20:00,03,04,01,01,01,01,0,364358.7028,5024890.513,False,August,1,0,0,0,0,0,0,0,0,1,0,0,0,0,0,0,0,1,0
2018-08-31,12:19:00,03,03,01,01,01,01,0,362403.6944,5024139.51,False,August,0,1,0,0,0,0,0,0,0,1,0,0,0,0,0,0,0,1,0
2018-08-30,12:26:00,03,05,01,01,01,01,0,376125.7306,5034853.575,False,August,1,0,0,0,0,0,0,0,0,0,1,0,0,0,0,0,0,1,0
2018-08-31,08:30:00,03,02,01,01,01,01,0,373637.737,5026421.529,False,August,0,1,0,0,0,0,0,0,0,0,1,0,0,0,0,0,0,1,0
2018-08-31,12:38:00,03,02,01,01,01,01,0,364406.638,5028674.571,False,August,0,1,0,0,0,0,0,0,0,0,1,0,0,0,0,0,0,1,0
2018-08-24,,03,06,01,00,01,,0,368275.37700000004,5032170.063,False,August,0,0,0,0,0,0,0,0,1,0,0,0,0,0,0,0,0,1,0
2018-08-31,12:57:00,03,04,01,01,01,01,0,383695.7486,5037954.574,False,August,1,0,0,0,0,0,0,0,0,1,0,0,0,0,0,0,0,1,0
2018-08-31,14:02:00,03,01,01,01,01,,0,368679.6861,5028714.886,False,August,0,0,0,0,0,0,0,0,1,0,0,0,0,0,0,0,0,1,0
2018-08-31,14:36:00,03,03,01,01,01,01,0,364275.69200000004,5027493.534,False,August,1,0,0,0,0,0,0,0,0,1,0,0,0,0,0,0,0,1,0
2018-08-31,14:41:00,02,03,01,01,01,01,0,368662.7173,5022311.494,False,August,1,0,0,0,0,0,0,0,0,1,0,0,0,0,0,0,0,1,0
2018-08-31,14:51:00,02,02,01,01,01,01,0,372007.7076,5034040.586,False,August,1,0,0,0,0,0,0,0,0,0,1,0,0,0,0,0,0,1,0
2018-08-31,14:55:00,03,03,01,01,01,,0,374965.0179,5031062.515,True,August,0,0,0,0,0,0,0,0,1,0,0,0,0,0,0,0,0,1,0
2018-08-31,15:18:00,02,05,01,01,01,01,0,369304.7164,5027894.553,False,August,1,0,0,0,0,0,0,0,0,0,1,0,0,0,0,0,0,1,0
2018-07-20,10:00:00,03,07,01,01,01,,0,352802.4443,5017230.704,False,July,0,0,0,0,0,0,0,0,0,0,0,1,0,0,0,0,0,1,0
2018-08-31,15:31:00,03,03,01,01,01,01,0,379617.7473,5033274.563,False,August,1,0,0,0,0,0,0,0,0,1,0,0,0,0,0,0,0,1,0
2018-08-31,15:35:00,02,07,01,01,01,01,1,352292.2136,5017139.576,False,August,1,0,0,0,0,0,0,0,0,1,0,0,0,0,0,0,0,1,0
2018-08-31,15:35:00,02,07,01,01,01,,0,392072.9415,5027527.225,False,August,0,0,0,0,0,0,0,0,1,0,0,0,0,0,0,0,0,1,0
2018-08-31,15:39:00,03,03,01,01,01,,0,370820.7957,5025669.085,False,August,0,0,0,0,0,0,0,0,1,0,0,0,0,0,0,0,0,1,0
2018-08-31,15:50:00,03,05,01,01,01,01,0,374626.7548,5017746.473999999,False,August,0,1,0,0,0,0,0,0,0,0,1,0,0,0,0,0,0,1,0
2018-08-31,15:57:00,03,07,01,01,01,01,0,366201.691,5009543.381,False,August,0,1,0,0,0,0,0,0,0,1,0,0,0,0,0,0,0,1,0
2018-08-31,16:05:00,03,03,01,01,01,,0,363930.1056,5014794.453,False,August,0,0,0,0,0,0,0,0,1,0,0,0,0,0,0,0,0,1,0
2018-08-31,16:13:00,02,05,01,01,01,,0,366082.8696,5021792.686000001,False,August,0,0,0,0,0,0,0,0,0,0,0,1,0,0,0,0,0,1,0
2018-08-31,16:36:00,03,03,01,01,01,01,0,367855.7095,5031012.574,False,August,1,0,0,0,0,0,0,0,0,1,0,0,0,0,0,0,0,1,0
2018-08-31,16:40:00,02,03,01,01,01,,0,376010.8651,5031690.206,False,August,0,0,0,0,0,0,0,0,1,0,0,0,0,0,0,0,0,1,0
2018-08-31,16:46:00,03,03,01,01,01,,0,366029.995,5008780.562,False,August,0,0,0,0,0,0,0,0,1,0,0,0,0,0,0,0,0,1,0
2018-08-31,16:48:00,03,03,01,01,01,,0,348610.895,5019663.771000001,False,August,0,0,0,0,0,0,0,0,1,0,0,0,0,0,0,0,0,1,0
2018-08-31,16:55:00,03,02,01,01,01,,0,365373.5563,5029406.356000001,False,August,0,0,0,0,0,0,0,0,0,0,0,1,0,0,0,0,0,1,0
2018-08-31,17:29:00,03,02,01,01,01,01,0,352993.5996,5012174.406,False,August,0,1,0,0,0,0,0,0,0,0,1,0,0,0,0,0,0,1,0
2018-08-31,19:04:00,03,03,01,01,01,01,0,368767.7103,5030525.567,False,August,1,0,0,0,0,0,0,0,0,1,0,0,0,0,0,0,0,1,0
2018-08-31,19:23:00,02,02,01,05,01,01,0,367489.70700000005,5029236.562,False,August,0,1,0,0,0,0,0,0,0,0,1,0,0,0,0,0,0,1,0
2018-08-31,21:38:00,02,02,01,07,01,,0,357328.8355,5019849.096,False,August,0,0,0,0,0,0,0,0,1,0,0,0,0,0,0,0,0,1,0
2018-08-31,21:50:00,03,07,01,07,01,,0,399856.9796,5029419.369,False,August,0,0,0,0,0,0,0,0,1,0,0,0,0,0,0,0,0,1,0
2018-09-01,03:26:00,03,03,01,07,01,01,0,365462.7012,5022298.499,False,September,1,0,0,0,0,0,0,0,0,1,0,0,0,0,0,1,0,0,0
2018-09-01,02:08:00,03,06,01,07,01,,0,368688.0524,5032119.328,False,September,0,0,0,0,0,0,0,0,1,0,0,0,0,0,0,1,0,0,0
2018-09-01,08:14:00,03,07,01,01,01,,0,345797.7485,5007776.381,False,September,0,0,0,0,0,0,0,0,1,0,0,0,0,0,0,1,0,0,0
2018-08-31,14:00:00,03,03,01,01,01,01,0,380940.7449,5036250.58,False,August,1,0,0,0,0,0,0,0,0,0,1,0,0,0,0,0,0,1,0
2018-09-01,09:45:00,03,03,01,01,01,,0,375532.4414,5021717.803,False,September,0,0,0,0,0,0,0,0,0,0,0,1,0,0,0,1,0,0,0
2018-09-01,11:42:00,03,03,01,01,01,,0,360357.9334,5023754.7360000005,True,September,0,0,0,0,0,0,0,0,1,0,0,0,0,0,0,1,0,0,0
2018-09-01,13:12:00,02,07,01,01,01,01,1,362073.0118,5025919.029,False,September,1,0,0,0,0,0,0,0,0,0,1,0,0,0,0,1,0,0,0
2018-09-01,13:33:00,02,07,01,01,01,,0,377497.3802,5016537.5,False,September,0,0,0,0,0,0,0,0,1,0,0,0,0,0,0,1,0,0,0
2018-09-01,14:17:00,03,06,01,01,01,,0,359722.5729,5023480.2930000005,False,September,0,0,0,0,0,0,0,0,0,0,0,1,0,0,0,1,0,0,0
2018-08-23,23:00:00,03,06,01,07,01,,0,364637.3384,5015565.066000001,False,August,0,0,0,0,0,0,0,0,1,0,0,0,0,0,0,0,0,1,0
2018-09-01,15:24:00,03,03,01,01,01,01,0,358137.6639,5021086.475,False,September,1,0,0,0,0,0,0,0,0,1,0,0,0,0,0,1,0,0,0
2018-08-30,19:40:00,03,03,01,01,01,01,0,364548.81,5015173.324,False,August,1,0,0,0,0,0,0,0,0,1,0,0,0,0,0,0,0,1,0
2018-09-01,15:56:00,03,05,01,01,01,01,0,366929.6626,5001817.306,False,September,0,1,0,0,0,0,0,0,0,0,1,0,0,0,0,1,0,0,0
2018-09-01,17:06:00,03,06,01,01,01,,0,366121.6338,5024846.3610000005,False,September,0,0,0,0,0,0,0,0,1,0,0,0,0,0,0,1,0,0,0