DATE,TIME,CLASS_OF_ACCIDENT,IMPACT_TYPE,ENVIRONMENT,LIGHT,ROAD_SURFACE_CONDITION,TRAFFIC_CONTROL_CONDITION,NO_OF_PEDESTRIANS,X,Y,Highway,Month,categorical_TRAFFIC_CONTROL_01,categorical_TRAFFIC_CONTROL_02,categorical_TRAFFIC_CONTROL_03,categorical_TRAFFIC_CONTROL_04,categorical_TRAFFIC_CONTROL_07,categorical_TRAFFIC_CONTROL_08,categorical_TRAFFIC_CONTROL_09,categorical_TRAFFIC_CONTROL_11,categorical_ACCIDENT_LOCATION_01,categorical_ACCIDENT_LOCATION_02,categorical_ACCIDENT_LOCATION_03,categorical_ACCIDENT_LOCATION_04,categorical_ACCIDENT_LOCATION_05,categorical_ACCIDENT_LOCATION_06,categorical_ACCIDENT_LOCATION_07,categorical_Seasons_Fall,categorical_Seasons_Spring,categorical_Seasons_Summer,categorical_Seasons_Winter
2018-09-01,17:47:00,02,07,01,01,01,01,1,383540.7632,5035988.565,False,September,1,0,0,0,0,0,0,0,0,0,1,0,0,0,0,1,0,0,0
2018-09-01,18:00:00,03,05,01,01,01,01,0,367663.7001,5033503.597,False,September,1,0,0,0,0,0,0,0,0,1,0,0,0,0,0,1,0,0,0
2018-09-01,18:29:00,02,07,01,01,01,,0,347191.7555,5028982.708000001,False,September,0,0,0,0,0,0,0,0,1,0,0,0,0,0,0,1,0,0,0
2018-09-01,23:45:00,03,06,01,07,01,,0,375251.3416,5020377.471,False,September,0,0,0,0,0,0,0,0,1,0,0,0,0,0,0,1,0,0,0
2018-09-02,00:19:00,02,03,01,07,01,01,0,368373.6021,5031798.286,False,September,1,0,0,0,0,0,0,0,0,1,0,0,0,0,0,1,0,0,0
2018-09-02,02:44:00,02,02,01,07,01,01,0,366768.6848,5030948.633,False,September,1,0,0,0,0,0,0,0,0,0,1,0,0,0,0,1,0,0,0
2018-09-02,09:58:00,03,07,01,01,01,01,0,367399.7816,5019166.534,False,September,1,0,0,0,0,0,0,0,0,1,0,0,0,0,0,1,0,0,0
2018-09-02,10:49:00,03,02,01,01,01,01,0,367687.7081,5028761.546,False,September,0,1,0,0,0,0,0,0,0,0,1,0,0,0,0,1,0,0,0
2018-09-02,11:00:00,03,03,01,01,01,01,0,370802.078,5031015.908,True,September,1,0,0,0,0,0,0,0,0,1,0,0,0,0,0,1,0,0,0
2018-09-01,23:00:00,03,06,01,07,01,,0,353196.4556,5018719.169,False,September,0,0,0,0,0,0,0,0,1,0,0,0,0,0,0,1,0,0,0
2018-09-02,14:21:00,03,03,01,01,01,,0,368543.7355,5031672.094,True,September,0,0,0,0,0,0,0,0,1,0,0,0,0,0,0,1,0,0,0
2018-09-02,14:32:00,03,03,02,01,02,01,0,364642.4291,5024227.768999999,False,September,1,0,0,0,0,0,0,0,0,1,0,0,0,0,0,1,0,0,0
2018-09-02,14:56:00,03,05,02,01,02,01,0,370540.8761,5025499.972,False,September,1,0,0,0,0,0,0,0,0,0,1,0,0,0,0,1,0,0,0
2018-09-02,15:08:00,03,02,01,01,01,01,0,360723.6749,5014675.715,False,September,0,0,0,0,0,0,0,1,0,1,0,0,0,0,0,1,0,0,0
2018-09-02,15:33:00,03,02,01,01,01,,0,360305.3985,5023882.001,False,September,0,0,0,0,0,0,0,0,0,0,0,1,0,0,0,1,0,0,0
2018-09-02,17:13:00,02,03,01,01,01,01,0,353827.5896,5018034.541999999,False,September,1,0,0,0,0,0,0,0,0,1,0,0,0,0,0,1,0,0,0
2018-09-02,17:57:00,03,03,01,01,01,01,0,363615.9252,5015523.049,False,September,1,0,0,0,0,0,0,0,0,1,0,0,0,0,0,1,0,0,0
2018-09-02,20:11:00,03,03,02,07,02,01,0,373763.7403,5025404.523,False,September,1,0,0,0,0,0,0,0,0,1,0,0,0,0,0,1,0,0,0
2018-09-02,20:13:00,03,02,01,07,01,01,0,370940.6282,5033037.692,False,September,0,1,0,0,0,0,0,0,0,0,1,0,0,0,0,1,0,0,0
2018-09-02,20:48:00,03,07,01,07,01,,0,377709.0891,4997859.442,False,September,0,0,0,0,0,0,0,0,1,0,0,0,0,0,0,1,0,0,0
2018-09-02,22:09:00,03,07,01,07,01,,0,344802.0279,5010515.006,False,September,0,0,0,0,0,0,0,0,1,0,0,0,0,0,0,1,0,0,0
2018-09-03,00:59:00,02,01,01,07,02,,0,369824.4232,5010966.364,False,September,0,0,0,0,0,0,0,0,1,0,0,0,0,0,0,1,0,0,0
2018-09-03,01:40:00,02,07,01,07,01,01,1,368109.0623,5027766.41,False,September,1,0,0,0,0,0,0,0,0,0,1,0,0,0,0,1,0,0,0
2018-09-03,09:20:00,02,03,01,01,01,01,0,359501.6562,5014636.413,False,September,1,0,0,0,0,0,0,0,0,1,0,0,0,0,0,1,0,0,0
2018-09-02,,03,06,01,00,01,,0,359609.7493,5023602.3889999995,False,September,0,0,0,0,0,0,0,0,1,0,0,0,0,0,0,1,0,0,0
2018-09-02,11:11:00,03,05,01,01,01,01,0,373205.7427,5023550.5139999995,False,September,1,0,0,0,0,0,0,0,0,0,1,0,0,0,0,1,0,0,0
2018-09-02,21:30:00,03,07,07,07,01,,0,385708.6257,5031844.221,False,September,0,0,0,0,0,0,0,0,1,0,0,0,0,0,0,1,0,0,0
2018-09-03,13:53:00,03,06,01,01,01,,0,365061.7691,5029469.726,False,September,0,0,0,0,0,0,0,0,1,0,0,0,0,0,0,1,0,0,0
2018-08-08,19:31:00,03,07,01,01,01,01,0,369499.7074,5010770.4,False,August,1,0,0,0,0,0,0,0,0,0,1,0,0,0,0,0,0,1,0
2018-09-04,07:10:00,03,06,01,01,01,,0,357911.6154,5022981.029,False,September,0,0,0,0,0,0,0,0,1,0,0,0,0,0,0,1,0,0,0
2018-08-27,06:04:00,03,07,07,03,01,,0,337697.0369,5017617.923,False,August,0,0,0,0,0,0,0,0,1,0,0,0,0,0,0,0,0,1,0
2018-08-16,14:21:00,02,02,01,01,01,01,0,384776.3378,5035179.102,False,August,0,1,0,0,0,0,0,0,0,0,1,0,0,0,0,0,0,1,0
2018-08-20,15:35:00,02,03,01,01,01,01,0,371210.7056,5034624.603,False,August,0,1,0,0,0,0,0,0,0,1,0,0,0,0,0,0,0,1,0
2018-08-08,21:13:00,03,02,02,07,02,01,0,373497.5853,5020419.261,False,August,1,0,0,0,0,0,0,0,0,0,1,0,0,0,0,0,0,1,0
2018-09-04,07:32:00,03,03,01,01,01,,0,375411.6397,5033307.356000001,False,September,0,0,0,0,0,0,0,0,1,0,0,0,0,0,0,1,0,0,0
2018-08-16,14:30:00,03,03,01,01,01,01,0,364548.8106,5015173.325,False,August,1,0,0,0,0,0,0,0,0,1,0,0,0,0,0,0,0,1,0
2018-08-16,14:40:00,03,03,01,01,01,01,0,366920.7051,5025322.525,False,August,1,0,0,0,0,0,0,0,0,0,1,0,0,0,0,0,0,1,0
2018-08-16,14:54:00,03,07,01,01,01,,0,375553.2753,5028943.826,True,August,0,0,0,0,0,0,0,0,1,0,0,0,0,0,0,0,0,1,0
2018-08-16,14:59:00,03,05,01,01,01,00,0,370521.6165,5029777.393999999,False,August,0,1,0,0,0,0,0,0,0,0,1,0,0,0,0,0,0,1,0
2018-08-16,15:12:00,03,03,01,01,01,,0,352530.2045,5017540.831,False,August,0,0,0,0,0,0,0,0,1,0,0,0,0,0,0,0,0,1,0
2018-08-16,12:00:00,03,06,01,01,01,,0,365012.9179,5029174.555,False,August,0,0,0,0,0,0,0,0,1,0,0,0,0,0,0,0,0,1,0
2018-08-09,11:55:00,02,05,01,01,01,01,0,368248.7015,5032823.589,False,August,1,0,0,0,0,0,0,0,0,0,1,0,0,0,0,0,0,1,0
2018-08-16,15:50:00,03,02,01,01,01,,0,371084.2063,5031827.134,False,August,0,0,0,0,0,0,0,0,0,0,0,1,0,0,0,0,0,1,0
2018-08-16,16:00:00,03,02,01,01,01,01,0,375047.7245,5031119.563999999,False,August,1,0,0,0,0,0,0,0,0,0,1,0,0,0,0,0,0,1,0
2018-08-16,13:25:00,03,03,01,01,01,01,0,375257.7349,5028784.538,False,August,1,0,0,0,0,0,0,0,0,1,0,0,0,0,0,0,0,1,0
2018-08-16,15:15:00,03,04,01,01,01,,0,370004.9938,5033026.968,False,August,0,0,0,0,0,0,0,0,1,0,0,0,0,0,0,0,0,1,0
2018-08-16,16:41:00,03,02,01,01,01,,0,369728.6203,5027299.615,False,August,0,0,0,0,0,0,0,0,1,0,0,0,0,0,0,0,0,1,0
2018-08-16,16:44:00,03,03,01,01,01,,0,359630.5887,5019508.114,True,August,0,0,0,0,0,0,0,0,1,0,0,0,0,0,0,0,0,1,0
2018-08-16,16:58:00,03,05,01,01,01,01,0,384351.85299999994,5039990.341,False,August,1,0,0,0,0,0,0,0,0,0,1,0,0,0,0,0,0,1,0
2018-08-16,17:08:00,03,02,01,01,01,01,0,373169.7058,5002763.346,False,August,0,1,0,0,0,0,0,0,0,0,1,0,0,0,0,0,0,1,0
2018-08-16,17:10:00,03,02,01,01,01,,0,383091.4801,5037939.37,False,August,0,0,0,0,0,0,0,0,1,0,0,0,0,0,0,0,0,1,0
2018-08-16,17:25:00,02,03,01,01,01,01,0,351414.6161,5021779.483,False,August,1,0,0,0,0,0,0,0,0,1,0,0,0,0,0,0,0,1,0
2018-08-16,17:44:00,03,04,01,01,01,,0,361917.2223,5025351.771000001,True,August,0,0,0,0,0,0,0,0,1,0,0,0,0,0,0,0,0,1,0
2018-08-16,18:06:00,03,04,01,01,01,01,0,373828.7222,5032800.577,False,August,1,0,0,0,0,0,0,0,0,1,0,0,0,0,0,0,0,1,0
2018-08-16,18:09:00,03,03,01,01,01,,0,383725.7279,5036065.521000001,False,August,0,0,0,0,0,0,0,0,1,0,0,0,0,0,0,0,0,1,0
2018-08-16,18:16:00,03,03,01,01,01,01,0,362888.6877,5023126.512,False,August,0,1,0,0,0,0,0,0,0,1,0,0,0,0,0,0,0,1,0
2018-08-16,20:45:00,03,02,01,07,01,01,0,366114.6961,5031292.581,False,August,0,1,0,0,0,0,0,0,0,0,1,0,0,0,0,0,0,1,0
2018-08-16,21:18:00,03,05,01,07,01,01,0,374573.7513,5023515.51,False,August,0,1,0,0,0,0,0,0,0,0,1,0,0,0,0,0,0,1,0
2018-08-16,21:45:00,03,03,01,07,01,01,0,381880.3104,5038346.399,False,August,1,0,0,0,0,0,0,0,0,0,1,0,0,0,0,0,0,1,0
2018-08-17,01:07:00,03,06,01,07,01,,0,384148.865,5034551.813,False,August,0,0,0,0,0,0,0,0,1,0,0,0,0,0,0,0,0,1,0
2018-08-17,07:14:00,03,05,01,01,01,01,0,362706.2413,5023492.801,False,August,1,0,0,0,0,0,0,0,0,0,1,0,0,0,0,0,0,1,0
2018-08-17,07:16:00,02,04,01,01,01,,1,374502.9279,5033195.771000001,False,August,0,0,0,0,0,0,0,0,1,0,0,0,0,0,0,0,0,1,0
2018-08-17,07:29:00,03,03,01,01,01,01,0,374507.7234,5033198.575,False,August,1,0,0,0,0,0,0,0,0,1,0,0,0,0,0,0,0,1,0
2018-08-17,08:04:00,03,02,01,01,01,01,0,381144.7915,5018038.472,False,August,0,1,0,0,0,0,0,0,0,0,1,0,0,0,0,0,0,1,0
2018-08-17,08:11:00,03,04,01,01,01,,0,368167.8181,5032297.613,False,August,0,0,0,0,0,0,0,0,1,0,0,0,0,0,0,0,0,1,0
2018-08-17,08:16:00,03,03,02,01,02,01,0,370363.7104,5031957.585,False,August,1,0,0,0,0,0,0,0,0,0,1,0,0,0,0,0,0,1,0
2018-08-17,09:20:00,02,02,02,01,02,01,0,365822.6968,5029151.544,False,August,0,1,0,0,0,0,0,0,0,1,0,0,0,0,0,0,0,1,0
2018-08-17,06:15:00,03,03,01,03,02,01,0,377038.7615,5022709.502,False,August,1,0,0,0,0,0,0,0,0,1,0,0,0,0,0,0,0,1,0
2018-08-17,10:04:00,03,05,02,01,02,01,0,354467.6382,5015279.886,False,August,0,1,0,0,0,0,0,0,0,0,1,0,0,0,0,0,0,1,0
2018-08-17,10:16:00,03,05,02,01,02,01,0,367244.6996,5030644.568,False,August,0,1,0,0,0,0,0,0,0,1,0,0,0,0,0,0,0,1,0
2018-08-17,,03,06,00,00,00,,0,350381.6905,5014200.192,False,August,0,0,0,0,0,0,0,0,1,0,0,0,0,0,0,0,0,1,0
2018-08-16,21:00:00,03,05,01,07,01,01,0,375357.7542,5021619.4969999995,False,August,1,0,0,0,0,0,0,0,0,1,0,0,0,0,0,0,0,1,0
2018-08-17,10:38:00,03,05,01,01,02,01,0,363520.6909,5026850.541999999,False,August,1,0,0,0,0,0,0,0,0,0,1,0,0,0,0,0,0,1,0
2018-08-17,10:59:00,02,02,07,01,02,01,0,368128.705,5032748.5819999995,False,August,1,0,0,0,0,0,0,0,0,0,1,0,0,0,0,0,0,1,0
2018-08-17,11:29:00,03,03,02,01,02,01,0,371921.719,5032887.575,False,August,1,0,0,0,0,0,0,0,0,1,0,0,0,0,0,0,0,1,0
2018-08-17,12:25:00,03,03,02,01,02,01,0,359372.6849,5023368.526000001,False,August,1,0,0,0,0,0,0,0,0,1,0,0,0,0,0,0,0,1,0
2018-08-16,12:28:00,03,03,01,01,01,01,0,360752.2246,5014962.154,False,August,1,0,0,0,0,0,0,0,0,1,0,0,0,0,0,0,0,1,0
2018-08-17,13:15:00,02,07,02,01,02,,0,374945.5669,5032932.204,False,August,0,0,0,0,0,0,0,0,1,0,0,0,0,0,0,0,0,1,0
2018-08-17,13:41:00,03,03,01,01,01,,0,370618.4496,5025257.137,False,August,0,0,0,0,0,0,0,0,1,0,0,0,0,0,0,0,0,1,0
2018-08-17,15:45:00,03,05,02,01,02,,0,375893.8179,5014796.307,False,August,0,0,0,0,0,0,0,0,1,0,0,0,0,0,0,0,0,1,0
2018-08-17,14:13:00,03,03,01,01,01,,0,370840.1234,5024868.08,False,August,0,0,0,0,0,0,0,0,1,0,0,0,0,0,0,0,0,1,0
2018-08-17,15:43:00,03,03,01,01,01,01,0,352344.5641,5002194.3319999995,False,August,0,1,0,0,0,0,0,0,0,1,0,0,0,0,0,0,0,1,0
2018-08-17,15:45:00,03,02,02,01,02,01,0,377187.3248,5032175.8,False,August,1,0,0,0,0,0,0,0,0,1,0,0,0,0,0,0,0,1,0
2018-08-17,16:09:00,03,03,01,01,02,01,0,381420.7472,5036060.572,False,August,1,0,0,0,0,0,0,0,0,1,0,0,0,0,0,0,0,1,0
2018-08-17,16:29:00,02,05,01,01,01,01,0,366307.6712,5030127.592,False,August,1,0,0,0,0,0,0,0,0,0,1,0,0,0,0,0,0,1,0
2018-08-17,17:02:00,03,03,01,01,01,01,0,369499.7079,5010770.399,False,August,1,0,0,0,0,0,0,0,0,1,0,0,0,0,0,0,0,1,0
2018-08-17,17:23:00,02,03,01,01,01,01,0,352841.6247,5020476.467,True,August,1,0,0,0,0,0,0,0,0,1,0,0,0,0,0,0,0,1,0
2018-08-17,17:59:00,03,04,01,01,01,,0,367675.6364,5030209.39,False,August,0,0,0,0,0,0,0,0,1,0,0,0,0,0,0,0,0,1,0
2018-08-17,20:51:00,03,06,01,07,01,,0,372279.1286,5025348.733,False,August,0,0,0,0,0,0,0,0,1,0,0,0,0,0,0,0,0,1,0
2018-08-17,22:02:00,03,07,01,07,01,,0,392260.4689,5042740.365,False,August,0,0,0,0,0,0,0,0,1,0,0,0,0,0,0,0,0,1,0
2018-08-18,00:53:00,02,07,01,07,01,,0,376112.3148,5012523.57,False,August,0,0,0,0,0,0,0,0,1,0,0,0,0,0,0,0,0,1,0
2018-08-18,02:09:00,03,02,03,07,03,01,0,377767.7482,5031503.561000001,False,August,0,0,0,0,0,0,0,1,0,0,1,0,0,0,0,0,0,1,0
2018-08-18,05:38:00,02,02,01,03,01,01,0,365054.6958,5025325.515,False,August,1,0,0,0,0,0,0,0,0,0,1,0,0,0,0,0,0,1,0
2018-08-18,10:32:00,02,02,01,01,01,01,0,375697.7256,5001000.327,False,August,0,1,0,0,0,0,0,0,0,0,1,0,0,0,0,0,0,1,0
2018-08-17,21:30:00,03,07,01,07,01,,0,375173.2864,5031201.868,False,August,0,0,0,0,0,0,0,0,1,0,0,0,0,0,0,0,0,1,0
2018-08-18,11:53:00,03,02,01,01,01,01,0,360072.6704,5024471.512,False,August,1,0,0,0,0,0,0,0,0,0,1,0,0,0,0,0,0,1,0
2018-08-18,11:50:00,03,06,01,01,01,,0,381794.763,5032556.656,False,August,0,0,0,0,0,0,0,0,1,0,0,0,0,0,0,0,0,1,0
2018-08-18,13:18:00,02,05,01,01,01,01,0,367803.0121,5021886.703,False,August,1,0,0,0,0,0,0,0,0,0,1,0,0,0,0,0,0,1,0
2018-08-18,14:01:00,03,03,01,01,01,,0,362019.3354,5025097.73,True,August,0,0,0,0,0,0,0,0,0,0,0,1,0,0,0,0,0,1,0
2018-08-11,15:40:00,03,04,01,01,01,01,0,364381.8668,5012332.277,False,August,0,1,0,0,0,0,0,0,0,1,0,0,0,0,0,0,0,1,0
2018-08-18,15:46:00,03,02,01,01,01,,0,363262.7403,5027662.515,False,August,0,0,0,0,0,0,0,0,0,0,0,1,0,0,0,0,0,1,0
2018-08-18,17:08:00,03,02,01,01,01,01,0,385350.7659,5037697.569,False,August,0,1,0,0,0,0,0,0,0,0,1,0,0,0,0,0,0,1,0
2018-08-18,17:55:00,03,04,01,01,01,01,0,375578.735,5031439.555,False,August,1,0,0,0,0,0,0,0,0,0,1,0,0,0,0,0,0,1,0
2018-08-18,18:37:00,03,03,01,01,01,01,0,382637.7535,5035567.554,False,August,1,0,0,0,0,0,0,0,0,1,0,0,0,0,0,0,0,1,0
2018-08-18,20:35:00,03,05,01,07,01,01,0,364631.8301,5014953.584,False,August,1,0,0,0,0,0,0,0,0,0,1,0,0,0,0,0,0,1,0
2018-08-18,22:29:00,03,04,01,07,01,,0,369254.2881,5027837.8780000005,False,August,0,0,0,0,0,0,0,0,1,0,0,0,0,0,0,0,0,1,0
2018-08-19,00:26:00,03,07,01,07,01,01,0,348795.2,5022408.413,False,August,1,0,0,0,0,0,0,0,0,1,0,0,0,0,0,0,0,1,0
2018-08-19,00:29:00,03,07,01,07,01,,0,361818.3808,5013667.138,False,August,0,0,0,0,0,0,0,0,1,0,0,0,0,0,0,0,0,1,0
2018-08-14,04:00:00,03,07,07,07,02,,0,350439.9362,5009897.489,False,August,0,0,0,0,0,0,0,0,1,0,0,0,0,0,0,0,0,1,0
2018-08-19,12:14:00,03,05,01,01,01,01,0,371445.7168,5032824.578,False,August,1,0,0,0,0,0,0,0,0,0,1,0,0,0,0,0,0,1,0
2018-08-18,,03,06,01,00,01,,0,368066.3068,5030672.813999999,False,August,0,0,0,0,0,0,0,0,1,0,0,0,0,0,0,0,0,1,0
2018-08-19,13:50:00,03,03,01,01,01,,0,373380.0916,5029437.609,False,August,0,0,0,0,0,0,0,0,1,0,0,0,0,0,0,0,0,1,0
2018-08-19,13:58:00,03,01,01,01,01,,0,374601.8727,5028717.801,False,August,0,0,0,0,0,0,0,0,1,0,0,0,0,0,0,0,0,1,0
2018-08-19,14:13:00,03,04,01,01,01,01,0,363163.6862,5028629.554,False,August,0,1,0,0,0,0,0,0,0,1,0,0,0,0,0,0,0,1,0
2018-08-19,15:49:00,03,06,01,01,01,,0,368284.6098,5029678.013,False,August,0,0,0,0,0,0,0,0,1,0,0,0,0,0,0,0,0,1,0
2018-08-19,15:40:00,03,02,01,01,01,01,0,363194.6838,5022397.492,False,August,1,0,0,0,0,0,0,0,0,1,0,0,0,0,0,0,0,1,0
2018-08-19,16:18:00,03,02,01,01,01,01,0,369225.7153,5027983.546,False,August,1,0,0,0,0,0,0,0,0,0,1,0,0,0,0,0,0,1,0
2018-08-19,16:37:00,02,07,01,01,01,,0,357620.9325,5020775.824,False,August,0,0,0,0,0,0,0,0,1,0,0,0,0,0,0,0,0,1,0
2018-08-19,16:42:00,02,04,01,01,01,,0,368811.6272,5028422.897,False,August,0,0,0,0,0,0,0,0,1,0,0,0,0,0,0,0,0,1,0
2018-08-19,16:30:00,03,02,01,01,01,,0,380654.3163,5033682.169,False,August,0,0,0,0,0,0,0,0,0,0,0,1,0,0,0,0,0,1,0
2018-08-19,19:30:00,02,03,01,01,01,01,0,372106.7287,5023740.502,False,August,1,0,0,0,0,0,0,0,0,1,0,0,0,0,0,0,0,1,0
2018-08-19,20:06:00,03,06,01,05,01,,0,383294.1019,5038230.653,False,August,0,0,0,0,0,0,0,0,1,0,0,0,0,0,0,0,0,1,0
2018-08-27,06:10:00,03,07,01,03,01,,0,352926.8591,5012251.178,False,August,0,0,0,0,0,0,0,0,1,0,0,0,0,0,0,0,0,1,0
2018-08-08,21:20:00,03,04,01,07,01,,0,361276.5654,5025417.26,False,August,0,0,0,0,0,0,0,0,1,0,0,0,0,0,0,0,0,1,0
2018-08-20,16:21:00,03,03,01,01,01,01,0,360496.6768,5024942.518999999,False,August,1,0,0,0,0,0,0,0,0,1,0,0,0,0,0,0,0,1,0
2018-08-27,08:12:00,03,07,01,01,01,,0,360357.9369,5005454.962,False,August,0,0,0,0,0,0,0,0,1,0,0,0,0,0,0,0,0,1,0
2018-09-04,07:38:00,03,05,01,01,01,01,0,360496.6767,5024942.518999999,False,September,1,0,0,0,0,0,0,0,0,0,1,0,0,0,0,1,0,0,0
2018-08-09,08:30:00,03,01,01,01,01,,0,356514.282,5023714.952,False,August,0,0,0,0,0,0,0,0,1,0,0,0,0,0,0,0,0,1,0
2018-08-20,14:55:00,03,03,01,01,01,01,0,369547.7208,5026786.536,False,August,1,0,0,0,0,0,0,0,0,1,0,0,0,0,0,0,0,1,0
2018-08-27,08:34:00,03,05,01,01,01,01,0,368315.9334,5032191.978,False,August,1,0,0,0,0,0,0,0,0,0,1,0,0,0,0,0,0,1,0
2018-09-04,08:16:00,03,05,01,01,01,01,0,370466.7023,5032942.706,False,September,0,1,0,0,0,0,0,0,0,0,1,0,0,0,0,1,0,0,0
2018-08-09,08:42:00,03,06,01,01,01,,0,366579.8398,5014886.459,False,August,0,0,0,0,0,0,0,0,1,0,0,0,0,0,0,0,0,1,0
2018-08-20,16:28:00,02,04,01,01,01,,0,376412.4233,5031915.232,False,August,0,0,0,0,0,0,0,0,1,0,0,0,0,0,0,0,0,1,0
2018-08-27,08:42:00,03,07,01,01,01,01,0,371685.9544,5030539.478999999,False,August,1,0,0,0,0,0,0,0,0,0,1,0,0,0,0,0,0,1,0
2018-09-04,08:23:00,02,03,01,01,01,01,0,350651.0189,5016352.762,False,September,0,1,0,0,0,0,0,0,0,1,0,0,0,0,0,1,0,0,0
2018-09-04,08:30:00,03,04,01,01,01,01,0,363775.6956,5027013.537,False,September,1,0,0,0,0,0,0,0,0,1,0,0,0,0,0,1,0,0,0
2018-09-04,08:15:00,02,03,01,01,01,01,0,373110.7141,5032376.586,False,September,1,0,0,0,0,0,0,0,0,1,0,0,0,0,0,1,0,0,0
2018-09-04,09:07:00,03,03,01,01,01,01,0,364480.5882,5015294.216,False,September,0,1,0,0,0,0,0,0,0,1,0,0,0,0,0,1,0,0,0
2018-09-04,07:45:00,03,03,01,01,01,01,0,370439.7192,5029581.556,False,September,0,1,0,0,0,0,0,0,0,1,0,0,0,0,0,1,0,0,0
2018-09-04,09:24:00,02,05,01,01,01,01,0,381870.7504,5035883.574,False,September,1,0,0,0,0,0,0,0,0,0,1,0,0,0,0,1,0,0,0
2018-09-04,09:24:00,02,03,01,01,01,01,0,370697.7172,5030198.555,False,September,0,1,0,0,0,0,0,0,0,1,0,0,0,0,0,1,0,0,0
2018-09-04,09:23:00,03,04,01,01,01,,0,359182.8534,5023595.345,False,September,0,0,0,0,0,0,0,0,1,0,0,0,0,0,0,1,0,0,0
2018-09-04,09:40:00,03,03,01,01,01,01,0,361288.4381,5014584.958000001,False,September,1,0,0,0,0,0,0,0,0,1,0,0,0,0,0,1,0,0,0
2018-09-04,09:56:00,03,03,01,01,01,01,0,367385.6261,5031423.588,False,September,1,0,0,0,0,0,0,0,0,1,0,0,0,0,0,1,0,0,0
2018-08-31,,03,06,01,00,01,,0,372006.8796,5033356.638,False,August,0,0,0,0,0,0,0,0,1,0,0,0,0,0,0,0,0,1,0
2018-09-02,12:30:00,03,06,01,01,01,,0,371092.5867,5026057.625,False,September,0,0,0,0,0,0,0,0,0,0,0,1,0,0,0,1,0,0,0
2018-09-04,10:53:00,03,03,01,01,01,01,0,360325.6789,5024900.5139999995,False,September,1,0,0,0,0,0,0,0,0,1,0,0,0,0,0,1,0,0,0
2018-08-31,13:30:00,03,04,01,01,01,01,0,384682.7535,5039285.5819999995,False,August,0,0,0,0,0,0,0,1,0,0,1,0,0,0,0,0,0,1,0
2018-09-04,11:40:00,02,07,01,01,01,,1,372696.9453,5030080.981000001,False,September,0,0,0,0,0,0,0,0,0,0,0,1,0,0,0,1,0,0,0
2018-09-04,12:02:00,03,03,01,01,01,01,0,364008.3558,5014602.188999999,False,September,1,0,0,0,0,0,0,0,0,1,0,0,0,0,0,1,0,0,0
2018-09-04,12:03:00,02,02,01,01,01,01,0,360698.6775,5025069.5819999995,False,September,0,1,0,0,0,0,0,0,0,1,0,0,0,0,0,1,0,0,0
2018-09-04,12:35:00,02,07,01,01,01,01,1,368454.2688,5031858.888,False,September,1,0,0,0,0,0,0,0,0,0,1,0,0,0,0,1,0,0,0
2018-09-04,12:50:00,02,05,01,01,01,01,0,367153.6485,5031068.627,False,September,1,0,0,0,0,0,0,0,0,0,1,0,0,0,0,1,0,0,0
2018-09-04,13:07:00,02,03,01,01,01,,0,371680.2501,5026743.84,False,September,0,0,0,0,0,0,0,0,1,0,0,0,0,0,0,1,0,0,0
2018-09-04,,03,06,01,00,01,,0,366820.1394,5014910.029,False,September,0,0,0,0,0,0,0,0,1,0,0,0,0,0,0,1,0,0,0
2018-09-04,13:55:00,03,07,01,01,01,,0,360554.9642,5020036.452,False,September,0,0,0,0,0,0,0,0,1,0,0,0,0,0,0,1,0,0,0
2018-09-04,08:00:00,03,06,01,01,01,,0,355563.0822,5015232.008,False,September,0,0,0,0,0,0,0,0,1,0,0,0,0,0,0,1,0,0,0
2018-09-04,14:32:00,03,03,01,01,01,01,0,359372.6858,5023368.526000001,False,September,1,0,0,0,0,0,0,0,0,0,1,0,0,0,0,1,0,0,0
2018-09-04,15:00:00,03,04,01,01,01,,0,367592.8956,5028987.848999999,False,September,0,0,0,0,0,0,0,0,1,0,0,0,0,0,0,1,0,0,0
2018-09-04,10:50:00,03,02,01,01,01,,0,368711.2249,5009947.803,False,September,0,0,0,0,0,0,0,0,0,0,0,1,0,0,0,1,0,0,0
2018-09-04,15:00:00,03,05,01,01,01,,0,350281.8489,5015481.522,False,September,0,0,0,0,0,0,0,0,0,0,0,1,0,0,0,1,0,0,0
2018-09-04,15:55:00,03,03,01,01,01,01,0,364521.6982,5024507.526000001,False,September,1,0,0,0,0,0,0,0,0,1,0,0,0,0,0,1,0,0,0
2018-09-04,16:23:00,03,03,01,01,01,01,0,370248.0734,5026200.765,False,September,1,0,0,0,0,0,0,0,0,1,0,0,0,0,0,1,0,0,0
2018-09-04,16:45:00,03,06,01,01,01,01,0,368719.7132,5031903.58,False,September,0,1,0,0,0,0,0,0,0,1,0,0,0,0,0,1,0,0,0
2018-09-04,17:02:00,02,03,01,01,01,01,0,363419.6903,5021826.487,False,September,1,0,0,0,0,0,0,0,0,1,0,0,0,0,0,1,0,0,0