DATE,TIME,CLASS_OF_ACCIDENT,IMPACT_TYPE,ENVIRONMENT,LIGHT,ROAD_SURFACE_CONDITION,TRAFFIC_CONTROL_CONDITION,NO_OF_PEDESTRIANS,X,Y,Highway,Month,categorical_TRAFFIC_CONTROL_01,categorical_TRAFFIC_CONTROL_02,categorical_TRAFFIC_CONTROL_03,categorical_TRAFFIC_CONTROL_04,categorical_TRAFFIC_CONTROL_07,categorical_TRAFFIC_CONTROL_08,categorical_TRAFFIC_CONTROL_09,categorical_TRAFFIC_CONTROL_11,categorical_ACCIDENT_LOCATION_01,categorical_ACCIDENT_LOCATION_02,categorical_ACCIDENT_LOCATION_03,categorical_ACCIDENT_LOCATION_04,categorical_ACCIDENT_LOCATION_05,categorical_ACCIDENT_LOCATION_06,categorical_ACCIDENT_LOCATION_07,categorical_Seasons_Fall,categorical_Seasons_Spring,categorical_Seasons_Summer,categorical_Seasons_Winter
2018-09-04,17:17:00,03,05,01,01,01,01,0,368185.7086,5032111.58,False,September,1,0,0,0,0,0,0,0,0,1,0,0,0,0,0,1,0,0,0
2018-09-04,08:50:00,03,06,01,01,01,01,0,366592.7025,5030254.571,False,September,1,0,0,0,0,0,0,0,0,1,0,0,0,0,0,1,0,0,0
2018-09-04,18:10:00,03,0,01,01,01,,0,360377.6772,5023310.511,True,September,0,0,0,0,0,0,0,0,0,1,0,0,0,0,0,1,0,0,0
2018-09-04,19:25:00,03,03,02,05,02,01,0,368036.7024,5021945.498,False,September,1,0,0,0,0,0,0,0,0,1,0,0,0,0,0,1,0,0,0
2018-09-05,00:20:00,03,02,01,07,01,01,0,368282.8067,5032274.678,False,September,1,0,0,0,0,0,0,0,0,1,0,0,0,0,0,1,0,0,0
2018-09-05,06:54:00,03,04,01,01,01,,0,357157.0533,5020254.141,False,September,0,0,0,0,0,0,0,0,1,0,0,0,0,0,0,1,0,0,0
2018-09-05,07:30:00,02,03,01,01,01,,0,366934.5369,5018871.82,False,September,0,0,0,0,0,0,0,0,1,0,0,0,0,0,0,1,0,0,0
2018-09-05,07:53:00,03,03,01,01,01,01,0,369431.7412,5029532.493,False,September,1,0,0,0,0,0,0,0,0,1,0,0,0,0,0,1,0,0,0
2018-09-05,07:53:00,03,04,01,01,01,,0,369101.4814,5030510.839,False,September,0,0,0,0,0,0,0,0,1,0,0,0,0,0,0,1,0,0,0
2018-09-05,08:09:00,02,03,01,01,01,,0,383326.035,5034522.562,False,September,0,0,0,0,0,0,0,0,1,0,0,0,0,0,0,1,0,0,0
2018-09-05,08:46:00,03,03,01,01,01,01,0,363775.5898,5027013.482,False,September,1,0,0,0,0,0,0,0,0,1,0,0,0,0,0,1,0,0,0
2018-09-05,09:40:00,03,04,01,01,01,,0,360327.3979,5024902.412,False,September,0,0,0,0,0,0,0,0,1,0,0,0,0,0,0,1,0,0,0
2018-09-05,08:45:00,03,03,01,01,01,01,0,363176.6685,5016506.507,False,September,1,0,0,0,0,0,0,0,0,1,0,0,0,0,0,1,0,0,0
2018-09-04,,03,06,01,00,01,,0,364534.6918,5027133.143999999,False,September,0,0,0,0,0,0,0,0,1,0,0,0,0,0,0,1,0,0,0
2018-09-05,11:28:00,03,06,01,01,01,,0,348844.4,5020209.7,False,September,0,0,0,0,0,0,0,0,1,0,0,0,0,0,0,1,0,0,0
2018-09-05,11:44:00,02,03,01,01,01,,0,364960.287,5025198.38,False,September,0,0,0,0,0,0,0,0,0,0,0,1,0,0,0,1,0,0,0
2018-09-05,11:48:00,03,03,01,01,01,01,0,374634.7313,5032991.575,False,September,1,0,0,0,0,0,0,0,0,1,0,0,0,0,0,1,0,0,0
2018-09-05,12:15:00,03,04,01,01,01,01,0,363303.69399999996,5026716.54,False,September,0,1,0,0,0,0,0,0,0,0,1,0,0,0,0,1,0,0,0
2018-09-05,13:33:00,03,03,01,01,01,01,0,373110.7736,5032376.679,False,September,1,0,0,0,0,0,0,0,0,1,0,0,0,0,0,1,0,0,0
2018-09-05,15:14:00,03,04,01,01,01,,0,368087.8568,5030176.127,False,September,0,0,0,0,0,0,0,0,1,0,0,0,0,0,0,1,0,0,0
2018-09-05,15:48:00,03,03,01,01,01,01,0,386566.7717,5037273.556,False,September,1,0,0,0,0,0,0,0,0,1,0,0,0,0,0,1,0,0,0
2018-09-05,16:01:00,03,03,02,01,02,,0,371685.0793,5032851.62,False,September,0,0,0,0,0,0,0,0,1,0,0,0,0,0,0,1,0,0,0
2018-09-05,16:05:00,03,03,02,01,02,01,0,361229.6787,5022960.4969999995,False,September,0,1,0,0,0,0,0,0,0,1,0,0,0,0,0,1,0,0,0
2018-09-05,16:15:00,03,07,02,01,02,,0,390849.80700000003,5042769.252,False,September,0,0,0,0,0,0,0,0,1,0,0,0,0,0,0,1,0,0,0
2018-09-05,16:43:00,03,07,01,01,08,,0,388671.0387,5036067.263,False,September,0,0,0,0,0,0,0,0,1,0,0,0,0,0,0,1,0,0,0
2018-09-05,16:47:00,02,05,01,01,01,01,0,366829.7097,5028935.553,False,September,1,0,0,0,0,0,0,0,0,0,1,0,0,0,0,1,0,0,0
2018-09-05,16:51:00,03,02,01,01,01,,0,367276.5094,5025863.02,False,September,0,0,0,0,0,0,0,0,0,0,0,1,0,0,0,1,0,0,0
2018-09-05,16:45:00,03,04,01,01,01,01,0,367366.7003,5030716.565,False,September,1,0,0,0,0,0,0,0,0,0,1,0,0,0,0,1,0,0,0
2018-09-05,17:04:00,03,04,01,01,01,,0,367386.1127,5021503.429,False,September,0,0,0,0,0,0,0,0,1,0,0,0,0,0,0,1,0,0,0
2018-09-05,17:18:00,03,03,01,01,01,01,0,374147.7254,5030666.561000001,False,September,1,0,0,0,0,0,0,0,0,0,1,0,0,0,0,1,0,0,0
2018-09-05,17:15:00,03,02,02,01,02,02,0,381420.7468,5036060.571,False,September,1,0,0,0,0,0,0,0,0,0,1,0,0,0,0,1,0,0,0
2018-09-05,17:30:00,03,02,01,01,01,,0,363920.1466,5014776.801,False,September,0,0,0,0,0,0,0,0,0,0,0,1,0,0,0,1,0,0,0
2018-09-05,17:28:00,03,04,01,01,01,01,0,368448.7214,5030399.601,True,September,1,0,0,0,0,0,0,0,0,1,0,0,0,0,0,1,0,0,0
2018-09-05,17:47:00,03,03,02,01,02,01,0,356249.6519,5023062.4969999995,False,September,1,0,0,0,0,0,0,0,0,1,0,0,0,0,0,1,0,0,0
2018-09-05,18:00:00,03,03,01,01,02,,0,361951.7039,5025841.416999999,False,September,0,0,0,0,0,0,0,0,1,0,0,0,0,0,0,1,0,0,0
2018-09-05,18:13:00,02,03,02,01,02,01,0,352037.7126,5022300.521000001,False,September,1,0,0,0,0,0,0,0,0,1,0,0,0,0,0,1,0,0,0
2018-09-05,22:02:00,03,05,01,07,01,01,0,379617.723,5033274.584,False,September,1,0,0,0,0,0,0,0,0,0,1,0,0,0,0,1,0,0,0
2018-09-05,18:38:00,02,03,02,01,02,01,0,352993.9444,5016304.833000001,False,September,1,0,0,0,0,0,0,0,0,1,0,0,0,0,0,1,0,0,0
2018-09-05,19:46:00,03,02,01,05,01,,0,346283.1796,5017228.596,False,September,0,0,0,0,0,0,0,0,0,0,0,1,0,0,0,1,0,0,0
2018-09-05,20:03:00,03,02,01,07,01,01,0,352841.6249,5020476.467,True,September,1,0,0,0,0,0,0,0,0,0,1,0,0,0,0,1,0,0,0
2018-09-05,21:08:00,02,07,01,07,02,,1,370280.7886,5032417.799,False,September,0,0,0,0,0,0,0,0,1,0,0,0,0,0,0,1,0,0,0
2018-09-06,06:16:00,02,05,01,03,01,01,0,369777.6762,5022897.478999999,False,September,1,0,0,0,0,0,0,0,0,0,1,0,0,0,0,1,0,0,0
2018-09-06,07:15:00,03,06,01,03,01,,0,363754.2189,5024783.385,False,September,0,0,0,0,0,0,0,0,0,0,0,1,0,0,0,1,0,0,0
2018-09-06,07:41:00,03,03,01,01,02,01,0,375399.7292,5031874.567,False,September,1,0,0,0,0,0,0,0,0,1,0,0,0,0,0,1,0,0,0
2018-09-05,16:30:00,03,05,01,01,01,01,0,361293.6771,5026219.521000001,False,September,1,0,0,0,0,0,0,0,0,0,1,0,0,0,0,1,0,0,0
2018-09-06,08:23:00,02,03,01,01,01,,0,376419.8895,5034916.29,False,September,0,0,0,0,0,0,0,0,1,0,0,0,0,0,0,1,0,0,0
2018-09-06,08:15:00,03,04,01,01,01,01,0,373110.7141,5032376.586,False,September,1,0,0,0,0,0,0,0,0,1,0,0,0,0,0,1,0,0,0
2018-09-06,09:09:00,03,02,01,01,01,,0,356979.8488,5020404.927,False,September,0,0,0,0,0,0,0,0,1,0,0,0,0,0,0,1,0,0,0
2018-09-06,09:09:00,03,03,01,01,01,,0,369263.9669,5029940.125,False,September,0,0,0,0,0,0,0,0,1,0,0,0,0,0,0,1,0,0,0
2018-09-06,09:41:00,02,05,01,01,01,,0,372037.4648,5032612.505,False,September,0,0,0,0,0,0,0,0,1,0,0,0,0,0,0,1,0,0,0
2018-09-06,09:49:00,03,04,01,01,01,01,0,367922.7103,5028091.548,False,September,1,0,0,0,0,0,0,0,0,1,0,0,0,0,0,1,0,0,0
2018-09-06,,03,06,01,00,01,,0,366815.5915,5029325.265,False,September,0,0,0,0,0,0,0,0,1,0,0,0,0,0,0,1,0,0,0
2018-09-06,11:49:00,03,06,01,01,01,,0,364329.6153,5015206.834,False,September,0,0,0,0,0,0,0,0,1,0,0,0,0,0,0,1,0,0,0
2018-09-06,12:26:00,03,03,01,01,01,,0,362149.6966,5024771.521000001,True,September,0,0,0,0,0,0,0,0,0,1,0,0,0,0,0,1,0,0,0
2018-09-06,13:20:00,03,02,01,01,01,01,0,381544.7359,5037641.595,False,September,0,1,0,0,0,0,0,0,0,0,1,0,0,0,0,1,0,0,0
2018-09-06,14:52:00,03,05,01,01,01,,0,371758.6353,5012162.603,False,September,0,0,0,0,0,0,0,0,1,0,0,0,0,0,0,1,0,0,0
2018-09-06,15:49:00,02,03,01,01,01,01,0,366414.7043,5024944.518,False,September,0,1,0,0,0,0,0,0,0,1,0,0,0,0,0,1,0,0,0
2018-08-09,09:12:00,02,03,01,01,01,,0,353445.3296,5015773.025,False,August,0,0,0,0,0,0,0,0,1,0,0,0,0,0,0,0,0,1,0
2018-08-20,16:55:00,02,05,01,01,01,01,0,370156.7266,5023121.493,False,August,1,0,0,0,0,0,0,0,0,0,1,0,0,0,0,0,0,1,0
2018-08-20,16:58:00,02,02,01,01,01,01,0,373145.7281,5028668.558,False,August,0,1,0,0,0,0,0,0,0,0,1,0,0,0,0,0,0,1,0
2018-08-27,08:52:00,03,0,01,01,01,01,0,365771.987,5021559.231000001,False,August,1,0,0,0,0,0,0,0,0,1,0,0,0,0,0,0,0,1,0
2018-08-09,09:19:00,02,05,01,01,01,01,0,350489.6082,5022710.5030000005,False,August,1,0,0,0,0,0,0,0,0,1,0,0,0,0,0,0,0,1,0
2018-08-20,17:00:00,02,05,01,01,01,01,0,372748.7206,5032170.586,False,August,1,0,0,0,0,0,0,0,0,0,1,0,0,0,0,0,0,1,0
2018-08-25,19:00:00,03,06,01,01,02,,0,354685.167,5015691.802,False,August,0,0,0,0,0,0,0,0,1,0,0,0,0,0,0,0,0,1,0
2018-08-09,10:03:00,03,03,01,01,01,01,0,367175.2895,5014824.191000001,False,August,1,0,0,0,0,0,0,0,0,1,0,0,0,0,0,0,0,1,0
2018-08-14,17:05:00,03,0,01,01,01,,0,368832.0812,5032090.858,False,August,0,0,0,0,0,0,0,0,0,0,0,1,0,0,0,0,0,1,0
2018-08-27,11:28:00,02,03,01,01,01,01,0,362888.6872,5023126.513,False,August,0,1,0,0,0,0,0,0,0,1,0,0,0,0,0,0,0,1,0
2018-08-08,,03,06,02,00,02,,0,360073.7194,5022378.433999999,False,August,0,0,0,0,0,0,0,0,1,0,0,0,0,0,0,0,0,1,0
2018-08-09,11:15:00,03,04,01,01,01,01,0,363180.6869,5026638.541999999,False,August,1,0,0,0,0,0,0,0,0,1,0,0,0,0,0,0,0,1,0
2018-08-09,11:22:00,03,05,01,01,01,01,0,369937.5658,5029316.745,False,August,1,0,0,0,0,0,0,0,0,1,0,0,0,0,0,0,0,1,0
2018-08-06,07:45:00,03,02,01,01,01,01,0,360982.3112,5014901.733,False,August,1,0,0,0,0,0,0,0,0,0,1,0,0,0,0,0,0,1,0
2018-08-09,10:30:00,03,04,01,01,01,,0,368112.3859,5026747.117,False,August,0,0,0,0,0,0,0,0,1,0,0,0,0,0,0,0,0,1,0
2018-08-09,11:51:00,02,03,01,01,01,01,0,364323.4619,5023428.508,False,August,0,1,0,0,0,0,0,0,0,1,0,0,0,0,0,0,0,1,0
2018-08-08,16:10:00,03,04,02,01,02,01,0,367175.2898,5014824.192,False,August,1,0,0,0,0,0,0,0,0,1,0,0,0,0,0,0,0,1,0
2018-08-09,10:30:00,03,04,01,01,01,01,0,364586.7033,5026902.537,False,August,0,1,0,0,0,0,0,0,0,1,0,0,0,0,0,0,0,1,0
2018-08-09,12:40:00,02,04,01,01,01,01,0,367809.0192,5031868.587,False,August,1,0,0,0,0,0,0,0,0,1,0,0,0,0,0,0,0,1,0
2018-08-09,12:52:00,03,03,01,01,01,01,0,347737.5648,5015442.441000001,False,August,1,0,0,0,0,0,0,0,0,1,0,0,0,0,0,0,0,1,0
2018-08-09,13:04:00,03,01,01,01,01,01,0,381168.99700000003,5032906.816000001,False,August,0,0,0,0,0,0,0,1,0,1,0,0,0,0,0,0,0,1,0
2018-08-09,13:16:00,02,05,01,01,01,01,0,373148.7305,5027608.535,False,August,1,0,0,0,0,0,0,0,0,0,1,0,0,0,0,0,0,1,0
2018-08-09,15:53:00,03,0,01,01,01,,0,364301.9759,5012844.846,False,August,0,0,0,0,0,0,0,0,1,0,0,0,0,0,0,0,0,1,0
2018-08-09,13:20:00,03,03,01,01,01,,0,373424.4206,5034499.29,False,August,0,0,0,0,0,0,0,0,1,0,0,0,0,0,0,0,0,1,0
2018-08-08,09:50:00,03,06,01,01,01,,0,372085.2894,5027485.278,False,August,0,0,0,0,0,0,0,0,0,0,0,1,0,0,0,0,0,1,0
2018-08-09,13:54:00,02,03,01,01,01,01,0,373099.7277,5030005.566000001,False,August,1,0,0,0,0,0,0,0,0,1,0,0,0,0,0,0,0,1,0
2018-08-09,14:39:00,03,03,01,01,01,01,0,377462.7329,5032534.561000001,False,August,0,1,0,0,0,0,0,0,0,1,0,0,0,0,0,0,0,1,0
2018-08-09,15:04:00,02,03,01,01,01,01,0,369725.7192,5027527.537,False,August,0,1,0,0,0,0,0,0,0,1,0,0,0,0,0,0,0,1,0
2018-08-09,15:34:00,03,03,01,01,01,01,0,356987.6489,5020641.485,False,August,1,0,0,0,0,0,0,0,0,1,0,0,0,0,0,0,0,1,0
2018-08-09,15:51:00,02,07,01,01,01,01,0,357395.6541,5020645.484,False,August,1,0,0,0,0,0,0,0,0,0,1,0,0,0,0,0,0,1,0
2018-08-09,16:03:00,03,02,01,01,01,01,0,366646.6964,5011532.413,False,August,0,1,0,0,0,0,0,0,0,0,1,0,0,0,0,0,0,1,0
2018-08-08,08:58:00,03,03,01,01,01,,0,367204.6655,5029780.893,True,August,0,0,0,0,0,0,0,0,1,0,0,0,0,0,0,0,0,1,0
2018-08-09,17:32:00,02,03,01,01,01,,0,374969.6734,5031065.727,True,August,0,0,0,0,0,0,0,0,1,0,0,0,0,0,0,0,0,1,0
2018-08-09,17:46:00,03,03,02,01,02,01,0,349014.3078,5014324.333000001,False,August,0,1,0,0,0,0,0,0,0,1,0,0,0,0,0,0,0,1,0
2018-08-09,17:55:00,02,03,01,01,01,01,0,367458.7099,5021891.5030000005,False,August,1,0,0,0,0,0,0,0,0,1,0,0,0,0,0,0,0,1,0
2018-08-09,17:30:00,03,03,02,01,02,01,0,348804.5757,5014360.436000001,False,August,1,0,0,0,0,0,0,0,0,0,1,0,0,0,0,0,0,1,0
2018-08-09,18:13:00,03,03,01,01,01,01,0,361811.6805,5026115.531,False,August,0,1,0,0,0,0,0,0,0,1,0,0,0,0,0,0,0,1,0
2018-08-09,18:26:00,03,07,01,01,01,,0,366308.6675,5030125.327,False,August,0,0,0,0,0,0,0,0,0,0,0,1,0,0,0,0,0,1,0
2018-08-07,,03,06,01,00,01,,0,369281.16299999994,5029342.271000001,False,August,0,0,0,0,0,0,0,0,1,0,0,0,0,0,0,0,0,1,0
2018-08-09,18:45:00,03,0,01,01,01,,0,380813.7608,5033369.538,False,August,0,0,0,0,0,0,0,0,1,0,0,0,0,0,0,0,0,1,0
2018-08-09,19:15:00,03,03,01,01,01,01,0,375578.7347,5031439.555,False,August,1,0,0,0,0,0,0,0,0,1,0,0,0,0,0,0,0,1,0
2018-08-09,16:30:00,03,06,01,01,01,,0,367909.0524,5032156.205,False,August,0,0,0,0,0,0,0,0,1,0,0,0,0,0,0,0,0,1,0
2018-08-09,21:00:00,03,02,01,07,01,01,0,367316.69899999996,5031164.589,False,August,1,0,0,0,0,0,0,0,0,0,1,0,0,0,0,0,0,1,0
2018-08-09,21:30:00,03,05,01,07,01,01,0,370851.7307,5024839.529,False,August,1,0,0,0,0,0,0,0,0,0,1,0,0,0,0,0,0,1,0
2018-08-10,03:55:00,03,07,01,07,01,01,0,365973.7077,5022169.49,False,August,1,0,0,0,0,0,0,0,0,0,1,0,0,0,0,0,0,1,0
2018-08-10,07:41:00,03,04,01,01,01,,0,367805.6095,5031593.618,False,August,0,0,0,0,0,0,0,0,1,0,0,0,0,0,0,0,0,1,0
2018-08-10,09:45:00,03,07,01,01,01,01,0,383352.7202,5037568.301,False,August,1,0,0,0,0,0,0,0,0,0,1,0,0,0,0,0,0,1,0
2018-08-09,16:45:00,03,02,01,01,01,,0,357876.5283,5019945.921,False,August,0,0,0,0,0,0,0,0,0,0,0,1,0,0,0,0,0,1,0
2018-08-10,10:38:00,03,06,01,01,01,,0,342093.7383,5023016.211,False,August,0,0,0,0,0,0,0,0,0,0,0,1,0,0,0,0,0,1,0
2018-08-10,11:00:00,03,02,01,01,01,01,0,352053.4491,5013123.4969999995,False,August,0,0,0,0,0,0,0,1,0,0,1,0,0,0,0,0,0,1,0
2018-08-10,11:16:00,03,05,01,01,01,01,0,365149.7003,5029270.556,False,August,1,0,0,0,0,0,0,0,0,1,0,0,0,0,0,0,0,1,0
2018-08-10,11:40:00,03,04,01,01,01,,0,372377.0389,5034217.039,False,August,0,0,0,0,0,0,0,0,1,0,0,0,0,0,0,0,0,1,0
2018-08-10,12:02:00,03,03,01,01,01,01,0,364121.6877,5014330.413,False,August,1,0,0,0,0,0,0,0,0,0,1,0,0,0,0,0,0,1,0
2018-08-09,,03,06,01,00,01,,0,373800.8215,5026209.834,False,August,0,0,0,0,0,0,0,0,1,0,0,0,0,0,0,0,0,1,0
2018-08-10,13:58:00,02,02,01,01,01,01,0,372564.7247,5029298.548,False,August,1,0,0,0,0,0,0,0,0,0,1,0,0,0,0,0,0,1,0
2018-08-10,12:29:00,03,03,01,01,01,01,0,352207.6106,5017242.45,False,August,1,0,0,0,0,0,0,0,0,1,0,0,0,0,0,0,0,1,0
2018-08-10,12:41:00,02,03,01,01,01,,0,373297.2953,5027698.665,False,August,0,0,0,0,0,0,0,0,1,0,0,0,0,0,0,0,0,1,0
2018-08-10,13:22:00,03,04,01,01,01,01,0,368372.0676,5031992.621,False,August,1,0,0,0,0,0,0,0,0,1,0,0,0,0,0,0,0,1,0
2018-08-10,13:25:00,03,03,01,01,01,01,0,350267.6053,5016713.454,False,August,0,0,0,0,0,0,0,1,0,0,1,0,0,0,0,0,0,1,0
2018-07-26,18:00:00,02,04,01,01,01,01,0,362549.69,5023770.505,False,July,1,0,0,0,0,0,0,0,0,1,0,0,0,0,0,0,0,1,0
2018-08-10,15:19:00,02,04,01,01,01,,0,375099.3582,5032427.839,False,August,0,0,0,0,0,0,0,0,1,0,0,0,0,0,0,0,0,1,0
2018-07-16,18:00:00,03,06,01,01,01,,0,352533.5893,5020249.437,False,July,0,0,0,0,0,0,0,0,1,0,0,0,0,0,0,0,0,1,0
2018-08-10,15:22:00,03,04,01,01,01,01,0,366588.7024,5029487.557,False,August,0,1,0,0,0,0,0,0,0,1,0,0,0,0,0,0,0,1,0
2018-08-10,15:31:00,02,07,01,01,01,,0,345315.9926,5009500.845,False,August,0,0,0,0,0,0,0,0,1,0,0,0,0,0,0,0,0,1,0
2018-08-10,15:37:00,03,02,01,01,01,,0,367365.7727,5029529.935,False,August,0,0,0,0,0,0,0,0,0,0,0,1,0,0,0,0,0,1,0
2018-08-10,15:36:00,03,04,01,01,01,,0,374412.9589,5030821.706,True,August,0,0,0,0,0,0,0,0,0,1,0,0,0,0,0,0,0,1,0
2018-08-10,12:45:00,03,04,01,01,01,,0,371469.41799999995,5023956.643999999,False,August,0,0,0,0,0,0,0,0,1,0,0,0,0,0,0,0,0,1,0
2018-08-10,17:02:00,03,01,01,01,01,,0,349166.3169,5008755.45,False,August,0,0,0,0,0,0,0,0,1,0,0,0,0,0,0,0,0,1,0
2018-08-10,17:07:00,03,03,01,01,01,01,0,371545.6787,5033817.619,False,August,1,0,0,0,0,0,0,0,0,1,0,0,0,0,0,0,0,1,0
2018-08-10,17:52:00,02,05,01,01,01,01,0,366428.6927,5030626.567,False,August,1,0,0,0,0,0,0,0,0,0,1,0,0,0,0,0,0,1,0
2018-08-10,15:30:00,03,05,01,01,01,01,0,360839.6816,5022007.495,False,August,1,0,0,0,0,0,0,0,0,0,1,0,0,0,0,0,0,1,0
2018-08-10,18:53:00,03,03,01,01,01,01,0,365235.6996,5021732.494,False,August,1,0,0,0,0,0,0,0,0,1,0,0,0,0,0,0,0,1,0
2018-08-10,19:04:00,03,04,01,01,01,,0,371721.2144,5024664.713,False,August,0,0,0,0,0,0,0,0,1,0,0,0,0,0,0,0,0,1,0
2018-08-10,16:20:00,03,03,01,01,01,,0,367916.3868,5021907.452,False,August,0,0,0,0,0,0,0,0,1,0,0,0,0,0,0,0,0,1,0
2018-08-10,19:42:00,03,02,01,01,01,01,0,365858.7009,5016405.454,False,August,0,1,0,0,0,0,0,0,0,0,1,0,0,0,0,0,0,1,0
2018-08-10,22:46:00,03,05,01,07,01,01,0,360072.6708,5024471.513,False,August,1,0,0,0,0,0,0,0,0,0,1,0,0,0,0,0,0,1,0
2018-08-10,22:49:00,03,05,01,07,01,01,0,352563.7518,5020467.524,False,August,1,0,0,0,0,0,0,0,0,0,1,0,0,0,0,0,0,1,0
2018-08-10,23:30:00,03,07,01,07,01,01,0,378311.7495,5030274.541999999,False,August,0,1,0,0,0,0,0,0,0,0,1,0,0,0,0,0,0,1,0
2018-08-11,03:17:00,03,06,01,07,01,,0,373949.0231,5026496.233,False,August,0,0,0,0,0,0,0,0,0,0,0,1,0,0,0,0,0,1,0
2018-08-10,17:00:00,03,02,01,01,01,,0,361894.4135,5025364.5,False,August,0,0,0,0,0,0,0,0,0,0,0,1,0,0,0,0,0,1,0
2018-08-11,11:06:00,03,07,01,01,01,,0,370004.016,5030176.801,False,August,0,0,0,0,0,0,0,0,1,0,0,0,0,0,0,0,0,1,0
2018-08-11,09:03:00,03,07,01,01,01,,0,345434.6591,5002187.013,False,August,0,0,0,0,0,0,0,0,1,0,0,0,0,0,0,0,0,1,0
2018-08-11,10:07:00,03,02,01,01,01,,0,359787.5825,5021737.31,False,August,0,0,0,0,0,0,0,0,0,0,0,1,0,0,0,0,0,1,0
2018-08-11,11:44:00,03,01,01,01,01,,0,360447.8595,5022741.211,False,August,0,0,0,0,0,0,0,0,0,0,0,1,0,0,0,0,0,1,0
2018-08-10,12:20:00,03,03,01,01,01,01,0,351414.61600000004,5021779.482,False,August,1,0,0,0,0,0,0,0,0,1,0,0,0,0,0,0,0,1,0
2018-08-11,12:49:00,02,02,01,01,01,01,0,368128.7046,5032748.5819999995,False,August,1,0,0,0,0,0,0,0,0,0,1,0,0,0,0,0,0,1,0
2018-08-11,12:51:00,03,05,01,01,01,01,0,363520.6909,5026850.5430000005,False,August,1,0,0,0,0,0,0,0,0,0,1,0,0,0,0,0,0,1,0
2018-08-20,17:13:00,03,02,01,01,01,01,0,370949.7121,5032771.574,False,August,1,0,0,0,0,0,0,0,0,0,1,0,0,0,0,0,0,1,0
2018-08-20,17:16:00,03,03,01,01,01,01,0,350208.5883,5013401.414,False,August,0,1,0,0,0,0,0,0,0,1,0,0,0,0,0,0,0,1,0
2018-08-27,11:38:00,03,03,01,01,01,01,0,372146.7054,5034108.541,False,August,1,0,0,0,0,0,0,0,0,1,0,0,0,0,0,0,0,1,0
2018-08-20,18:01:00,03,05,01,01,01,01,0,372453.7186,5032005.57,False,August,1,0,0,0,0,0,0,0,0,1,0,0,0,0,0,0,0,1,0
2018-08-27,11:41:00,03,03,01,01,01,01,0,364249.69299999997,5025140.517,False,August,0,0,1,0,0,0,0,0,0,1,0,0,0,0,0,0,0,1,0
2018-08-27,12:02:00,03,04,01,01,01,01,0,363775.6951,5027013.538,False,August,1,0,0,0,0,0,0,0,0,1,0,0,0,0,0,0,0,1,0
2018-08-27,13:27:00,03,03,01,01,01,01,0,363697.6909,5025211.5139999995,False,August,1,0,0,0,0,0,0,0,0,0,1,0,0,0,0,0,0,1,0
2018-08-27,15:16:00,03,05,01,01,01,,0,383570.4426,5035919.302,False,August,0,0,0,0,0,0,0,0,1,0,0,0,0,0,0,0,0,1,0
2018-08-27,15:43:00,03,03,01,01,01,,0,384438.145,5039800.095,False,August,0,0,0,0,0,0,0,0,1,0,0,0,0,0,0,0,0,1,0
2018-08-23,,03,06,01,07,01,,0,370282.4013,5023774.04,False,August,0,0,0,0,0,0,0,0,1,0,0,0,0,0,0,0,0,1,0
2018-08-27,,03,03,01,00,01,01,0,368273.7096,5029703.567,False,August,1,0,0,0,0,0,0,0,0,1,0,0,0,0,0,0,0,1,0
2018-08-27,15:54:00,03,07,01,01,01,,0,374123.77200000006,5020829.705,False,August,0,0,0,0,0,0,0,0,1,0,0,0,0,0,0,0,0,1,0
2018-08-27,16:25:00,03,07,01,01,01,,0,366597.1512,5030244.807,False,August,0,0,0,0,0,0,0,0,1,0,0,0,0,0,0,0,0,1,0
2018-08-27,16:39:00,02,05,01,01,01,01,0,382226.7481,5035958.572,False,August,1,0,0,0,0,0,0,0,0,0,1,0,0,0,0,0,0,1,0
2018-08-27,17:16:00,03,02,01,01,01,,0,357349.4888,5020619.098999999,False,August,0,0,0,0,0,0,0,0,0,0,0,1,0,0,0,0,0,1,0
2018-08-27,17:19:00,03,03,01,01,01,01,0,368957.7104,5031673.578,False,August,1,0,0,0,0,0,0,0,0,1,0,0,0,0,0,0,0,1,0
2018-08-27,17:38:00,02,03,01,01,01,01,0,364858.6998,5023725.511,False,August,1,0,0,0,0,0,0,0,0,1,0,0,0,0,0,0,0,1,0
2018-08-27,18:49:00,02,05,01,01,01,,0,369642.9901,5030942.768,True,August,0,0,0,0,0,0,0,0,0,0,0,1,0,0,0,0,0,1,0
2018-08-27,19:24:00,03,04,01,01,01,,0,369786.3275,5032905.787,False,August,0,0,0,0,0,0,0,0,1,0,0,0,0,0,0,0,0,1,0
2018-08-27,20:28:00,03,04,01,05,01,01,0,365771.9864,5021559.231000001,False,August,1,0,0,0,0,0,0,0,0,0,1,0,0,0,0,0,0,1,0
2018-08-27,23:03:00,03,07,01,07,01,,0,366399.8796,4991399.653,False,August,0,0,0,0,0,0,0,0,1,0,0,0,0,0,0,0,0,1,0