DATE,TIME,CLASS_OF_ACCIDENT,IMPACT_TYPE,ENVIRONMENT,LIGHT,ROAD_SURFACE_CONDITION,TRAFFIC_CONTROL_CONDITION,NO_OF_PEDESTRIANS,X,Y,Highway,Month,categorical_TRAFFIC_CONTROL_01,categorical_TRAFFIC_CONTROL_02,categorical_TRAFFIC_CONTROL_03,categorical_TRAFFIC_CONTROL_04,categorical_TRAFFIC_CONTROL_07,categorical_TRAFFIC_CONTROL_08,categorical_TRAFFIC_CONTROL_09,categorical_TRAFFIC_CONTROL_11,categorical_ACCIDENT_LOCATION_01,categorical_ACCIDENT_LOCATION_02,categorical_ACCIDENT_LOCATION_03,categorical_ACCIDENT_LOCATION_04,categorical_ACCIDENT_LOCATION_05,categorical_ACCIDENT_LOCATION_06,categorical_ACCIDENT_LOCATION_07,categorical_Seasons_Fall,categorical_Seasons_Spring,categorical_Seasons_Summer,categorical_Seasons_Winter
2018-08-28,01:29:00,03,07,01,07,01,01,0,367922.7108,5028091.547,False,August,1,0,0,0,0,0,0,0,0,1,0,0,0,0,0,0,0,1,0
2018-08-28,07:41:00,03,03,01,01,01,01,0,378726.7718,5023873.505,False,August,0,1,0,0,0,0,0,0,0,0,1,0,0,0,0,0,0,1,0
2018-08-28,08:51:00,03,03,01,01,01,01,0,361479.6766,5020502.478999999,False,August,1,0,0,0,0,0,0,0,0,1,0,0,0,0,0,0,0,1,0
2018-08-28,09:26:00,03,03,01,01,01,01,0,368970.7099,5030632.567,False,August,1,0,0,0,0,0,0,0,0,1,0,0,0,0,0,0,0,1,0
2018-08-27,16:30:00,03,03,01,01,01,,0,353026.8396,5016266.32,False,August,0,0,0,0,0,0,0,0,1,0,0,0,0,0,0,0,0,1,0
2018-08-27,15:50:00,03,04,01,01,01,,0,367572.3358,5029902.483,True,August,0,0,0,0,0,0,0,0,1,0,0,0,0,0,0,0,0,1,0
2018-08-28,10:21:00,03,02,01,01,01,01,0,367747.7066,5030092.565,True,August,1,0,0,0,0,0,0,0,0,0,1,0,0,0,0,0,0,1,0
2018-08-28,11:31:00,03,06,01,01,01,,0,368805.3685,5026059.812,False,August,0,0,0,0,0,0,0,0,1,0,0,0,0,0,0,0,0,1,0
2018-08-28,11:35:00,03,04,01,01,01,01,0,365973.7079,5022169.49,False,August,1,0,0,0,0,0,0,0,0,1,0,0,0,0,0,0,0,1,0
2018-08-28,11:45:00,03,07,01,01,01,01,0,366681.6939,5030319.567,False,August,0,1,0,0,0,0,0,0,0,0,1,0,0,0,0,0,0,1,0
2018-08-28,12:30:00,03,04,01,01,01,01,0,379198.7739,5013965.438,False,August,0,1,0,0,0,0,0,0,0,1,0,0,0,0,0,0,0,1,0
2018-08-28,13:04:00,03,02,01,01,01,,0,375171.5954,5027228.958000001,False,August,0,0,0,0,0,0,0,0,0,0,0,1,0,0,0,0,0,1,0
2018-08-28,13:19:00,03,05,01,01,01,01,0,371306.7075,5021353.781,False,August,1,0,0,0,0,0,0,0,0,1,0,0,0,0,0,0,0,1,0
2018-08-28,16:05:00,02,07,01,01,01,,0,374036.1197,5034437.515,False,August,0,0,0,0,0,0,0,0,1,0,0,0,0,0,0,0,0,1,0
2018-08-28,16:56:00,03,05,01,01,01,01,0,382325.7447,5038273.584,False,August,1,0,0,0,0,0,0,0,0,0,1,0,0,0,0,0,0,1,0
2018-08-28,16:59:00,02,02,01,01,01,01,0,367874.7139,5031319.573,False,August,1,0,0,0,0,0,0,0,0,0,1,0,0,0,0,0,0,1,0
2018-08-27,15:00:00,03,04,01,01,01,01,0,367907.70700000005,5030188.565,False,August,1,0,0,0,0,0,0,0,0,1,0,0,0,0,0,0,0,1,0
2018-08-28,17:38:00,03,03,01,01,01,,0,366430.1826,5009008.373,False,August,0,0,0,0,0,0,0,0,1,0,0,0,0,0,0,0,0,1,0
2018-08-28,17:15:00,03,05,01,01,01,01,0,368802.4622,5033234.262,False,August,1,0,0,0,0,0,0,0,0,0,1,0,0,0,0,0,0,1,0
2018-08-28,19:26:00,03,02,01,01,01,01,0,363453.6893,5028441.556,False,August,1,0,0,0,0,0,0,0,0,0,1,0,0,0,0,0,0,1,0
2018-08-28,20:10:00,02,05,01,05,01,01,0,382637.7539,5035567.553,False,August,1,0,0,0,0,0,0,0,0,1,0,0,0,0,0,0,0,1,0
2018-08-28,20:15:00,02,07,01,07,01,01,1,366939.4046,5016514.563999999,False,August,0,1,0,0,0,0,0,0,0,0,1,0,0,0,0,0,0,1,0
2018-08-28,19:30:00,03,03,01,01,01,01,0,360006.6759,5024632.528,False,August,1,0,0,0,0,0,0,0,0,1,0,0,0,0,0,0,0,1,0
2018-08-28,,03,06,01,00,01,,0,341485.44899999996,5023095.74,False,August,0,0,0,0,0,0,0,0,1,0,0,0,0,0,0,0,0,1,0
2018-08-28,22:33:00,03,04,01,07,01,01,0,364521.6981,5024507.526000001,False,August,1,0,0,0,0,0,0,0,0,0,1,0,0,0,0,0,0,1,0
2018-08-28,23:45:00,03,03,01,07,01,01,0,369127.7945,5033487.18,False,August,1,0,0,0,0,0,0,0,0,1,0,0,0,0,0,0,0,1,0
2018-08-29,02:03:00,03,07,01,07,01,,0,377580.6092,5032109.937,False,August,0,0,0,0,0,0,0,0,1,0,0,0,0,0,0,0,0,1,0
2018-08-29,07:47:00,03,05,01,01,01,01,0,367916.7061,5030562.57,False,August,1,0,0,0,0,0,0,0,0,0,1,0,0,0,0,0,0,1,0
2018-08-29,07:51:00,02,05,01,01,01,,0,344794.1397,5018767.096,False,August,0,0,0,0,0,0,0,0,0,0,0,1,0,0,0,0,0,1,0
2018-08-29,07:50:00,03,05,01,01,01,01,0,365973.7075,5022169.49,False,August,1,0,0,0,0,0,0,0,0,0,1,0,0,0,0,0,0,1,0
2018-08-29,,03,06,01,00,01,,0,362651.5099,5015239.907,False,August,0,0,0,0,0,0,0,0,1,0,0,0,0,0,0,0,0,1,0
2018-08-29,09:48:00,02,07,01,01,01,01,1,365153.2908,5029848.782,False,August,0,0,0,0,0,0,1,0,0,0,1,0,0,0,0,0,0,1,0
2018-08-29,11:24:00,03,05,01,01,01,02,0,367115.7037,5030568.572,False,August,1,0,0,0,0,0,0,0,0,0,1,0,0,0,0,0,0,1,0
2018-08-29,11:37:00,02,03,01,01,01,,0,365145.36299999995,5029280.07,False,August,0,0,0,0,0,0,0,0,1,0,0,0,0,0,0,0,0,1,0
2018-08-29,12:15:00,03,02,01,01,01,,0,362624.6642,5023813.549,False,August,0,0,0,0,0,0,0,0,0,0,0,1,0,0,0,0,0,1,0
2018-08-29,12:00:00,03,07,01,01,01,,0,362346.4216,5026972.965,False,August,0,0,0,0,0,0,0,0,1,0,0,0,0,0,0,0,0,1,0
2018-08-29,12:32:00,03,03,01,01,01,,0,367242.2643,5029794.72,True,August,0,0,0,0,0,0,0,0,1,0,0,0,0,0,0,0,0,1,0
2018-08-29,12:48:00,02,07,01,01,01,01,1,370851.7336,5024839.496,False,August,1,0,0,0,0,0,0,0,0,0,1,0,0,0,0,0,0,1,0
2018-08-29,13:00:00,02,05,01,01,01,02,0,349262.9711,5024061.621,False,August,1,0,0,0,0,0,0,0,0,0,1,0,0,0,0,0,0,1,0
2018-08-29,13:44:00,03,03,02,01,02,01,0,370884.7242,5030557.57,False,August,1,0,0,0,0,0,0,0,0,1,0,0,0,0,0,0,0,1,0
2018-08-25,14:00:00,03,06,01,01,01,,0,352500.6353,5019749.488,False,August,0,0,0,0,0,0,0,0,1,0,0,0,0,0,0,0,0,1,0
2018-08-29,15:38:00,03,03,01,01,01,01,0,364952.904,5025873.588,False,August,1,0,0,0,0,0,0,0,0,1,0,0,0,0,0,0,0,1,0
2018-08-29,16:07:00,03,03,01,01,01,01,0,368396.7085,5032621.589,False,August,1,0,0,0,0,0,0,0,0,0,1,0,0,0,0,0,0,1,0
2018-08-29,16:13:00,03,05,01,01,01,01,0,368039.7052,5030267.572,False,August,1,0,0,0,0,0,0,0,0,0,1,0,0,0,0,0,0,1,0
2018-08-29,16:18:00,03,02,01,01,01,,0,356256.5542,5015234.268999999,False,August,0,0,0,0,0,0,0,0,0,0,0,1,0,0,0,0,0,1,0
2018-08-29,16:37:00,03,05,01,01,01,,0,373020.0293,5029965.118,False,August,0,0,0,0,0,0,0,0,0,0,0,1,0,0,0,0,0,1,0
2018-08-29,17:36:00,03,0,01,01,01,01,0,360245.6966,5024781.598,False,August,1,0,0,0,0,0,0,0,0,1,0,0,0,0,0,0,0,1,0
2018-08-29,18:30:00,03,03,01,01,01,,0,372002.5341,5032693.817,False,August,0,0,0,0,0,0,0,0,1,0,0,0,0,0,0,0,0,1,0
2018-08-29,18:03:00,03,04,01,01,01,,0,367634.2121,5021883.711,False,August,0,0,0,0,0,0,0,0,1,0,0,0,0,0,0,0,0,1,0
2018-08-29,18:40:00,03,02,01,01,01,01,0,368362.8995,5022133.936000001,False,August,0,1,0,0,0,0,0,0,0,1,0,0,0,0,0,0,0,1,0
2018-08-29,21:37:00,03,07,01,07,01,,0,357124.1557,5018053.5430000005,False,August,0,0,0,0,0,0,0,0,1,0,0,0,0,0,0,0,0,1,0
2018-08-29,23:14:00,02,07,01,07,01,,0,359812.0631,5024042.36,False,August,0,0,0,0,0,0,0,0,1,0,0,0,0,0,0,0,0,1,0
2018-08-29,23:33:00,03,03,01,07,01,01,0,365612.6172,5021942.472,False,August,1,0,0,0,0,0,0,0,0,1,0,0,0,0,0,0,0,1,0
2018-08-29,23:40:00,03,05,01,07,01,01,0,367948.71,5031549.576,False,August,1,0,0,0,0,0,0,0,0,0,1,0,0,0,0,0,0,1,0
2018-08-30,00:21:00,02,02,01,07,01,01,0,377758.7657,5015947.459,False,August,1,0,0,0,0,0,0,0,0,0,1,0,0,0,0,0,0,1,0
2018-08-30,08:08:00,03,03,01,01,01,01,0,373236.7317,5029693.557,False,August,1,0,0,0,0,0,0,0,0,1,0,0,0,0,0,0,0,1,0
2018-08-30,08:52:00,03,02,01,01,01,,0,371623.8695,5031652.953,False,August,0,0,0,0,0,0,0,0,1,0,0,0,0,0,0,0,0,1,0
2018-08-30,11:03:00,02,04,01,01,01,01,0,368184.7105,5030485.573,False,August,1,0,0,0,0,0,0,0,0,1,0,0,0,0,0,0,0,1,0
2018-08-30,12:36:00,03,02,01,01,01,,0,371804.3988,5033943.084,False,August,0,0,0,0,0,0,0,0,1,0,0,0,0,0,0,0,0,1,0
2018-08-30,13:29:00,03,03,01,01,01,,0,364416.1122,5015102.047,False,August,0,0,0,0,0,0,0,0,1,0,0,0,0,0,0,0,0,1,0
2018-08-30,13:33:00,02,07,01,01,01,01,1,368374.5114,5032329.973999999,False,August,1,0,0,0,0,0,0,0,0,0,1,0,0,0,0,0,0,1,0
2018-08-30,13:40:00,03,03,01,01,01,,0,370451.2649,5025665.51,False,August,0,0,0,0,0,0,0,0,0,0,0,1,0,0,0,0,0,1,0
2018-08-30,13:50:00,03,03,01,01,01,,0,363758.1296,5014687.255,False,August,0,0,0,0,0,0,0,0,0,0,0,1,0,0,0,0,0,1,0
2018-08-30,14:03:00,03,05,01,01,01,01,0,368156.7078,5029984.565,False,August,0,1,0,0,0,0,0,0,0,0,1,0,0,0,0,0,0,1,0
2018-08-30,14:23:00,03,05,01,01,01,01,0,357907.6516,5018498.456,False,August,1,0,0,0,0,0,0,0,0,1,0,0,0,0,0,0,0,1,0
2018-08-20,18:10:00,02,07,01,01,01,,0,345851.1893,5011353.302,False,August,0,0,0,0,0,0,0,0,0,0,0,1,0,0,0,0,0,1,0
2018-08-20,18:49:00,03,02,01,01,01,00,0,380683.6439,5036192.63,False,August,0,1,0,0,0,0,0,0,0,0,1,0,0,0,0,0,0,1,0
2018-08-20,16:15:00,03,04,01,01,01,,0,365032.81899999996,5017872.985,False,August,0,0,0,0,0,0,0,0,1,0,0,0,0,0,0,0,0,1,0
2018-08-21,07:29:00,02,03,01,01,01,01,0,368373.6369,5031798.268999999,False,August,1,0,0,0,0,0,0,0,0,1,0,0,0,0,0,0,0,1,0
2018-08-21,07:31:00,02,03,01,01,01,01,0,390281.8257,5042682.716,False,August,0,1,0,0,0,0,0,0,0,1,0,0,0,0,0,0,0,1,0
2018-08-21,08:42:00,03,02,01,01,01,,0,362088.6765,5027319.548,False,August,0,0,0,0,0,0,0,0,0,0,0,1,0,0,0,0,0,1,0
2018-08-20,10:15:00,03,03,01,01,01,01,0,361863.4237,5020584.373,False,August,1,0,0,0,0,0,0,0,0,1,0,0,0,0,0,0,0,1,0
2018-08-21,09:45:00,03,03,01,01,01,,0,367159.3894,5030594.407,False,August,0,0,0,0,0,0,0,0,1,0,0,0,0,0,0,0,0,1,0
2018-08-21,12:51:00,02,07,01,01,01,01,1,348355.5129,5022892.544,False,August,0,1,0,0,0,0,0,0,0,1,0,0,0,0,0,0,0,1,0
2018-08-20,21:45:00,03,06,01,07,01,,0,372525.6639,5023419.287,False,August,0,0,0,0,0,0,0,0,1,0,0,0,0,0,0,0,0,1,0
2018-08-21,11:16:00,02,0,01,01,01,01,0,365807.7022,5029387.557,False,August,0,1,0,0,0,0,0,0,0,1,0,0,0,0,0,0,0,1,0
2018-08-20,17:45:00,03,03,01,01,01,01,0,375507.7498,5026406.529,False,August,1,0,0,0,0,0,0,0,0,1,0,0,0,0,0,0,0,1,0
2018-08-21,12:39:00,03,05,01,01,01,01,0,367489.7071,5029236.562,False,August,0,1,0,0,0,0,0,0,0,0,1,0,0,0,0,0,0,1,0
2018-08-21,12:41:00,03,02,01,01,01,,0,357239.6304,5020556.124,False,August,0,0,0,0,0,0,0,0,0,0,0,1,0,0,0,0,0,1,0
2018-08-21,13:03:00,02,07,01,01,01,01,1,364858.7001,5023725.51,False,August,1,0,0,0,0,0,0,0,0,1,0,0,0,0,0,0,0,1,0
2018-08-21,12:55:00,03,04,01,01,01,,0,371564.4404,5033826.647,False,August,0,0,0,0,0,0,0,0,1,0,0,0,0,0,0,0,0,1,0
2018-08-18,20:00:00,03,04,01,05,01,,0,363555.7218,5014574.995,False,August,0,0,0,0,0,0,0,0,1,0,0,0,0,0,0,0,0,1,0
2018-08-21,14:19:00,03,04,01,01,01,01,0,367437.7018,5030963.57,False,August,0,1,0,0,0,0,0,0,0,1,0,0,0,0,0,0,0,1,0
2018-08-21,14:19:00,03,04,01,01,01,01,0,370540.8757,5025499.972,False,August,1,0,0,0,0,0,0,0,0,1,0,0,0,0,0,0,0,1,0
2018-08-21,14:42:00,03,06,02,01,02,01,0,366511.7047,5030137.569,False,August,0,1,0,0,0,0,0,0,0,0,1,0,0,0,0,0,0,1,0
2018-08-21,15:40:00,03,04,02,01,02,01,0,352323.6056,5017351.444,False,August,1,0,0,0,0,0,0,0,0,1,0,0,0,0,0,0,0,1,0
2018-08-21,11:15:00,03,02,01,01,01,,0,381492.7204,5037601.124,False,August,0,0,0,0,0,0,0,0,0,0,0,1,0,0,0,0,0,1,0
2018-08-21,16:08:00,03,03,01,01,01,01,0,366402.703,5030675.571,False,August,0,1,0,0,0,0,0,0,0,1,0,0,0,0,0,0,0,1,0
2018-08-21,16:13:00,03,04,02,01,02,01,0,374835.7432,5028068.54,False,August,1,0,0,0,0,0,0,0,0,1,0,0,0,0,0,0,0,1,0
2018-08-21,16:00:00,03,05,02,01,02,01,0,382325.7444,5038273.585,False,August,1,0,0,0,0,0,0,0,0,0,1,0,0,0,0,0,0,1,0
2018-08-21,16:18:00,03,0,02,01,02,01,0,368093.7027,5033120.592,False,August,0,1,0,0,0,0,0,0,0,0,1,0,0,0,0,0,0,1,0
2018-08-21,16:37:00,03,03,02,01,02,,0,367416.1405,5025322.558,False,August,0,0,0,0,0,0,0,0,1,0,0,0,0,0,0,0,0,1,0
2018-08-21,16:58:00,03,02,02,01,02,01,0,371018.528,5023702.998,False,August,1,0,0,0,0,0,0,0,0,0,1,0,0,0,0,0,0,1,0
2018-08-21,17:06:00,02,03,02,01,02,01,0,355333.6232,5014247.425,False,August,0,1,0,0,0,0,0,0,0,0,1,0,0,0,0,0,0,1,0
2018-08-21,17:14:00,03,03,02,01,02,,0,352853.6366,5022674.843,False,August,0,0,0,0,0,0,0,0,1,0,0,0,0,0,0,0,0,1,0
2018-08-21,17:17:00,03,04,01,01,02,,0,351035.1811,5017874.683999999,False,August,0,0,0,0,0,0,0,0,1,0,0,0,0,0,0,0,0,1,0
2018-08-21,17:19:00,03,03,02,01,02,01,0,370802.0784,5031015.908,True,August,1,0,0,0,0,0,0,0,0,1,0,0,0,0,0,0,0,1,0
2018-08-21,17:46:00,03,03,02,01,02,01,0,370218.7048,5032690.586,False,August,1,0,0,0,0,0,0,0,0,1,0,0,0,0,0,0,0,1,0
2018-08-21,16:30:00,03,03,02,01,02,01,0,366873.7066,5026438.532,False,August,1,0,0,0,0,0,0,0,0,1,0,0,0,0,0,0,0,1,0
2018-08-21,17:58:00,02,07,02,01,02,01,1,366860.6982,5029641.561000001,False,August,1,0,0,0,0,0,0,0,0,0,1,0,0,0,0,0,0,1,0
2018-08-21,18:00:00,03,03,02,01,02,01,0,354798.6294,5015587.425,False,August,1,0,0,0,0,0,0,0,0,1,0,0,0,0,0,0,0,1,0
2018-08-21,16:10:00,03,03,01,01,02,01,0,355105.6321,5016984.447,False,August,0,0,0,0,0,0,0,1,0,0,1,0,0,0,0,0,0,1,0
2018-08-21,19:28:00,02,07,02,01,02,,0,365653.8303,5006190.318,False,August,0,0,0,0,0,0,0,0,1,0,0,0,0,0,0,0,0,1,0
2018-08-21,20:52:00,03,05,02,07,02,01,0,383640.9751,5036900.456,False,August,1,0,0,0,0,0,0,0,0,0,1,0,0,0,0,0,0,1,0
2018-08-21,21:47:00,03,03,02,07,02,,0,366014.7625,5015353.453,False,August,0,0,0,0,0,0,0,0,1,0,0,0,0,0,0,0,0,1,0
2018-08-21,22:29:00,02,04,02,07,02,00,0,368093.6159,5032419.627,False,August,1,0,0,0,0,0,0,0,0,1,0,0,0,0,0,0,0,1,0
2018-08-21,23:10:00,03,06,02,07,02,,0,375189.3895,5020658.048,False,August,0,0,0,0,0,0,0,0,0,0,0,1,0,0,0,0,0,1,0
2018-08-21,23:46:00,03,03,02,07,02,01,0,366201.6912,5009543.381,False,August,0,1,0,0,0,0,0,0,0,1,0,0,0,0,0,0,0,1,0
2018-08-21,23:55:00,02,07,02,07,02,01,0,371867.7337,5024320.518,False,August,1,0,0,0,0,0,0,0,0,0,1,0,0,0,0,0,0,1,0
2018-08-21,23:45:00,03,06,01,07,01,,0,373510.5627,5033685.348999999,False,August,0,0,0,0,0,0,0,0,1,0,0,0,0,0,0,0,0,1,0
2018-08-22,03:40:00,03,07,01,07,02,,0,352934.1702,5017908.1219999995,False,August,0,0,0,0,0,0,0,0,1,0,0,0,0,0,0,0,0,1,0
2018-08-22,06:51:00,03,07,02,01,02,01,0,377777.7609,5026758.533,False,August,0,1,0,0,0,0,0,0,0,1,0,0,0,0,0,0,0,1,0
2018-08-22,07:02:00,03,03,02,01,02,01,0,370482.7092,5032723.589,False,August,1,0,0,0,0,0,0,0,0,1,0,0,0,0,0,0,0,1,0
2018-08-22,09:23:00,02,05,01,01,01,01,0,368481.7082,5029197.558,False,August,1,0,0,0,0,0,0,0,0,0,1,0,0,0,0,0,0,1,0
2018-08-22,10:07:00,03,04,01,01,01,01,0,367565.6997,5031817.581,False,August,1,0,0,0,0,0,0,0,0,1,0,0,0,0,0,0,0,1,0
2018-08-22,10:33:00,03,03,01,01,01,01,0,388360.833,5021455.471,False,August,0,1,0,0,0,0,0,0,0,1,0,0,0,0,0,0,0,1,0
2018-08-22,11:49:00,03,04,01,01,01,01,0,365004.9597,5023385.666999999,False,August,1,0,0,0,0,0,0,0,0,1,0,0,0,0,0,0,0,1,0
2018-08-22,12:03:00,03,02,01,01,01,,0,371934.0309,5027746.162,False,August,0,0,0,0,0,0,0,0,0,0,0,1,0,0,0,0,0,1,0
2018-08-22,12:37:00,03,03,02,01,02,01,0,352841.6245,5020476.467,True,August,1,0,0,0,0,0,0,0,0,1,0,0,0,0,0,0,0,1,0
2018-08-22,13:09:00,03,02,01,01,01,01,0,366456.7044,5029788.566000001,False,August,0,1,0,0,0,0,0,0,0,0,1,0,0,0,0,0,0,1,0
2018-08-21,15:20:00,03,03,01,01,01,01,0,373791.7446,5019723.473999999,False,August,0,1,0,0,0,0,0,0,0,1,0,0,0,0,0,0,0,1,0
2018-08-22,14:12:00,03,02,02,01,02,01,0,371845.3346,5030815.925,False,August,1,0,0,0,0,0,0,0,0,0,1,0,0,0,0,0,0,1,0
2018-08-22,15:09:00,03,02,01,01,01,01,0,361960.3682,5025244.431,False,August,0,1,0,0,0,0,0,0,0,0,1,0,0,0,0,0,0,1,0
2018-08-22,15:24:00,03,04,01,01,01,01,0,369178.7654,5031334.679,False,August,1,0,0,0,0,0,0,0,0,1,0,0,0,0,0,0,0,1,0
2018-08-22,15:42:00,03,03,01,01,01,,0,357154.2559,5020505.308,False,August,0,0,0,0,0,0,0,0,1,0,0,0,0,0,0,0,0,1,0
2018-08-22,14:10:00,03,03,01,01,01,01,0,366402.7027,5030675.572,False,August,0,1,0,0,0,0,0,0,0,1,0,0,0,0,0,0,0,1,0
2018-08-22,15:00:00,03,03,01,01,01,01,0,360531.309,5023312.493,True,August,1,0,0,0,0,0,0,0,0,1,0,0,0,0,0,0,0,1,0
2018-08-22,16:39:00,03,03,01,01,01,,0,362802.5292,5023317.451,False,August,0,0,0,0,0,0,0,0,1,0,0,0,0,0,0,0,0,1,0
2018-08-22,16:55:00,02,05,01,01,01,01,0,367943.711,5030868.57,False,August,1,0,0,0,0,0,0,0,0,0,1,0,0,0,0,0,0,1,0
2018-08-22,17:24:00,03,04,01,01,01,,0,362645.2262,5023825.567,False,August,0,0,0,0,0,0,0,0,1,0,0,0,0,0,0,0,0,1,0
2018-08-22,17:34:00,03,02,01,01,01,01,0,373705.7229,5030406.556,False,August,1,0,0,0,0,0,0,0,0,1,0,0,0,0,0,0,0,1,0
2018-08-22,18:05:00,02,07,01,01,01,,1,368680.8677,4999887.084,False,August,0,0,0,0,0,0,0,0,0,0,0,1,0,0,0,0,0,1,0
2018-08-22,18:28:00,03,03,01,01,01,01,0,365897.6992,5025857.537,False,August,0,1,0,0,0,0,0,0,0,1,0,0,0,0,0,0,0,1,0
2018-08-22,20:14:00,03,01,01,07,01,,0,373972.9742,5001505.071,False,August,0,0,0,0,0,0,0,0,1,0,0,0,0,0,0,0,0,1,0
2018-08-22,19:30:00,03,03,01,01,01,,0,360668.6054,5022417.421,False,August,0,0,0,0,0,0,0,0,1,0,0,0,0,0,0,0,0,1,0
2018-08-22,14:20:00,02,04,01,01,01,,0,366123.8543,5030047.547,False,August,0,0,0,0,0,0,0,0,1,0,0,0,0,0,0,0,0,1,0
2018-08-22,19:53:00,03,05,01,01,01,01,0,366935.2713,5031426.166,False,August,1,0,0,0,0,0,0,0,0,0,1,0,0,0,0,0,0,1,0
2018-08-22,20:55:00,03,05,01,07,01,,0,372215.6094,5024126.888,False,August,0,0,0,0,0,0,0,0,1,0,0,0,0,0,0,0,0,1,0
2018-08-22,21:08:00,03,02,01,07,01,01,0,369465.724,5021479.494,False,August,0,1,0,0,0,0,0,0,0,0,1,0,0,0,0,0,0,1,0
2018-08-22,22:27:00,02,07,01,07,01,,1,368213.3914,5032218.05,False,August,0,0,0,0,0,0,0,0,1,0,0,0,0,0,0,0,0,1,0
2018-08-23,02:29:00,03,02,01,07,01,01,0,368074.7111,5030658.569,False,August,1,0,0,0,0,0,0,0,0,0,1,0,0,0,0,0,0,1,0
2018-06-20,16:45:00,03,04,01,01,01,,0,369911.2192,5031129.807,True,June,0,0,0,0,0,0,0,0,1,0,0,0,0,0,0,0,0,1,0
2018-05-24,21:57:00,03,07,01,07,01,,0,341139.9457,5018666.825,True,May,0,0,0,0,0,0,0,0,1,0,0,0,0,0,0,0,1,0,0
2018-06-20,22:30:00,03,07,01,07,01,,0,359219.9144,5020570.286,True,June,0,0,0,0,0,0,0,0,1,0,0,0,0,0,0,0,0,1,0
2018-05-25,00:58:00,02,07,01,07,01,,1,375564.5922,5029766.626,True,May,0,0,0,0,0,0,0,0,1,0,0,0,0,0,0,0,1,0,0
2018-06-21,05:15:00,03,07,01,03,01,,0,349380.2629,5017611.218,True,June,0,0,0,0,0,0,0,0,1,0,0,0,0,0,0,0,0,1,0
2018-05-25,07:15:00,03,03,01,01,01,,0,364350.8889,5027535.054,True,May,0,0,0,0,0,0,0,0,1,0,0,0,0,0,0,0,1,0,0
2018-06-21,06:40:00,03,07,01,01,01,,0,373024.7736,5031627.601,True,June,0,0,0,0,0,0,0,0,1,0,0,0,0,0,0,0,0,1,0
2018-05-25,09:40:00,03,03,01,01,02,,0,364595.3326,5027728.857,True,May,0,0,0,0,0,0,0,0,1,0,0,0,0,0,0,0,1,0,0
2018-06-21,06:45:00,03,03,01,01,01,,0,366221.5393,5029409.3719999995,True,June,0,0,0,0,0,0,0,0,1,0,0,0,0,0,0,0,0,1,0
2018-06-21,06:50:00,02,07,01,01,01,,0,366481.0009,5029502.929,True,June,0,0,0,0,0,0,0,0,1,0,0,0,0,0,0,0,0,1,0
2018-05-25,15:30:00,03,03,01,01,01,,0,369151.4517,5031270.476,True,May,0,0,0,0,0,0,0,0,1,0,0,0,0,0,0,0,1,0,0
2018-06-21,07:15:00,03,03,01,01,01,,0,364894.3867,5028286.478,True,June,0,0,0,0,0,0,0,0,1,0,0,0,0,0,0,0,0,1,0
2018-01-10,15:06:00,03,04,01,01,01,,0,359612.7369,5023111.879,True,January,0,0,0,0,0,0,0,0,1,0,0,0,0,0,0,0,0,0,1
2018-07-20,15:20:00,03,03,01,01,01,,0,369762.0072,5031157.935,True,July,0,0,0,0,0,0,0,0,1,0,0,0,0,0,0,0,0,1,0
2018-05-25,17:15:00,03,0,02,01,02,,0,369850.62200000003,5031153.983,True,May,0,0,0,0,0,0,0,0,1,0,0,0,0,0,0,0,1,0,0
2018-05-25,18:55:00,03,07,02,01,02,,0,346232.1149,5014879.803,True,May,0,0,0,0,0,0,0,0,1,0,0,0,0,0,0,0,1,0,0
2018-05-25,23:35:00,02,07,01,07,01,,0,372421.1041,5031551.615,True,May,0,0,0,0,0,0,0,0,1,0,0,0,0,0,0,0,1,0,0
2018-05-26,17:27:00,03,07,01,01,01,,0,367839.0937,5030028.132,True,May,0,0,0,0,0,0,0,0,1,0,0,0,0,0,0,0,1,0,0
2018-05-26,19:40:00,02,07,01,01,01,,0,366205.5106,5005588.796,True,May,0,0,0,0,0,0,0,0,1,0,0,0,0,0,0,0,1,0,0
2018-05-26,19:30:00,02,03,01,01,01,,0,365705.3042,5006431.527,True,May,0,0,0,0,0,0,0,0,1,0,0,0,0,0,0,0,1,0,0
2018-05-26,20:50:00,03,07,01,05,01,,0,344805.8382,5014989.029,True,May,0,0,0,0,0,0,0,0,1,0,0,0,0,0,0,0,1,0,0
2018-06-30,14:35:00,03,03,01,01,01,,0,361633.01200000005,5024440.536,True,June,0,0,0,0,0,0,0,0,1,0,0,0,0,0,0,0,0,1,0
2018-05-28,02:00:00,03,07,01,07,01,,0,354254.3043,5020972.775,True,May,0,0,0,0,0,0,0,0,1,0,0,0,0,0,0,0,1,0,0
2018-05-28,07:50:00,03,03,01,01,01,,0,364456.6792,5027571.225,True,May,0,0,0,0,0,0,0,0,1,0,0,0,0,0,0,0,1,0,0
2018-05-28,09:19:00,03,07,01,01,01,,0,346709.7822,5015178.583000001,True,May,0,0,0,0,0,0,0,0,1,0,0,0,0,0,0,0,1,0,0
2018-05-28,15:20:00,03,03,01,01,01,,0,371659.8923,5031411.29,True,May,0,0,0,0,0,0,0,0,1,0,0,0,0,0,0,0,1,0,0
2018-05-28,16:30:00,03,03,01,01,01,,0,365344.6274,5006982.78,True,May,0,0,0,0,0,0,0,0,1,0,0,0,0,0,0,0,1,0,0