DATE,TIME,CLASS_OF_ACCIDENT,IMPACT_TYPE,ENVIRONMENT,LIGHT,ROAD_SURFACE_CONDITION,TRAFFIC_CONTROL_CONDITION,NO_OF_PEDESTRIANS,X,Y,Highway,Month,categorical_TRAFFIC_CONTROL_01,categorical_TRAFFIC_CONTROL_02,categorical_TRAFFIC_CONTROL_03,categorical_TRAFFIC_CONTROL_04,categorical_TRAFFIC_CONTROL_07,categorical_TRAFFIC_CONTROL_08,categorical_TRAFFIC_CONTROL_09,categorical_TRAFFIC_CONTROL_11,categorical_ACCIDENT_LOCATION_01,categorical_ACCIDENT_LOCATION_02,categorical_ACCIDENT_LOCATION_03,categorical_ACCIDENT_LOCATION_04,categorical_ACCIDENT_LOCATION_05,categorical_ACCIDENT_LOCATION_06,categorical_ACCIDENT_LOCATION_07,categorical_Seasons_Fall,categorical_Seasons_Spring,categorical_Seasons_Summer,categorical_Seasons_Winter
2018-05-29,12:58:00,03,04,01,01,01,,0,358815.7983,5022978.318,True,May,0,0,0,0,0,0,0,0,1,0,0,0,0,0,0,0,1,0,0
2018-05-29,08:01:00,03,03,01,01,01,,0,360471.416,5023536.4,True,May,0,0,0,0,0,0,0,0,1,0,0,0,0,0,0,0,1,0,0
2018-05-29,11:04:00,03,04,01,01,01,,0,374253.6035,5030809.895,True,May,0,0,0,0,0,0,0,0,1,0,0,0,0,0,0,0,1,0,0
2018-05-29,11:54:00,03,03,01,01,01,,0,364583.1568,5027747.864,True,May,0,0,0,0,0,0,0,0,1,0,0,0,0,0,0,0,1,0,0
2018-05-29,14:20:00,03,03,01,01,01,,0,364216.2107,5027262.448,True,May,0,0,0,0,0,0,0,0,1,0,0,0,0,0,0,0,1,0,0
2018-05-29,17:15:00,03,03,01,01,01,,0,369375.7061,5030984.47,True,May,0,0,0,0,0,0,0,0,1,0,0,0,0,0,0,0,1,0,0
2018-05-29,16:10:00,03,04,01,01,01,,0,359785.4089,5017167.943,True,May,0,0,0,0,0,0,0,0,1,0,0,0,0,0,0,0,1,0,0
2018-05-29,16:45:00,03,03,01,01,01,,0,363183.2457,5025853.632,True,May,0,0,0,0,0,0,0,0,1,0,0,0,0,0,0,0,1,0,0
2018-05-29,04:40:00,03,03,01,07,01,,0,364517.6515,5027624.072,True,May,0,0,0,0,0,0,0,0,1,0,0,0,0,0,0,0,1,0,0
2018-05-30,08:48:00,03,03,01,01,01,,0,360096.7303,5023250.585,True,May,0,0,0,0,0,0,0,0,1,0,0,0,0,0,0,0,1,0,0
2018-05-30,09:07:00,03,03,01,01,01,,0,371716.0682,5031438.99,True,May,0,0,0,0,0,0,0,0,1,0,0,0,0,0,0,0,1,0,0
2018-05-30,21:37:00,03,07,01,07,01,,0,317371.2806,5031076.222,True,May,0,0,0,0,0,0,0,0,1,0,0,0,0,0,0,0,1,0,0
2018-05-31,07:40:00,03,03,01,01,01,01,0,395345.4802,5022678.121,True,May,0,1,0,0,0,0,0,0,0,1,0,0,0,0,0,0,1,0,0
2018-05-31,09:21:00,03,03,01,01,01,,0,370493.1391,5031163.473,True,May,0,0,0,0,0,0,0,0,1,0,0,0,0,0,0,0,1,0,0
2018-05-31,16:46:00,03,03,01,01,01,,0,368605.0475,5030523.011,True,May,0,0,0,0,0,0,0,0,1,0,0,0,0,0,0,0,1,0,0
2018-05-31,17:50:00,03,03,01,01,01,,0,366462.4009,5029479.221,True,May,0,0,0,0,0,0,0,0,1,0,0,0,0,0,0,0,1,0,0
2018-05-31,17:50:00,03,04,01,01,01,,0,366369.5571,5029447.307,True,May,0,0,0,0,0,0,0,0,1,0,0,0,0,0,0,0,1,0,0
2018-05-31,19:38:00,02,07,01,01,01,,0,327168.1346,5023723.046,True,May,0,0,0,0,0,0,0,0,1,0,0,0,0,0,0,0,1,0,0
2018-06-01,16:33:00,03,03,01,01,01,,0,364815.8359,5028102.609,True,June,0,0,0,0,0,0,0,0,1,0,0,0,0,0,0,0,0,1,0
2018-06-01,17:05:00,03,03,01,01,01,01,0,380169.9232,5025656.647,True,June,0,1,0,0,0,0,0,0,0,1,0,0,0,0,0,0,0,1,0
2018-06-01,18:20:00,03,04,01,01,01,,0,370692.4023,5031169.834,True,June,0,0,0,0,0,0,0,0,1,0,0,0,0,0,0,0,0,1,0
2018-06-02,14:57:00,03,07,01,01,01,,0,370271.8092,4991731.99,False,June,0,0,0,0,0,0,0,0,1,0,0,0,0,0,0,0,0,1,0
2018-06-02,16:35:00,03,0,01,01,01,,0,351056.6849,5018637.827,True,June,0,0,0,0,0,0,0,0,1,0,0,0,0,0,0,0,0,1,0
2018-06-02,22:05:00,02,04,01,07,01,,0,359290.3653,5016370.294,True,June,0,0,0,0,0,0,0,0,1,0,0,0,0,0,0,0,0,1,0
2018-06-03,00:19:00,03,07,01,07,01,,0,355632.1654,5021829.442,True,June,0,0,0,0,0,0,0,0,1,0,0,0,0,0,0,0,0,1,0
2018-06-04,08:25:00,03,04,02,01,02,,0,361833.87700000004,5024597.666,True,June,0,0,0,0,0,0,0,0,1,0,0,0,0,0,0,0,0,1,0
2018-05-29,15:20:00,03,03,01,01,01,,0,369972.018,5031118.826,True,May,0,0,0,0,0,0,0,0,1,0,0,0,0,0,0,0,1,0,0
2018-06-04,12:30:00,03,04,01,01,01,,0,359191.2699,5023079.583000001,True,June,0,0,0,0,0,0,0,0,1,0,0,0,0,0,0,0,0,1,0
2018-06-04,14:02:00,03,03,02,01,02,,0,362355.6505,5025007.299,True,June,0,0,0,0,0,0,0,0,1,0,0,0,0,0,0,0,0,1,0
2018-06-04,15:46:00,03,03,01,01,02,,0,365612.5297,5029085.192,True,June,0,0,0,0,0,0,0,0,1,0,0,0,0,0,0,0,0,1,0
2018-08-18,17:40:00,03,03,01,01,01,,0,363004.8909,5025603.163,True,August,0,0,0,0,0,0,0,0,1,0,0,0,0,0,0,0,0,1,0
2018-06-04,16:05:00,03,03,02,01,02,,0,365178.3701,5028735.338,True,June,0,0,0,0,0,0,0,0,1,0,0,0,0,0,0,0,0,1,0
2018-06-04,20:21:00,02,07,01,05,01,,0,365669.7235,5029099.067,True,June,0,0,0,0,0,0,0,0,1,0,0,0,0,0,0,0,0,1,0
2018-06-04,21:28:00,03,03,01,07,01,,0,374228.2424,5031072.397,True,June,0,0,0,0,0,0,0,0,1,0,0,0,0,0,0,0,0,1,0
2018-06-05,15:29:00,03,03,01,01,02,,0,363214.7733,5025940.317,True,June,0,0,0,0,0,0,0,0,1,0,0,0,0,0,0,0,0,1,0
2018-06-05,17:30:00,03,03,01,01,01,,0,369811.1792,5031136.734,True,June,0,0,0,0,0,0,0,0,1,0,0,0,0,0,0,0,0,1,0
2018-03-22,13:15:00,03,04,01,01,01,,0,372363.1473,5031488.068,True,March,0,0,0,0,0,0,0,0,1,0,0,0,0,0,0,0,1,0,0
2018-09-16,13:15:00,02,03,01,01,01,,0,364237.2602,5027288.248,True,September,0,0,0,0,0,0,0,0,1,0,0,0,0,0,0,1,0,0,0
2018-06-05,20:00:00,03,04,02,01,02,,0,362735.0143,5025331.655,True,June,0,0,0,0,0,0,0,0,1,0,0,0,0,0,0,0,0,1,0
2018-06-06,14:39:00,03,04,01,01,01,,0,375822.8138,5028436.092,True,June,0,0,0,0,0,0,0,0,1,0,0,0,0,0,0,0,0,1,0
2018-06-06,15:53:00,03,07,01,01,01,,0,374574.7541,5030806.664,True,June,0,0,0,0,0,0,0,0,1,0,0,0,0,0,0,0,0,1,0
2018-06-07,15:34:00,03,03,01,01,01,01,0,395261.216,5022265.283,True,June,0,1,0,0,0,0,0,0,0,1,0,0,0,0,0,0,0,1,0
2018-06-07,16:30:00,03,03,01,01,01,,0,366361.7071,5029463.2,True,June,0,0,0,0,0,0,0,0,1,0,0,0,0,0,0,0,0,1,0
2018-06-06,16:15:00,03,04,01,01,01,,0,360903.3068,5023902.579,True,June,0,0,0,0,0,0,0,0,1,0,0,0,0,0,0,0,0,1,0
2018-06-07,18:18:00,03,03,01,01,01,,0,366492.4574,5029507.449,True,June,0,0,0,0,0,0,0,0,1,0,0,0,0,0,0,0,0,1,0
2018-06-07,23:20:00,03,07,01,07,01,,0,372296.8065,4994127.669,True,June,0,0,0,0,0,0,0,0,1,0,0,0,0,0,0,0,0,1,0
2018-06-08,14:50:00,03,03,01,01,01,01,0,395261.4157,5022264.841,True,June,0,1,0,0,0,0,0,0,0,1,0,0,0,0,0,0,0,1,0
2018-06-08,14:20:00,03,03,01,01,01,,0,360803.0887,5023824.912,True,June,0,0,0,0,0,0,0,0,1,0,0,0,0,0,0,0,0,1,0
2018-06-08,15:50:00,03,03,01,01,01,,0,370828.3195,5031200.516,True,June,0,0,0,0,0,0,0,0,1,0,0,0,0,0,0,0,0,1,0
2018-06-09,06:20:00,03,07,01,01,01,,0,354689.6281,5021228.456,True,June,0,0,0,0,0,0,0,0,1,0,0,0,0,0,0,0,0,1,0
2018-06-09,01:30:00,03,07,01,07,01,,0,389716.2558,5023460.4,True,June,0,0,0,0,0,0,0,0,1,0,0,0,0,0,0,0,0,1,0
2018-06-10,01:54:00,03,07,01,07,01,,0,363841.7585,5009735.811000001,True,June,0,0,0,0,0,0,0,0,1,0,0,0,0,0,0,0,0,1,0
2018-06-10,02:35:00,03,07,01,07,01,,0,369079.249,5001445.234,True,June,0,0,0,0,0,0,0,0,1,0,0,0,0,0,0,0,0,1,0
2018-06-11,02:05:00,03,07,01,07,01,,0,351077.9003,5018712.435,True,June,0,0,0,0,0,0,0,0,1,0,0,0,0,0,0,0,0,1,0
2018-02-03,14:03:00,03,03,01,01,02,,0,366654.1913,5029537.602,True,February,0,0,0,0,0,0,0,0,1,0,0,0,0,0,0,0,0,0,1
2018-06-11,08:00:00,02,03,01,01,01,,0,364679.9803,5027893.201,True,June,0,0,0,0,0,0,0,0,1,0,0,0,0,0,0,0,0,1,0
2018-06-11,10:55:00,03,03,01,01,01,,0,364853.2298,5028210.829,True,June,0,0,0,0,0,0,0,0,1,0,0,0,0,0,0,0,0,1,0
2018-06-12,09:15:00,03,03,01,01,01,,0,361098.0069,5024029.446,True,June,0,0,0,0,0,0,0,0,1,0,0,0,0,0,0,0,0,1,0
2018-06-12,17:20:00,03,04,01,01,01,,0,370388.7422,5031142.447,True,June,0,0,0,0,0,0,0,0,1,0,0,0,0,0,0,0,0,1,0
2018-06-12,17:19:00,03,03,01,01,01,,0,370188.1242,5031100.812,True,June,0,0,0,0,0,0,0,0,1,0,0,0,0,0,0,0,0,1,0
2018-06-12,20:51:00,03,07,01,05,01,,0,401313.2406,5024895.22,False,June,0,0,0,0,0,0,0,0,1,0,0,0,0,0,0,0,0,1,0
2018-06-13,07:44:00,03,07,01,01,01,,0,341199.025,5018540.409,True,June,0,0,0,0,0,0,0,0,1,0,0,0,0,0,0,0,0,1,0
2018-06-13,08:30:00,03,03,01,01,01,,0,363813.0945,5026693.085,True,June,0,0,0,0,0,0,0,0,1,0,0,0,0,0,0,0,0,1,0
2018-06-13,09:37:00,03,04,02,01,02,,0,368499.7743,5030441.212,True,June,0,0,0,0,0,0,0,0,1,0,0,0,0,0,0,0,0,1,0
2018-06-13,10:00:00,03,03,01,01,01,01,0,364561.3589,5007931.221,True,June,0,1,0,0,0,0,0,0,0,1,0,0,0,0,0,0,0,1,0
2018-06-13,15:00:00,03,03,01,01,01,,0,355197.0518,5021574.012,True,June,0,0,0,0,0,0,0,0,1,0,0,0,0,0,0,0,0,1,0
2018-06-13,14:50:00,03,04,01,01,01,,0,352436.278,5019824.615,True,June,0,0,0,0,0,0,0,0,1,0,0,0,0,0,0,0,0,1,0
2018-06-13,15:00:00,03,03,01,01,01,,0,368189.2075,5030291.121,True,June,0,0,0,0,0,0,0,0,1,0,0,0,0,0,0,0,0,1,0
2018-06-14,09:48:00,03,03,02,01,02,,0,362064.1228,5024777.848999999,True,June,0,0,0,0,0,0,0,0,1,0,0,0,0,0,0,0,0,1,0
2018-06-14,21:00:00,03,07,02,05,02,,0,340521.7682,5005879.767,True,June,0,0,0,0,0,0,0,0,1,0,0,0,0,0,0,0,0,1,0
2018-06-15,03:15:00,03,07,01,07,01,,0,364231.6167,5008863.433,True,June,0,0,0,0,0,0,0,0,1,0,0,0,0,0,0,0,0,1,0
2018-06-15,07:21:00,03,07,01,01,01,,0,319260.6891,5030900.459,True,June,0,0,0,0,0,0,0,0,1,0,0,0,0,0,0,0,0,1,0
2018-06-15,16:15:00,03,04,01,01,01,,0,367312.1736,5029780.444,True,June,0,0,0,0,0,0,0,0,1,0,0,0,0,0,0,0,0,1,0
2018-06-16,13:00:00,03,0,01,01,01,,0,365373.7688,5028922.853,True,June,0,0,0,0,0,0,0,0,1,0,0,0,0,0,0,0,0,1,0
2018-06-16,22:00:00,03,07,01,07,01,,0,318977.0835,5027118.921,False,June,0,0,0,0,0,0,0,0,1,0,0,0,0,0,0,0,0,1,0
2018-06-17,13:00:00,02,03,01,01,01,,0,364708.472,5027942.353,True,June,0,0,0,0,0,0,0,0,1,0,0,0,0,0,0,0,0,1,0
2018-06-18,05:40:00,01,07,01,03,01,,0,346188.794,5011761.032,True,June,0,0,0,0,0,0,0,0,1,0,0,0,0,0,0,0,0,1,0
2018-06-18,06:55:00,02,03,01,01,01,,0,364656.4301,5027821.713,True,June,0,0,0,0,0,0,0,0,1,0,0,0,0,0,0,0,0,1,0
2018-06-18,10:10:00,03,07,02,01,02,,0,394764.1581,5022461.643,True,June,0,0,0,0,0,0,0,0,1,0,0,0,0,0,0,0,0,1,0
2018-06-18,11:20:00,03,03,01,01,01,,0,365138.4225,5028685.121,True,June,0,0,0,0,0,0,0,0,1,0,0,0,0,0,0,0,0,1,0
2018-06-18,17:10:00,03,04,01,01,01,,0,375154.1776,5030605.908,True,June,0,0,0,0,0,0,0,0,1,0,0,0,0,0,0,0,0,1,0
2018-06-18,19:50:00,03,04,02,01,02,,0,355652.4067,5021792.419,True,June,0,0,0,0,0,0,0,0,1,0,0,0,0,0,0,0,0,1,0
2018-06-19,07:49:00,03,03,01,01,01,,0,379194.1439,5026151.967,True,June,0,0,0,0,0,0,0,0,1,0,0,0,0,0,0,0,0,1,0
2018-06-19,08:32:00,03,07,01,01,01,,0,345764.7701,5011381.887,True,June,0,0,0,0,0,0,0,0,1,0,0,0,0,0,0,0,0,1,0
2018-06-20,16:20:00,03,03,01,01,01,00,0,395261.5,5022264.7069999995,True,June,0,1,0,0,0,0,0,0,0,1,0,0,0,0,0,0,0,1,0
2018-06-20,18:00:00,03,03,01,01,01,,0,362487.4193,5025136.648,True,June,0,0,0,0,0,0,0,0,1,0,0,0,0,0,0,0,0,1,0
2018-04-27,07:20:00,03,03,01,01,01,,0,362077.9057,5024991.567,True,April,0,0,0,0,0,0,0,0,1,0,0,0,0,0,0,0,1,0,0
2018-02-23,13:49:00,03,03,04,01,02,,0,366567.2079,5029511.11,True,February,0,0,0,0,0,0,0,0,1,0,0,0,0,0,0,0,0,0,1
2018-06-21,07:43:00,03,07,01,01,01,,0,325639.0783,5024703.114,True,June,0,0,0,0,0,0,0,0,1,0,0,0,0,0,0,0,0,1,0
2018-01-10,11:55:00,03,07,02,01,06,,0,363776.2709,5009884.718,True,January,0,0,0,0,0,0,0,0,1,0,0,0,0,0,0,0,0,0,1
2018-07-22,14:21:00,03,04,01,01,01,,0,368361.205,5003132.53,True,July,0,0,0,0,0,0,0,0,1,0,0,0,0,0,0,0,0,1,0
2018-08-19,16:28:00,03,03,01,01,01,,0,359102.6388,5023048.185,True,August,0,0,0,0,0,0,0,0,1,0,0,0,0,0,0,0,0,1,0
2018-03-22,14:00:00,02,03,01,01,01,,0,387503.0085,5023610.539,True,March,0,0,0,0,0,0,0,0,0,1,0,0,0,0,0,0,1,0,0
2018-09-16,16:30:00,02,03,01,01,01,,0,362796.565,5025347.574,True,September,0,0,0,0,0,0,0,0,1,0,0,0,0,0,0,1,0,0,0
2018-04-28,21:46:00,03,03,01,07,01,,0,362835.4552,5025384.185,True,April,0,0,0,0,0,0,0,0,1,0,0,0,0,0,0,0,1,0,0
2018-04-29,02:10:00,03,07,01,07,01,,0,369386.3061,5030875.9180000005,True,April,0,0,0,0,0,0,0,0,1,0,0,0,0,0,0,0,1,0,0
2018-04-29,10:53:00,03,07,01,01,01,,0,342695.7633,5008730.784,True,April,0,0,0,0,0,0,0,0,1,0,0,0,0,0,0,0,1,0,0
2018-04-29,13:17:00,03,07,04,01,02,,0,350990.3616,5018790.6219999995,True,April,0,0,0,0,0,0,0,0,1,0,0,0,0,0,0,0,1,0,0
2018-04-29,13:30:00,03,04,01,01,01,,0,366138.8475,5029374.188,True,April,0,0,0,0,0,0,0,0,1,0,0,0,0,0,0,0,1,0,0
2018-04-29,15:40:00,03,03,02,01,02,,0,350117.7019,5018137.089,True,April,0,0,0,0,0,0,0,0,1,0,0,0,0,0,0,0,1,0,0
2018-04-30,06:44:00,03,07,01,01,01,,0,340943.3306,5007144.836,True,April,0,0,0,0,0,0,0,0,1,0,0,0,0,0,0,0,1,0,0
2018-05-01,16:10:00,03,03,01,01,01,,0,366043.9994,5029331.484,True,May,0,0,0,0,0,0,0,0,1,0,0,0,0,0,0,0,1,0,0
2018-05-01,16:54:00,03,03,01,01,01,,0,368399.8118,5030425.905,True,May,0,0,0,0,0,0,0,0,1,0,0,0,0,0,0,0,1,0,0
2018-05-02,08:07:00,03,03,01,01,01,,0,362319.5477,5024978.737,True,May,0,0,0,0,0,0,0,0,1,0,0,0,0,0,0,0,1,0,0
2018-05-02,09:50:00,03,04,01,01,01,,0,362311.3932,5024997.512,True,May,0,0,0,0,0,0,0,0,1,0,0,0,0,0,0,0,1,0,0
2018-05-03,06:10:00,03,04,01,03,01,,0,366916.9304,5029615.473999999,True,May,0,0,0,0,0,0,0,0,1,0,0,0,0,0,0,0,1,0,0
2018-05-03,06:35:00,03,03,02,01,02,,0,355953.1255,5021969.117,True,May,0,0,0,0,0,0,0,0,1,0,0,0,0,0,0,0,1,0,0
2018-05-02,07:15:00,03,03,01,01,02,,0,355497.69200000004,5021701.2,True,May,0,0,0,0,0,0,0,0,1,0,0,0,0,0,0,0,1,0,0
2018-05-03,09:40:00,02,0,01,01,01,,0,342018.0967,5017711.402,True,May,0,0,0,0,0,0,0,0,1,0,0,0,0,0,0,0,1,0,0
2018-05-03,13:45:00,03,07,02,01,02,,0,349349.9272,5017584.308999999,True,May,0,0,0,0,0,0,0,0,1,0,0,0,0,0,0,0,1,0,0
2018-02-03,13:10:00,03,03,01,01,01,,0,363242.4724,5025931.435,True,February,0,0,0,0,0,0,0,0,1,0,0,0,0,0,0,0,0,0,1
2018-05-03,17:43:00,03,03,01,01,01,,0,367744.6651,5029995.113,True,May,0,0,0,0,0,0,0,0,1,0,0,0,0,0,0,0,1,0,0
2018-05-03,17:45:00,03,03,02,01,02,,0,370252.1793,5031122.409,True,May,0,0,0,0,0,0,0,0,1,0,0,0,0,0,0,0,1,0,0
2018-05-04,06:30:00,03,07,01,01,01,,0,363179.5881,5025888.508,True,May,0,0,0,0,0,0,0,0,1,0,0,0,0,0,0,0,1,0,0
2018-05-04,08:21:00,02,03,01,01,01,,0,361543.8548,5024370.594,True,May,0,0,0,0,0,0,0,0,1,0,0,0,0,0,0,0,1,0,0
2018-05-04,08:30:00,03,03,01,01,01,,0,365433.0979,5028963.402,True,May,0,0,0,0,0,0,0,0,1,0,0,0,0,0,0,0,1,0,0
2018-05-04,11:50:00,02,07,02,01,02,,0,358038.2541,5022730.695,True,May,0,0,0,0,0,0,0,0,1,0,0,0,0,0,0,0,1,0,0
2018-05-04,17:00:00,03,03,01,01,01,,0,368721.4456,5030579.374,True,May,0,0,0,0,0,0,0,0,1,0,0,0,0,0,0,0,1,0,0
2018-05-05,12:15:00,03,03,01,01,01,,0,362647.1307,5025262.274,True,May,0,0,0,0,0,0,0,0,1,0,0,0,0,0,0,0,1,0,0
2018-05-06,13:10:00,03,07,01,01,01,,0,344078.5252,5015705.412,True,May,0,0,0,0,0,0,0,0,1,0,0,0,0,0,0,0,1,0,0
2018-05-06,13:05:00,03,07,01,01,01,,0,343484.6244,5016364.5430000005,True,May,0,0,0,0,0,0,0,0,1,0,0,0,0,0,0,0,1,0,0
2018-05-06,22:30:00,03,07,01,07,01,,0,366098.667,5005712.602,True,May,0,0,0,0,0,0,0,0,1,0,0,0,0,0,0,0,1,0,0
2018-05-07,07:50:00,03,03,01,01,01,,0,358015.5013,5022730.408,True,May,0,0,0,0,0,0,0,0,1,0,0,0,0,0,0,0,1,0,0
2018-05-07,08:45:00,03,04,01,01,01,,0,360477.9092,5023290.945,True,May,0,0,0,0,0,0,0,0,1,0,0,0,0,0,0,0,1,0,0
2018-05-07,16:25:00,02,04,01,01,01,,0,360318.9472,5017940.171,True,May,0,0,0,0,0,0,0,0,1,0,0,0,0,0,0,0,1,0,0
2018-05-07,16:40:00,03,03,01,01,01,,0,364716.3733,5027917.098999999,True,May,0,0,0,0,0,0,0,0,1,0,0,0,0,0,0,0,1,0,0
2018-05-07,17:08:00,03,03,01,01,01,,0,368818.3122,5030626.5430000005,True,May,0,0,0,0,0,0,0,0,1,0,0,0,0,0,0,0,1,0,0
2018-05-08,07:09:00,02,03,01,01,01,,0,356376.7535,5022218.893999999,True,May,0,0,0,0,0,0,0,0,1,0,0,0,0,0,0,0,1,0,0
2018-05-08,09:25:00,03,03,01,01,01,,0,371015.981,5031314.133,True,May,0,0,0,0,0,0,0,0,1,0,0,0,0,0,0,0,1,0,0
2018-04-26,19:00:00,03,07,01,01,01,,0,383409.5125,4998788.149,False,April,0,0,0,0,0,0,0,0,1,0,0,0,0,0,0,0,1,0,0
2018-05-08,20:30:00,03,07,01,05,01,,0,363900.7071,5009675.246,True,May,0,0,0,0,0,0,0,0,1,0,0,0,0,0,0,0,1,0,0
2018-05-09,00:29:00,03,07,01,07,01,,0,360356.605,5023476.697,True,May,0,0,0,0,0,0,0,0,1,0,0,0,0,0,0,0,1,0,0
2018-05-25,07:11:00,03,0,01,01,01,,0,350060.8426,5018061.364,True,May,0,0,0,0,0,0,0,0,1,0,0,0,0,0,0,0,1,0,0
2018-05-09,22:07:00,03,03,01,07,01,,0,364657.4898,5027857.584,True,May,0,0,0,0,0,0,0,0,1,0,0,0,0,0,0,0,1,0,0
2018-05-31,12:15:00,03,03,02,01,02,,0,373861.0183,5031838.435,True,May,0,0,0,0,0,0,0,0,1,0,0,0,0,0,0,0,1,0,0
2018-05-10,13:00:00,03,0,01,01,01,,0,356422.8524,5022244.209,True,May,0,0,0,0,0,0,0,0,1,0,0,0,0,0,0,0,1,0,0
2018-05-10,15:44:00,03,03,01,01,01,,0,365824.47799999994,5029215.825,True,May,0,0,0,0,0,0,0,0,1,0,0,0,0,0,0,0,1,0,0
2018-05-09,17:42:00,02,03,01,01,01,,0,367839.2524,5030053.391,True,May,0,0,0,0,0,0,0,0,1,0,0,0,0,0,0,0,1,0,0
2018-05-10,16:29:00,03,03,01,01,01,,0,365010.7451,5028465.867,True,May,0,0,0,0,0,0,0,0,1,0,0,0,0,0,0,0,1,0,0
2018-05-10,17:15:00,02,03,01,01,01,,0,360894.9314,5023868.898,True,May,0,0,0,0,0,0,0,0,1,0,0,0,0,0,0,0,1,0,0
2018-05-10,20:25:00,02,03,01,05,01,,0,362553.814,5025189.637,True,May,0,0,0,0,0,0,0,0,1,0,0,0,0,0,0,0,1,0,0
2018-05-11,03:47:00,03,07,01,07,01,,0,361087.6455,5024021.454,True,May,0,0,0,0,0,0,0,0,1,0,0,0,0,0,0,0,1,0,0
2018-05-11,07:54:00,03,03,01,01,01,,0,379964.6987,5025971.563999999,True,May,0,0,0,0,0,0,0,0,1,0,0,0,0,0,0,0,1,0,0
2018-05-11,12:22:00,02,03,01,01,01,,0,355320.0454,5021598.056,True,May,0,0,0,0,0,0,0,0,1,0,0,0,0,0,0,0,1,0,0
2018-05-11,17:01:00,03,03,01,01,01,,0,364666.4809,5027871.311000001,True,May,0,0,0,0,0,0,0,0,1,0,0,0,0,0,0,0,1,0,0
2018-05-12,11:52:00,03,04,01,01,01,,0,363118.4113,5025805.462,True,May,0,0,0,0,0,0,0,0,1,0,0,0,0,0,0,0,1,0,0
2018-05-12,15:42:00,03,03,01,01,01,,0,362670.7777,5025251.783,True,May,0,0,0,0,0,0,0,0,1,0,0,0,0,0,0,0,1,0,0
2018-05-12,16:50:00,02,03,01,01,01,,0,366680.3698,5029563.674,True,May,0,0,0,0,0,0,0,0,1,0,0,0,0,0,0,0,1,0,0
2018-05-12,19:30:00,03,03,01,01,01,,0,352980.1539,5020075.051,True,May,0,0,0,0,0,0,0,0,1,0,0,0,0,0,0,0,1,0,0
2018-05-13,14:45:00,03,03,01,01,01,,0,362812.6406,5025361.395,True,May,0,0,0,0,0,0,0,0,1,0,0,0,0,0,0,0,1,0,0
2018-05-11,14:55:00,02,07,01,01,01,,0,359344.3589,5019735.553,True,May,0,0,0,0,0,0,0,0,1,0,0,0,0,0,0,0,1,0,0
2018-05-14,07:10:00,02,07,01,01,01,,0,332969.5811,5021065.266,True,May,0,0,0,0,0,0,0,0,1,0,0,0,0,0,0,0,1,0,0
2018-05-14,07:30:00,03,04,01,01,01,,0,363111.6962,5025753.311000001,True,May,0,0,0,0,0,0,0,0,1,0,0,0,0,0,0,0,1,0,0
2018-05-14,12:45:00,03,04,01,01,01,,0,360897.1822,5023870.575,True,May,0,0,0,0,0,0,0,0,1,0,0,0,0,0,0,0,1,0,0
2018-05-14,15:55:00,03,04,01,01,01,,0,368718.8738,5030577.938,True,May,0,0,0,0,0,0,0,0,1,0,0,0,0,0,0,0,1,0,0
2018-05-15,08:35:00,03,04,01,01,01,,0,356544.6012,5022312.987,True,May,0,0,0,0,0,0,0,0,1,0,0,0,0,0,0,0,1,0,0
2018-05-15,14:50:00,03,04,01,01,01,,0,365609.4984,5029083.498,True,May,0,0,0,0,0,0,0,0,1,0,0,0,0,0,0,0,1,0,0
2018-05-15,15:55:00,03,04,01,01,01,,0,359919.6894,5023169.654,True,May,0,0,0,0,0,0,0,0,1,0,0,0,0,0,0,0,1,0,0
2018-05-15,20:35:00,03,07,01,05,01,,0,340399.1365,5004254.49,True,May,0,0,0,0,0,0,0,0,1,0,0,0,0,0,0,0,1,0,0
2018-05-16,08:35:00,03,03,01,01,01,,0,372773.8085,5031559.375,True,May,0,0,0,0,0,0,0,0,1,0,0,0,0,0,0,0,1,0,0
2018-05-16,08:40:00,03,03,01,01,01,,0,374269.24700000003,5031079.695,True,May,0,0,0,0,0,0,0,0,1,0,0,0,0,0,0,0,1,0,0
2018-05-16,09:40:00,03,03,01,01,01,,0,364776.1135,5028026.787,True,May,0,0,0,0,0,0,0,0,1,0,0,0,0,0,0,0,1,0,0
2018-05-16,13:00:00,03,04,01,01,01,,0,374174.5874,5031220.683999999,True,May,0,0,0,0,0,0,0,0,1,0,0,0,0,0,0,0,1,0,0
2018-05-16,17:25:00,03,03,01,01,01,,0,366776.1029,5029573.978,True,May,0,0,0,0,0,0,0,0,1,0,0,0,0,0,0,0,1,0,0
2018-05-17,07:30:00,03,04,01,01,01,,0,356237.4949,5022136.78,True,May,0,0,0,0,0,0,0,0,1,0,0,0,0,0,0,0,1,0,0
2018-05-17,08:45:00,03,03,01,01,01,,0,363892.2658,5026829.532,True,May,0,0,0,0,0,0,0,0,1,0,0,0,0,0,0,0,1,0,0
2018-06-14,05:30:00,03,07,02,03,02,,0,355938.4939,5021960.681,True,June,0,0,0,0,0,0,0,0,1,0,0,0,0,0,0,0,0,1,0
2018-05-17,13:45:00,03,03,01,01,01,,0,363386.5297,5026157.553,True,May,0,0,0,0,0,0,0,0,1,0,0,0,0,0,0,0,1,0,0
2018-05-17,15:15:00,03,03,01,01,01,,0,370478.0651,5031139.737,True,May,0,0,0,0,0,0,0,0,1,0,0,0,0,0,0,0,1,0,0
2018-05-17,17:08:00,02,03,01,01,01,,0,365659.2556,5029117.756,True,May,0,0,0,0,0,0,0,0,1,0,0,0,0,0,0,0,1,0,0
2018-05-17,17:25:00,02,03,01,01,01,,0,368077.9331,5030189.553,True,May,0,0,0,0,0,0,0,0,1,0,0,0,0,0,0,0,1,0,0
2018-05-17,18:15:00,03,03,01,01,01,,0,365081.4892,5028590.175,True,May,0,0,0,0,0,0,0,0,1,0,0,0,0,0,0,0,1,0,0
2018-05-17,21:40:00,03,03,01,07,01,,0,365943.4822,5029255.022,True,May,0,0,0,0,0,0,0,0,1,0,0,0,0,0,0,0,1,0,0