DATE,TIME,CLASS_OF_ACCIDENT,IMPACT_TYPE,ENVIRONMENT,LIGHT,ROAD_SURFACE_CONDITION,TRAFFIC_CONTROL_CONDITION,NO_OF_PEDESTRIANS,X,Y,Highway,Month,categorical_TRAFFIC_CONTROL_01,categorical_TRAFFIC_CONTROL_02,categorical_TRAFFIC_CONTROL_03,categorical_TRAFFIC_CONTROL_04,categorical_TRAFFIC_CONTROL_07,categorical_TRAFFIC_CONTROL_08,categorical_TRAFFIC_CONTROL_09,categorical_TRAFFIC_CONTROL_11,categorical_ACCIDENT_LOCATION_01,categorical_ACCIDENT_LOCATION_02,categorical_ACCIDENT_LOCATION_03,categorical_ACCIDENT_LOCATION_04,categorical_ACCIDENT_LOCATION_05,categorical_ACCIDENT_LOCATION_06,categorical_ACCIDENT_LOCATION_07,categorical_Seasons_Fall,categorical_Seasons_Spring,categorical_Seasons_Summer,categorical_Seasons_Winter
2018-05-18,07:15:00,03,03,01,01,01,,0,362131.8448,5024834.778,True,May,0,0,0,0,0,0,0,0,1,0,0,0,0,0,0,0,1,0,0
2018-05-18,17:21:00,03,04,01,01,01,,0,356459.6465,5022262.683999999,True,May,0,0,0,0,0,0,0,0,1,0,0,0,0,0,0,0,1,0,0
2018-05-18,21:25:00,03,03,01,07,01,,0,367021.4956,5029648.193,True,May,0,0,0,0,0,0,0,0,1,0,0,0,0,0,0,0,1,0,0
2018-05-18,23:10:00,02,07,01,07,01,,0,340748.3498,5006876.578,True,May,0,0,0,0,0,0,0,0,1,0,0,0,0,0,0,0,1,0,0
2018-05-19,08:50:00,03,07,01,01,01,,0,369378.7791,5031115.0,True,May,0,0,0,0,0,0,0,0,1,0,0,0,0,0,0,0,1,0,0
2018-05-20,06:00:00,03,07,02,01,02,,0,386210.1334,5024141.913,True,May,0,0,0,0,0,0,0,0,1,0,0,0,0,0,0,0,1,0,0
2018-05-20,07:44:00,02,07,01,01,02,,0,366096.6163,5005714.695,True,May,0,0,0,0,0,0,0,0,1,0,0,0,0,0,0,0,1,0,0
2018-05-20,17:40:00,03,04,01,01,01,,0,367710.6354,5029946.115,True,May,0,0,0,0,0,0,0,0,1,0,0,0,0,0,0,0,1,0,0
2018-06-20,13:00:00,03,0,01,01,01,,0,363414.2698,5026193.548,True,June,0,0,0,0,0,0,0,0,1,0,0,0,0,0,0,0,0,1,0
2018-05-22,06:58:00,03,03,01,01,01,,0,360866.3272,5023846.4569999995,True,May,0,0,0,0,0,0,0,0,1,0,0,0,0,0,0,0,1,0,0
2018-05-22,08:20:00,02,07,01,01,01,,0,351482.3701,5019004.466,True,May,0,0,0,0,0,0,0,0,1,0,0,0,0,0,0,0,1,0,0
2018-05-22,15:05:00,03,04,01,01,01,,0,358906.7415,5023034.597,True,May,0,0,0,0,0,0,0,0,1,0,0,0,0,0,0,0,1,0,0
2018-05-23,07:50:00,03,03,01,01,01,,0,365714.8652,5029152.347,True,May,0,0,0,0,0,0,0,0,1,0,0,0,0,0,0,0,1,0,0
2018-05-23,08:00:00,03,07,01,01,01,,0,363374.0001,5010867.098,True,May,0,0,0,0,0,0,0,0,1,0,0,0,0,0,0,0,1,0,0
2018-05-23,10:45:00,03,03,01,01,01,01,0,360530.9724,5023312.9,True,May,1,0,0,0,0,0,0,0,0,1,0,0,0,0,0,0,1,0,0
2018-05-23,15:30:00,03,03,01,01,01,,0,368821.8242,5030628.305,True,May,0,0,0,0,0,0,0,0,1,0,0,0,0,0,0,0,1,0,0
2018-05-23,15:55:00,03,03,01,01,01,,0,370371.5589,5031140.018,True,May,0,0,0,0,0,0,0,0,1,0,0,0,0,0,0,0,1,0,0
2018-05-24,08:15:00,03,03,01,01,01,,0,355517.3904,5021761.388,True,May,0,0,0,0,0,0,0,0,1,0,0,0,0,0,0,0,1,0,0
2018-05-28,08:34:00,03,04,01,01,01,,0,364459.5312,5027545.688,True,May,0,0,0,0,0,0,0,0,1,0,0,0,0,0,0,0,1,0,0
2018-05-24,21:25:00,03,07,01,07,01,,0,379581.2292,5026007.588,True,May,0,0,0,0,0,0,0,0,1,0,0,0,0,0,0,0,1,0,0
2018-05-24,21:20:00,03,07,01,07,01,,0,379685.4964,5025986.887,True,May,0,0,0,0,0,0,0,0,1,0,0,0,0,0,0,0,1,0,0
2018-01-11,06:31:00,02,07,01,07,01,,0,353173.2526,5020390.521000001,True,January,0,0,0,0,0,0,0,0,1,0,0,0,0,0,0,0,0,0,1
2018-07-22,15:15:00,03,07,01,01,01,,0,359240.1596,5020299.698,True,July,0,0,0,0,0,0,0,0,1,0,0,0,0,0,0,0,0,1,0
2018-09-17,06:40:00,03,03,01,03,01,,0,352356.5296,5019755.565,True,September,0,0,0,0,0,0,0,0,1,0,0,0,0,0,0,1,0,0,0
2018-03-23,15:53:00,03,03,01,01,01,,0,373349.6387,5031731.951,True,March,0,0,0,0,0,0,0,0,1,0,0,0,0,0,0,0,1,0,0
2018-08-20,07:28:00,03,0,01,01,01,,0,364818.2429,5028147.905,True,August,0,0,0,0,0,0,0,0,1,0,0,0,0,0,0,0,0,1,0
2018-06-21,12:00:00,03,04,01,01,01,,0,359262.2685,5023087.2469999995,True,June,0,0,0,0,0,0,0,0,1,0,0,0,0,0,0,0,0,1,0
2018-02-23,14:07:00,03,07,04,01,06,,0,377969.1425,5026365.991,True,February,0,0,0,0,0,0,0,0,1,0,0,0,0,0,0,0,0,0,1
2018-01-03,23:00:00,03,07,03,07,03,,0,365765.3959,5029160.23,True,January,0,0,0,0,0,0,0,0,1,0,0,0,0,0,0,0,0,0,1
2018-03-23,16:30:00,03,03,01,01,01,,0,373286.3609,5031706.518999999,True,March,0,0,0,0,0,0,0,0,1,0,0,0,0,0,0,0,1,0,0
2018-08-20,07:59:00,03,03,01,01,01,,0,360879.1649,5023855.94,True,August,0,0,0,0,0,0,0,0,1,0,0,0,0,0,0,0,0,1,0
2018-06-21,18:00:00,02,03,01,01,01,,0,367024.4253,5029649.054,True,June,0,0,0,0,0,0,0,0,1,0,0,0,0,0,0,0,0,1,0
2018-09-17,07:30:00,03,03,01,01,01,,0,382911.8606,5025440.455,True,September,0,0,0,0,0,0,0,0,1,0,0,0,0,0,0,1,0,0,0
2018-01-10,17:30:00,03,04,01,05,01,,0,355549.766,5021780.877,True,January,0,0,0,0,0,0,0,0,1,0,0,0,0,0,0,0,0,0,1
2018-07-23,16:15:00,03,03,02,01,02,,0,365019.6554,5028515.63,True,July,0,0,0,0,0,0,0,0,1,0,0,0,0,0,0,0,0,1,0
2018-02-23,17:08:00,03,03,04,01,06,,0,369051.8091,5030763.508,True,February,0,0,0,0,0,0,0,0,1,0,0,0,0,0,0,0,0,0,1
2018-03-23,18:50:00,03,04,01,05,01,,0,362572.8523,5025204.063999999,True,March,0,0,0,0,0,0,0,0,1,0,0,0,0,0,0,0,1,0,0
2018-02-04,07:00:00,03,04,03,03,03,,0,365913.0549,5029238.462,True,February,0,0,0,0,0,0,0,0,1,0,0,0,0,0,0,0,0,0,1
2018-08-20,08:05:00,02,03,01,01,01,,0,366973.6531,5029653.882,True,August,0,0,0,0,0,0,0,0,1,0,0,0,0,0,0,0,0,1,0
2018-06-22,13:40:00,03,07,01,01,01,,0,356944.0623,5022494.717,True,June,0,0,0,0,0,0,0,0,1,0,0,0,0,0,0,0,0,1,0
2018-06-22,15:50:00,03,03,01,01,01,,0,363098.4805,5025734.395,True,June,0,0,0,0,0,0,0,0,1,0,0,0,0,0,0,0,0,1,0
2018-06-22,21:30:00,03,07,01,07,01,,0,345934.0152,5011539.576,True,June,0,0,0,0,0,0,0,0,1,0,0,0,0,0,0,0,0,1,0
2018-06-22,23:00:00,02,03,01,07,01,01,0,401313.0678,5024763.5430000005,False,June,0,1,0,0,0,0,0,0,0,1,0,0,0,0,0,0,0,1,0
2018-06-23,11:20:00,03,04,01,01,01,,0,355882.7909,5021976.057,True,June,0,0,0,0,0,0,0,0,1,0,0,0,0,0,0,0,0,1,0
2018-06-23,13:00:00,03,07,01,01,01,,0,369777.6559,5031157.021000001,True,June,0,0,0,0,0,0,0,0,1,0,0,0,0,0,0,0,0,1,0
2018-06-23,17:15:00,03,07,02,01,02,,0,364366.55600000004,5027545.727,True,June,0,0,0,0,0,0,0,0,1,0,0,0,0,0,0,0,0,1,0
2018-06-24,02:30:00,03,07,01,07,01,,0,364489.5981,5008479.75,True,June,0,0,0,0,0,0,0,0,1,0,0,0,0,0,0,0,0,1,0
2018-06-24,12:55:00,03,03,01,01,01,,0,364664.0753,5027833.41,True,June,0,0,0,0,0,0,0,0,1,0,0,0,0,0,0,0,0,1,0
2018-06-24,19:00:00,03,07,01,01,01,,0,338094.9977,5019690.781,True,June,0,0,0,0,0,0,0,0,1,0,0,0,0,0,0,0,0,1,0
2018-06-26,10:15:00,03,04,01,01,01,,0,350903.2578,5018525.8,True,June,0,0,0,0,0,0,0,0,1,0,0,0,0,0,0,0,0,1,0
2018-06-26,17:30:00,03,03,01,01,01,,0,359726.4311,5015276.364,True,June,0,0,0,0,0,0,0,0,1,0,0,0,0,0,0,0,0,1,0
2018-06-27,16:48:00,03,07,02,01,02,,0,344438.1931,5015356.823,True,June,0,0,0,0,0,0,0,0,1,0,0,0,0,0,0,0,0,1,0
2018-06-27,18:36:00,03,03,01,01,01,,0,362176.8054,5024892.722,True,June,0,0,0,0,0,0,0,0,1,0,0,0,0,0,0,0,0,1,0
2018-06-28,12:22:00,03,07,01,01,01,,0,356152.0615,5022059.663,True,June,0,0,0,0,0,0,0,0,1,0,0,0,0,0,0,0,0,1,0
2018-06-28,15:23:00,03,03,01,01,01,,0,365397.4048,5028939.161,True,June,0,0,0,0,0,0,0,0,1,0,0,0,0,0,0,0,0,1,0
2018-06-28,02:21:00,03,07,01,07,01,,0,354893.3408,5021347.03,True,June,0,0,0,0,0,0,0,0,1,0,0,0,0,0,0,0,0,1,0
2018-06-25,13:45:00,03,03,01,01,01,,0,386200.729,5024146.597,True,June,0,0,0,0,0,0,0,0,1,0,0,0,0,0,0,0,0,1,0
2018-06-29,12:20:00,03,03,01,01,01,,0,363930.5307,5026850.178,True,June,0,0,0,0,0,0,0,0,1,0,0,0,0,0,0,0,0,1,0
2018-06-29,14:00:00,02,03,01,01,01,,0,367359.9609,5029801.938999999,True,June,0,0,0,0,0,0,0,0,1,0,0,0,0,0,0,0,0,1,0
2018-06-29,15:38:00,02,03,01,01,01,,0,364554.8428,5027674.198,True,June,0,0,0,0,0,0,0,0,1,0,0,0,0,0,0,0,0,1,0
2018-06-29,16:45:00,03,03,01,01,01,,0,363550.9799,5026372.118,True,June,0,0,0,0,0,0,0,0,1,0,0,0,0,0,0,0,0,1,0
2018-06-29,14:35:00,03,03,01,01,01,,0,362204.5655,5024914.7469999995,True,June,0,0,0,0,0,0,0,0,1,0,0,0,0,0,0,0,0,1,0
2018-06-29,22:35:00,03,07,01,07,01,,0,368201.8773,5030281.524,True,June,0,0,0,0,0,0,0,0,1,0,0,0,0,0,0,0,0,1,0
2018-06-30,14:27:00,02,04,01,01,01,,0,364494.5706,5027592.992,True,June,0,0,0,0,0,0,0,0,1,0,0,0,0,0,0,0,0,1,0
2018-07-01,11:55:00,03,04,01,01,01,,0,357151.2042,5022553.897,True,July,0,0,0,0,0,0,0,0,1,0,0,0,0,0,0,0,0,1,0
2018-07-03,04:16:00,03,07,01,07,01,,0,359313.0449,5016615.027,True,July,0,0,0,0,0,0,0,0,1,0,0,0,0,0,0,0,0,1,0
2018-07-03,15:55:00,03,03,01,01,01,,0,370272.6059,5031125.536,True,July,0,0,0,0,0,0,0,0,1,0,0,0,0,0,0,0,0,1,0
2018-07-03,17:04:00,03,04,01,01,01,,0,376315.6167,5027762.018999999,True,July,0,0,0,0,0,0,0,0,1,0,0,0,0,0,0,0,0,1,0
2018-07-02,01:20:00,03,07,01,07,01,,0,365110.9487,5028683.547,True,July,0,0,0,0,0,0,0,0,1,0,0,0,0,0,0,0,0,1,0
2018-07-04,13:00:00,03,04,01,01,01,,0,358971.6506,5023048.29,True,July,0,0,0,0,0,0,0,0,1,0,0,0,0,0,0,0,0,1,0
2018-07-05,08:51:00,03,03,01,01,01,,0,366938.4052,5029641.31,True,July,0,0,0,0,0,0,0,0,1,0,0,0,0,0,0,0,0,1,0
2018-07-05,12:23:00,03,04,01,01,01,,0,368663.492,5030572.7930000005,True,July,0,0,0,0,0,0,0,0,1,0,0,0,0,0,0,0,0,1,0
2018-07-05,07:55:00,03,03,01,01,01,,0,361126.86299999995,5024051.405,True,July,0,0,0,0,0,0,0,0,1,0,0,0,0,0,0,0,0,1,0
2018-07-05,18:06:00,03,07,01,01,01,,0,349423.5673,5017647.988,True,July,0,0,0,0,0,0,0,0,1,0,0,0,0,0,0,0,0,1,0
2018-07-05,22:33:00,03,07,01,07,01,,0,369464.5125,5000175.646000001,True,July,0,0,0,0,0,0,0,0,1,0,0,0,0,0,0,0,0,1,0
2018-07-06,06:02:00,03,03,01,01,01,,0,369676.5606,5031143.346,True,July,0,0,0,0,0,0,0,0,1,0,0,0,0,0,0,0,0,1,0
2018-07-06,07:35:00,02,03,01,01,01,,0,370274.1222,5031125.566000001,True,July,0,0,0,0,0,0,0,0,1,0,0,0,0,0,0,0,0,1,0
2018-07-06,10:39:00,03,03,01,01,01,,0,360944.4825,5023934.716,True,July,0,0,0,0,0,0,0,0,1,0,0,0,0,0,0,0,0,1,0
2018-07-06,12:25:00,03,03,01,01,01,,0,364527.075,5027664.026000001,True,July,0,0,0,0,0,0,0,0,1,0,0,0,0,0,0,0,0,1,0
2018-07-06,15:15:00,03,03,01,01,01,,0,370281.13899999997,5031126.285,True,July,0,0,0,0,0,0,0,0,1,0,0,0,0,0,0,0,0,1,0
2018-07-06,15:34:00,03,04,01,01,01,,0,360420.7405,5023296.183,True,July,0,0,0,0,0,0,0,0,1,0,0,0,0,0,0,0,0,1,0
2018-07-06,15:56:00,02,03,01,01,01,,0,368758.8328,5030622.853,True,July,0,0,0,0,0,0,0,0,1,0,0,0,0,0,0,0,0,1,0
2018-07-07,03:35:00,03,07,01,07,01,,0,371694.987,4994639.871,True,July,0,0,0,0,0,0,0,0,1,0,0,0,0,0,0,0,0,1,0
2018-07-07,15:12:00,03,07,01,01,00,,0,367290.5123,5029707.223,True,July,0,0,0,0,0,0,0,0,0,0,0,1,0,0,0,0,0,1,0
2018-07-09,16:08:00,03,03,01,01,01,,0,355575.5291,5021795.945,True,July,0,0,0,0,0,0,0,0,1,0,0,0,0,0,0,0,0,1,0
2018-07-09,16:35:00,03,03,01,01,01,,0,370248.9268,5031107.181,True,July,0,0,0,0,0,0,0,0,1,0,0,0,0,0,0,0,0,1,0
2018-07-09,21:35:00,03,07,01,07,01,,0,340949.8624,5007151.863,True,July,0,0,0,0,0,0,0,0,1,0,0,0,0,0,0,0,0,1,0
2018-07-10,14:20:00,03,04,01,01,01,,0,374620.2841,5030736.971,True,July,0,0,0,0,0,0,0,0,1,0,0,0,0,0,0,0,0,1,0
2018-07-10,14:45:00,03,03,01,01,01,,0,362917.6552,5025481.669,True,July,0,0,0,0,0,0,0,0,1,0,0,0,0,0,0,0,0,1,0
2018-07-10,15:30:00,03,03,01,01,01,,0,370232.6303,5031119.906,True,July,0,0,0,0,0,0,0,0,1,0,0,0,0,0,0,0,0,1,0
2018-07-11,17:49:00,03,03,01,01,01,01,0,362206.9339,5024626.637,True,July,0,0,1,0,0,0,0,0,0,1,0,0,0,0,0,0,0,1,0
2018-07-12,07:40:00,03,03,01,01,01,,0,359079.0616,5023045.1280000005,True,July,0,0,0,0,0,0,0,0,1,0,0,0,0,0,0,0,0,1,0
2018-07-12,08:15:00,03,04,01,01,01,,0,368619.9027,5030530.682,True,July,0,0,0,0,0,0,0,0,1,0,0,0,0,0,0,0,0,1,0
2018-07-12,10:30:00,03,04,01,01,01,,0,362314.2837,5024974.731000001,True,July,0,0,0,0,0,0,0,0,1,0,0,0,0,0,0,0,0,1,0
2018-07-12,14:11:00,03,05,01,01,01,,0,342654.602,5017247.1680000005,True,July,0,0,0,0,0,0,0,0,1,0,0,0,0,0,0,0,0,1,0
2018-07-12,14:30:00,03,07,01,01,01,,0,340222.7482,5019133.044,True,July,0,0,0,0,0,0,0,0,1,0,0,0,0,0,0,0,0,1,0
2018-07-12,22:20:00,03,07,01,07,01,,0,341427.6702,5018284.922,True,July,0,0,0,0,0,0,0,0,1,0,0,0,0,0,0,0,0,1,0
2018-07-13,07:50:00,03,03,01,01,01,,0,342172.6219,5017589.563999999,True,July,0,0,0,0,0,0,0,0,1,0,0,0,0,0,0,0,0,1,0
2018-07-13,14:15:00,03,03,01,01,01,,0,367078.4513,5029690.618,True,July,0,0,0,0,0,0,0,0,1,0,0,0,0,0,0,0,0,1,0
2018-07-13,17:00:00,03,03,01,01,01,,0,367876.7114,5030078.011,True,July,0,0,0,0,0,0,0,0,1,0,0,0,0,0,0,0,0,1,0
2018-07-14,08:30:00,03,07,01,01,01,,0,375042.6033,5030628.033,True,July,0,0,0,0,0,0,0,0,1,0,0,0,0,0,0,0,0,1,0
2018-09-05,15:25:00,03,03,01,01,01,,0,369455.5658,5031037.353999999,True,September,0,0,0,0,0,0,0,0,1,0,0,0,0,0,0,1,0,0,0
2018-07-14,18:50:00,02,07,01,01,01,,0,375913.0595,5029113.627,True,July,0,0,0,0,0,0,0,0,1,0,0,0,0,0,0,0,0,1,0
2018-07-15,10:48:00,03,05,01,01,01,,0,369438.8512,5000371.272,True,July,0,0,0,0,0,0,0,0,1,0,0,0,0,0,0,0,0,1,0
2018-07-15,14:20:00,02,01,01,01,01,,0,376620.0322,5027708.962,True,July,0,0,0,0,0,0,0,0,1,0,0,0,0,0,0,0,0,1,0
2018-07-15,15:20:00,03,07,01,01,01,,0,368755.3499,5002565.506,True,July,0,0,0,0,0,0,0,0,1,0,0,0,0,0,0,0,0,1,0
2018-07-15,19:35:00,03,04,01,01,01,,0,363634.101,5026457.243,True,July,0,0,0,0,0,0,0,0,1,0,0,0,0,0,0,0,0,1,0
2018-07-16,17:50:00,03,04,01,01,01,,0,364665.2818,5027870.1219999995,True,July,0,0,0,0,0,0,0,0,1,0,0,0,0,0,0,0,0,1,0
2018-07-16,18:01:00,03,03,01,01,01,,0,363143.8364,5025838.679,True,July,0,0,0,0,0,0,0,0,1,0,0,0,0,0,0,0,0,1,0
2018-07-17,10:40:00,03,0,01,01,01,,0,374804.1425,5030977.331,True,July,0,0,0,0,0,0,0,0,1,0,0,0,0,0,0,0,0,1,0
2018-07-17,15:23:00,02,07,01,01,01,,0,369585.82899999997,4999878.881,True,July,0,0,0,0,0,0,0,0,1,0,0,0,0,0,0,0,0,1,0
2018-07-17,17:20:00,03,03,01,01,01,,0,348488.2346,5016856.775,True,July,0,0,0,0,0,0,0,0,1,0,0,0,0,0,0,0,0,1,0
2018-07-17,17:20:00,03,03,01,01,01,,0,365130.7712,5028676.053,True,July,0,0,0,0,0,0,0,0,1,0,0,0,0,0,0,0,0,1,0
2018-07-17,17:33:00,03,03,01,01,01,,0,362791.7758,5025379.153,True,July,0,0,0,0,0,0,0,0,1,0,0,0,0,0,0,0,0,1,0
2018-07-17,17:50:00,03,04,01,01,01,,0,348494.8704,5016862.59,True,July,0,0,0,0,0,0,0,0,1,0,0,0,0,0,0,0,0,1,0
2018-07-17,18:14:00,03,03,01,01,01,,0,363187.4169,5025857.933,True,July,0,0,0,0,0,0,0,0,1,0,0,0,0,0,0,0,0,1,0
2018-07-17,18:10:00,03,04,01,01,01,,0,360540.6059,5023589.062,True,July,0,0,0,0,0,0,0,0,1,0,0,0,0,0,0,0,0,1,0
2018-09-11,08:55:00,03,03,02,01,02,,0,353736.1581,5020718.969,True,September,0,0,0,0,0,0,0,0,1,0,0,0,0,0,0,1,0,0,0
2018-07-18,08:01:00,03,03,01,01,01,,0,368547.9437,5030510.583000001,True,July,0,0,0,0,0,0,0,0,1,0,0,0,0,0,0,0,0,1,0
2018-07-18,15:45:00,03,04,01,01,01,,0,359936.7197,5023176.166,True,July,0,0,0,0,0,0,0,0,1,0,0,0,0,0,0,0,0,1,0
2018-07-19,09:35:00,03,03,01,01,01,,0,361194.4455,5024129.5,True,July,0,0,0,0,0,0,0,0,1,0,0,0,0,0,0,0,0,1,0
2018-07-19,10:05:00,03,07,01,01,01,,0,368115.4972,5030218.94,True,July,0,0,0,0,0,0,0,0,1,0,0,0,0,0,0,0,0,1,0
2018-07-19,13:30:00,03,04,01,01,01,,0,361716.0278,5024537.774,True,July,0,0,0,0,0,0,0,0,1,0,0,0,0,0,0,0,0,1,0
2018-07-19,17:35:00,03,03,01,01,01,,0,364423.1935,5027498.658,True,July,0,0,0,0,0,0,0,0,1,0,0,0,0,0,0,0,0,1,0
2018-07-19,17:39:00,03,03,01,01,01,,0,369349.8931,5030967.056,True,July,0,0,0,0,0,0,0,0,1,0,0,0,0,0,0,0,0,1,0
2018-07-20,01:17:00,03,07,01,07,01,,0,362925.82700000005,5025492.47,True,July,0,0,0,0,0,0,0,0,1,0,0,0,0,0,0,0,0,1,0
2018-07-20,10:28:00,03,04,01,01,01,,0,359930.2508,5023173.572,True,July,0,0,0,0,0,0,0,0,1,0,0,0,0,0,0,0,0,1,0
2018-07-20,13:00:00,03,03,01,01,01,,0,362692.2312,5025268.246,True,July,0,0,0,0,0,0,0,0,1,0,0,0,0,0,0,0,0,1,0
2018-07-20,14:25:00,03,03,01,01,01,,0,362252.9479,5024927.631,True,July,0,0,0,0,0,0,0,0,1,0,0,0,0,0,0,0,0,1,0
2018-09-17,10:45:00,02,03,01,01,01,,0,364659.5484,5027826.072,True,September,0,0,0,0,0,0,0,0,1,0,0,0,0,0,0,1,0,0,0
2018-07-23,16:55:00,03,04,01,01,01,,0,391008.8604,5023175.268999999,True,July,0,0,0,0,0,0,0,0,1,0,0,0,0,0,0,0,0,1,0
2018-01-11,14:08:00,03,04,01,01,01,,0,368933.6313,5030689.183,True,January,0,0,0,0,0,0,0,0,1,0,0,0,0,0,0,0,0,0,1
2018-02-23,14:36:00,03,07,04,01,06,,0,357900.0861,5022708.602,True,February,0,0,0,0,0,0,0,0,1,0,0,0,0,0,0,0,0,0,1
2018-03-26,09:36:00,02,03,01,01,01,,0,358777.87299999996,5023004.673,True,March,0,0,0,0,0,0,0,0,1,0,0,0,0,0,0,0,1,0,0
2018-02-04,09:45:00,03,04,03,01,03,,0,369856.0318,5031153.287,True,February,0,0,0,0,0,0,0,0,1,0,0,0,0,0,0,0,0,0,1
2018-02-23,14:20:00,03,0,04,01,06,,0,323648.7244,5026932.525,True,February,0,0,0,0,0,0,0,0,1,0,0,0,0,0,0,0,0,0,1
2018-03-27,06:25:00,02,07,01,01,01,,0,365719.0931,5006347.701,True,March,0,0,0,0,0,0,0,0,1,0,0,0,0,0,0,0,1,0,0
2018-09-17,10:50:00,03,03,01,01,01,,0,363952.2103,5026879.192,True,September,0,0,0,0,0,0,0,0,1,0,0,0,0,0,0,1,0,0,0
2018-08-20,09:38:00,03,0,01,01,01,,0,364689.9134,5027911.373,True,August,0,0,0,0,0,0,0,0,1,0,0,0,0,0,0,0,0,1,0
2018-01-11,15:45:00,03,04,01,01,01,,0,355556.3771,5021784.5819999995,True,January,0,0,0,0,0,0,0,0,1,0,0,0,0,0,0,0,0,0,1
2018-07-23,17:50:00,03,04,02,01,02,,0,364931.7766,5028355.53,True,July,0,0,0,0,0,0,0,0,1,0,0,0,0,0,0,0,0,1,0
2018-02-04,16:18:00,03,04,03,01,03,,0,363349.6945,5026074.103,True,February,0,0,0,0,0,0,0,0,1,0,0,0,0,0,0,0,0,0,1
2018-08-20,11:33:00,03,04,01,01,01,,0,368865.0944,5030650.24,True,August,0,0,0,0,0,0,0,0,1,0,0,0,0,0,0,0,0,1,0
2018-01-12,10:32:00,03,04,02,01,02,,0,367539.3633,5029884.641,True,January,0,0,0,0,0,0,0,0,1,0,0,0,0,0,0,0,0,0,1
2018-02-23,14:00:00,03,07,04,01,06,,0,370048.5212,5031119.382,True,February,0,0,0,0,0,0,0,0,1,0,0,0,0,0,0,0,0,0,1
2018-03-27,06:46:00,03,03,01,01,01,,0,363936.8826,5026857.808,True,March,0,0,0,0,0,0,0,0,1,0,0,0,0,0,0,0,1,0,0
2018-09-17,21:05:00,03,04,01,07,01,,0,351703.1305,5019250.416999999,True,September,0,0,0,0,0,0,0,0,1,0,0,0,0,0,0,1,0,0,0
2018-03-27,07:28:00,03,03,01,01,01,,0,364575.5669,5027702.445,True,March,0,0,0,0,0,0,0,0,1,0,0,0,0,0,0,0,1,0,0
2018-07-23,18:54:00,03,07,02,01,02,,0,370473.729,4996824.754,True,July,0,0,0,0,0,0,0,0,1,0,0,0,0,0,0,0,0,1,0
2018-02-04,11:56:00,03,07,03,01,02,,0,359828.9638,5015120.864,True,February,0,0,0,0,0,0,0,0,1,0,0,0,0,0,0,0,0,0,1
2018-01-12,12:30:00,03,03,02,01,02,,0,364474.5296,5027595.504,True,January,0,0,0,0,0,0,0,0,1,0,0,0,0,0,0,0,0,0,1
2018-02-23,17:55:00,03,07,04,07,02,,0,383326.8846,5025299.955,True,February,0,0,0,0,0,0,0,0,1,0,0,0,0,0,0,0,0,0,1
2018-09-18,15:35:00,03,03,01,01,01,,0,369261.1562,5030907.053,True,September,0,0,0,0,0,0,0,0,1,0,0,0,0,0,0,1,0,0,0
2018-08-20,15:30:00,03,03,01,01,01,,0,367307.0044,5029778.586,True,August,0,0,0,0,0,0,0,0,1,0,0,0,0,0,0,0,0,1,0
2018-03-27,08:15:00,03,04,01,01,01,,0,362555.2786,5025189.766,True,March,0,0,0,0,0,0,0,0,1,0,0,0,0,0,0,0,1,0,0
2018-07-23,19:22:00,03,04,02,01,02,,0,392909.4245,5022730.371,True,July,0,0,0,0,0,0,0,0,1,0,0,0,0,0,0,0,0,1,0
2018-02-04,12:05:00,03,07,03,01,02,,0,359114.9895,5021037.256,True,February,0,0,0,0,0,0,0,0,1,0,0,0,0,0,0,0,0,0,1
2018-01-12,17:34:00,03,07,05,05,03,,0,346844.9894,5015303.191000001,True,January,0,0,0,0,0,0,0,0,1,0,0,0,0,0,0,0,0,0,1
2018-02-23,21:30:00,03,07,01,07,02,,0,380029.3653,5026260.352,True,February,0,0,0,0,0,0,0,0,1,0,0,0,0,0,0,0,0,0,1
2018-09-18,21:30:00,03,04,01,07,01,,0,378042.4452,5026349.6110000005,True,September,0,0,0,0,0,0,0,0,1,0,0,0,0,0,0,1,0,0,0
2018-10-20,18:28:00,03,04,01,05,01,,0,320828.1852,5029858.575,True,October,0,0,0,0,0,0,0,0,1,0,0,0,0,0,0,1,0,0,0
2018-07-23,19:38:00,03,07,02,01,02,,0,369248.6104,5030898.682,True,July,0,0,0,0,0,0,0,0,1,0,0,0,0,0,0,0,0,1,0
2018-03-27,16:50:00,03,03,01,01,01,,0,364443.5607,5027508.155,True,March,0,0,0,0,0,0,0,0,1,0,0,0,0,0,0,0,1,0,0
2018-07-23,19:40:00,03,07,02,01,02,,0,352243.5135,5019659.422,True,July,0,0,0,0,0,0,0,0,1,0,0,0,0,0,0,0,0,1,0
2018-02-04,16:05:00,03,07,01,01,01,,0,375524.7474,5028928.565,True,February,0,0,0,0,0,0,0,0,1,0,0,0,0,0,0,0,0,0,1
2018-01-12,20:31:00,03,07,02,07,03,,0,374327.9205,5030926.424,True,January,0,0,0,0,0,0,0,0,1,0,0,0,0,0,0,0,0,0,1
2018-02-24,10:53:00,03,07,01,01,02,,0,360218.3417,5023369.763,True,February,0,0,0,0,0,0,0,0,1,0,0,0,0,0,0,0,0,0,1
2018-08-21,21:50:00,02,07,02,07,02,,0,387335.7178,5023795.52,True,August,0,0,0,0,0,0,0,0,1,0,0,0,0,0,0,0,0,1,0
2018-09-19,07:59:00,03,05,01,01,01,,0,352859.23600000003,5020413.066000001,True,September,0,0,0,0,0,0,0,0,1,0,0,0,0,0,0,1,0,0,0
2018-03-27,17:01:00,03,03,02,01,02,,0,363805.7231,5026711.081,True,March,0,0,0,0,0,0,0,0,1,0,0,0,0,0,0,0,1,0,0
2018-07-24,08:11:00,03,03,02,01,02,,0,370226.542,5031119.006,True,July,0,0,0,0,0,0,0,0,1,0,0,0,0,0,0,0,0,1,0