DATE,TIME,CLASS_OF_ACCIDENT,IMPACT_TYPE,ENVIRONMENT,LIGHT,ROAD_SURFACE_CONDITION,TRAFFIC_CONTROL_CONDITION,NO_OF_PEDESTRIANS,X,Y,Highway,Month,categorical_TRAFFIC_CONTROL_01,categorical_TRAFFIC_CONTROL_02,categorical_TRAFFIC_CONTROL_03,categorical_TRAFFIC_CONTROL_04,categorical_TRAFFIC_CONTROL_07,categorical_TRAFFIC_CONTROL_08,categorical_TRAFFIC_CONTROL_09,categorical_TRAFFIC_CONTROL_11,categorical_ACCIDENT_LOCATION_01,categorical_ACCIDENT_LOCATION_02,categorical_ACCIDENT_LOCATION_03,categorical_ACCIDENT_LOCATION_04,categorical_ACCIDENT_LOCATION_05,categorical_ACCIDENT_LOCATION_06,categorical_ACCIDENT_LOCATION_07,categorical_Seasons_Fall,categorical_Seasons_Spring,categorical_Seasons_Summer,categorical_Seasons_Winter
2018-02-04,20:15:00,02,07,01,07,01,,0,390843.0312,5023211.204,True,February,0,0,0,0,0,0,0,0,1,0,0,0,0,0,0,0,0,0,1
2018-01-12,20:30:00,03,07,03,07,03,,0,368940.3197,5030693.187,True,January,0,0,0,0,0,0,0,0,1,0,0,0,0,0,0,0,0,0,1
2018-09-19,08:20:00,03,03,01,01,01,,0,365318.0208,5028832.92,True,September,0,0,0,0,0,0,0,0,1,0,0,0,0,0,0,1,0,0,0
2018-08-21,22:50:00,03,07,02,07,02,,0,376913.2246,5027283.299,True,August,0,0,0,0,0,0,0,0,1,0,0,0,0,0,0,0,0,1,0
2018-02-24,16:20:00,03,07,01,01,01,,0,368933.3461,5002027.574,True,February,0,0,0,0,0,0,0,0,1,0,0,0,0,0,0,0,0,0,1
2018-03-27,20:30:00,03,04,02,07,02,,0,371119.0645,5031333.763,True,March,0,0,0,0,0,0,0,0,1,0,0,0,0,0,0,0,1,0,0
2018-02-24,16:50:00,03,03,01,01,02,,0,363872.2847,5026801.635,True,February,0,0,0,0,0,0,0,0,1,0,0,0,0,0,0,0,0,0,1
2018-07-24,22:30:00,03,07,02,07,02,,0,360802.0507,5013276.127,True,July,0,0,0,0,0,0,0,0,1,0,0,0,0,0,0,0,0,1,0
2018-02-05,06:44:00,03,07,01,03,03,,0,353409.9321,5020526.291,True,February,0,0,0,0,0,0,0,0,1,0,0,0,0,0,0,0,0,0,1
2018-01-12,02:22:00,03,07,03,07,03,,0,360604.8062,5023713.232,True,January,0,0,0,0,0,0,0,0,1,0,0,0,0,0,0,0,0,0,1
2018-09-19,18:10:00,03,03,01,01,01,,0,364818.7503,5028148.476,True,September,0,0,0,0,0,0,0,0,1,0,0,0,0,0,0,1,0,0,0
2018-08-22,05:40:00,03,07,02,03,02,,0,348947.9164,5017219.179,True,August,0,0,0,0,0,0,0,0,1,0,0,0,0,0,0,0,0,1,0
2018-02-24,17:25:00,03,03,01,05,01,,0,357450.4745,5022641.61,True,February,0,0,0,0,0,0,0,0,1,0,0,0,0,0,0,0,0,0,1
2018-07-25,17:01:00,03,07,02,01,02,,0,352770.1763,5020097.403,True,July,0,0,0,0,0,0,0,0,1,0,0,0,0,0,0,0,0,1,0
2018-07-25,06:00:00,03,07,02,03,02,,0,349453.1922,5017672.355,True,July,0,0,0,0,0,0,0,0,1,0,0,0,0,0,0,0,0,1,0
2018-07-25,06:05:00,03,07,02,03,02,,0,349806.6974,5017972.583000001,True,July,0,0,0,0,0,0,0,0,1,0,0,0,0,0,0,0,0,1,0
2018-07-25,06:20:00,03,07,02,01,02,,0,380029.1279,5026259.9860000005,True,July,0,0,0,0,0,0,0,0,1,0,0,0,0,0,0,0,0,1,0
2018-07-25,07:27:00,03,04,02,01,02,,0,350161.7796,5018114.19,True,July,0,0,0,0,0,0,0,0,1,0,0,0,0,0,0,0,0,1,0
2018-07-25,08:00:00,03,04,02,01,02,,0,373233.9158,5031709.1219999995,True,July,0,0,0,0,0,0,0,0,1,0,0,0,0,0,0,0,0,1,0
2018-07-25,09:06:00,03,03,02,01,02,,0,362413.8928,5025052.531,True,July,0,0,0,0,0,0,0,0,1,0,0,0,0,0,0,0,0,1,0
2018-07-25,21:21:00,02,07,01,07,02,,0,383906.3797,5025200.302,True,July,0,0,0,0,0,0,0,0,1,0,0,0,0,0,0,0,0,1,0
2018-07-26,12:33:00,03,07,01,01,01,,0,368624.365,5030532.9860000005,True,July,0,0,0,0,0,0,0,0,1,0,0,0,0,0,0,0,0,1,0
2018-07-26,17:30:00,03,03,01,01,01,,0,367252.7623,5029755.731000001,True,July,0,0,0,0,0,0,0,0,1,0,0,0,0,0,0,0,0,1,0
2018-07-26,18:44:00,03,03,01,01,01,,0,365133.0575,5028678.176,True,July,0,0,0,0,0,0,0,0,1,0,0,0,0,0,0,0,0,1,0
2018-07-26,19:08:00,03,04,01,01,01,,0,365331.9187,5028873.693,True,July,0,0,0,0,0,0,0,0,1,0,0,0,0,0,0,0,0,1,0
2018-07-27,01:15:00,03,07,01,07,01,,0,340952.9005,5007154.448,True,July,0,0,0,0,0,0,0,0,1,0,0,0,0,0,0,0,0,1,0
2018-07-27,05:24:00,03,07,01,03,01,,0,357277.5795,5022649.413,True,July,0,0,0,0,0,0,0,0,1,0,0,0,0,0,0,0,0,1,0
2018-07-27,11:30:00,03,03,01,01,01,,0,365116.9242,5028651.008,True,July,0,0,0,0,0,0,0,0,1,0,0,0,0,0,0,0,0,1,0
2018-07-27,13:52:00,03,03,01,01,01,,0,365028.7225,5028496.766,True,July,0,0,0,0,0,0,0,0,1,0,0,0,0,0,0,0,0,1,0
2018-03-28,09:30:00,03,07,01,01,01,,0,343310.4539,5016559.612,True,March,0,0,0,0,0,0,0,0,1,0,0,0,0,0,0,0,1,0,0
2018-07-27,13:50:00,03,03,01,01,01,,0,364892.2996,5028249.9969999995,True,July,0,0,0,0,0,0,0,0,1,0,0,0,0,0,0,0,0,1,0
2018-07-28,01:53:00,02,04,01,07,01,,0,365661.6036,5029093.2469999995,True,July,0,0,0,0,0,0,0,0,1,0,0,0,0,0,0,0,0,1,0
2018-07-28,05:50:00,03,07,01,03,01,,0,326282.8175,5024229.654,True,July,0,0,0,0,0,0,0,0,1,0,0,0,0,0,0,0,0,1,0
2018-07-28,14:03:00,03,04,01,01,01,,0,348440.19200000004,5016813.081,True,July,0,0,0,0,0,0,0,0,1,0,0,0,0,0,0,0,0,1,0
2018-07-28,17:15:00,03,03,01,01,01,,0,360879.74700000003,5023856.833000001,True,July,0,0,0,0,0,0,0,0,1,0,0,0,0,0,0,0,0,1,0
2018-07-28,20:35:00,03,07,02,05,02,,0,359384.3825,5019788.824,True,July,0,0,0,0,0,0,0,0,1,0,0,0,0,0,0,0,0,1,0
2018-07-28,21:07:00,02,07,02,07,02,,0,370198.4329,5031101.346,True,July,0,0,0,0,0,0,0,0,1,0,0,0,0,0,0,0,0,1,0
2018-07-29,00:13:00,02,07,01,07,01,,0,370760.2675,5031197.816000001,True,July,0,0,0,0,0,0,0,0,1,0,0,0,0,0,0,0,0,1,0
2018-07-28,17:20:00,03,03,01,01,01,,0,362631.6004,5025221.851,True,July,0,0,0,0,0,0,0,0,1,0,0,0,0,0,0,0,0,1,0
2018-07-29,19:06:00,02,03,01,01,01,,0,368426.2621,5030442.239,True,July,0,0,0,0,0,0,0,0,1,0,0,0,0,0,0,0,0,1,0
2018-07-29,22:33:00,01,07,01,07,01,,1,372884.8495,5031589.643999999,True,July,0,0,0,0,0,0,0,0,1,0,0,0,0,0,0,0,0,1,0
2018-07-30,16:35:00,03,03,01,01,01,,0,362750.0387,5025343.581,True,July,0,0,0,0,0,0,0,0,1,0,0,0,0,0,0,0,0,1,0
2018-07-31,10:44:00,03,07,01,01,01,,0,361819.5586,5024586.202,True,July,0,0,0,0,0,0,0,0,1,0,0,0,0,0,0,0,0,1,0
2018-08-01,17:15:00,03,07,02,01,02,,0,350775.5319,5018443.75,True,August,0,0,0,0,0,0,0,0,1,0,0,0,0,0,0,0,0,1,0
2018-08-02,16:00:00,03,03,01,01,01,,0,368141.6821,5030259.108,True,August,0,0,0,0,0,0,0,0,1,0,0,0,0,0,0,0,0,1,0
2018-08-02,17:45:00,03,03,01,01,01,,0,362845.2,5025430.347,True,August,0,0,0,0,0,0,0,0,1,0,0,0,0,0,0,0,0,1,0
2018-08-02,20:30:00,03,07,01,05,01,,0,340418.8954,5004479.75,True,August,0,0,0,0,0,0,0,0,1,0,0,0,0,0,0,0,0,1,0
2018-08-03,06:50:00,03,07,01,01,01,,0,352189.7728,5019667.911,True,August,0,0,0,0,0,0,0,0,1,0,0,0,0,0,0,0,0,1,0
2018-08-03,12:00:00,03,04,01,01,01,,0,387975.2059,5023750.334,True,August,0,0,0,0,0,0,0,0,1,0,0,0,0,0,0,0,0,1,0
2018-08-03,12:30:00,03,03,01,01,01,,0,366937.3175,5029640.845,True,August,0,0,0,0,0,0,0,0,1,0,0,0,0,0,0,0,0,1,0
2018-08-03,12:55:00,03,03,01,01,01,,0,365081.2723,5028589.473,True,August,0,0,0,0,0,0,0,0,1,0,0,0,0,0,0,0,0,1,0
2018-08-03,12:30:00,02,03,01,01,01,,0,366984.9638,5029657.715,True,August,0,0,0,0,0,0,0,0,1,0,0,0,0,0,0,0,0,1,0
2018-08-03,14:20:00,03,03,01,01,01,,0,360659.8008,5023682.84,True,August,0,0,0,0,0,0,0,0,1,0,0,0,0,0,0,0,0,1,0
2018-08-05,08:15:00,03,04,01,01,01,,0,364840.3352,5028187.073,True,August,0,0,0,0,0,0,0,0,1,0,0,0,0,0,0,0,0,1,0
2018-08-06,01:00:00,03,07,01,07,01,,0,383760.5578,5025335.78,True,August,0,0,0,0,0,0,0,0,1,0,0,0,0,0,0,0,0,1,0
2018-08-06,16:20:00,03,07,01,01,01,,0,358949.6154,5021442.919,True,August,0,0,0,0,0,0,0,0,1,0,0,0,0,0,0,0,0,1,0
2018-08-06,20:40:00,03,07,02,07,02,,0,352825.8324,5020186.562,True,August,0,0,0,0,0,0,0,0,1,0,0,0,0,0,0,0,0,1,0
2018-08-07,08:31:00,03,03,02,01,02,,0,363810.8718,5026690.6680000005,True,August,0,0,0,0,0,0,0,0,1,0,0,0,0,0,0,0,0,1,0
2018-08-07,14:20:00,03,03,01,01,01,,0,365029.3123,5028534.119,True,August,0,0,0,0,0,0,0,0,1,0,0,0,0,0,0,0,0,1,0
2018-08-07,13:25:00,03,07,01,01,01,,0,363421.5031,5010687.288,True,August,0,0,0,0,0,0,0,0,1,0,0,0,0,0,0,0,0,1,0
2018-08-07,15:30:00,02,03,01,01,01,,0,363190.1722,5025863.762,True,August,0,0,0,0,0,0,0,0,1,0,0,0,0,0,0,0,0,1,0
2018-08-08,11:30:00,03,04,01,01,01,,0,369598.2346,5031166.01,True,August,0,0,0,0,0,0,0,0,1,0,0,0,0,0,0,0,0,1,0
2018-08-08,13:10:00,03,07,01,01,01,,0,346905.3529,5015358.393999999,True,August,0,0,0,0,0,0,0,0,1,0,0,0,0,0,0,0,0,1,0
2018-08-08,15:00:00,02,07,02,01,02,,0,384764.6155,5025035.219,True,August,0,0,0,0,0,0,0,0,1,0,0,0,0,0,0,0,0,1,0
2018-08-08,15:35:00,03,03,02,01,02,,0,378988.4182,5026139.83,True,August,0,0,0,0,0,0,0,0,1,0,0,0,0,0,0,0,0,1,0
2018-08-08,14:25:00,03,07,01,01,01,,0,347165.0671,5015653.385,True,August,0,0,0,0,0,0,0,0,1,0,0,0,0,0,0,0,0,1,0
2018-08-08,16:00:00,03,03,01,01,01,,0,369427.6189,5031018.68,True,August,0,0,0,0,0,0,0,0,1,0,0,0,0,0,0,0,0,1,0
2018-08-08,18:15:00,02,03,01,01,01,,0,364970.3783,5028426.097,True,August,0,0,0,0,0,0,0,0,1,0,0,0,0,0,0,0,0,1,0
2018-08-08,18:30:00,03,04,02,01,02,,0,370472.7019,5031138.727,True,August,0,0,0,0,0,0,0,0,1,0,0,0,0,0,0,0,0,1,0
2018-08-09,08:35:00,03,07,01,01,01,,0,364660.7639,5027863.405,True,August,0,0,0,0,0,0,0,0,1,0,0,0,0,0,0,0,0,1,0
2018-08-09,10:39:00,03,07,01,01,01,,0,365610.9649,5029084.845,True,August,0,0,0,0,0,0,0,0,1,0,0,0,0,0,0,0,0,1,0
2018-08-09,15:20:00,03,03,01,01,01,,0,369205.23,5030869.076,True,August,0,0,0,0,0,0,0,0,1,0,0,0,0,0,0,0,0,1,0
2018-08-09,17:26:00,03,04,01,01,01,,0,366572.2466,5029512.29,True,August,0,0,0,0,0,0,0,0,1,0,0,0,0,0,0,0,0,1,0
2018-08-09,21:30:00,03,03,01,07,01,,0,378460.3594,5026323.492,True,August,0,0,0,0,0,0,0,0,1,0,0,0,0,0,0,0,0,1,0
2018-08-10,09:30:00,03,07,01,01,01,,0,321736.5426,5029875.802,True,August,0,0,0,0,0,0,0,0,1,0,0,0,0,0,0,0,0,1,0
2018-08-10,14:59:00,03,04,01,01,01,,0,387430.1333,5023828.896000001,True,August,0,0,0,0,0,0,0,0,1,0,0,0,0,0,0,0,0,1,0
2018-08-10,16:15:00,03,03,01,01,01,,0,361124.5002,5024049.643999999,True,August,0,0,0,0,0,0,0,0,1,0,0,0,0,0,0,0,0,1,0
2018-08-10,17:21:00,03,03,01,01,01,,0,360456.1508,5023524.688,True,August,0,0,0,0,0,0,0,0,1,0,0,0,0,0,0,0,0,1,0
2018-08-10,21:38:00,03,07,01,07,01,,0,341889.8019,5017831.255,True,August,0,0,0,0,0,0,0,0,1,0,0,0,0,0,0,0,0,1,0
2018-08-10,20:12:00,03,07,01,05,01,,0,363119.3549,5025844.823,True,August,0,0,0,0,0,0,0,0,1,0,0,0,0,0,0,0,0,1,0
2018-08-11,19:16:00,02,07,01,01,01,,0,345290.4454,5014836.14,True,August,0,0,0,0,0,0,0,0,1,0,0,0,0,0,0,0,0,1,0
2018-08-12,05:36:00,03,07,01,07,01,,0,359296.4582,5016431.584,True,August,0,0,0,0,0,0,0,0,1,0,0,0,0,0,0,0,0,1,0
2018-08-12,22:50:00,02,04,01,07,01,,0,360071.4984,5023239.199,True,August,0,0,0,0,0,0,0,0,1,0,0,0,0,0,0,0,0,1,0
2018-08-13,06:50:00,03,04,01,01,01,,0,375083.1824,5030604.459,True,August,0,0,0,0,0,0,0,0,1,0,0,0,0,0,0,0,0,1,0
2018-08-13,18:04:00,03,07,01,01,01,,0,357013.2741,5022568.529,True,August,0,0,0,0,0,0,0,0,1,0,0,0,0,0,0,0,0,1,0
2018-08-13,21:40:00,03,07,01,07,01,,0,359218.3731,5020321.678,True,August,0,0,0,0,0,0,0,0,1,0,0,0,0,0,0,0,0,1,0
2018-08-14,09:07:00,03,03,01,01,01,,0,363188.4469,5025861.906,True,August,0,0,0,0,0,0,0,0,1,0,0,0,0,0,0,0,0,1,0
2018-08-14,13:09:00,03,07,01,01,01,,0,339208.5685,5019003.864,True,August,0,0,0,0,0,0,0,0,1,0,0,0,0,0,0,0,0,1,0
2018-08-14,14:56:00,02,04,01,01,01,,0,356537.6473,5022308.771000001,True,August,0,0,0,0,0,0,0,0,1,0,0,0,0,0,0,0,0,1,0
2018-08-14,15:28:00,03,03,01,01,01,,0,362761.7153,5025321.065,True,August,0,0,0,0,0,0,0,0,1,0,0,0,0,0,0,0,0,1,0
2018-08-14,17:50:00,03,05,01,01,01,01,0,363229.7465,5025774.487,True,August,1,0,0,0,0,0,0,0,0,1,0,0,0,0,0,0,0,1,0
2018-08-15,08:30:00,03,04,01,01,01,,0,365628.5273,5029101.9569999995,True,August,0,0,0,0,0,0,0,0,1,0,0,0,0,0,0,0,0,1,0
2018-08-15,11:29:00,03,03,01,01,01,,0,362169.5272,5024659.517,True,August,0,0,0,0,0,0,0,0,1,0,0,0,0,0,0,0,0,1,0
2018-08-15,15:45:00,03,03,01,01,01,,0,367312.3814,5029780.712,True,August,0,0,0,0,0,0,0,0,1,0,0,0,0,0,0,0,0,1,0
2018-08-15,17:10:00,03,07,01,01,01,,0,346916.1864,5015368.79,True,August,0,0,0,0,0,0,0,0,1,0,0,0,0,0,0,0,0,1,0
2018-08-15,17:23:00,02,03,01,01,01,,0,366242.2174,5029417.244,True,August,0,0,0,0,0,0,0,0,1,0,0,0,0,0,0,0,0,1,0
2018-08-15,23:26:00,02,03,01,07,01,,0,362122.5972,5024827.327,True,August,0,0,0,0,0,0,0,0,1,0,0,0,0,0,0,0,0,1,0
2018-08-16,15:15:00,03,04,01,01,01,,0,367662.2213,5029951.11,True,August,0,0,0,0,0,0,0,0,1,0,0,0,0,0,0,0,0,1,0
2018-08-16,17:20:00,02,03,01,01,01,,0,384718.0432,5025050.462,True,August,0,0,0,0,0,0,0,0,1,0,0,0,0,0,0,0,0,1,0
2018-08-16,18:00:00,03,03,01,01,01,,0,360523.0202,5023575.587,True,August,0,0,0,0,0,0,0,0,1,0,0,0,0,0,0,0,0,1,0
2018-08-17,01:30:00,03,07,01,07,01,,0,342267.7215,5008350.541999999,True,August,0,0,0,0,0,0,0,0,1,0,0,0,0,0,0,0,0,1,0
2018-08-14,17:00:00,03,03,01,01,01,01,0,395261.3362,5022264.824,True,August,0,1,0,0,0,0,0,0,0,1,0,0,0,0,0,0,0,1,0
2018-01-13,05:30:00,03,03,01,07,03,,0,365776.1719,5006300.904,True,January,0,0,0,0,0,0,0,0,1,0,0,0,0,0,0,0,0,0,1
2018-02-05,06:52:00,03,03,01,03,05,,0,360630.4892,5023690.99,True,February,0,0,0,0,0,0,0,0,1,0,0,0,0,0,0,0,0,0,1
2018-09-19,18:21:00,03,03,01,01,01,,0,363073.5259,5025939.463,True,September,0,0,0,0,0,0,0,0,1,0,0,0,0,0,0,1,0,0,0
2018-08-22,08:00:00,03,03,01,01,01,,0,365138.1628,5028685.596,True,August,0,0,0,0,0,0,0,0,1,0,0,0,0,0,0,0,0,1,0
2018-08-22,14:10:00,03,03,01,01,01,,0,366597.8932,5029540.922,True,August,0,0,0,0,0,0,0,0,1,0,0,0,0,0,0,0,0,1,0
2018-02-25,01:10:00,03,07,01,07,01,,0,358525.0871,5022929.921,True,February,0,0,0,0,0,0,0,0,1,0,0,0,0,0,0,0,0,0,1
2018-08-22,15:50:00,03,03,01,01,01,,0,361992.6205,5024721.453,True,August,0,0,0,0,0,0,0,0,1,0,0,0,0,0,0,0,0,1,0
2018-01-13,08:50:00,03,07,01,01,03,,0,364510.2863,5008025.896000001,True,January,0,0,0,0,0,0,0,0,1,0,0,0,0,0,0,0,0,0,1
2018-02-05,08:45:00,03,03,01,01,04,,0,340898.9677,5007093.157,True,February,0,0,0,0,0,0,0,0,1,0,0,0,0,0,0,0,0,0,1
2018-09-16,11:00:00,03,07,01,01,01,,0,366185.8072,5029375.289,True,September,0,0,0,0,0,0,0,0,1,0,0,0,0,0,0,1,0,0,0
2018-03-28,16:58:00,03,03,01,01,02,,0,367226.0093,5029718.59,True,March,0,0,0,0,0,0,0,0,1,0,0,0,0,0,0,0,1,0,0
2018-01-13,11:58:00,02,07,01,01,04,,0,353722.6942,5020662.59,True,January,0,0,0,0,0,0,0,0,1,0,0,0,0,0,0,0,0,0,1
2018-08-22,16:00:00,03,03,01,01,01,,0,369352.0842,5030968.204,True,August,0,0,0,0,0,0,0,0,1,0,0,0,0,0,0,0,0,1,0
2018-02-05,09:14:00,02,03,01,01,02,,0,357386.8251,5022622.685,True,February,0,0,0,0,0,0,0,0,1,0,0,0,0,0,0,0,0,0,1
2018-09-20,22:20:00,03,04,01,07,02,,0,373440.6479,5031767.1,True,September,0,0,0,0,0,0,0,0,1,0,0,0,0,0,0,1,0,0,0
2018-02-25,07:38:00,03,07,04,01,06,,0,325101.5272,5025267.157,True,February,0,0,0,0,0,0,0,0,1,0,0,0,0,0,0,0,0,0,1
2018-03-28,09:40:00,03,07,01,01,01,,0,344040.7955,5015744.01,True,March,0,0,0,0,0,0,0,0,1,0,0,0,0,0,0,0,1,0,0
2018-01-13,12:37:00,03,07,01,01,02,,0,367461.7087,5029819.4569999995,True,January,0,0,0,0,0,0,0,0,1,0,0,0,0,0,0,0,0,0,1
2018-08-22,17:15:00,03,03,01,01,01,,0,366757.2308,5029568.767,True,August,0,0,0,0,0,0,0,0,1,0,0,0,0,0,0,0,0,1,0
2018-01-13,15:58:00,03,03,01,01,01,,0,368783.9401,5030634.576,True,January,0,0,0,0,0,0,0,0,1,0,0,0,0,0,0,0,0,0,1
2018-02-05,10:33:00,03,03,01,01,02,,0,354394.0994,5021054.852,True,February,0,0,0,0,0,0,0,0,1,0,0,0,0,0,0,0,0,0,1
2018-02-25,09:31:00,03,07,02,01,04,,0,342180.8589,5017583.363,True,February,0,0,0,0,0,0,0,0,1,0,0,0,0,0,0,0,0,0,1
2018-02-02,23:30:00,03,07,03,07,03,,0,362573.2544,5025204.819,True,February,0,0,0,0,0,0,0,0,1,0,0,0,0,0,0,0,0,0,1
2018-03-29,09:25:00,03,03,01,01,01,,0,361831.2535,5024595.132,True,March,0,0,0,0,0,0,0,0,1,0,0,0,0,0,0,0,1,0,0
2018-08-22,17:15:00,03,03,01,01,01,,0,363366.3241,5026095.717,True,August,0,0,0,0,0,0,0,0,1,0,0,0,0,0,0,0,0,1,0
2018-09-21,06:47:00,03,05,02,03,02,,0,395701.5806,5022507.966,True,September,0,0,0,0,0,0,0,0,1,0,0,0,0,0,0,1,0,0,0
2018-01-13,16:10:00,03,07,01,01,05,,0,358248.3165,5022623.62,True,January,0,0,0,0,0,0,0,0,1,0,0,0,0,0,0,0,0,0,1
2018-09-21,08:40:00,03,03,01,01,01,,0,364086.9266,5027057.648,True,September,0,0,0,0,0,0,0,0,1,0,0,0,0,0,0,1,0,0,0
2018-02-25,17:10:00,02,03,01,01,0,,0,366307.2524,5029443.505,True,February,0,0,0,0,0,0,0,0,1,0,0,0,0,0,0,0,0,0,1
2018-03-29,10:17:00,03,07,01,01,01,,0,342345.9573,5017466.777,True,March,0,0,0,0,0,0,0,0,1,0,0,0,0,0,0,0,1,0,0
2018-08-22,21:55:00,02,03,01,07,01,,0,361807.1419,5024577.158,True,August,0,0,0,0,0,0,0,0,1,0,0,0,0,0,0,0,0,1,0
2018-01-13,23:18:00,03,04,01,07,06,,0,363618.8584,5026438.196,True,January,0,0,0,0,0,0,0,0,1,0,0,0,0,0,0,0,0,0,1
2018-09-21,09:03:00,03,04,02,01,02,,0,372957.5737,5031607.78,True,September,0,0,0,0,0,0,0,0,1,0,0,0,0,0,0,1,0,0,0
2018-02-24,15:30:00,03,07,01,01,01,,0,369627.1237,4999741.172,True,February,0,0,0,0,0,0,0,0,1,0,0,0,0,0,0,0,0,0,1
2018-02-06,09:30:00,03,03,03,01,04,,0,365175.472,5028731.8,True,February,0,0,0,0,0,0,0,0,1,0,0,0,0,0,0,0,0,0,1
2018-03-29,14:25:00,02,0,02,01,02,,0,346259.576,5013249.162,True,March,0,0,0,0,0,0,0,0,1,0,0,0,0,0,0,0,1,0,0
2018-08-22,23:28:00,03,07,01,07,01,,0,350788.5711,5018554.507,True,August,0,0,0,0,0,0,0,0,1,0,0,0,0,0,0,0,0,1,0
2018-01-13,02:16:00,02,07,01,07,01,,0,342581.5633,5017299.358,True,January,0,0,0,0,0,0,0,0,1,0,0,0,0,0,0,0,0,0,1
2018-09-21,10:00:00,03,04,02,01,02,,0,366633.3545,5029530.8889999995,True,September,0,0,0,0,0,0,0,0,1,0,0,0,0,0,0,1,0,0,0
2018-09-21,13:43:00,03,03,01,01,01,,0,364854.6965,5028214.289,True,September,0,0,0,0,0,0,0,0,1,0,0,0,0,0,0,1,0,0,0
2018-09-21,17:12:00,03,07,06,01,02,,0,328590.899,5022739.864,True,September,0,0,0,0,0,0,0,0,1,0,0,0,0,0,0,1,0,0,0
2018-09-21,17:35:00,03,03,02,01,02,,0,372064.6382,5031454.946,True,September,0,0,0,0,0,0,0,0,1,0,0,0,0,0,0,1,0,0,0
2018-09-22,20:05:00,02,03,01,07,01,,0,322830.2611,5027803.558999999,True,September,0,0,0,0,0,0,0,0,1,0,0,0,0,0,0,1,0,0,0
2018-09-22,20:28:00,02,03,01,07,01,,0,373276.784,5031728.149,True,September,0,0,0,0,0,0,0,0,1,0,0,0,0,0,0,1,0,0,0
2018-09-23,11:05:00,03,07,01,01,01,,0,359942.9667,5015031.77,True,September,0,0,0,0,0,0,0,0,1,0,0,0,0,0,0,1,0,0,0
2018-09-23,15:30:00,03,04,01,01,01,,0,371462.395,5031390.193,True,September,0,0,0,0,0,0,0,0,1,0,0,0,0,0,0,1,0,0,0
2018-09-24,00:10:00,03,07,01,07,01,,0,342448.0102,5008511.215,True,September,0,0,0,0,0,0,0,0,1,0,0,0,0,0,0,1,0,0,0
2018-09-24,00:45:00,03,07,01,07,01,,0,344296.0052,5010029.411,True,September,0,0,0,0,0,0,0,0,1,0,0,0,0,0,0,1,0,0,0
2018-09-24,07:50:00,03,04,01,01,01,,0,368650.7325,5030566.367,True,September,0,0,0,0,0,0,0,0,1,0,0,0,0,0,0,1,0,0,0
2018-09-24,10:19:00,03,04,01,01,01,,0,367594.894,5029914.567,True,September,0,0,0,0,0,0,0,0,1,0,0,0,0,0,0,1,0,0,0
2018-09-25,07:15:00,03,03,02,01,02,,0,353006.5341,5020241.734,True,September,0,0,0,0,0,0,0,0,1,0,0,0,0,0,0,1,0,0,0
2018-09-22,14:00:00,03,04,01,01,01,,0,361919.3171,5024664.285,True,September,0,0,0,0,0,0,0,0,1,0,0,0,0,0,0,1,0,0,0
2018-09-25,21:37:00,03,04,01,07,01,,0,362109.8493,5024843.048,True,September,0,0,0,0,0,0,0,0,1,0,0,0,0,0,0,1,0,0,0
2018-09-26,01:15:00,03,04,02,07,02,,0,376334.6428,5027744.535,True,September,0,0,0,0,0,0,0,0,1,0,0,0,0,0,0,1,0,0,0
2018-09-26,06:32:00,03,03,01,03,02,,0,343129.9202,5016821.256,True,September,0,0,0,0,0,0,0,0,1,0,0,0,0,0,0,1,0,0,0
2018-09-26,15:00:00,03,03,01,01,01,,0,365705.7091,5029146.408,True,September,0,0,0,0,0,0,0,0,1,0,0,0,0,0,0,1,0,0,0
2018-09-26,15:26:00,02,03,01,01,01,,0,363840.66299999994,5026729.42,True,September,0,0,0,0,0,0,0,0,1,0,0,0,0,0,0,1,0,0,0
2018-09-26,16:10:00,03,03,01,01,01,,0,369844.0204,5031154.327,True,September,0,0,0,0,0,0,0,0,1,0,0,0,0,0,0,1,0,0,0
2018-09-26,21:34:00,03,07,01,07,01,,0,335385.488,5020385.329,True,September,0,0,0,0,0,0,0,0,1,0,0,0,0,0,0,1,0,0,0
2018-09-27,07:20:00,03,03,01,01,01,,0,381184.6212,5025694.007,True,September,0,0,0,0,0,0,0,0,1,0,0,0,0,0,0,1,0,0,0
2018-09-27,07:30:00,02,03,01,01,01,,0,387985.0013,5023792.6389999995,True,September,0,0,0,0,0,0,0,0,1,0,0,0,0,0,0,1,0,0,0
2018-09-27,08:04:00,03,03,01,01,01,,0,355807.6902,5021883.528,True,September,0,0,0,0,0,0,0,0,1,0,0,0,0,0,0,1,0,0,0
2018-09-27,09:23:00,03,03,01,01,01,,0,371509.4866,5031416.239,True,September,0,0,0,0,0,0,0,0,1,0,0,0,0,0,0,1,0,0,0
2018-09-27,09:48:00,03,04,01,01,01,,0,376100.0689,5028053.609,True,September,0,0,0,0,0,0,0,0,1,0,0,0,0,0,0,1,0,0,0
2018-09-27,11:39:00,03,04,01,01,01,,0,359130.1966,5020996.786,True,September,0,0,0,0,0,0,0,0,1,0,0,0,0,0,0,1,0,0,0
2018-09-26,23:30:00,03,07,01,07,01,,0,372624.51399999997,4993991.8610000005,True,September,0,0,0,0,0,0,0,0,1,0,0,0,0,0,0,1,0,0,0
2018-09-27,15:55:00,03,03,01,01,01,,0,364484.3187,5027578.756,True,September,0,0,0,0,0,0,0,0,1,0,0,0,0,0,0,1,0,0,0