DATE,TIME,CLASS_OF_ACCIDENT,IMPACT_TYPE,ENVIRONMENT,LIGHT,ROAD_SURFACE_CONDITION,TRAFFIC_CONTROL_CONDITION,NO_OF_PEDESTRIANS,X,Y,Highway,Month,categorical_TRAFFIC_CONTROL_01,categorical_TRAFFIC_CONTROL_02,categorical_TRAFFIC_CONTROL_03,categorical_TRAFFIC_CONTROL_04,categorical_TRAFFIC_CONTROL_07,categorical_TRAFFIC_CONTROL_08,categorical_TRAFFIC_CONTROL_09,categorical_TRAFFIC_CONTROL_11,categorical_ACCIDENT_LOCATION_01,categorical_ACCIDENT_LOCATION_02,categorical_ACCIDENT_LOCATION_03,categorical_ACCIDENT_LOCATION_04,categorical_ACCIDENT_LOCATION_05,categorical_ACCIDENT_LOCATION_06,categorical_ACCIDENT_LOCATION_07,categorical_Seasons_Fall,categorical_Seasons_Spring,categorical_Seasons_Summer,categorical_Seasons_Winter
2018-09-28,06:50:00,03,04,01,03,01,,0,372932.9046,5031601.605,True,September,0,0,0,0,0,0,0,0,1,0,0,0,0,0,0,1,0,0,0
2018-09-28,16:49:00,03,03,01,01,01,,0,360631.6239,5023660.268999999,True,September,0,0,0,0,0,0,0,0,1,0,0,0,0,0,0,1,0,0,0
2018-09-28,19:25:00,03,04,02,07,02,,0,371380.9532,5031401.29,True,September,0,0,0,0,0,0,0,0,1,0,0,0,0,0,0,1,0,0,0
2018-09-28,18:00:00,03,04,01,01,01,,0,370999.4673,5031304.76,True,September,0,0,0,0,0,0,0,0,1,0,0,0,0,0,0,1,0,0,0
2018-09-29,01:00:00,03,04,02,07,02,,0,364924.0397,5028341.089,True,September,0,0,0,0,0,0,0,0,1,0,0,0,0,0,0,1,0,0,0
2018-09-29,17:45:00,03,03,01,01,01,,0,357184.3047,5022620.813,True,September,0,0,0,0,0,0,0,0,1,0,0,0,0,0,0,1,0,0,0
2018-09-29,22:28:00,03,03,01,07,01,01,0,372530.4915,5031410.647,True,September,1,0,0,0,0,0,0,0,0,1,0,0,0,0,0,1,0,0,0
2018-09-29,22:54:00,02,03,01,07,01,,0,368879.5577,5030657.98,True,September,0,0,0,0,0,0,0,0,1,0,0,0,0,0,0,1,0,0,0
2018-10-01,07:00:00,03,0,01,03,01,,0,364824.3391,5028157.587,True,October,0,0,0,0,0,0,0,0,1,0,0,0,0,0,0,1,0,0,0
2018-10-01,11:15:00,03,03,01,01,01,,0,376224.5,5027603.4,True,October,0,0,0,0,0,0,0,0,1,0,0,0,0,0,0,1,0,0,0
2018-10-01,15:30:00,03,03,01,01,01,,0,357301.5783,5022656.998,True,October,0,0,0,0,0,0,0,0,1,0,0,0,0,0,0,1,0,0,0
2018-10-01,16:50:00,03,03,01,01,01,,0,357424.0087,5022695.555,True,October,0,0,0,0,0,0,0,0,1,0,0,0,0,0,0,1,0,0,0
2018-10-02,08:35:00,03,03,02,01,02,,0,360051.19200000004,5023228.009,True,October,0,0,0,0,0,0,0,0,1,0,0,0,0,0,0,1,0,0,0
2018-10-01,16:15:00,03,03,01,01,01,,0,354207.4752,5020993.276000001,True,October,0,0,0,0,0,0,0,0,1,0,0,0,0,0,0,1,0,0,0
2018-10-02,15:35:00,03,03,01,01,01,,0,363951.8131,5026878.291,True,October,0,0,0,0,0,0,0,0,1,0,0,0,0,0,0,1,0,0,0
2018-10-02,18:30:00,03,03,02,07,02,01,0,358757.6424,5022868.448,True,October,1,0,0,0,0,0,0,0,0,1,0,0,0,0,0,1,0,0,0
2018-10-03,06:35:00,03,03,01,03,01,,0,352964.0855,5020217.089,True,October,0,0,0,0,0,0,0,0,1,0,0,0,0,0,0,1,0,0,0
2018-10-03,07:15:00,03,03,01,01,01,,0,357144.5132,5022552.296,True,October,0,0,0,0,0,0,0,0,1,0,0,0,0,0,0,1,0,0,0
2018-10-03,07:33:00,03,04,02,01,02,,0,360011.1206,5023208.951,True,October,0,0,0,0,0,0,0,0,1,0,0,0,0,0,0,1,0,0,0
2018-09-29,13:00:00,03,03,01,01,01,,0,363886.1253,5026790.308,True,September,0,0,0,0,0,0,0,0,1,0,0,0,0,0,0,1,0,0,0
2018-10-03,12:50:00,03,04,01,01,01,,0,370693.9551,5031181.589,True,October,0,0,0,0,0,0,0,0,1,0,0,0,0,0,0,1,0,0,0
2018-10-03,15:50:00,03,03,01,01,01,,0,367168.2093,5029722.116,True,October,0,0,0,0,0,0,0,0,1,0,0,0,0,0,0,1,0,0,0
2018-10-04,16:40:00,03,04,01,01,01,,0,365086.381,5028598.7930000005,True,October,0,0,0,0,0,0,0,0,1,0,0,0,0,0,0,1,0,0,0
2018-10-04,18:05:00,03,03,01,01,01,01,0,395261.2374,5022264.893,True,October,0,1,0,0,0,0,0,0,0,1,0,0,0,0,0,1,0,0,0
2018-10-05,12:20:00,03,07,01,01,01,,0,358763.3364,5021825.194,True,October,0,0,0,0,0,0,0,0,1,0,0,0,0,0,0,1,0,0,0
2018-10-05,11:30:00,03,03,01,01,01,,0,363084.0544,5025761.1219999995,True,October,0,0,0,0,0,0,0,0,1,0,0,0,0,0,0,1,0,0,0
2018-10-05,15:00:00,03,03,01,01,01,,0,370567.6502,5031153.235,True,October,0,0,0,0,0,0,0,0,1,0,0,0,0,0,0,1,0,0,0
2018-10-05,15:23:00,03,03,01,01,01,,0,390819.0032,5023216.916999999,True,October,0,0,0,0,0,0,0,0,1,0,0,0,0,0,0,1,0,0,0
2018-10-05,16:45:00,03,03,01,01,01,,0,362160.7891,5024856.5430000005,True,October,0,0,0,0,0,0,0,0,1,0,0,0,0,0,0,1,0,0,0
2018-10-06,13:15:00,03,07,01,01,01,,0,371175.4188,5031352.892,True,October,0,0,0,0,0,0,0,0,1,0,0,0,0,0,0,1,0,0,0
2018-10-06,17:15:00,03,03,01,01,01,,0,363164.3433,5025865.518,True,October,0,0,0,0,0,0,0,0,1,0,0,0,0,0,0,1,0,0,0
2018-10-07,00:37:00,02,07,01,07,01,,0,393841.0134,5022534.134,True,October,0,0,0,0,0,0,0,0,1,0,0,0,0,0,0,1,0,0,0
2018-10-07,19:20:00,03,04,01,07,01,,0,350269.8438,5018169.534,True,October,0,0,0,0,0,0,0,0,1,0,0,0,0,0,0,1,0,0,0
2018-10-08,19:00:00,03,0,02,07,02,,0,361307.8804,5012316.071,True,October,0,0,0,0,0,0,0,0,1,0,0,0,0,0,0,1,0,0,0
2018-10-09,07:55:00,03,04,01,01,01,,0,360811.3835,5023802.993,True,October,0,0,0,0,0,0,0,0,1,0,0,0,0,0,0,1,0,0,0
2018-10-09,08:00:00,03,0,01,01,01,,0,374265.0707,5030795.796,True,October,0,0,0,0,0,0,0,0,1,0,0,0,0,0,0,1,0,0,0
2018-10-09,08:32:00,03,03,01,01,01,,0,355787.1264,5021920.186000001,True,October,0,0,0,0,0,0,0,0,1,0,0,0,0,0,0,1,0,0,0
2018-10-09,12:50:00,02,03,01,01,01,,0,367164.2219,5029675.499,True,October,0,0,0,0,0,0,0,0,1,0,0,0,0,0,0,1,0,0,0
2018-10-09,14:45:00,03,04,01,01,01,,0,367297.3182,5029774.178,True,October,0,0,0,0,0,0,0,0,1,0,0,0,0,0,0,1,0,0,0
2018-10-10,16:50:00,03,07,01,01,01,,0,359731.331,5019193.8719999995,True,October,0,0,0,0,0,0,0,0,1,0,0,0,0,0,0,1,0,0,0
2018-10-10,17:35:00,03,03,01,01,01,,0,359732.3893,5019192.496,True,October,0,0,0,0,0,0,0,0,1,0,0,0,0,0,0,1,0,0,0
2018-10-10,19:18:00,03,03,01,07,01,,0,365607.6751,5029082.09,True,October,0,0,0,0,0,0,0,0,1,0,0,0,0,0,0,1,0,0,0
2018-10-11,06:30:00,03,03,01,07,02,,0,354009.5674,5020829.952,True,October,0,0,0,0,0,0,0,0,1,0,0,0,0,0,0,1,0,0,0
2018-10-11,07:05:00,03,03,02,01,02,,0,351534.7134,5019050.048,True,October,0,0,0,0,0,0,0,0,1,0,0,0,0,0,0,1,0,0,0
2018-10-11,08:10:00,03,03,01,01,02,,0,355432.2242,5021711.55,True,October,0,0,0,0,0,0,0,0,1,0,0,0,0,0,0,1,0,0,0
2018-10-11,09:40:00,03,04,02,01,02,,0,365962.8736,5029296.767,True,October,0,0,0,0,0,0,0,0,1,0,0,0,0,0,0,1,0,0,0
2018-10-11,07:58:00,02,03,02,01,02,,0,353179.5953,5020495.396000001,True,October,0,0,0,0,0,0,0,0,1,0,0,0,0,0,0,1,0,0,0
2018-10-12,00:15:00,03,03,01,07,01,,0,363832.0591,5026717.866,True,October,0,0,0,0,0,0,0,0,1,0,0,0,0,0,0,1,0,0,0
2018-10-12,15:15:00,03,07,01,01,01,,0,364424.8201,5008526.666999999,True,October,0,0,0,0,0,0,0,0,1,0,0,0,0,0,0,1,0,0,0
2018-10-12,15:27:00,03,03,01,01,01,,0,362504.9114,5025150.263,True,October,0,0,0,0,0,0,0,0,1,0,0,0,0,0,0,1,0,0,0
2018-10-12,15:27:00,03,03,01,01,01,,0,362605.0829,5025229.612,True,October,0,0,0,0,0,0,0,0,1,0,0,0,0,0,0,1,0,0,0
2018-10-12,17:10:00,03,03,01,01,01,,0,362924.6014,5025536.3319999995,True,October,0,0,0,0,0,0,0,0,1,0,0,0,0,0,0,1,0,0,0
2018-10-12,19:42:00,03,03,01,07,01,,0,364872.4466,5028246.919,True,October,0,0,0,0,0,0,0,0,1,0,0,0,0,0,0,1,0,0,0
2018-03-29,17:45:00,03,04,02,01,02,,0,366582.3542,5029536.393999999,True,March,0,0,0,0,0,0,0,0,1,0,0,0,0,0,0,0,1,0,0
2018-02-26,11:10:00,03,03,01,01,01,01,0,363205.8088,5025833.652,True,February,0,0,1,0,0,0,0,0,0,1,0,0,0,0,0,0,0,0,1
2018-01-14,02:29:00,03,07,01,07,06,,0,362069.0361,5024653.561000001,True,January,0,0,0,0,0,0,0,0,1,0,0,0,0,0,0,0,0,0,1
2018-02-06,14:40:00,03,04,01,01,02,,0,363028.0459,5025682.037,True,February,0,0,0,0,0,0,0,0,1,0,0,0,0,0,0,0,0,0,1
2018-02-27,17:15:00,03,04,01,01,01,,0,359801.0537,5014807.702,True,February,0,0,0,0,0,0,0,0,1,0,0,0,0,0,0,0,0,0,1
2018-03-29,20:12:00,03,07,02,07,02,,0,344097.5942,5015737.711,True,March,0,0,0,0,0,0,0,0,1,0,0,0,0,0,0,0,1,0,0
2018-03-30,03:18:00,03,07,02,07,02,,0,330335.8996,5021756.136,True,March,0,0,0,0,0,0,0,0,1,0,0,0,0,0,0,0,1,0,0
2018-08-23,06:43:00,03,03,01,01,01,,0,366573.0517,5029512.681,True,August,0,0,0,0,0,0,0,0,1,0,0,0,0,0,0,0,0,1,0
2018-01-14,04:00:00,03,07,01,07,06,,0,371297.8618,4995462.291,True,January,0,0,0,0,0,0,0,0,1,0,0,0,0,0,0,0,0,0,1
2018-02-06,18:30:00,02,03,01,07,01,,0,350898.8019,5018608.239,True,February,0,0,0,0,0,0,0,0,1,0,0,0,0,0,0,0,0,0,1
2018-02-28,12:55:00,03,03,01,01,01,,0,372289.6025,5031502.097,True,February,0,0,0,0,0,0,0,0,1,0,0,0,0,0,0,0,0,0,1
2018-03-30,12:15:00,03,04,01,01,01,,0,364868.581,5028239.928,True,March,0,0,0,0,0,0,0,0,1,0,0,0,0,0,0,0,1,0,0
2018-08-23,12:00:00,03,03,01,01,01,,0,368445.3741,5030453.055,True,August,0,0,0,0,0,0,0,0,1,0,0,0,0,0,0,0,0,1,0
2018-01-14,13:07:00,03,07,03,01,06,,0,362104.3896,5024653.9180000005,True,January,0,0,0,0,0,0,0,0,1,0,0,0,0,0,0,0,0,0,1
2018-02-06,19:33:00,03,04,01,07,01,,0,362480.0355,5025105.102,True,February,0,0,0,0,0,0,0,0,1,0,0,0,0,0,0,0,0,0,1
2018-02-28,11:52:00,03,04,01,01,01,,0,365358.48600000003,5028912.95,True,February,0,0,0,0,0,0,0,0,1,0,0,0,0,0,0,0,0,0,1
2018-03-30,20:34:00,03,07,01,07,01,,0,377445.0881,5026556.825,True,March,0,0,0,0,0,0,0,0,1,0,0,0,0,0,0,0,1,0,0
2018-08-23,17:25:00,03,03,01,01,01,,0,354786.7084,5021333.526000001,True,August,0,0,0,0,0,0,0,0,1,0,0,0,0,0,0,0,0,1,0
2018-01-14,16:00:00,03,07,01,01,01,,0,357131.356,5022547.83,True,January,0,0,0,0,0,0,0,0,1,0,0,0,0,0,0,0,0,0,1
2018-01-15,07:15:00,03,03,01,03,06,,0,360316.7975,5023418.502,True,January,0,0,0,0,0,0,0,0,1,0,0,0,0,0,0,0,0,0,1
2018-01-15,07:40:00,03,03,01,03,01,,0,358661.0105,5022700.633,True,January,0,0,0,0,0,0,0,0,1,0,0,0,0,0,0,0,0,0,1
2018-01-15,09:11:00,03,03,01,01,02,,0,373224.6483,5031705.226,True,January,0,0,0,0,0,0,0,0,1,0,0,0,0,0,0,0,0,0,1
2018-01-15,09:30:00,03,07,01,01,01,,0,376548.7529,5027552.102,True,January,0,0,0,0,0,0,0,0,1,0,0,0,0,0,0,0,0,0,1
2018-01-15,09:41:00,03,04,01,01,02,,0,369423.8164,5031102.117,True,January,0,0,0,0,0,0,0,0,1,0,0,0,0,0,0,0,0,0,1
2018-01-15,13:05:00,03,07,01,01,01,,0,354880.1876,5021339.048,True,January,0,0,0,0,0,0,0,0,1,0,0,0,0,0,0,0,0,0,1
2018-01-16,08:20:00,02,03,03,01,04,,0,354767.5807,5021273.516,True,January,0,0,0,0,0,0,0,0,1,0,0,0,0,0,0,0,0,0,1
2018-01-16,09:40:00,02,07,03,01,02,,0,348257.1808,5016590.183999999,True,January,0,0,0,0,0,0,0,0,1,0,0,0,0,0,0,0,0,0,1
2018-01-16,18:12:00,03,03,01,07,02,,0,366207.0792,5029403.198,True,January,0,0,0,0,0,0,0,0,1,0,0,0,0,0,0,0,0,0,1
2018-01-17,02:40:00,03,07,03,07,03,,0,368575.2953,5030526.642,True,January,0,0,0,0,0,0,0,0,1,0,0,0,0,0,0,0,0,0,1
2018-01-17,10:30:00,03,07,01,01,01,,0,343011.4141,5009006.025,True,January,0,0,0,0,0,0,0,0,1,0,0,0,0,0,0,0,0,0,1
2018-01-17,14:40:00,03,03,01,01,01,,0,355520.3295,5021715.021000001,True,January,0,0,0,0,0,0,0,0,1,0,0,0,0,0,0,0,0,0,1
2018-01-17,14:45:00,03,03,01,01,02,,0,352967.4974,5020162.528,True,January,0,0,0,0,0,0,0,0,1,0,0,0,0,0,0,0,0,0,1
2018-01-17,15:33:00,03,03,01,01,04,,0,364673.5342,5027883.233,True,January,0,0,0,0,0,0,0,0,1,0,0,0,0,0,0,0,0,0,1
2018-01-17,16:28:00,03,03,01,01,01,,0,365669.1315,5029123.403,True,January,0,0,0,0,0,0,0,0,1,0,0,0,0,0,0,0,0,0,1
2018-01-17,17:53:00,03,03,01,07,01,,0,361013.5562,5023987.513,True,January,0,0,0,0,0,0,0,0,1,0,0,0,0,0,0,0,0,0,1
2018-01-18,08:54:00,03,03,01,01,01,,0,374191.9069,5031341.928,True,January,0,0,0,0,0,0,0,0,1,0,0,0,0,0,0,0,0,0,1
2018-01-18,09:30:00,03,07,01,01,02,,0,353291.6338,5020505.113,True,January,0,0,0,0,0,0,0,0,1,0,0,0,0,0,0,0,0,0,1
2018-01-19,08:50:00,03,03,01,01,02,,0,360903.3729,5023875.848,True,January,0,0,0,0,0,0,0,0,1,0,0,0,0,0,0,0,0,0,1
2018-01-19,18:17:00,02,03,01,07,02,,0,387185.8215,5023866.408,True,January,0,0,0,0,0,0,0,0,1,0,0,0,0,0,0,0,0,0,1
2018-01-20,09:10:00,02,04,01,01,01,,0,369497.2515,5031062.65,True,January,0,0,0,0,0,0,0,0,1,0,0,0,0,0,0,0,0,0,1
2018-01-20,17:28:00,03,03,01,05,01,,0,366918.3279,5029634.155,True,January,0,0,0,0,0,0,0,0,1,0,0,0,0,0,0,0,0,0,1
2018-01-20,17:00:00,03,03,01,05,02,,0,363284.967,5025789.413,True,January,0,0,0,0,0,0,0,0,1,0,0,0,0,0,0,0,0,0,1
2018-01-20,21:51:00,03,07,01,07,01,,0,341721.7209,5018014.245,True,January,0,0,0,0,0,0,0,0,1,0,0,0,0,0,0,0,0,0,1
2018-01-20,22:51:00,03,03,01,07,01,,0,370634.881,5031162.61,True,January,0,0,0,0,0,0,0,0,1,0,0,0,0,0,0,0,0,0,1
2018-01-22,07:10:00,03,07,03,03,02,,0,337769.9104,5019808.015,True,January,0,0,0,0,0,0,0,0,1,0,0,0,0,0,0,0,0,0,1
2018-01-22,18:10:00,02,07,04,07,05,,0,343192.76200000005,5016691.221,True,January,0,0,0,0,0,0,0,0,1,0,0,0,0,0,0,0,0,0,1
2018-01-22,19:20:00,03,07,03,07,03,,0,358438.7686,5022483.491,True,January,0,0,0,0,0,0,0,0,1,0,0,0,0,0,0,0,0,0,1
2018-01-22,21:00:00,03,07,05,07,03,,0,391782.4524,5023043.562,True,January,0,0,0,0,0,0,0,0,1,0,0,0,0,0,0,0,0,0,1
2018-01-22,23:50:00,03,07,04,07,03,,0,355221.0928,5021538.7469999995,True,January,0,0,0,0,0,0,0,0,1,0,0,0,0,0,0,0,0,0,1
2018-01-23,06:50:00,02,0,02,07,04,,0,348384.7088,5016706.379,True,January,0,0,0,0,0,0,0,0,1,0,0,0,0,0,0,0,0,0,1
2018-01-23,08:20:00,02,07,02,01,04,,0,346355.7951,5012915.845,True,January,0,0,0,0,0,0,0,0,1,0,0,0,0,0,0,0,0,0,1
2018-01-23,09:45:00,03,04,02,01,04,,0,358840.7949,5022989.0819999995,True,January,0,0,0,0,0,0,0,0,1,0,0,0,0,0,0,0,0,0,1
2018-01-24,20:03:00,03,07,02,07,04,,0,355292.5401,5021629.068,True,January,0,0,0,0,0,0,0,0,1,0,0,0,0,0,0,0,0,0,1
2018-01-22,20:57:00,03,07,03,07,03,,0,369202.0489,5030887.404,True,January,0,0,0,0,0,0,0,0,1,0,0,0,0,0,0,0,0,0,1
2018-01-24,07:29:00,02,04,01,03,02,,0,365057.8684,5028548.673,True,January,0,0,0,0,0,0,0,0,1,0,0,0,0,0,0,0,0,0,1
2018-01-23,04:00:00,03,07,04,07,06,,0,355432.3004,5021711.72,True,January,0,0,0,0,0,0,0,0,1,0,0,0,0,0,0,0,0,0,1
2018-01-24,15:24:00,03,03,01,01,01,,0,369927.2839,5031144.516,True,January,0,0,0,0,0,0,0,0,1,0,0,0,0,0,0,0,0,0,1
2018-01-24,16:00:00,03,03,01,01,01,,0,368408.6572,5030414.391,True,January,0,0,0,0,0,0,0,0,1,0,0,0,0,0,0,0,0,0,1
2018-01-24,18:00:00,03,07,01,07,01,,0,355435.2002,5021713.286,True,January,0,0,0,0,0,0,0,0,1,0,0,0,0,0,0,0,0,0,1
2018-01-25,08:48:00,03,04,01,01,01,,0,368422.6907,5030423.598999999,True,January,0,0,0,0,0,0,0,0,1,0,0,0,0,0,0,0,0,0,1
2018-01-25,13:07:00,03,07,01,01,01,,0,369382.7465,5031051.911,True,January,0,0,0,0,0,0,0,0,1,0,0,0,0,0,0,0,0,0,1
2018-01-26,06:50:00,03,04,01,07,01,,0,366281.9012,5029415.57,True,January,0,0,0,0,0,0,0,0,1,0,0,0,0,0,0,0,0,0,1
2018-01-26,06:10:00,03,04,01,07,06,,0,369580.6693,5031100.609,True,January,0,0,0,0,0,0,0,0,1,0,0,0,0,0,0,0,0,0,1
2018-01-26,06:30:00,03,03,01,07,01,,0,365034.039,5028507.127,True,January,0,0,0,0,0,0,0,0,1,0,0,0,0,0,0,0,0,0,1
2018-01-26,06:49:00,03,03,01,07,01,,0,366124.9712,5029348.123,True,January,0,0,0,0,0,0,0,0,1,0,0,0,0,0,0,0,0,0,1
2018-01-26,08:45:00,03,03,01,01,01,,0,364966.9829,5028419.243,True,January,0,0,0,0,0,0,0,0,1,0,0,0,0,0,0,0,0,0,1
2018-01-26,08:55:00,03,03,01,01,01,,0,370767.8888,5031444.96,True,January,0,0,0,0,0,0,0,0,1,0,0,0,0,0,0,0,0,0,1
2018-01-26,08:50:00,03,03,01,01,01,,0,364921.0935,5028336.534,True,January,0,0,0,0,0,0,0,0,1,0,0,0,0,0,0,0,0,0,1
2018-01-26,09:30:00,03,04,01,01,01,,0,354905.66299999994,5021402.891,True,January,0,0,0,0,0,0,0,0,1,0,0,0,0,0,0,0,0,0,1
2018-01-26,15:30:00,03,04,01,01,01,,0,359238.0438,5023182.567,True,January,0,0,0,0,0,0,0,0,1,0,0,0,0,0,0,0,0,0,1
2018-01-27,09:50:00,03,07,01,01,01,,0,358368.0285,5022763.513,True,January,0,0,0,0,0,0,0,0,1,0,0,0,0,0,0,0,0,0,1
2018-01-28,14:00:00,02,04,01,01,02,,0,375292.3364,5030461.803,True,January,0,0,0,0,0,0,0,0,1,0,0,0,0,0,0,0,0,0,1
2018-01-28,14:34:00,03,07,01,01,01,,0,363623.8033,5026468.851,True,January,0,0,0,0,0,0,0,0,1,0,0,0,0,0,0,0,0,0,1
2018-01-28,14:58:00,03,03,01,01,01,,0,363937.5997,5026890.576,True,January,0,0,0,0,0,0,0,0,1,0,0,0,0,0,0,0,0,0,1
2018-01-28,16:00:00,03,03,01,01,01,,0,363220.5431,5025820.34,True,January,0,0,0,0,0,0,0,0,1,0,0,0,0,0,0,0,0,0,1
2018-01-29,17:45:00,03,07,01,07,01,,0,365292.7445,5028845.983,True,January,0,0,0,0,0,0,0,0,1,0,0,0,0,0,0,0,0,0,1
2018-01-29,19:36:00,03,07,01,07,01,,0,345710.0518,5011274.907,True,January,0,0,0,0,0,0,0,0,1,0,0,0,0,0,0,0,0,0,1
2018-01-30,16:54:00,02,03,01,05,01,,0,362270.4924,5024965.959,True,January,0,0,0,0,0,0,0,0,1,0,0,0,0,0,0,0,0,0,1
2018-01-30,14:45:00,03,04,01,01,02,,0,366021.085,5029321.565,True,January,0,0,0,0,0,0,0,0,1,0,0,0,0,0,0,0,0,0,1
2018-01-30,17:59:00,03,03,01,07,01,,0,361812.9634,5024613.951,True,January,0,0,0,0,0,0,0,0,1,0,0,0,0,0,0,0,0,0,1
2018-01-31,06:48:00,03,03,01,07,01,,0,372685.8714,5031544.715,True,January,0,0,0,0,0,0,0,0,1,0,0,0,0,0,0,0,0,0,1
2018-01-31,15:15:00,02,04,03,01,03,,0,346884.8878,5015396.606000001,True,January,0,0,0,0,0,0,0,0,1,0,0,0,0,0,0,0,0,0,1
2018-01-31,17:53:00,03,07,03,07,03,,0,329399.1436,5022106.075,True,January,0,0,0,0,0,0,0,0,1,0,0,0,0,0,0,0,0,0,1
2018-01-31,21:45:00,03,04,03,07,05,,0,354864.5784,5021330.506,True,January,0,0,0,0,0,0,0,0,1,0,0,0,0,0,0,0,0,0,1
2018-01-31,21:48:00,03,07,01,07,03,,0,357030.61,5022519.927,True,January,0,0,0,0,0,0,0,0,1,0,0,0,0,0,0,0,0,0,1
2018-01-31,22:10:00,02,07,03,07,03,,0,323588.0009,5027001.284,True,January,0,0,0,0,0,0,0,0,1,0,0,0,0,0,0,0,0,0,1
2018-02-01,05:55:00,03,07,01,07,02,,0,373030.11,5031629.846,True,February,0,0,0,0,0,0,0,0,1,0,0,0,0,0,0,0,0,0,1
2018-02-01,09:35:00,03,03,01,01,02,,0,360453.732,5023523.223,True,February,0,0,0,0,0,0,0,0,1,0,0,0,0,0,0,0,0,0,1
2018-01-31,20:00:00,03,03,03,07,02,,0,388725.0786,5023684.206,True,January,0,0,0,0,0,0,0,0,1,0,0,0,0,0,0,0,0,0,1
2018-01-30,09:55:00,03,0,01,01,01,,0,365722.1576,5029157.155,True,January,0,0,0,0,0,0,0,0,1,0,0,0,0,0,0,0,0,0,1
2018-02-01,18:30:00,02,03,01,07,01,01,0,365301.8503,5028924.42,True,February,1,0,0,0,0,0,0,0,0,1,0,0,0,0,0,0,0,0,1
2018-02-02,16:15:00,02,03,01,01,01,,0,362934.2692,5025504.031,True,February,0,0,0,0,0,0,0,0,1,0,0,0,0,0,0,0,0,0,1
2018-02-02,18:20:00,03,03,01,07,01,,0,365726.1581,5029159.2469999995,True,February,0,0,0,0,0,0,0,0,1,0,0,0,0,0,0,0,0,0,1
2018-02-02,19:00:00,03,03,01,07,01,,0,366816.9633,5029601.716,True,February,0,0,0,0,0,0,0,0,1,0,0,0,0,0,0,0,0,0,1
2018-01-31,17:00:00,03,03,01,05,03,,0,387211.9659,5023863.172,True,January,0,0,0,0,0,0,0,0,1,0,0,0,0,0,0,0,0,0,1
2018-02-28,19:25:00,02,03,01,07,01,,0,365108.2955,5028677.237,True,February,0,0,0,0,0,0,0,0,1,0,0,0,0,0,0,0,0,0,1
2018-04-01,10:00:00,03,07,01,01,01,,0,376906.4589,5027289.215,True,April,0,0,0,0,0,0,0,0,1,0,0,0,0,0,0,0,1,0,0
2018-08-23,21:12:00,01,0,01,07,01,,0,369693.6102,4998729.802,True,August,0,0,0,0,0,0,0,0,1,0,0,0,0,0,0,0,0,1,0
2018-03-01,12:30:00,03,04,01,01,01,,0,360403.37,5023301.75,True,March,0,0,0,0,0,0,0,0,1,0,0,0,0,0,0,0,1,0,0
2018-08-24,14:20:00,02,03,01,01,01,,0,366021.2073,5029321.031,True,August,0,0,0,0,0,0,0,0,1,0,0,0,0,0,0,0,0,1,0
2018-02-07,06:30:00,02,03,01,07,01,,0,363041.1227,5025653.9969999995,True,February,0,0,0,0,0,0,0,0,1,0,0,0,0,0,0,0,0,0,1
2018-03-01,13:40:00,03,04,01,01,01,,0,360616.3029,5023648.334,True,March,0,0,0,0,0,0,0,0,1,0,0,0,0,0,0,0,1,0,0
2018-04-03,21:30:00,03,07,01,07,01,,0,342626.0846,5017267.921,True,April,0,0,0,0,0,0,0,0,1,0,0,0,0,0,0,0,1,0,0
2018-08-24,16:10:00,03,04,01,01,01,,0,368216.7877,5030309.05,True,August,0,0,0,0,0,0,0,0,1,0,0,0,0,0,0,0,0,1,0
2018-02-07,08:45:00,03,07,01,01,02,,0,387422.4215,5023900.635,True,February,0,0,0,0,0,0,0,0,1,0,0,0,0,0,0,0,0,0,1
2018-03-01,15:50:00,03,03,01,01,01,,0,363877.7118,5026779.102,True,March,0,0,0,0,0,0,0,0,1,0,0,0,0,0,0,0,1,0,0
2018-04-04,01:35:00,03,07,03,07,04,,0,365223.13399999996,5028768.958000001,True,April,0,0,0,0,0,0,0,0,1,0,0,0,0,0,0,0,1,0,0
2018-08-24,16:20:00,03,04,01,01,01,,0,368187.4507,5030289.683,True,August,0,0,0,0,0,0,0,0,1,0,0,0,0,0,0,0,0,1,0
2018-02-07,11:11:00,03,04,03,01,03,,0,364940.7307,5028372.166,True,February,0,0,0,0,0,0,0,0,1,0,0,0,0,0,0,0,0,0,1
2018-03-01,13:00:00,03,04,01,01,01,,0,359940.4852,5023196.785,True,March,0,0,0,0,0,0,0,0,1,0,0,0,0,0,0,0,1,0,0
2018-04-05,08:20:00,03,03,01,01,01,,0,369165.4018,5030861.834,True,April,0,0,0,0,0,0,0,0,1,0,0,0,0,0,0,0,1,0,0
2018-08-24,17:35:00,02,03,01,01,01,,0,360514.5328,5023288.635,True,August,0,0,0,0,0,0,0,0,1,0,0,0,0,0,0,0,0,1,0
2018-02-07,14:35:00,03,07,03,01,03,,0,359637.4414,5015430.29,True,February,0,0,0,0,0,0,0,0,1,0,0,0,0,0,0,0,0,0,1
2018-03-02,14:25:00,03,0,01,01,01,,0,350025.7447,5018089.843,True,March,0,0,0,0,0,0,0,0,1,0,0,0,0,0,0,0,1,0,0
2018-04-05,11:50:00,03,03,01,01,01,,0,363095.2659,5025972.483,True,April,0,0,0,0,0,0,0,0,1,0,0,0,0,0,0,0,1,0,0