DATE,TIME,CLASS_OF_ACCIDENT,IMPACT_TYPE,ENVIRONMENT,LIGHT,ROAD_SURFACE_CONDITION,TRAFFIC_CONTROL_CONDITION,NO_OF_PEDESTRIANS,X,Y,Highway,Month,categorical_TRAFFIC_CONTROL_01,categorical_TRAFFIC_CONTROL_02,categorical_TRAFFIC_CONTROL_03,categorical_TRAFFIC_CONTROL_04,categorical_TRAFFIC_CONTROL_07,categorical_TRAFFIC_CONTROL_08,categorical_TRAFFIC_CONTROL_09,categorical_TRAFFIC_CONTROL_11,categorical_ACCIDENT_LOCATION_01,categorical_ACCIDENT_LOCATION_02,categorical_ACCIDENT_LOCATION_03,categorical_ACCIDENT_LOCATION_04,categorical_ACCIDENT_LOCATION_05,categorical_ACCIDENT_LOCATION_06,categorical_ACCIDENT_LOCATION_07,categorical_Seasons_Fall,categorical_Seasons_Spring,categorical_Seasons_Summer,categorical_Seasons_Winter
2018-04-05,12:15:00,02,0,01,01,01,,0,366202.2213,5029401.765,True,April,0,0,0,0,0,0,0,0,1,0,0,0,0,0,0,0,1,0,0
2018-04-05,16:16:00,03,03,01,01,01,,0,365133.874,5028679.218,True,April,0,0,0,0,0,0,0,0,1,0,0,0,0,0,0,0,1,0,0
2018-04-06,14:55:00,02,07,01,01,01,,0,354352.7244,5021078.745,True,April,0,0,0,0,0,0,0,0,1,0,0,0,0,0,0,0,1,0,0
2018-04-06,15:28:00,03,04,01,01,01,,0,368262.8255,5030340.32,True,April,0,0,0,0,0,0,0,0,1,0,0,0,0,0,0,0,1,0,0
2018-04-06,16:09:00,03,03,01,01,01,,0,363185.6438,5025857.303,True,April,0,0,0,0,0,0,0,0,1,0,0,0,0,0,0,0,1,0,0
2018-04-06,16:47:00,03,03,02,01,02,,0,359674.9334,5023119.305,True,April,0,0,0,0,0,0,0,0,1,0,0,0,0,0,0,0,1,0,0
2018-04-07,04:15:00,03,07,01,07,01,,0,364652.1263,5027814.779,True,April,0,0,0,0,0,0,0,0,1,0,0,0,0,0,0,0,1,0,0
2018-04-09,08:15:00,03,04,01,01,01,,0,363041.7842,5025654.508,True,April,0,0,0,0,0,0,0,0,1,0,0,0,0,0,0,0,1,0,0
2018-04-09,23:45:00,03,03,01,07,01,,0,365457.2557,5028979.742,True,April,0,0,0,0,0,0,0,0,1,0,0,0,0,0,0,0,1,0,0
2018-04-10,04:05:00,03,07,01,07,01,,0,344560.909,5015177.079,True,April,0,0,0,0,0,0,0,0,1,0,0,0,0,0,0,0,1,0,0
2018-04-10,07:50:00,03,03,01,01,01,,0,364772.0385,5028059.803,True,April,0,0,0,0,0,0,0,0,1,0,0,0,0,0,0,0,1,0,0
2018-04-10,13:18:00,03,04,01,01,01,,0,375610.0038,5029093.627,True,April,0,0,0,0,0,0,0,0,1,0,0,0,0,0,0,0,1,0,0
2018-04-11,06:00:00,02,07,01,03,02,,0,362303.4852,5024966.391,True,April,0,0,0,0,0,0,0,0,1,0,0,0,0,0,0,0,1,0,0
2018-04-11,17:10:00,03,03,01,01,01,01,0,387509.1114,5023593.511,True,April,0,1,0,0,0,0,0,0,0,1,0,0,0,0,0,0,1,0,0
2018-04-11,19:06:00,03,07,01,07,01,,0,370923.0511,4996302.998,True,April,0,0,0,0,0,0,0,0,1,0,0,0,0,0,0,0,1,0,0
2018-04-12,15:00:00,03,03,02,01,02,,0,368632.0368,5030557.446,True,April,0,0,0,0,0,0,0,0,1,0,0,0,0,0,0,0,1,0,0
2018-04-12,17:50:00,03,03,02,01,02,,0,371465.4477,5031390.337,True,April,0,0,0,0,0,0,0,0,1,0,0,0,0,0,0,0,1,0,0
2018-04-12,17:43:00,03,04,02,01,02,,0,365949.5303,5029257.727,True,April,0,0,0,0,0,0,0,0,1,0,0,0,0,0,0,0,1,0,0
2018-04-26,09:00:00,03,07,01,01,01,,0,359783.2785,5015194.337,True,April,0,0,0,0,0,0,0,0,1,0,0,0,0,0,0,0,1,0,0
2018-04-13,08:00:00,03,07,01,01,01,,0,370986.5213,4996200.782,True,April,0,0,0,0,0,0,0,0,1,0,0,0,0,0,0,0,1,0,0
2018-04-13,09:26:00,02,03,01,01,01,,0,364293.5175,5027333.015,True,April,0,0,0,0,0,0,0,0,1,0,0,0,0,0,0,0,1,0,0
2018-04-13,16:05:00,03,03,01,01,01,,0,366933.3871,5029639.509,True,April,0,0,0,0,0,0,0,0,1,0,0,0,0,0,0,0,1,0,0
2018-04-13,16:12:00,03,03,01,01,01,,0,361054.5347,5024018.4569999995,True,April,0,0,0,0,0,0,0,0,1,0,0,0,0,0,0,0,1,0,0
2018-04-14,19:20:00,02,03,01,07,01,,0,364188.4904,5027111.315,True,April,0,0,0,0,0,0,0,0,1,0,0,0,0,0,0,0,1,0,0
2018-04-15,00:40:00,03,07,01,07,06,,0,369415.3869,5030860.712,True,April,0,0,0,0,0,0,0,0,1,0,0,0,0,0,0,0,1,0,0
2018-04-15,15:28:00,03,0,04,01,02,,0,363530.8936,5026345.704,True,April,0,0,0,0,0,0,0,0,1,0,0,0,0,0,0,0,1,0,0
2018-04-15,15:30:00,03,0,04,01,06,,0,360977.3242,5023959.484,True,April,0,0,0,0,0,0,0,0,1,0,0,0,0,0,0,0,1,0,0
2018-04-15,15:39:00,03,07,04,01,06,,0,349624.5175,5017861.811000001,True,April,0,0,0,0,0,0,0,0,1,0,0,0,0,0,0,0,1,0,0
2018-04-15,16:35:00,03,07,04,01,06,,0,356421.5367,5022430.9569999995,True,April,0,0,0,0,0,0,0,0,1,0,0,0,0,0,0,0,1,0,0
2018-04-15,17:10:00,03,04,04,01,06,,0,369835.0213,5031155.169,True,April,0,0,0,0,0,0,0,0,1,0,0,0,0,0,0,0,1,0,0
2018-04-15,17:40:00,03,07,04,01,04,,0,363195.1411,5025870.254,True,April,0,0,0,0,0,0,0,0,1,0,0,0,0,0,0,0,1,0,0
2018-04-15,17:40:00,03,07,04,01,06,,0,367470.0438,5029850.516,True,April,0,0,0,0,0,0,0,0,1,0,0,0,0,0,0,0,1,0,0
2018-04-15,21:10:00,03,07,04,07,06,,0,346295.5242,5013276.041,True,April,0,0,0,0,0,0,0,0,1,0,0,0,0,0,0,0,1,0,0
2018-04-15,19:40:00,03,07,04,07,06,,0,358526.3049,5021996.429,True,April,0,0,0,0,0,0,0,0,1,0,0,0,0,0,0,0,1,0,0
2018-04-15,21:10:00,03,07,04,07,06,,0,321360.3261,5029249.688999999,True,April,0,0,0,0,0,0,0,0,1,0,0,0,0,0,0,0,1,0,0
2018-04-15,23:06:00,03,07,04,07,06,,0,365670.3867,5029124.652,True,April,0,0,0,0,0,0,0,0,1,0,0,0,0,0,0,0,1,0,0
2018-04-15,23:20:00,03,07,04,07,04,,0,361927.8416,5024703.756,True,April,0,0,0,0,0,0,0,0,1,0,0,0,0,0,0,0,1,0,0
2018-04-16,07:20:00,03,07,04,01,02,,0,318579.6492,5031044.709,True,April,0,0,0,0,0,0,0,0,1,0,0,0,0,0,0,0,1,0,0
2018-04-16,08:50:00,03,07,04,01,06,,0,346336.5559,5014797.408,True,April,0,0,0,0,0,0,0,0,1,0,0,0,0,0,0,0,1,0,0
2018-04-16,10:10:00,02,07,04,01,06,,0,370100.3831,5031100.245,True,April,0,0,0,0,0,0,0,0,1,0,0,0,0,0,0,0,1,0,0
2018-04-17,14:49:00,03,03,01,01,01,,0,363653.70200000005,5026508.1280000005,True,April,0,0,0,0,0,0,0,0,1,0,0,0,0,0,0,0,1,0,0
2018-04-17,22:08:00,03,07,01,07,06,,0,361372.2994,5012215.81,True,April,0,0,0,0,0,0,0,0,1,0,0,0,0,0,0,0,1,0,0
2018-04-17,22:26:00,03,03,03,07,06,,0,360982.5991,5012842.779,True,April,0,0,0,0,0,0,0,0,1,0,0,0,0,0,0,0,1,0,0
2018-04-17,22:20:00,03,07,01,07,06,,0,361391.3918,5012198.422,True,April,0,0,0,0,0,0,0,0,1,0,0,0,0,0,0,0,1,0,0
2018-04-18,08:20:00,03,03,01,01,02,,0,353759.8125,5020733.037,True,April,0,0,0,0,0,0,0,0,1,0,0,0,0,0,0,0,1,0,0
2018-04-18,09:00:00,03,03,01,01,02,,0,368634.3093,5030558.398,True,April,0,0,0,0,0,0,0,0,1,0,0,0,0,0,0,0,1,0,0
2018-04-18,13:00:00,03,03,01,01,01,,0,370392.6913,5031142.97,True,April,0,0,0,0,0,0,0,0,1,0,0,0,0,0,0,0,1,0,0
2018-04-18,16:14:00,03,03,01,01,01,,0,364573.2335,5027698.335,True,April,0,0,0,0,0,0,0,0,1,0,0,0,0,0,0,0,1,0,0
2018-04-18,16:28:00,03,03,01,01,01,,0,363318.1958,5026032.452,True,April,0,0,0,0,0,0,0,0,1,0,0,0,0,0,0,0,1,0,0
2018-04-18,22:24:00,03,03,01,07,01,,0,375971.1182,5028034.067,True,April,0,0,0,0,0,0,0,0,1,0,0,0,0,0,0,0,1,0,0
2018-04-18,08:05:00,03,03,01,01,01,,0,372739.1763,5031552.541999999,True,April,0,0,0,0,0,0,0,0,1,0,0,0,0,0,0,0,1,0,0
2018-04-21,01:31:00,03,04,01,07,01,,0,371364.6313,5031380.6680000005,True,April,0,0,0,0,0,0,0,0,1,0,0,0,0,0,0,0,1,0,0
2018-04-21,13:10:00,02,03,01,01,01,,0,364331.0186,5027406.703,True,April,0,0,0,0,0,0,0,0,1,0,0,0,0,0,0,0,1,0,0
2018-04-21,17:00:00,03,03,01,01,01,,0,364694.578,5027918.281,True,April,0,0,0,0,0,0,0,0,1,0,0,0,0,0,0,0,1,0,0
2018-04-23,08:00:00,02,03,01,01,01,,0,370808.4231,5031368.095,True,April,0,0,0,0,0,0,0,0,1,0,0,0,0,0,0,0,1,0,0
2018-04-23,16:16:00,03,07,01,01,01,,0,366912.14,5004739.232,True,April,0,0,0,0,0,0,0,0,1,0,0,0,0,0,0,0,1,0,0
2018-04-24,12:47:00,02,07,01,01,01,,0,370609.7948,5031158.756,True,April,0,0,0,0,0,0,0,0,1,0,0,0,0,0,0,0,1,0,0
2018-04-24,19:44:00,03,07,01,07,01,,0,385758.2157,5024436.241,True,April,0,0,0,0,0,0,0,0,1,0,0,0,0,0,0,0,1,0,0
2018-04-25,00:10:00,03,07,01,07,01,,0,359579.9797,5015522.095,True,April,0,0,0,0,0,0,0,0,1,0,0,0,0,0,0,0,1,0,0
2018-04-25,07:50:00,03,07,02,01,02,,0,334295.9436,5020717.083000001,True,April,0,0,0,0,0,0,0,0,1,0,0,0,0,0,0,0,1,0,0
2018-04-25,09:00:00,03,03,02,01,02,,0,363888.5762,5026793.502,True,April,0,0,0,0,0,0,0,0,1,0,0,0,0,0,0,0,1,0,0
2018-04-25,16:10:00,03,03,02,01,02,,0,363095.7559,5025776.907,True,April,0,0,0,0,0,0,0,0,1,0,0,0,0,0,0,0,1,0,0
2018-04-22,14:00:00,03,0,01,01,01,,0,364065.8897,5027065.155,True,April,0,0,0,0,0,0,0,0,1,0,0,0,0,0,0,0,1,0,0
2018-04-26,15:36:00,03,03,01,01,01,,0,369262.8671,5030908.14,True,April,0,0,0,0,0,0,0,0,1,0,0,0,0,0,0,0,1,0,0
2018-04-26,15:39:00,03,03,01,01,01,,0,369116.9015,5030807.726,True,April,0,0,0,0,0,0,0,0,1,0,0,0,0,0,0,0,1,0,0
2018-04-26,17:25:00,03,03,01,01,01,,0,366534.7746,5029501.274,True,April,0,0,0,0,0,0,0,0,1,0,0,0,0,0,0,0,1,0,0
2018-04-27,08:10:00,03,04,01,01,01,,0,374258.8401,5030899.853999999,True,April,0,0,0,0,0,0,0,0,1,0,0,0,0,0,0,0,1,0,0
2018-04-27,13:55:00,03,03,01,01,01,,0,361872.4524,5024628.393999999,True,April,0,0,0,0,0,0,0,0,1,0,0,0,0,0,0,0,1,0,0
2018-04-27,11:20:00,03,03,01,01,01,,0,365051.9461,5028574.673,True,April,0,0,0,0,0,0,0,0,1,0,0,0,0,0,0,0,1,0,0
2018-04-28,09:26:00,03,07,02,01,02,,0,375581.2691,5029664.956,True,April,0,0,0,0,0,0,0,0,1,0,0,0,0,0,0,0,1,0,0
2018-04-28,12:00:00,03,03,02,01,02,01,0,363146.0307,5025983.693,True,April,1,0,0,0,0,0,0,0,0,1,0,0,0,0,0,0,1,0,0
2018-08-24,18:00:00,03,03,01,01,01,,0,365101.8472,5028666.8610000005,True,August,0,0,0,0,0,0,0,0,1,0,0,0,0,0,0,0,0,1,0
2018-02-07,14:49:00,03,07,03,01,05,,0,346710.4207,5015178.865,True,February,0,0,0,0,0,0,0,0,1,0,0,0,0,0,0,0,0,0,1
2018-03-03,06:30:00,03,07,01,01,02,,0,370569.9097,5031164.431,True,March,0,0,0,0,0,0,0,0,1,0,0,0,0,0,0,0,1,0,0
2018-08-24,19:15:00,03,04,01,01,01,,0,369251.1254,5030920.364,True,August,0,0,0,0,0,0,0,0,1,0,0,0,0,0,0,0,0,1,0
2018-02-07,18:25:00,03,04,03,07,03,,0,368605.5291,5030518.943,True,February,0,0,0,0,0,0,0,0,1,0,0,0,0,0,0,0,0,0,1
2018-03-03,22:30:00,03,07,03,07,02,,0,381511.6846,5025630.607,True,March,0,0,0,0,0,0,0,0,1,0,0,0,0,0,0,0,1,0,0
2018-08-25,12:25:00,03,04,01,01,01,,0,369120.4422,5030810.636,True,August,0,0,0,0,0,0,0,0,1,0,0,0,0,0,0,0,0,1,0
2018-02-07,19:20:00,03,04,03,07,03,,0,360622.1317,5023684.598999999,True,February,0,0,0,0,0,0,0,0,1,0,0,0,0,0,0,0,0,0,1
2018-03-06,08:15:00,03,03,01,01,01,,0,360731.7845,5023739.785,True,March,0,0,0,0,0,0,0,0,1,0,0,0,0,0,0,0,1,0,0
2018-08-26,12:30:00,03,0,01,01,01,,0,363375.5857,5026108.896000001,True,August,0,0,0,0,0,0,0,0,1,0,0,0,0,0,0,0,0,1,0
2018-08-27,08:30:00,03,07,01,01,01,,0,370564.2948,5031127.927,True,August,0,0,0,0,0,0,0,0,1,0,0,0,0,0,0,0,0,1,0
2018-08-27,10:50:00,03,04,01,01,01,,0,359513.2687,5015685.772,True,August,0,0,0,0,0,0,0,0,1,0,0,0,0,0,0,0,0,1,0
2018-08-27,12:25:00,02,03,01,01,01,,0,364567.6862,5027691.501,True,August,0,0,0,0,0,0,0,0,1,0,0,0,0,0,0,0,0,1,0
2018-08-27,12:24:00,02,03,01,01,01,,0,364467.7581,5027556.422,True,August,0,0,0,0,0,0,0,0,1,0,0,0,0,0,0,0,0,1,0
2018-08-27,16:15:00,03,03,01,01,01,,0,364854.9361,5028215.1680000005,True,August,0,0,0,0,0,0,0,0,1,0,0,0,0,0,0,0,0,1,0
2018-08-27,17:30:00,03,07,01,01,01,,0,375062.5391,5030616.853,True,August,0,0,0,0,0,0,0,0,1,0,0,0,0,0,0,0,0,1,0
2018-08-27,16:15:00,03,04,01,01,01,,0,369357.4591,5030991.859,True,August,0,0,0,0,0,0,0,0,1,0,0,0,0,0,0,0,0,1,0
2018-08-28,16:10:00,03,07,01,01,01,,0,361064.1626,5024002.972,True,August,0,0,0,0,0,0,0,0,1,0,0,0,0,0,0,0,0,1,0
2018-08-29,09:15:00,03,03,01,01,01,,0,370228.0565,5031104.53,True,August,0,0,0,0,0,0,0,0,1,0,0,0,0,0,0,0,0,1,0
2018-08-29,16:59:00,03,04,01,01,01,,0,369476.6224,5000134.909,True,August,0,0,0,0,0,0,0,0,1,0,0,0,0,0,0,0,0,1,0
2018-08-29,19:18:00,03,07,02,05,02,,0,320969.8914,5029769.784,True,August,0,0,0,0,0,0,0,0,1,0,0,0,0,0,0,0,0,1,0
2018-08-30,06:55:00,03,04,01,01,01,,0,363330.8649,5026086.649,True,August,0,0,0,0,0,0,0,0,1,0,0,0,0,0,0,0,0,1,0
2018-08-30,07:52:00,02,03,01,01,01,,0,366910.2083,5029631.512,True,August,0,0,0,0,0,0,0,0,1,0,0,0,0,0,0,0,0,1,0
2018-08-30,07:49:00,03,03,01,01,01,,0,367448.3719,5029840.076,True,August,0,0,0,0,0,0,0,0,1,0,0,0,0,0,0,0,0,1,0
2018-08-30,12:21:00,03,03,01,01,01,01,0,362206.5846,5024626.652,True,August,0,0,1,0,0,0,0,0,0,1,0,0,0,0,0,0,0,1,0
2018-08-30,13:55:00,03,04,01,01,01,,0,358993.7251,5023051.151000001,True,August,0,0,0,0,0,0,0,0,1,0,0,0,0,0,0,0,0,1,0
2018-08-30,14:42:00,03,07,01,01,01,,0,371691.8822,4995108.6280000005,True,August,0,0,0,0,0,0,0,0,1,0,0,0,0,0,0,0,0,1,0
2018-10-31,18:30:00,03,07,02,07,02,,0,366960.9626,4995761.377,False,October,0,0,0,0,0,0,0,0,1,0,0,0,0,0,0,1,0,0,0
2018-08-30,16:28:00,03,03,01,01,01,,0,356352.6116,5022253.068,True,August,0,0,0,0,0,0,0,0,1,0,0,0,0,0,0,0,0,1,0
2018-08-30,21:16:00,03,04,01,07,01,,0,375619.3121,5029167.6389999995,True,August,0,0,0,0,0,0,0,0,1,0,0,0,0,0,0,0,0,1,0
2018-08-31,15:21:00,02,03,01,01,01,,0,373816.6705,5032105.578,True,August,0,0,0,0,0,0,0,0,1,0,0,0,0,0,0,0,0,1,0
2018-08-31,15:20:00,03,03,01,01,01,,0,359367.1884,5023081.215,True,August,0,0,0,0,0,0,0,0,1,0,0,0,0,0,0,0,0,1,0
2018-08-31,16:55:00,03,03,01,01,01,,0,361832.1751,5024596.487,True,August,0,0,0,0,0,0,0,0,1,0,0,0,0,0,0,0,0,1,0
2018-09-01,22:50:00,03,03,01,07,01,,0,370769.0207,5031438.59,True,September,0,0,0,0,0,0,0,0,1,0,0,0,0,0,0,1,0,0,0
2018-09-01,22:59:00,03,07,01,07,01,,0,347516.3029,5015971.462,True,September,0,0,0,0,0,0,0,0,1,0,0,0,0,0,0,1,0,0,0
2018-09-02,13:05:00,02,03,02,01,02,,0,372407.7283,5031666.799,True,September,0,0,0,0,0,0,0,0,1,0,0,0,0,0,0,1,0,0,0
2018-09-02,14:50:00,03,07,01,01,01,,0,360373.2319,5023341.592,True,September,0,0,0,0,0,0,0,0,1,0,0,0,0,0,0,1,0,0,0
2018-09-02,19:20:00,03,07,02,05,02,,0,359775.412,5017158.027,True,September,0,0,0,0,0,0,0,0,1,0,0,0,0,0,0,1,0,0,0
2018-09-04,08:50:00,03,03,01,01,01,,0,365159.3761,5028745.0819999995,True,September,0,0,0,0,0,0,0,0,1,0,0,0,0,0,0,1,0,0,0
2018-09-04,09:30:00,03,03,01,01,01,,0,365956.3451,5029293.596,True,September,0,0,0,0,0,0,0,0,1,0,0,0,0,0,0,1,0,0,0
2018-09-04,13:10:00,03,04,01,01,01,,0,361819.2906,5024618.374,True,September,0,0,0,0,0,0,0,0,1,0,0,0,0,0,0,1,0,0,0
2018-09-04,14:35:00,03,0,01,01,01,,0,369232.1896,5030865.75,True,September,0,0,0,0,0,0,0,0,1,0,0,0,0,0,0,1,0,0,0
2018-09-04,17:40:00,03,03,01,01,01,,0,363088.0232,5025766.7530000005,True,September,0,0,0,0,0,0,0,0,1,0,0,0,0,0,0,1,0,0,0
2018-09-05,07:17:00,02,04,01,01,01,,0,359012.5384,5023035.748,True,September,0,0,0,0,0,0,0,0,1,0,0,0,0,0,0,1,0,0,0
2018-09-05,07:20:00,02,03,01,01,01,,0,375992.3031,5028268.738,True,September,0,0,0,0,0,0,0,0,1,0,0,0,0,0,0,1,0,0,0
2018-09-05,12:10:00,03,03,01,01,01,,0,366890.8299,5029624.487,True,September,0,0,0,0,0,0,0,0,1,0,0,0,0,0,0,1,0,0,0
2018-09-05,12:31:00,03,03,01,01,01,,0,366624.976,5029548.181,True,September,0,0,0,0,0,0,0,0,1,0,0,0,0,0,0,1,0,0,0
2018-09-05,15:26:00,03,07,02,01,02,,0,349451.4513,5017671.295,True,September,0,0,0,0,0,0,0,0,1,0,0,0,0,0,0,1,0,0,0
2018-09-05,21:20:00,03,03,01,07,01,,0,360938.8487,5023929.808,True,September,0,0,0,0,0,0,0,0,1,0,0,0,0,0,0,1,0,0,0
2018-09-06,15:30:00,03,03,01,01,01,,0,372283.1548,5031479.347,True,September,0,0,0,0,0,0,0,0,1,0,0,0,0,0,0,1,0,0,0
2018-09-06,16:00:00,03,03,01,01,01,,0,362390.2742,5025059.859,True,September,0,0,0,0,0,0,0,0,1,0,0,0,0,0,0,1,0,0,0
2018-09-06,16:15:00,02,03,01,01,01,,0,365001.9604,5028449.2530000005,True,September,0,0,0,0,0,0,0,0,1,0,0,0,0,0,0,1,0,0,0
2018-09-06,18:15:00,03,03,01,01,01,,0,363300.6226,5026049.068,True,September,0,0,0,0,0,0,0,0,1,0,0,0,0,0,0,1,0,0,0
2018-09-07,14:00:00,03,04,01,01,01,,0,363058.5641,5025678.158,True,September,0,0,0,0,0,0,0,0,1,0,0,0,0,0,0,1,0,0,0
2018-09-07,19:00:00,03,03,01,01,01,,0,363317.2557,5026031.04,True,September,0,0,0,0,0,0,0,0,1,0,0,0,0,0,0,1,0,0,0
2018-09-10,15:13:00,02,03,02,01,02,,0,349397.9291,5017686.036,True,September,0,0,0,0,0,0,0,0,1,0,0,0,0,0,0,1,0,0,0
2018-09-11,09:10:00,03,03,02,01,02,,0,353847.6052,5020784.112,True,September,0,0,0,0,0,0,0,0,1,0,0,0,0,0,0,1,0,0,0
2018-09-11,09:40:00,03,07,01,01,01,,0,319695.9916,5030885.843,True,September,0,0,0,0,0,0,0,0,1,0,0,0,0,0,0,1,0,0,0
2018-09-12,06:40:00,03,04,01,03,01,,0,364597.5629,5027731.703,True,September,0,0,0,0,0,0,0,0,1,0,0,0,0,0,0,1,0,0,0
2018-09-12,09:06:00,03,03,01,01,01,,0,358857.9523,5023018.496,True,September,0,0,0,0,0,0,0,0,1,0,0,0,0,0,0,1,0,0,0
2018-09-12,09:40:00,03,07,01,01,01,,0,346911.5294,5015364.423,True,September,0,0,0,0,0,0,0,0,1,0,0,0,0,0,0,1,0,0,0
2018-09-12,13:16:00,03,04,01,01,01,,0,362448.8546,5025080.634,True,September,0,0,0,0,0,0,0,0,1,0,0,0,0,0,0,1,0,0,0
2018-09-12,15:25:00,03,07,01,01,01,,0,369513.8301,5031071.129,True,September,0,0,0,0,0,0,0,0,1,0,0,0,0,0,0,1,0,0,0
2018-09-12,15:30:00,03,03,01,01,01,,0,365622.0231,5029092.203,True,September,0,0,0,0,0,0,0,0,1,0,0,0,0,0,0,1,0,0,0
2018-09-12,17:58:00,03,03,01,01,01,,0,366951.0348,5029626.008,True,September,0,0,0,0,0,0,0,0,1,0,0,0,0,0,0,1,0,0,0
2018-09-13,07:35:00,03,03,01,01,01,,0,354699.7938,5021233.8,True,September,0,0,0,0,0,0,0,0,1,0,0,0,0,0,0,1,0,0,0
2018-09-13,13:25:00,03,04,01,01,01,,0,368123.7881,5030222.676,True,September,0,0,0,0,0,0,0,0,1,0,0,0,0,0,0,1,0,0,0
2018-09-13,16:18:00,03,03,01,01,01,,0,378698.2393,5026204.13,True,September,0,0,0,0,0,0,0,0,1,0,0,0,0,0,0,1,0,0,0
2018-09-13,16:15:00,03,03,01,01,01,,0,369313.1827,5030942.524,True,September,0,0,0,0,0,0,0,0,1,0,0,0,0,0,0,1,0,0,0
2018-09-13,16:54:00,03,03,01,01,01,,0,357100.2696,5022595.204,True,September,0,0,0,0,0,0,0,0,1,0,0,0,0,0,0,1,0,0,0
2018-09-13,16:55:00,03,04,01,01,01,,0,371937.3444,5031443.487,True,September,0,0,0,0,0,0,0,0,1,0,0,0,0,0,0,1,0,0,0
2018-09-14,02:39:00,02,07,01,07,01,,0,351029.311,5018789.54,True,September,0,0,0,0,0,0,0,0,1,0,0,0,0,0,0,1,0,0,0
2018-09-14,15:05:00,03,03,01,01,01,,0,360884.2756,5023888.143999999,True,September,0,0,0,0,0,0,0,0,1,0,0,0,0,0,0,1,0,0,0
2018-09-14,18:30:00,02,04,01,01,01,,0,369473.6874,5031167.047,True,September,0,0,0,0,0,0,0,0,1,0,0,0,0,0,0,1,0,0,0
2018-09-14,21:05:00,03,07,01,07,01,,0,368751.2679,5002497.925,True,September,0,0,0,0,0,0,0,0,1,0,0,0,0,0,0,1,0,0,0
2018-09-15,02:07:00,03,07,01,07,01,,0,372651.5715,5031562.42,True,September,0,0,0,0,0,0,0,0,1,0,0,0,0,0,0,1,0,0,0
2018-09-15,08:32:00,03,07,01,01,01,,0,328477.3903,5022827.039,True,September,0,0,0,0,0,0,0,0,1,0,0,0,0,0,0,1,0,0,0
2018-09-15,22:50:00,03,07,01,07,01,,0,345251.3379,5010946.09,False,September,0,0,0,0,0,0,0,0,1,0,0,0,0,0,0,1,0,0,0
2018-03-06,09:05:00,03,04,01,01,01,,0,369191.8218,5030880.798,True,March,0,0,0,0,0,0,0,0,1,0,0,0,0,0,0,0,1,0,0
2018-02-08,15:57:00,03,04,01,01,01,,0,371760.9853,5031422.767,True,February,0,0,0,0,0,0,0,0,1,0,0,0,0,0,0,0,0,0,1
2018-03-06,18:30:00,02,03,01,05,01,01,0,362206.5961,5024626.643999999,True,March,0,0,1,0,0,0,0,0,0,1,0,0,0,0,0,0,1,0,0
2018-03-07,05:02:00,03,03,03,07,03,,0,320021.7684,5030702.971,True,March,0,0,0,0,0,0,0,0,1,0,0,0,0,0,0,0,1,0,0
2018-02-08,17:05:00,03,03,01,01,02,,0,371597.6418,5031404.288,True,February,0,0,0,0,0,0,0,0,1,0,0,0,0,0,0,0,0,0,1
2018-03-07,05:45:00,03,0,03,03,03,,0,365467.914,5028966.415,True,March,0,0,0,0,0,0,0,0,1,0,0,0,0,0,0,0,1,0,0
2018-02-08,15:57:00,03,03,03,01,05,,0,370777.7176,5030968.148,True,February,0,0,0,0,0,0,0,0,1,0,0,0,0,0,0,0,0,0,1
2018-03-07,05:40:00,03,07,03,03,04,,0,353362.659,5020524.483,True,March,0,0,0,0,0,0,0,0,1,0,0,0,0,0,0,0,1,0,0
2018-02-08,20:34:00,03,04,01,07,02,,0,361521.2935,5024384.244,True,February,0,0,0,0,0,0,0,0,1,0,0,0,0,0,0,0,0,0,1
2018-03-07,06:11:00,03,07,03,03,03,,0,327386.1963,5023584.575,True,March,0,0,0,0,0,0,0,0,1,0,0,0,0,0,0,0,1,0,0
2018-02-21,21:14:00,03,07,01,07,06,,0,370652.1884,5031200.125,True,February,0,0,0,0,0,0,0,0,1,0,0,0,0,0,0,0,0,0,1
2018-03-07,07:37:00,03,07,03,01,04,,0,365012.0765,5028502.137,True,March,0,0,0,0,0,0,0,0,1,0,0,0,0,0,0,0,1,0,0
2018-03-07,07:30:00,03,07,03,01,05,,0,341003.9767,5007206.572,True,March,0,0,0,0,0,0,0,0,1,0,0,0,0,0,0,0,1,0,0
2018-03-07,05:30:00,03,04,03,07,03,,0,322076.7937,5028489.8319999995,True,March,0,0,0,0,0,0,0,0,1,0,0,0,0,0,0,0,1,0,0
2018-03-07,15:37:00,03,04,01,01,01,,0,369284.92600000004,5031225.185,True,March,0,0,0,0,0,0,0,0,1,0,0,0,0,0,0,0,1,0,0
2018-03-07,17:09:00,03,04,01,01,01,,0,368620.4056,5030531.313999999,True,March,0,0,0,0,0,0,0,0,1,0,0,0,0,0,0,0,1,0,0
2018-03-08,06:03:00,02,03,03,03,02,,0,366493.2022,5029507.532,True,March,0,0,0,0,0,0,0,0,1,0,0,0,0,0,0,0,1,0,0
2018-03-08,07:45:00,03,04,03,01,02,,0,354584.8858,5021214.605,True,March,0,0,0,0,0,0,0,0,1,0,0,0,0,0,0,0,1,0,0
2018-03-08,11:54:00,03,03,03,01,02,,0,363190.24100000004,5025863.712,True,March,0,0,0,0,0,0,0,0,1,0,0,0,0,0,0,0,1,0,0
2018-03-08,16:01:00,03,03,03,01,02,,0,370631.4398,5031096.578,True,March,0,0,0,0,0,0,0,0,1,0,0,0,0,0,0,0,1,0,0