DATE,TIME,CLASS_OF_ACCIDENT,IMPACT_TYPE,ENVIRONMENT,LIGHT,ROAD_SURFACE_CONDITION,TRAFFIC_CONTROL_CONDITION,NO_OF_PEDESTRIANS,X,Y,Highway,Month,categorical_TRAFFIC_CONTROL_01,categorical_TRAFFIC_CONTROL_02,categorical_TRAFFIC_CONTROL_03,categorical_TRAFFIC_CONTROL_04,categorical_TRAFFIC_CONTROL_07,categorical_TRAFFIC_CONTROL_08,categorical_TRAFFIC_CONTROL_09,categorical_TRAFFIC_CONTROL_11,categorical_ACCIDENT_LOCATION_01,categorical_ACCIDENT_LOCATION_02,categorical_ACCIDENT_LOCATION_03,categorical_ACCIDENT_LOCATION_04,categorical_ACCIDENT_LOCATION_05,categorical_ACCIDENT_LOCATION_06,categorical_ACCIDENT_LOCATION_07,categorical_Seasons_Fall,categorical_Seasons_Spring,categorical_Seasons_Summer,categorical_Seasons_Winter
2018-03-08,18:00:00,03,07,03,05,03,,0,371126.5292,4995856.3780000005,True,March,0,0,0,0,0,0,0,0,1,0,0,0,0,0,0,0,1,0,0
2018-03-08,18:09:00,02,07,04,05,00,,0,372200.7185,4994168.058,True,March,0,0,0,0,0,0,0,0,1,0,0,0,0,0,0,0,1,0,0
2018-03-08,23:45:00,03,04,03,07,02,,0,370877.3476,5031238.134,True,March,0,0,0,0,0,0,0,0,1,0,0,0,0,0,0,0,1,0,0
2018-03-09,09:00:00,03,03,01,01,00,,0,365116.0393,5028650.0030000005,True,March,0,0,0,0,0,0,0,0,1,0,0,0,0,0,0,0,1,0,0
2018-03-09,09:22:00,03,03,03,01,02,,0,357483.6944,5022714.369,True,March,0,0,0,0,0,0,0,0,1,0,0,0,0,0,0,0,1,0,0
2018-03-09,12:21:00,03,04,03,01,02,,0,374199.041,5031138.845,True,March,0,0,0,0,0,0,0,0,1,0,0,0,0,0,0,0,1,0,0
2018-03-09,14:30:00,03,03,01,01,01,,0,364869.8987,5028242.71,True,March,0,0,0,0,0,0,0,0,1,0,0,0,0,0,0,0,1,0,0
2018-03-09,14:47:00,03,03,03,01,02,,0,369579.7666,5031167.06,True,March,0,0,0,0,0,0,0,0,1,0,0,0,0,0,0,0,1,0,0
2018-03-09,17:10:00,02,03,01,01,02,,0,378008.765,5026357.518,True,March,0,0,0,0,0,0,0,0,1,0,0,0,0,0,0,0,1,0,0
2018-03-09,17:45:00,03,03,03,05,02,,0,363019.9494,5025670.259,True,March,0,0,0,0,0,0,0,0,1,0,0,0,0,0,0,0,1,0,0
2018-03-20,12:10:00,03,04,03,01,02,,0,362392.7587,5025061.504,True,March,0,0,0,0,0,0,0,0,1,0,0,0,0,0,0,0,1,0,0
2018-03-12,01:20:00,03,07,01,07,01,,0,346593.0733,5015073.972,True,March,0,0,0,0,0,0,0,0,1,0,0,0,0,0,0,0,1,0,0
2018-03-09,15:17:00,03,03,01,01,01,,0,371628.6123,5031429.996,True,March,0,0,0,0,0,0,0,0,1,0,0,0,0,0,0,0,1,0,0
2018-03-12,14:50:00,03,04,01,01,01,,0,363082.7652,5025759.392,True,March,0,0,0,0,0,0,0,0,1,0,0,0,0,0,0,0,1,0,0
2018-03-13,06:20:00,03,07,03,03,04,,0,365658.7748,5029117.109,True,March,0,0,0,0,0,0,0,0,1,0,0,0,0,0,0,0,1,0,0
2018-03-13,06:20:00,03,04,03,03,02,,0,381964.3798,5025559.091,True,March,0,0,0,0,0,0,0,0,1,0,0,0,0,0,0,0,1,0,0
2018-03-13,10:53:00,02,07,03,01,03,,0,346247.8655,5014685.252,True,March,0,0,0,0,0,0,0,0,1,0,0,0,0,0,0,0,1,0,0
2018-03-13,20:30:00,03,03,03,07,03,,0,355461.5081,5021680.073,True,March,0,0,0,0,0,0,0,0,1,0,0,0,0,0,0,0,1,0,0
2018-03-13,20:55:00,03,07,03,07,04,,0,355502.5292,5021752.59,True,March,0,0,0,0,0,0,0,0,1,0,0,0,0,0,0,0,1,0,0
2018-03-13,20:54:00,03,04,03,07,04,,0,358766.2876,5022956.637,True,March,0,0,0,0,0,0,0,0,1,0,0,0,0,0,0,0,1,0,0
2018-03-13,21:00:00,03,07,03,07,03,,0,322236.2626,5028388.43,True,March,0,0,0,0,0,0,0,0,1,0,0,0,0,0,0,0,1,0,0
2018-03-13,21:05:00,03,07,03,07,03,,0,344602.74299999996,5015183.017,True,March,0,0,0,0,0,0,0,0,1,0,0,0,0,0,0,0,1,0,0
2018-03-14,00:58:00,03,07,03,07,04,,0,358801.9076,5022972.804,True,March,0,0,0,0,0,0,0,0,1,0,0,0,0,0,0,0,1,0,0
2018-03-14,01:35:00,03,07,03,07,03,,0,359303.4613,5019854.931,True,March,0,0,0,0,0,0,0,0,1,0,0,0,0,0,0,0,1,0,0
2018-03-14,06:55:00,03,07,03,01,04,,0,364618.6706,5008264.692,True,March,0,0,0,0,0,0,0,0,1,0,0,0,0,0,0,0,1,0,0
2018-03-14,08:30:00,03,07,01,01,02,,0,329367.9086,5022174.373,True,March,0,0,0,0,0,0,0,0,1,0,0,0,0,0,0,0,1,0,0
2018-03-14,15:35:00,03,07,01,01,02,,0,361071.5429,5024032.683,True,March,0,0,0,0,0,0,0,0,1,0,0,0,0,0,0,0,1,0,0
2018-03-14,16:20:00,03,03,01,01,01,,0,364821.49,5028152.706,True,March,0,0,0,0,0,0,0,0,1,0,0,0,0,0,0,0,1,0,0
2018-03-14,20:08:00,03,07,03,07,03,,0,346361.4986,5012305.117,True,March,0,0,0,0,0,0,0,0,1,0,0,0,0,0,0,0,1,0,0
2018-03-14,20:15:00,03,07,03,07,04,,0,349786.8648,5017961.031,True,March,0,0,0,0,0,0,0,0,1,0,0,0,0,0,0,0,1,0,0
2018-03-14,20:15:00,03,07,03,07,06,,0,349618.2085,5017856.509,True,March,0,0,0,0,0,0,0,0,1,0,0,0,0,0,0,0,1,0,0
2018-03-15,07:31:00,03,07,01,01,06,,0,359241.1447,5020431.757,True,March,0,0,0,0,0,0,0,0,1,0,0,0,0,0,0,0,1,0,0
2018-03-15,09:52:00,03,04,01,01,01,,0,357549.4449,5022668.965,True,March,0,0,0,0,0,0,0,0,1,0,0,0,0,0,0,0,1,0,0
2018-03-15,09:55:00,02,04,01,01,01,,0,366616.5857,5029545.733,True,March,0,0,0,0,0,0,0,0,1,0,0,0,0,0,0,0,1,0,0
2018-03-15,11:00:00,03,03,01,01,01,,0,371772.8553,5031445.877,True,March,0,0,0,0,0,0,0,0,1,0,0,0,0,0,0,0,1,0,0
2018-03-15,12:28:00,03,04,01,01,01,,0,371881.0595,5031436.606000001,True,March,0,0,0,0,0,0,0,0,1,0,0,0,0,0,0,0,1,0,0
2018-03-15,16:30:00,03,03,01,01,01,,0,368769.3628,5031502.666999999,True,March,0,0,0,0,0,0,0,0,1,0,0,0,0,0,0,0,1,0,0
2018-03-15,16:54:00,03,07,01,01,01,,0,352135.2759,5019620.862,True,March,0,0,0,0,0,0,0,0,1,0,0,0,0,0,0,0,1,0,0
2018-03-15,21:09:00,03,03,01,07,01,,0,370071.1513,5031103.092,True,March,0,0,0,0,0,0,0,0,1,0,0,0,0,0,0,0,1,0,0
2018-03-16,14:45:00,03,04,01,01,01,,0,364837.2169,5028182.722,True,March,0,0,0,0,0,0,0,0,1,0,0,0,0,0,0,0,1,0,0
2018-03-16,15:15:00,03,03,01,01,01,,0,369803.7629,5031136.79,True,March,0,0,0,0,0,0,0,0,1,0,0,0,0,0,0,0,1,0,0
2018-03-16,15:56:00,03,07,01,01,01,,0,365125.8779,5028665.492,True,March,0,0,0,0,0,0,0,0,1,0,0,0,0,0,0,0,1,0,0
2018-03-16,17:00:00,03,04,01,01,01,,0,363620.3745,5026440.384,True,March,0,0,0,0,0,0,0,0,1,0,0,0,0,0,0,0,1,0,0
2018-03-16,17:18:00,03,03,01,01,01,,0,362680.6996,5025259.62,True,March,0,0,0,0,0,0,0,0,1,0,0,0,0,0,0,0,1,0,0
2018-03-16,18:23:00,03,03,01,05,01,,0,369181.5772,5031269.783,True,March,0,0,0,0,0,0,0,0,1,0,0,0,0,0,0,0,1,0,0
2018-03-16,19:49:00,03,03,01,07,01,,0,367537.7653,5029883.643999999,True,March,0,0,0,0,0,0,0,0,1,0,0,0,0,0,0,0,1,0,0
2018-03-16,19:53:00,03,03,01,07,01,,0,367676.5765,5029958.447,True,March,0,0,0,0,0,0,0,0,1,0,0,0,0,0,0,0,1,0,0
2018-03-17,11:30:00,03,04,01,01,01,,0,372966.758,5031610.071,True,March,0,0,0,0,0,0,0,0,1,0,0,0,0,0,0,0,1,0,0
2018-03-19,07:50:00,03,04,01,01,01,,0,359649.1304,5023116.379,True,March,0,0,0,0,0,0,0,0,1,0,0,0,0,0,0,0,1,0,0
2018-03-20,07:45:00,03,07,01,01,01,,0,379958.1878,4996719.886,False,March,0,0,0,0,0,0,0,0,1,0,0,0,0,0,0,0,1,0,0
2018-03-20,09:00:00,03,03,01,01,01,,0,367288.2666,5029770.563,True,March,0,0,0,0,0,0,0,0,1,0,0,0,0,0,0,0,1,0,0
2018-03-20,17:10:00,03,03,01,01,01,,0,374013.7661,5031631.645,True,March,0,0,0,0,0,0,0,0,1,0,0,0,0,0,0,0,1,0,0
2018-03-21,10:43:00,02,04,01,01,01,,0,370497.2031,5031155.659,True,March,0,0,0,0,0,0,0,0,1,0,0,0,0,0,0,0,1,0,0
2018-03-21,15:00:00,03,03,01,01,01,,0,365499.2987,5029007.407,True,March,0,0,0,0,0,0,0,0,1,0,0,0,0,0,0,0,1,0,0
2018-03-22,12:09:00,03,04,01,01,01,,0,371570.5811,5031423.34,True,March,0,0,0,0,0,0,0,0,1,0,0,0,0,0,0,0,1,0,0
2018-02-09,11:09:00,03,0,01,01,01,,0,365656.4359,5029090.252,True,February,0,0,0,0,0,0,0,0,1,0,0,0,0,0,0,0,0,0,1
2018-02-09,13:12:00,03,07,01,01,01,,0,360626.8766,5013690.847,True,February,0,0,0,0,0,0,0,0,1,0,0,0,0,0,0,0,0,0,1
2018-02-09,14:30:00,03,04,01,01,01,,0,367198.2535,5029680.825,True,February,0,0,0,0,0,0,0,0,1,0,0,0,0,0,0,0,0,0,1
2018-02-09,15:17:00,02,03,03,01,02,,0,371424.0741,5031386.678,True,February,0,0,0,0,0,0,0,0,1,0,0,0,0,0,0,0,0,0,1
2018-02-09,16:35:00,03,04,01,01,02,,0,370100.3716,5031114.127,True,February,0,0,0,0,0,0,0,0,1,0,0,0,0,0,0,0,0,0,1
2018-02-10,00:05:00,03,07,03,07,02,,0,358520.4885,5022549.597,True,February,0,0,0,0,0,0,0,0,1,0,0,0,0,0,0,0,0,0,1
2018-02-10,03:19:00,03,07,03,07,03,,0,357015.2497,5022569.213,True,February,0,0,0,0,0,0,0,0,1,0,0,0,0,0,0,0,0,0,1
2018-02-10,13:05:00,03,03,03,01,02,,0,363718.2349,5026593.9569999995,True,February,0,0,0,0,0,0,0,0,1,0,0,0,0,0,0,0,0,0,1
2018-02-10,15:00:00,03,03,03,01,02,,0,364629.7316,5027814.38,True,February,0,0,0,0,0,0,0,0,1,0,0,0,0,0,0,0,0,0,1
2018-02-10,17:55:00,03,0,03,07,03,,0,368166.9215,5030288.802,True,February,0,0,0,0,0,0,0,0,1,0,0,0,0,0,0,0,0,0,1
2018-02-10,18:22:00,03,07,03,07,03,,0,387215.9225,5023907.194,True,February,0,0,0,0,0,0,0,0,1,0,0,0,0,0,0,0,0,0,1
2018-02-10,18:30:00,03,03,03,07,04,,0,368609.1576,5030525.685,True,February,0,0,0,0,0,0,0,0,1,0,0,0,0,0,0,0,0,0,1
2018-02-10,21:25:00,03,04,03,07,04,,0,361043.8371,5023987.331,True,February,0,0,0,0,0,0,0,0,1,0,0,0,0,0,0,0,0,0,1
2018-02-10,10:09:00,03,04,03,01,03,,0,365330.4273,5028893.944,True,February,0,0,0,0,0,0,0,0,1,0,0,0,0,0,0,0,0,0,1
2018-02-10,23:30:00,03,07,03,07,04,,0,366572.0532,5029512.025,True,February,0,0,0,0,0,0,0,0,1,0,0,0,0,0,0,0,0,0,1
2018-02-11,02:45:00,02,07,01,07,02,,0,359746.9723,5023146.785,True,February,0,0,0,0,0,0,0,0,1,0,0,0,0,0,0,0,0,0,1
2018-02-11,16:45:00,03,07,04,01,06,,0,358558.5039,5022868.62,True,February,0,0,0,0,0,0,0,0,1,0,0,0,0,0,0,0,0,0,1
2018-02-11,17:15:00,03,07,03,07,03,,0,363426.4077,5026178.32,True,February,0,0,0,0,0,0,0,0,1,0,0,0,0,0,0,0,0,0,1
2018-02-11,17:15:00,03,03,03,07,04,,0,363671.7214,5026507.353,True,February,0,0,0,0,0,0,0,0,1,0,0,0,0,0,0,0,0,0,1
2018-02-11,18:05:00,03,07,04,07,04,,0,365754.2081,5006346.775,True,February,0,0,0,0,0,0,0,0,1,0,0,0,0,0,0,0,0,0,1
2018-02-11,18:15:00,03,07,03,07,03,,0,373739.9587,5032049.12,True,February,0,0,0,0,0,0,0,0,1,0,0,0,0,0,0,0,0,0,1
2018-02-11,20:11:00,03,04,04,07,04,,0,357148.4479,5022553.371,True,February,0,0,0,0,0,0,0,0,1,0,0,0,0,0,0,0,0,0,1
2018-02-11,20:50:00,03,07,04,07,04,,0,394956.7075,5022431.949,True,February,0,0,0,0,0,0,0,0,1,0,0,0,0,0,0,0,0,0,1
2018-02-11,21:50:00,03,07,04,07,04,,0,365111.5907,5028641.744,True,February,0,0,0,0,0,0,0,0,1,0,0,0,0,0,0,0,0,0,1
2018-02-12,00:01:00,02,04,01,07,04,,0,385786.6711,5024415.778,True,February,0,0,0,0,0,0,0,0,1,0,0,0,0,0,0,0,0,0,1
2018-02-12,06:20:00,03,04,01,07,02,,0,369704.0081,5031149.671,True,February,0,0,0,0,0,0,0,0,1,0,0,0,0,0,0,0,0,0,1
2018-02-12,07:22:00,03,03,01,01,01,,0,376171.2124,5027942.347,True,February,0,0,0,0,0,0,0,0,1,0,0,0,0,0,0,0,0,0,1
2018-02-12,08:10:00,03,03,01,01,01,,0,375373.1957,5030296.762,True,February,0,0,0,0,0,0,0,0,1,0,0,0,0,0,0,0,0,0,1
2018-02-12,14:24:00,03,04,01,01,01,,0,358428.2503,5022887.589,True,February,0,0,0,0,0,0,0,0,1,0,0,0,0,0,0,0,0,0,1
2018-02-12,16:23:00,03,03,01,01,01,,0,368009.3188,5030169.037,True,February,0,0,0,0,0,0,0,0,1,0,0,0,0,0,0,0,0,0,1
2018-02-12,16:20:00,03,03,01,01,01,,0,368030.4008,5030156.93,True,February,0,0,0,0,0,0,0,0,1,0,0,0,0,0,0,0,0,0,1
2018-02-13,06:22:00,03,03,01,07,01,,0,358469.289,5022796.577,True,February,0,0,0,0,0,0,0,0,1,0,0,0,0,0,0,0,0,0,1
2018-02-13,06:15:00,03,03,01,03,01,,0,358707.8378,5022924.17,True,February,0,0,0,0,0,0,0,0,1,0,0,0,0,0,0,0,0,0,1
2018-02-13,06:55:00,03,03,01,03,01,,0,365172.9304,5028728.835,True,February,0,0,0,0,0,0,0,0,1,0,0,0,0,0,0,0,0,0,1
2018-02-13,07:30:00,02,04,01,01,01,,0,364983.7318,5028416.227,True,February,0,0,0,0,0,0,0,0,1,0,0,0,0,0,0,0,0,0,1
2018-02-13,07:45:00,03,04,01,01,01,,0,360143.4134,5023311.473,True,February,0,0,0,0,0,0,0,0,1,0,0,0,0,0,0,0,0,0,1
2018-02-13,08:30:00,03,03,01,01,01,,0,365173.1809,5028729.621,True,February,0,0,0,0,0,0,0,0,1,0,0,0,0,0,0,0,0,0,1
2018-02-13,09:11:00,03,03,01,01,00,,0,363295.2214,5025796.147,True,February,0,0,0,0,0,0,0,0,1,0,0,0,0,0,0,0,0,0,1
2018-02-13,09:30:00,03,04,01,01,01,,0,364670.8776,5027844.328,True,February,0,0,0,0,0,0,0,0,1,0,0,0,0,0,0,0,0,0,1
2018-02-13,09:40:00,03,04,01,01,01,,0,369856.5361,5031134.524,True,February,0,0,0,0,0,0,0,0,1,0,0,0,0,0,0,0,0,0,1
2018-02-13,19:42:00,02,07,01,07,01,,0,352215.3894,5019690.6280000005,True,February,0,0,0,0,0,0,0,0,1,0,0,0,0,0,0,0,0,0,1
2018-02-13,22:55:00,03,04,01,07,01,,0,366870.4186,5029601.2360000005,True,February,0,0,0,0,0,0,0,0,1,0,0,0,0,0,0,0,0,0,1
2018-02-14,08:07:00,03,03,01,01,06,,0,361522.1204,5024384.341,True,February,0,0,0,0,0,0,0,0,1,0,0,0,0,0,0,0,0,0,1
2018-02-15,05:40:00,02,07,01,07,02,,0,350098.4864,5018126.883,True,February,0,0,0,0,0,0,0,0,1,0,0,0,0,0,0,0,0,0,1
2018-02-15,08:56:00,03,04,02,01,06,,0,387349.6294,5023587.056,True,February,0,0,0,0,0,0,0,0,1,0,0,0,0,0,0,0,0,0,1
2018-02-15,08:40:00,03,04,04,01,02,,0,371741.4955,5031442.268999999,True,February,0,0,0,0,0,0,0,0,1,0,0,0,0,0,0,0,0,0,1
2018-02-19,00:28:00,03,03,01,07,01,,0,360934.1972,5023899.723999999,True,February,0,0,0,0,0,0,0,0,1,0,0,0,0,0,0,0,0,0,1
2018-02-15,17:45:00,03,03,01,05,01,,0,362711.3737,5025313.138,True,February,0,0,0,0,0,0,0,0,1,0,0,0,0,0,0,0,0,0,1
2018-02-15,23:22:00,03,03,01,07,02,,0,365715.6529,5029152.475,True,February,0,0,0,0,0,0,0,0,1,0,0,0,0,0,0,0,0,0,1
2018-02-16,15:15:00,03,03,01,01,01,,0,362880.0918,5025433.04,True,February,0,0,0,0,0,0,0,0,1,0,0,0,0,0,0,0,0,0,1
2018-02-16,19:00:00,03,04,01,07,01,,0,365605.8559,5029060.04,True,February,0,0,0,0,0,0,0,0,1,0,0,0,0,0,0,0,0,0,1
2018-02-17,02:35:00,03,07,01,07,06,,0,359261.95399999997,5020095.399,True,February,0,0,0,0,0,0,0,0,1,0,0,0,0,0,0,0,0,0,1
2018-02-19,18:55:00,02,03,02,07,02,,0,369747.349,5031158.152,True,February,0,0,0,0,0,0,0,0,1,0,0,0,0,0,0,0,0,0,1
2018-02-19,23:20:00,03,07,07,07,02,,0,371225.6178,4995644.1389999995,True,February,0,0,0,0,0,0,0,0,1,0,0,0,0,0,0,0,0,0,1
2018-02-20,05:45:00,03,07,02,07,02,,0,375845.1356,5029047.822,True,February,0,0,0,0,0,0,0,0,1,0,0,0,0,0,0,0,0,0,1
2018-02-20,08:00:00,02,07,02,01,02,,0,375626.9651,5029594.272,True,February,0,0,0,0,0,0,0,0,1,0,0,0,0,0,0,0,0,0,1
2018-02-20,08:50:00,03,04,02,01,02,,0,358349.025,5022868.9,True,February,0,0,0,0,0,0,0,0,1,0,0,0,0,0,0,0,0,0,1
2018-02-21,08:40:00,03,03,02,01,02,,0,373013.9719,5031624.557,True,February,0,0,0,0,0,0,0,0,1,0,0,0,0,0,0,0,0,0,1
2018-02-21,13:06:00,03,04,01,01,02,,0,376533.6358,5027564.2530000005,True,February,0,0,0,0,0,0,0,0,1,0,0,0,0,0,0,0,0,0,1
2018-02-22,09:20:00,03,04,01,01,01,,0,372939.6461,5031603.37,True,February,0,0,0,0,0,0,0,0,1,0,0,0,0,0,0,0,0,0,1
2018-02-22,16:20:00,03,03,01,01,01,,0,369453.4468,5031035.837,True,February,0,0,0,0,0,0,0,0,1,0,0,0,0,0,0,0,0,0,1
2018-02-12,15:35:00,03,03,01,01,01,,0,367331.7382,5029789.4569999995,True,February,0,0,0,0,0,0,0,0,1,0,0,0,0,0,0,0,0,0,1
2018-02-23,10:40:00,02,04,01,01,01,,0,364671.9084,5027846.946,True,February,0,0,0,0,0,0,0,0,1,0,0,0,0,0,0,0,0,0,1
2018-02-23,13:30:00,03,04,04,01,06,,0,358936.9791,5023041.362,True,February,0,0,0,0,0,0,0,0,1,0,0,0,0,0,0,0,0,0,1
2018-02-23,02:43:00,03,03,04,07,06,,0,370728.9209,5031189.846,True,February,0,0,0,0,0,0,0,0,1,0,0,0,0,0,0,0,0,0,1
2018-02-23,13:40:00,03,07,04,01,06,,0,368941.4029,5030693.703,True,February,0,0,0,0,0,0,0,0,1,0,0,0,0,0,0,0,0,0,1
2018-02-23,13:35:00,03,07,04,01,06,,0,373289.1931,5031733.602,True,February,0,0,0,0,0,0,0,0,1,0,0,0,0,0,0,0,0,0,1
2018-02-23,13:36:00,03,07,04,01,02,,0,373321.9598,5031721.211,True,February,0,0,0,0,0,0,0,0,1,0,0,0,0,0,0,0,0,0,1
2018-11-16,11:44:00,03,05,03,01,02,01,0,364952.9477,5025873.838,False,November,1,0,0,0,0,0,0,0,0,0,1,0,0,0,0,1,0,0,0
2018-11-16,12:50:00,02,07,03,01,03,01,0,371665.7811,5032936.813,False,November,0,1,0,0,0,0,0,0,0,1,0,0,0,0,0,1,0,0,0
2018-11-16,06:45:00,03,03,03,03,02,,0,365281.3337,5028808.569,True,November,0,0,0,0,0,0,0,0,1,0,0,0,0,0,0,1,0,0,0
2018-11-16,12:44:00,03,07,03,01,06,01,0,363670.3977,5021246.712,False,November,1,0,0,0,0,0,0,0,0,1,0,0,0,0,0,1,0,0,0
2018-11-16,13:05:00,03,05,01,01,01,,0,371166.9133,5034730.664,False,November,0,0,0,0,0,0,0,0,0,0,0,1,0,0,0,1,0,0,0
2018-11-16,14:20:00,02,02,03,01,06,01,0,325038.3609,5024357.756,False,November,0,1,0,0,0,0,0,0,0,0,1,0,0,0,0,1,0,0,0
2018-11-16,14:15:00,03,04,03,01,03,01,0,371262.7169,5032805.714,False,November,1,0,0,0,0,0,0,0,0,1,0,0,0,0,0,1,0,0,0
2018-11-09,21:05:00,03,07,03,07,02,,0,355685.2661,5013308.672,False,November,0,0,0,0,0,0,0,0,1,0,0,0,0,0,0,1,0,0,0
2018-11-12,12:30:00,03,03,01,01,01,,0,364565.1264,5024533.661,False,November,0,0,0,0,0,0,0,0,1,0,0,0,0,0,0,1,0,0,0
2018-11-20,19:10:00,03,07,01,07,06,,0,335991.8313,5012174.192,False,November,0,0,0,0,0,0,0,0,1,0,0,0,0,0,0,1,0,0,0
2018-11-05,13:15:00,03,02,02,01,02,01,0,369324.7112,5032387.587,False,November,0,1,0,0,0,0,0,0,0,0,1,0,0,0,0,1,0,0,0
2018-11-16,14:27:00,03,03,03,01,03,01,0,368341.2997,5032120.547,False,November,1,0,0,0,0,0,0,0,0,1,0,0,0,0,0,1,0,0,0
2018-11-16,10:15:00,03,07,03,01,04,01,0,363085.5641,5024097.5819999995,False,November,1,0,0,0,0,0,0,0,0,1,0,0,0,0,0,1,0,0,0
2018-11-16,14:44:00,03,07,03,01,03,01,0,366918.8606,5024209.708000001,False,November,1,0,0,0,0,0,0,0,0,1,0,0,0,0,0,1,0,0,0
2018-11-16,15:13:00,03,07,03,01,03,,0,362279.2589,5023269.369,False,November,0,0,0,0,0,0,0,0,1,0,0,0,0,0,0,1,0,0,0
2018-11-16,15:14:00,03,02,03,01,03,01,0,371558.744,5031320.7469999995,False,November,1,0,0,0,0,0,0,0,0,0,1,0,0,0,0,1,0,0,0
2018-11-16,15:17:00,03,03,03,01,04,01,0,373497.6236,5020419.57,False,November,1,0,0,0,0,0,0,0,0,1,0,0,0,0,0,1,0,0,0
2018-11-16,15:13:00,02,03,03,01,03,01,0,370337.8364,5025947.618,False,November,1,0,0,0,0,0,0,0,0,1,0,0,0,0,0,1,0,0,0
2018-11-16,15:19:00,03,03,03,01,06,01,0,373902.7714,5028046.804,False,November,1,0,0,0,0,0,0,0,0,1,0,0,0,0,0,1,0,0,0
2018-11-16,15:23:00,02,02,03,01,03,01,0,364134.8479,5023912.782,False,November,0,1,0,0,0,0,0,0,0,1,0,0,0,0,0,1,0,0,0
2018-11-16,15:15:00,03,07,03,01,03,,0,354971.2863,5008518.307,False,November,0,0,0,0,0,0,0,0,1,0,0,0,0,0,0,1,0,0,0
2018-11-16,15:30:00,03,03,03,01,06,,0,379744.1662,5032024.475,False,November,0,0,0,0,0,0,0,0,1,0,0,0,0,0,0,1,0,0,0
2018-11-16,15:48:00,02,07,03,01,03,01,0,360185.6309,5007832.193,False,November,0,1,0,0,0,0,0,0,0,0,1,0,0,0,0,1,0,0,0
2018-11-16,15:48:00,03,04,03,01,03,01,0,360597.8214,5022584.2639999995,False,November,1,0,0,0,0,0,0,0,0,1,0,0,0,0,0,1,0,0,0
2018-11-16,15:50:00,03,03,03,01,04,01,0,360072.5104,5024471.649,False,November,1,0,0,0,0,0,0,0,0,1,0,0,0,0,0,1,0,0,0
2018-11-16,15:53:00,03,03,03,01,04,01,0,357145.4995,5018152.501,False,November,1,0,0,0,0,0,0,0,0,1,0,0,0,0,0,1,0,0,0
2018-11-16,16:02:00,02,03,03,05,03,00,0,371766.8519,5026794.533,False,November,1,0,0,0,0,0,0,0,0,1,0,0,0,0,0,1,0,0,0
2018-11-07,15:55:00,03,03,01,01,01,01,0,352207.6051,5017242.353,False,November,1,0,0,0,0,0,0,0,0,1,0,0,0,0,0,1,0,0,0
2018-11-16,16:09:00,02,03,03,01,05,01,0,375907.0159,5014804.403,False,November,1,0,0,0,0,0,0,0,0,1,0,0,0,0,0,1,0,0,0
2018-11-16,,03,07,03,00,04,,0,372544.1685,5032684.44,False,November,0,0,0,0,0,0,0,0,1,0,0,0,0,0,0,1,0,0,0
2018-11-16,16:08:00,03,03,03,01,03,01,0,369178.7883,5031334.752,False,November,1,0,0,0,0,0,0,0,0,1,0,0,0,0,0,1,0,0,0
2018-11-16,16:14:00,03,07,03,05,03,,0,388687.2447,5028168.405,False,November,0,0,0,0,0,0,0,0,1,0,0,0,0,0,0,1,0,0,0
2018-11-16,16:27:00,03,03,03,05,04,01,0,362061.7223,5023465.629,False,November,1,0,0,0,0,0,0,0,0,1,0,0,0,0,0,1,0,0,0
2018-11-16,16:20:00,03,0,03,05,06,01,0,383640.9751,5036900.456,False,November,1,0,0,0,0,0,0,0,0,1,0,0,0,0,0,1,0,0,0
2018-11-16,16:36:00,03,03,03,05,06,01,0,363085.4332,5024097.613,False,November,1,0,0,0,0,0,0,0,0,1,0,0,0,0,0,1,0,0,0
2018-11-16,16:42:00,03,05,03,05,04,01,0,362072.6603,5025919.219,False,November,1,0,0,0,0,0,0,0,0,0,1,0,0,0,0,1,0,0,0
2018-11-16,17:08:00,03,07,03,07,04,,0,370002.7543,5026852.643,False,November,0,0,0,0,0,0,0,0,1,0,0,0,0,0,0,1,0,0,0
2018-11-16,14:15:00,03,03,03,01,02,01,0,370365.6242,5028467.404,False,November,1,0,0,0,0,0,0,0,0,1,0,0,0,0,0,1,0,0,0
2018-11-16,17:20:00,03,05,03,07,03,01,0,373204.3768,5026795.318,False,November,1,0,0,0,0,0,0,0,0,0,1,0,0,0,0,1,0,0,0
2018-11-16,17:31:00,03,04,03,07,03,01,0,375136.6846,5027313.506,False,November,1,0,0,0,0,0,0,0,0,1,0,0,0,0,0,1,0,0,0
2018-11-16,18:01:00,03,04,03,07,04,01,0,363342.8093,5025562.384,False,November,1,0,0,0,0,0,0,0,0,1,0,0,0,0,0,1,0,0,0
2018-11-16,14:50:00,03,03,03,01,04,01,0,355950.50700000004,5016618.826,False,November,0,1,0,0,0,0,0,0,0,1,0,0,0,0,0,1,0,0,0
2018-11-16,16:00:00,03,07,03,01,03,01,0,361288.4381,5014584.958000001,False,November,1,0,0,0,0,0,0,0,0,0,1,0,0,0,0,1,0,0,0
2018-11-16,18:27:00,02,05,03,07,05,01,0,365421.3108,5017106.956,False,November,1,0,0,0,0,0,0,0,0,0,1,0,0,0,0,1,0,0,0