DATE,TIME,CLASS_OF_ACCIDENT,IMPACT_TYPE,ENVIRONMENT,LIGHT,ROAD_SURFACE_CONDITION,TRAFFIC_CONTROL_CONDITION,NO_OF_PEDESTRIANS,X,Y,Highway,Month,categorical_TRAFFIC_CONTROL_01,categorical_TRAFFIC_CONTROL_02,categorical_TRAFFIC_CONTROL_03,categorical_TRAFFIC_CONTROL_04,categorical_TRAFFIC_CONTROL_07,categorical_TRAFFIC_CONTROL_08,categorical_TRAFFIC_CONTROL_09,categorical_TRAFFIC_CONTROL_11,categorical_ACCIDENT_LOCATION_01,categorical_ACCIDENT_LOCATION_02,categorical_ACCIDENT_LOCATION_03,categorical_ACCIDENT_LOCATION_04,categorical_ACCIDENT_LOCATION_05,categorical_ACCIDENT_LOCATION_06,categorical_ACCIDENT_LOCATION_07,categorical_Seasons_Fall,categorical_Seasons_Spring,categorical_Seasons_Summer,categorical_Seasons_Winter
2018-11-15,17:45:00,03,03,01,07,01,01,0,368802.4825,5033234.522,False,November,1,0,0,0,0,0,0,0,0,1,0,0,0,0,0,1,0,0,0
2018-11-16,18:38:00,03,03,03,07,03,,0,382186.473,5035304.397,False,November,0,0,0,0,0,0,0,0,1,0,0,0,0,0,0,1,0,0,0
2018-11-16,18:23:00,03,07,03,07,03,,0,352623.0577,5011835.283,False,November,0,0,0,0,0,0,0,0,1,0,0,0,0,0,0,1,0,0,0
2018-11-16,19:26:00,03,07,03,07,02,,0,368671.2424,5031981.228999999,False,November,0,0,0,0,0,0,0,0,1,0,0,0,0,0,0,1,0,0,0
2018-11-16,20:09:00,03,02,03,07,02,01,0,366651.6634,5029341.43,False,November,0,1,0,0,0,0,0,0,0,0,1,0,0,0,0,1,0,0,0
2018-11-16,21:25:00,03,06,03,07,03,,0,359673.0543,5025791.739,False,November,0,0,0,0,0,0,0,0,0,0,0,1,0,0,0,1,0,0,0
2018-11-16,22:27:00,03,07,03,07,03,,0,370669.9,5013984.991,False,November,0,0,0,0,0,0,0,0,1,0,0,0,0,0,0,1,0,0,0
2018-11-16,22:58:00,02,03,03,07,05,01,0,376683.8121,5028863.28,False,November,0,1,0,0,0,0,0,0,0,0,1,0,0,0,0,1,0,0,0
2018-11-16,23:25:00,03,07,03,07,04,,0,362833.7063,5006914.672,False,November,0,0,0,0,0,0,0,0,1,0,0,0,0,0,0,1,0,0,0
2018-11-17,01:37:00,02,01,01,07,02,,0,365721.7637,5012177.23,False,November,0,0,0,0,0,0,0,0,1,0,0,0,0,0,0,1,0,0,0
2018-11-17,08:50:00,03,06,03,01,04,,0,357041.0696,5019938.045,False,November,0,0,0,0,0,0,0,0,1,0,0,0,0,0,0,1,0,0,0
2018-11-17,11:29:00,02,01,03,01,03,,0,342296.3597,5017721.502,False,November,0,0,0,0,0,0,0,0,1,0,0,0,0,0,0,1,0,0,0
2018-11-17,10:04:00,03,03,03,01,03,01,0,363085.849,5024097.813999999,False,November,1,0,0,0,0,0,0,0,0,1,0,0,0,0,0,1,0,0,0
2018-11-16,14:35:00,03,03,03,01,06,01,0,379617.6541,5033274.756,False,November,1,0,0,0,0,0,0,0,0,1,0,0,0,0,0,1,0,0,0
2018-11-17,10:28:00,03,02,01,01,01,,0,369779.3887,5026394.621,False,November,0,0,0,0,0,0,0,0,0,0,0,1,0,0,0,1,0,0,0
2018-11-17,10:55:00,03,02,01,01,02,,0,370339.6495,5025942.586,False,November,0,0,0,0,0,0,0,0,0,0,0,1,0,0,0,1,0,0,0
2018-11-16,22:05:00,03,07,03,07,06,01,0,373763.7397,5025404.666,False,November,1,0,0,0,0,0,0,0,0,1,0,0,0,0,0,1,0,0,0
2018-11-17,11:54:00,03,04,01,01,01,00,0,371263.9627,5031614.498,False,November,1,0,0,0,0,0,0,0,0,1,0,0,0,0,0,1,0,0,0
2018-11-15,18:30:00,03,06,01,07,01,,0,367930.1886,5030570.693,False,November,0,0,0,0,0,0,0,0,1,0,0,0,0,0,0,1,0,0,0
2018-11-17,13:00:00,02,07,01,01,02,,1,368827.8131,5032232.093,False,November,0,0,0,0,0,0,0,0,1,0,0,0,0,0,0,1,0,0,0
2018-11-17,13:35:00,03,03,01,01,01,00,0,368373.5078,5031798.2930000005,False,November,1,0,0,0,0,0,0,0,0,1,0,0,0,0,0,1,0,0,0
2018-11-17,14:26:00,03,02,01,01,02,01,0,370292.4828,5033911.67,False,November,0,1,0,0,0,0,0,0,0,0,1,0,0,0,0,1,0,0,0
2018-11-17,14:35:00,03,04,01,01,01,01,0,364358.8261,5024890.581,False,November,1,0,0,0,0,0,0,0,0,1,0,0,0,0,0,1,0,0,0
2018-11-17,14:45:00,03,03,03,01,04,,0,372501.5909,5031482.787,True,November,0,0,0,0,0,0,0,0,1,0,0,0,0,0,0,1,0,0,0
2018-11-17,15:26:00,03,03,01,01,02,,0,364790.9277,5023881.947,False,November,0,0,0,0,0,0,0,0,1,0,0,0,0,0,0,1,0,0,0
2018-11-17,15:36:00,03,07,01,01,06,,0,392529.8197,5039703.25,False,November,0,0,0,0,0,0,0,0,1,0,0,0,0,0,0,1,0,0,0
2018-11-17,15:44:00,03,03,01,01,01,01,0,372823.98600000003,5024807.752,False,November,1,0,0,0,0,0,0,0,0,1,0,0,0,0,0,1,0,0,0
2018-11-17,14:50:00,03,03,01,01,02,01,0,384428.3389,5035022.308,False,November,1,0,0,0,0,0,0,0,0,1,0,0,0,0,0,1,0,0,0
2018-11-17,16:18:00,03,03,01,01,01,01,0,349558.3426,5014878.745,False,November,1,0,0,0,0,0,0,0,0,1,0,0,0,0,0,1,0,0,0
2018-11-17,16:23:00,03,03,01,05,01,01,0,364737.3623,5024005.5430000005,False,November,1,0,0,0,0,0,0,0,0,1,0,0,0,0,0,1,0,0,0
2018-11-17,16:29:00,03,03,01,05,02,01,0,367922.6633,5028091.49,False,November,1,0,0,0,0,0,0,0,0,1,0,0,0,0,0,1,0,0,0
2018-11-17,17:13:00,03,05,01,05,02,01,0,370432.532,5029081.603999999,False,November,1,0,0,0,0,0,0,0,0,0,1,0,0,0,0,1,0,0,0
2018-11-17,17:25:00,03,05,01,07,02,01,0,349558.3232,5014878.699,False,November,1,0,0,0,0,0,0,0,0,0,1,0,0,0,0,1,0,0,0
2018-11-17,17:40:00,03,04,01,07,02,01,0,368511.8093,5032413.589,False,November,1,0,0,0,0,0,0,0,0,1,0,0,0,0,0,1,0,0,0
2018-11-17,18:58:00,03,07,01,07,01,,0,384720.6365,5013105.38,False,November,0,0,0,0,0,0,0,0,1,0,0,0,0,0,0,1,0,0,0
2018-11-17,19:01:00,03,03,01,07,01,,0,371110.9535,5023758.271000001,False,November,0,0,0,0,0,0,0,0,1,0,0,0,0,0,0,1,0,0,0
2018-11-17,20:00:00,03,03,01,07,02,01,0,371946.7069,5024129.593,False,November,1,0,0,0,0,0,0,0,0,1,0,0,0,0,0,1,0,0,0
2018-11-17,21:02:00,03,03,01,07,01,01,0,363419.5825,5021826.663,False,November,1,0,0,0,0,0,0,0,0,1,0,0,0,0,0,1,0,0,0
2018-11-17,22:00:00,03,03,01,07,02,,0,359098.8402,5023832.462,False,November,0,0,0,0,0,0,0,0,0,0,0,1,0,0,0,1,0,0,0
2018-11-17,22:39:00,03,02,01,07,02,01,0,371608.8244,5024096.586,False,November,1,0,0,0,0,0,0,0,0,0,1,0,0,0,0,1,0,0,0
2018-11-17,23:53:00,03,07,03,07,02,01,0,364275.7927,5027493.358,False,November,1,0,0,0,0,0,0,0,0,0,1,0,0,0,0,1,0,0,0
2018-11-18,01:10:00,03,06,01,07,01,,0,369253.3697,5031375.829,False,November,0,0,0,0,0,0,0,0,1,0,0,0,0,0,0,1,0,0,0
2018-11-18,01:25:00,03,07,01,07,01,,0,354953.2943,5019181.135,False,November,0,0,0,0,0,0,0,0,1,0,0,0,0,0,0,1,0,0,0
2018-11-18,07:28:00,02,01,01,01,02,01,0,368849.4777,5031852.545,False,November,1,0,0,0,0,0,0,0,0,0,1,0,0,0,0,1,0,0,0
2018-11-18,10:23:00,03,02,01,01,01,01,0,365285.2559,5011656.8610000005,False,November,0,1,0,0,0,0,0,0,0,0,1,0,0,0,0,1,0,0,0
2018-11-18,11:00:00,03,04,01,01,01,01,0,368184.8317,5030485.909,False,November,1,0,0,0,0,0,0,0,0,1,0,0,0,0,0,1,0,0,0
2018-11-18,13:00:00,03,03,01,01,01,01,0,368291.6306,5032753.65,False,November,1,0,0,0,0,0,0,0,0,1,0,0,0,0,0,1,0,0,0
2018-11-17,,03,06,01,00,01,,0,374105.955,5019299.8889999995,False,November,0,0,0,0,0,0,0,0,1,0,0,0,0,0,0,1,0,0,0
2018-11-18,15:33:00,02,02,01,01,02,01,0,364391.4737,5026880.606000001,False,November,0,1,0,0,0,0,0,0,0,0,1,0,0,0,0,1,0,0,0
2018-11-18,15:35:00,03,04,01,01,03,00,0,364061.5788,5028822.526000001,False,November,0,1,0,0,0,0,0,0,0,1,0,0,0,0,0,1,0,0,0
2018-11-18,14:00:00,03,03,01,01,06,00,0,349902.62299999996,5013759.388,False,November,0,1,0,0,0,0,0,0,0,0,1,0,0,0,0,1,0,0,0
2018-11-18,16:48:00,03,05,01,05,01,01,0,363056.4647,5022730.723,False,November,1,0,0,0,0,0,0,0,0,0,1,0,0,0,0,1,0,0,0
2018-11-16,19:00:00,03,03,03,07,04,01,0,379791.8164,5033781.422,False,November,1,0,0,0,0,0,0,0,0,1,0,0,0,0,0,1,0,0,0
2018-11-18,17:11:00,03,04,01,07,01,01,0,368157.8177,5032315.605,False,November,1,0,0,0,0,0,0,0,0,1,0,0,0,0,0,1,0,0,0
2018-11-18,17:24:00,03,07,01,07,01,,0,378750.0721,5023707.993,False,November,0,0,0,0,0,0,0,0,1,0,0,0,0,0,0,1,0,0,0
2018-11-18,18:11:00,02,05,01,07,01,01,0,380028.5788,5038105.327,False,November,1,0,0,0,0,0,0,0,0,0,1,0,0,0,0,1,0,0,0
2018-11-18,18:30:00,03,03,01,07,01,01,0,364949.4987,5029726.643,False,November,1,0,0,0,0,0,0,0,0,1,0,0,0,0,0,1,0,0,0
2018-11-18,18:55:00,03,07,01,07,01,,0,345807.7084,5005767.32,False,November,0,0,0,0,0,0,0,0,1,0,0,0,0,0,0,1,0,0,0
2018-11-18,20:47:00,03,05,01,07,01,01,0,368970.8466,5030632.636,False,November,1,0,0,0,0,0,0,0,0,0,1,0,0,0,0,1,0,0,0
2018-11-19,04:51:00,03,07,03,07,03,,0,370933.8244,5023891.933,False,November,0,0,0,0,0,0,0,0,1,0,0,0,0,0,0,1,0,0,0
2018-11-19,07:19:00,02,03,01,01,02,,0,367189.3186,5014852.414,False,November,0,0,0,0,0,0,0,0,1,0,0,0,0,0,0,1,0,0,0
2018-11-13,,03,06,03,00,02,,0,366400.9178,5029816.52,False,November,0,0,0,0,0,0,0,0,1,0,0,0,0,0,0,1,0,0,0
2018-10-30,17:16:00,02,05,01,01,01,01,0,371033.7697,5026354.683999999,False,October,1,0,0,0,0,0,0,0,0,0,1,0,0,0,0,1,0,0,0
2018-11-19,09:16:00,02,03,01,01,02,,0,371703.282,5032853.734,False,November,0,0,0,0,0,0,0,0,1,0,0,0,0,0,0,1,0,0,0
2018-11-02,07:27:00,03,03,01,03,02,01,0,373364.6362,5029424.623,False,November,1,0,0,0,0,0,0,0,0,1,0,0,0,0,0,1,0,0,0
2018-11-09,21:07:00,02,05,03,07,03,01,0,368396.7152,5015011.506,False,November,1,0,0,0,0,0,0,0,0,0,1,0,0,0,0,1,0,0,0
2018-11-07,15:57:00,03,03,01,01,02,01,0,375047.7252,5031119.563999999,False,November,1,0,0,0,0,0,0,0,0,1,0,0,0,0,0,1,0,0,0
2018-11-19,07:45:00,03,03,01,01,02,,0,368415.9884,5027186.197,False,November,0,0,0,0,0,0,0,0,0,1,0,0,0,0,0,1,0,0,0
2018-10-30,17:21:00,03,04,01,05,01,01,0,359501.6562,5014636.413,False,October,1,0,0,0,0,0,0,0,0,1,0,0,0,0,0,1,0,0,0
2018-11-05,14:03:00,03,05,02,01,02,01,0,395330.8766,5022984.438999999,True,November,0,1,0,0,0,0,0,0,0,0,1,0,0,0,0,1,0,0,0
2018-11-20,19:48:00,03,07,01,07,02,,0,355428.0753,5019465.467,False,November,0,0,0,0,0,0,0,0,1,0,0,0,0,0,0,1,0,0,0
2018-11-06,07:15:00,03,03,01,03,01,01,0,368036.804,5021945.279,False,November,1,0,0,0,0,0,0,0,0,1,0,0,0,0,0,1,0,0,0
2018-11-02,06:25:00,03,07,02,07,02,01,0,366889.7,5029270.556,False,November,0,1,0,0,0,0,0,0,0,1,0,0,0,0,0,1,0,0,0
2018-11-09,21:20:00,03,03,03,07,02,01,0,366873.4988,5026438.565,False,November,1,0,0,0,0,0,0,0,0,1,0,0,0,0,0,1,0,0,0
2018-11-12,11:30:00,03,03,01,01,01,01,0,368291.4103,5032753.725,False,November,1,0,0,0,0,0,0,0,0,1,0,0,0,0,0,1,0,0,0
2018-11-20,00:10:00,03,06,03,07,03,,0,368271.98,5032527.108,False,November,0,0,0,0,0,0,0,0,1,0,0,0,0,0,0,1,0,0,0
2018-11-11,18:30:00,03,04,01,07,01,,0,368166.4983,5022013.29,False,November,0,0,0,0,0,0,0,0,1,0,0,0,0,0,0,1,0,0,0
2018-11-05,14:04:00,03,02,01,01,01,01,0,357393.649,5019689.471,False,November,0,1,0,0,0,0,0,0,0,0,1,0,0,0,0,1,0,0,0
2018-11-09,22:05:00,02,07,03,07,03,,0,377552.0348,5016405.73,False,November,0,0,0,0,0,0,0,0,1,0,0,0,0,0,0,1,0,0,0
2018-11-02,07:30:00,03,07,02,01,02,,0,338002.8852,5017853.885,False,November,0,0,0,0,0,0,0,0,1,0,0,0,0,0,0,1,0,0,0
2018-10-30,17:38:00,03,03,01,01,01,,0,367363.7496,5021405.841,False,October,0,0,0,0,0,0,0,0,1,0,0,0,0,0,0,1,0,0,0
2018-11-07,16:20:00,03,03,01,05,02,01,0,374908.5338,5028602.587,False,November,1,0,0,0,0,0,0,0,0,1,0,0,0,0,0,1,0,0,0
2018-11-19,09:42:00,02,02,01,01,01,01,0,358234.7416,5023497.469,False,November,1,0,0,0,0,0,0,0,0,0,1,0,0,0,0,1,0,0,0
2018-11-07,16:31:00,03,03,02,05,02,01,0,363763.4531,5021067.391,False,November,1,0,0,0,0,0,0,0,0,1,0,0,0,0,0,1,0,0,0
2018-11-14,16:34:00,03,05,01,05,01,01,0,366814.7908,5031351.308,False,November,1,0,0,0,0,0,0,0,0,0,1,0,0,0,0,1,0,0,0
2018-11-05,14:36:00,03,03,02,01,02,01,0,364358.703,5024890.513,False,November,1,0,0,0,0,0,0,0,0,1,0,0,0,0,0,1,0,0,0
2018-11-20,20:30:00,03,03,01,07,04,01,0,369178.8727,5031334.857,False,November,1,0,0,0,0,0,0,0,0,1,0,0,0,0,0,1,0,0,0
2018-11-09,22:19:00,03,04,02,07,02,01,0,368511.6921,5032413.666,False,November,1,0,0,0,0,0,0,0,0,1,0,0,0,0,0,1,0,0,0
2018-10-30,17:43:00,03,02,01,01,01,01,0,366855.7006,5029922.569,False,October,0,1,0,0,0,0,0,0,0,0,1,0,0,0,0,1,0,0,0
2018-11-02,07:47:00,02,03,02,01,02,01,0,366428.6931,5030626.567,False,November,1,0,0,0,0,0,0,0,0,1,0,0,0,0,0,1,0,0,0
2018-11-16,18:00:00,03,07,03,07,04,,0,351235.7415,5015739.647,False,November,0,0,0,0,0,0,0,0,1,0,0,0,0,0,0,1,0,0,0
2018-11-12,13:22:00,02,02,01,01,01,,0,357282.0611,5020581.143,False,November,0,0,0,0,0,0,0,0,0,0,0,1,0,0,0,1,0,0,0
2018-11-07,16:54:00,02,03,01,07,01,,0,365020.7115,5017866.005,False,November,0,0,0,0,0,0,0,0,0,0,0,0,1,0,0,1,0,0,0
2018-11-14,15:10:00,03,02,01,01,01,,0,368066.7588,5030653.996,False,November,0,0,0,0,0,0,0,0,0,0,0,1,0,0,0,1,0,0,0
2018-10-31,16:50:00,03,05,01,01,01,01,0,367261.7078,5031252.587,False,October,1,0,0,0,0,0,0,0,0,0,1,0,0,0,0,1,0,0,0
2018-11-20,21:00:00,03,03,03,07,02,01,0,368529.3633,5029086.415,False,November,1,0,0,0,0,0,0,0,0,1,0,0,0,0,0,1,0,0,0
2018-11-09,22:53:00,03,07,03,07,04,,0,377799.6386,5000964.482,False,November,0,0,0,0,0,0,0,0,1,0,0,0,0,0,0,1,0,0,0
2018-11-20,21:03:00,03,07,01,07,01,,0,366858.4322,5001601.781,False,November,0,0,0,0,0,0,0,0,1,0,0,0,0,0,0,1,0,0,0
2018-10-30,17:53:00,02,03,01,05,01,,0,366294.1389,5026109.117,False,October,0,0,0,0,0,0,0,0,1,0,0,0,0,0,0,1,0,0,0
2018-11-02,07:55:00,02,05,02,01,02,,0,372068.8701,5024142.323,False,November,0,0,0,0,0,0,0,0,0,0,0,1,0,0,0,1,0,0,0
2018-11-05,14:52:00,02,03,01,01,01,01,0,364521.4872,5024507.933999999,False,November,1,0,0,0,0,0,0,0,0,1,0,0,0,0,0,1,0,0,0
2018-11-12,13:36:00,02,03,03,01,03,,0,375201.4571,5028887.645,False,November,0,0,0,0,0,0,0,0,1,0,0,0,0,0,0,1,0,0,0
2018-11-07,17:07:00,02,05,01,07,02,01,0,350901.8066,5011480.048,False,November,0,1,0,0,0,0,0,0,0,0,1,0,0,0,0,1,0,0,0
2018-11-19,10:15:00,03,02,01,01,02,01,0,365452.9542,5029674.748,False,November,0,1,0,0,0,0,0,0,0,0,1,0,0,0,0,1,0,0,0
2018-11-13,17:15:00,03,03,02,05,02,01,0,375507.7483,5026406.532,False,November,1,0,0,0,0,0,0,0,0,1,0,0,0,0,0,1,0,0,0
2018-11-09,23:02:00,03,07,03,07,03,01,0,352212.6695,5015106.84,False,November,0,0,0,0,0,0,0,1,0,0,1,0,0,0,0,1,0,0,0
2018-11-20,21:43:00,03,05,03,07,05,,0,349532.5052,5019350.205,False,November,0,0,0,0,0,0,0,0,0,0,0,1,0,0,0,1,0,0,0
2018-11-21,00:09:00,03,02,03,07,06,,0,363573.5641,5026523.681,False,November,0,0,0,0,0,0,0,0,0,0,1,0,0,0,0,1,0,0,0
2018-11-21,01:53:00,03,07,01,07,06,,0,352312.1109,5021536.255,False,November,0,0,0,0,0,0,0,0,1,0,0,0,0,0,0,1,0,0,0
2018-11-21,07:19:00,02,05,03,03,03,,0,361871.2723,5019603.258,False,November,0,0,0,0,0,0,0,0,1,0,0,0,0,0,0,1,0,0,0
2018-11-20,08:30:00,03,06,03,01,05,,0,381541.8135,5032073.069,False,November,0,0,0,0,0,0,0,0,1,0,0,0,0,0,0,1,0,0,0
2018-11-21,07:05:00,03,03,03,03,04,00,0,362888.6579,5023126.875,False,November,0,1,0,0,0,0,0,0,0,1,0,0,0,0,0,1,0,0,0
2018-11-21,08:15:00,03,05,05,01,04,,0,367160.8141,5023967.09,False,November,0,0,0,0,0,0,0,0,0,0,0,1,0,0,0,1,0,0,0
2018-11-21,08:20:00,03,02,01,01,02,,0,364214.4295,5015843.039,False,November,0,0,0,0,0,0,0,0,0,0,0,1,0,0,0,1,0,0,0
2018-11-21,08:27:00,02,05,03,01,02,,0,379932.5577,5026247.825,True,November,0,0,0,0,0,0,0,0,1,0,0,0,0,0,0,1,0,0,0
2018-11-21,08:15:00,03,03,01,01,02,,0,367443.1759,5031365.782,False,November,0,0,0,0,0,0,0,0,1,0,0,0,0,0,0,1,0,0,0
2018-11-21,08:44:00,03,04,03,01,04,01,0,366814.893,5031351.516,False,November,1,0,0,0,0,0,0,0,0,1,0,0,0,0,0,1,0,0,0
2018-11-21,09:21:00,03,01,03,01,05,,0,380455.1284,5034168.472,False,November,0,0,0,0,0,0,0,0,1,0,0,0,0,0,0,1,0,0,0
2018-11-21,09:26:00,03,04,01,01,03,,0,371907.9564,5031912.965,False,November,0,0,0,0,0,0,0,0,1,0,0,0,0,0,0,1,0,0,0
2018-11-21,09:34:00,03,05,01,01,02,01,0,363933.6515,5014784.412,False,November,1,0,0,0,0,0,0,0,0,0,1,0,0,0,0,1,0,0,0
2018-11-20,12:40:00,03,04,03,01,03,01,0,367851.0144,5031711.412,False,November,1,0,0,0,0,0,0,0,0,1,0,0,0,0,0,1,0,0,0
2018-11-21,08:00:00,03,02,03,01,02,01,0,368800.881,5033716.581,False,November,0,1,0,0,0,0,0,0,0,0,1,0,0,0,0,1,0,0,0
2018-11-21,10:39:00,03,02,01,01,02,01,0,369225.5289,5027983.392,False,November,1,0,0,0,0,0,0,0,0,0,1,0,0,0,0,1,0,0,0
2018-11-21,10:57:00,02,05,01,01,02,01,0,371933.9398,5029226.3780000005,False,November,1,0,0,0,0,0,0,0,0,0,1,0,0,0,0,1,0,0,0
2018-11-21,11:01:00,02,02,01,01,02,01,0,366575.0795,5025045.518,False,November,1,0,0,0,0,0,0,0,0,0,1,0,0,0,0,1,0,0,0
2018-11-21,11:11:00,03,07,01,01,01,,0,364743.3655,5029599.202,False,November,0,0,0,0,0,0,0,0,1,0,0,0,0,0,0,1,0,0,0
2018-11-21,11:37:00,02,03,03,01,06,,0,368782.08,5027563.222,False,November,0,0,0,0,0,0,0,0,1,0,0,0,0,0,0,1,0,0,0
2018-11-21,10:00:00,03,0,03,01,02,01,0,356395.4448,5020053.6680000005,False,November,1,0,0,0,0,0,0,0,0,1,0,0,0,0,0,1,0,0,0
2018-11-21,12:32:00,03,06,01,01,01,,0,363996.1854,5028780.703,False,November,0,0,0,0,0,0,0,0,1,0,0,0,0,0,0,1,0,0,0
2018-11-21,12:40:00,03,03,01,01,02,01,0,370684.6917,5030592.728999999,False,November,1,0,0,0,0,0,0,0,0,1,0,0,0,0,0,1,0,0,0
2018-11-21,12:53:00,03,04,01,01,01,,0,368205.1638,5027590.505,False,November,0,0,0,0,0,0,0,0,1,0,0,0,0,0,0,1,0,0,0
2018-11-21,12:55:00,02,03,01,01,02,,0,373240.0345,5029685.71,False,November,0,0,0,0,0,0,0,0,1,0,0,0,0,0,0,1,0,0,0
2018-11-21,12:50:00,03,02,03,01,03,01,0,368000.6623,5032573.608,False,November,1,0,0,0,0,0,0,0,0,1,0,0,0,0,0,1,0,0,0
2018-11-21,13:45:00,03,02,03,01,02,01,0,370337.8066,5025947.772,False,November,1,0,0,0,0,0,0,0,0,0,1,0,0,0,0,1,0,0,0
2018-11-14,16:45:00,03,03,01,05,01,01,0,350942.73299999995,5016079.574,False,November,1,0,0,0,0,0,0,0,0,1,0,0,0,0,0,1,0,0,0
2018-11-21,13:55:00,03,04,02,01,02,,0,364560.1254,5024417.995,False,November,0,0,0,0,0,0,0,0,1,0,0,0,0,0,0,1,0,0,0
2018-11-21,14:00:00,03,05,01,01,03,01,0,368164.7967,5031198.567,False,November,1,0,0,0,0,0,0,0,0,0,1,0,0,0,0,1,0,0,0
2018-11-21,14:32:00,02,02,01,01,01,,0,370571.3719,5025432.476,False,November,0,0,0,0,0,0,0,0,0,0,0,1,0,0,0,1,0,0,0
2018-11-21,14:43:00,03,02,01,01,01,,0,371462.0405,5032682.119,False,November,0,0,0,0,0,0,0,0,1,0,0,0,0,0,0,1,0,0,0
2018-11-21,15:10:00,03,04,01,01,04,01,0,358757.8359,5022868.808,True,November,1,0,0,0,0,0,0,0,0,1,0,0,0,0,0,1,0,0,0
2018-11-21,15:23:00,03,03,01,01,03,,0,360816.1606,5025145.552,False,November,0,0,0,0,0,0,0,0,1,0,0,0,0,0,0,1,0,0,0
2018-11-21,16:10:00,03,05,01,01,05,01,0,372748.446,5032170.626,False,November,1,0,0,0,0,0,0,0,0,0,1,0,0,0,0,1,0,0,0
2018-11-21,16:51:00,03,05,03,05,05,01,0,370686.6966,5033406.798,False,November,1,0,0,0,0,0,0,0,0,0,1,0,0,0,0,1,0,0,0
2018-11-21,17:00:00,02,03,01,05,01,,0,368111.8419,5026751.778,False,November,0,0,0,0,0,0,0,0,1,0,0,0,0,0,0,1,0,0,0
2018-11-20,23:15:00,03,03,03,07,03,01,0,376683.7106,5028863.768999999,False,November,0,1,0,0,0,0,0,0,0,1,0,0,0,0,0,1,0,0,0
2018-11-21,17:08:00,02,03,01,07,06,01,0,348804.2832,5014360.279,False,November,1,0,0,0,0,0,0,0,0,1,0,0,0,0,0,1,0,0,0
2018-11-21,17:26:00,02,03,01,07,06,,0,376935.0379,5022953.768999999,False,November,0,0,0,0,0,0,0,0,1,0,0,0,0,0,0,1,0,0,0
2018-11-21,17:47:00,03,04,03,07,04,,0,369108.8054,5026118.799,False,November,0,0,0,0,0,0,0,0,1,0,0,0,0,0,0,1,0,0,0
2018-11-21,17:55:00,03,05,03,07,04,01,0,368248.6029,5032823.683999999,False,November,1,0,0,0,0,0,0,0,0,0,1,0,0,0,0,1,0,0,0
2018-11-16,08:20:00,03,0,03,01,02,01,0,365085.1414,5017903.379,False,November,1,0,0,0,0,0,0,0,0,1,0,0,0,0,0,1,0,0,0
2018-11-21,18:59:00,03,03,05,07,03,01,0,359233.8058,5023509.587,False,November,1,0,0,0,0,0,0,0,0,1,0,0,0,0,0,1,0,0,0
2018-11-21,19:11:00,03,03,01,07,06,,0,379760.5009,5033665.945,False,November,0,0,0,0,0,0,0,0,1,0,0,0,0,0,0,1,0,0,0
2018-11-21,19:28:00,03,04,01,07,01,,0,371541.4567,5024131.951,False,November,0,0,0,0,0,0,0,0,1,0,0,0,0,0,0,1,0,0,0
2018-11-21,11:00:00,03,02,01,01,02,00,0,368240.7055,5010048.467,False,November,0,1,0,0,0,0,0,0,0,0,1,0,0,0,0,1,0,0,0
2018-11-21,21:23:00,03,04,01,07,01,01,0,368393.85,5030486.665,False,November,1,0,0,0,0,0,0,0,0,1,0,0,0,0,0,1,0,0,0
2018-11-21,23:29:00,03,04,01,07,01,,0,367862.0315,5032301.086,False,November,0,0,0,0,0,0,0,0,1,0,0,0,0,0,0,1,0,0,0
2018-11-22,05:23:00,03,07,01,07,01,,0,382841.4786,5012323.028,False,November,0,0,0,0,0,0,0,0,1,0,0,0,0,0,0,1,0,0,0
2018-11-22,06:52:00,03,03,01,03,01,,0,380243.3823,5034166.842,False,November,0,0,0,0,0,0,0,0,1,0,0,0,0,0,0,1,0,0,0
2018-11-22,06:51:00,03,04,01,03,01,,0,377346.4473,5032156.614,False,November,0,0,0,0,0,0,0,0,1,0,0,0,0,0,0,1,0,0,0
2018-11-22,06:53:00,03,07,01,03,06,,0,331090.0971,5037843.5030000005,False,November,0,0,0,0,0,0,0,0,1,0,0,0,0,0,0,1,0,0,0
2018-11-22,07:47:00,02,07,01,01,03,,0,351985.1157,5013201.891,False,November,0,0,0,0,0,0,0,0,1,0,0,0,0,0,0,1,0,0,0
2018-11-22,07:50:00,03,03,01,01,06,01,0,360554.5796,5022893.657,False,November,1,0,0,0,0,0,0,0,0,1,0,0,0,0,0,1,0,0,0
2018-11-22,07:18:00,03,01,01,01,01,,0,347485.2049,5005316.676,False,November,0,0,0,0,0,0,0,0,1,0,0,0,0,0,0,1,0,0,0
2018-11-22,08:19:00,03,02,01,01,02,01,0,381414.0787,5037940.267,False,November,1,0,0,0,0,0,0,0,0,0,1,0,0,0,0,1,0,0,0