DATE,TIME,CLASS_OF_ACCIDENT,IMPACT_TYPE,ENVIRONMENT,LIGHT,ROAD_SURFACE_CONDITION,TRAFFIC_CONTROL_CONDITION,NO_OF_PEDESTRIANS,X,Y,Highway,Month,categorical_TRAFFIC_CONTROL_01,categorical_TRAFFIC_CONTROL_02,categorical_TRAFFIC_CONTROL_03,categorical_TRAFFIC_CONTROL_04,categorical_TRAFFIC_CONTROL_07,categorical_TRAFFIC_CONTROL_08,categorical_TRAFFIC_CONTROL_09,categorical_TRAFFIC_CONTROL_11,categorical_ACCIDENT_LOCATION_01,categorical_ACCIDENT_LOCATION_02,categorical_ACCIDENT_LOCATION_03,categorical_ACCIDENT_LOCATION_04,categorical_ACCIDENT_LOCATION_05,categorical_ACCIDENT_LOCATION_06,categorical_ACCIDENT_LOCATION_07,categorical_Seasons_Fall,categorical_Seasons_Spring,categorical_Seasons_Summer,categorical_Seasons_Winter
2018-11-22,08:29:00,02,03,01,01,01,01,0,367922.6236,5028091.295,False,November,1,0,0,0,0,0,0,0,0,1,0,0,0,0,0,1,0,0,0
2018-11-22,08:30:00,03,03,01,01,02,,0,366504.8026,5025216.2530000005,False,November,0,0,0,0,0,0,0,0,1,0,0,0,0,0,0,1,0,0,0
2018-11-22,08:32:00,03,02,01,01,05,01,0,349389.448,5023672.319,False,November,0,1,0,0,0,0,0,0,0,0,1,0,0,0,0,1,0,0,0
2018-11-22,08:35:00,02,03,01,01,06,01,0,373569.7221,5029260.655,False,November,1,0,0,0,0,0,0,0,0,1,0,0,0,0,0,1,0,0,0
2018-11-22,03:30:00,03,07,02,07,03,,0,346082.261,5006010.9180000005,False,November,0,0,0,0,0,0,0,0,1,0,0,0,0,0,0,1,0,0,0
2018-11-22,09:12:00,03,04,01,01,01,,0,371480.0745,5021425.239,False,November,0,0,0,0,0,0,0,0,0,0,0,1,0,0,0,1,0,0,0
2018-11-22,09:17:00,03,02,01,01,04,01,0,373543.7993,5023751.525,False,November,0,1,0,0,0,0,0,0,0,0,1,0,0,0,0,1,0,0,0
2018-11-22,09:33:00,03,03,01,01,01,,0,357280.9037,5007245.455,False,November,0,0,0,0,0,0,0,0,1,0,0,0,0,0,0,1,0,0,0
2018-11-22,09:35:00,03,05,01,01,02,01,0,363933.5614,5014784.686000001,False,November,1,0,0,0,0,0,0,0,0,0,1,0,0,0,0,1,0,0,0
2018-11-22,09:41:00,03,03,01,01,01,01,0,382637.5378,5035567.626,False,November,1,0,0,0,0,0,0,0,0,1,0,0,0,0,0,1,0,0,0
2018-11-22,10:13:00,03,03,01,01,01,,0,363802.4211,5015309.246,False,November,0,0,0,0,0,0,0,0,0,0,0,1,0,0,0,1,0,0,0
2018-11-22,10:00:00,03,04,01,01,01,,0,368923.7944,5031380.806,True,November,0,0,0,0,0,0,0,0,1,0,0,0,0,0,0,1,0,0,0
2018-11-22,10:27:00,03,02,01,01,01,01,0,365571.604,5029956.42,False,November,0,1,0,0,0,0,0,0,0,0,1,0,0,0,0,1,0,0,0
2018-11-22,10:30:00,03,03,01,01,02,01,0,364737.3515,5024005.603999999,False,November,1,0,0,0,0,0,0,0,0,1,0,0,0,0,0,1,0,0,0
2018-11-21,,03,06,01,00,05,,0,369275.5939,5033508.571,False,November,0,0,0,0,0,0,0,0,1,0,0,0,0,0,0,1,0,0,0
2018-11-19,20:00:00,03,04,03,07,02,01,0,368042.6531,5032503.659,False,November,1,0,0,0,0,0,0,0,0,0,1,0,0,0,0,1,0,0,0
2018-11-22,11:15:00,03,03,01,01,01,01,0,372903.7302,5027463.719,False,November,1,0,0,0,0,0,0,0,0,1,0,0,0,0,0,1,0,0,0
2018-11-22,11:30:00,03,03,01,01,01,01,0,371291.614,5023864.664,False,November,1,0,0,0,0,0,0,0,0,1,0,0,0,0,0,1,0,0,0
2018-11-22,11:39:00,03,04,01,01,01,,0,371513.3926,5033890.482,False,November,0,0,0,0,0,0,0,0,1,0,0,0,0,0,0,1,0,0,0
2018-11-22,11:43:00,03,03,01,01,06,01,0,368739.6669,5032034.511,False,November,1,0,0,0,0,0,0,0,0,1,0,0,0,0,0,1,0,0,0
2018-11-22,00:11:00,03,03,01,07,01,01,0,368511.8285,5032413.48,False,November,1,0,0,0,0,0,0,0,0,1,0,0,0,0,0,1,0,0,0
2018-11-22,11:49:00,03,03,01,01,01,01,0,375507.7801,5026406.529,False,November,1,0,0,0,0,0,0,0,0,1,0,0,0,0,0,1,0,0,0
2018-11-22,11:00:00,03,02,01,01,01,01,0,363383.7304,5026747.672,False,November,0,1,0,0,0,0,0,0,0,1,0,0,0,0,0,1,0,0,0
2018-11-22,12:15:00,03,02,01,01,05,,0,371811.36799999996,5030518.63,False,November,0,0,0,0,0,0,0,0,0,0,0,1,0,0,0,1,0,0,0
2018-11-20,,03,06,03,00,05,,0,374248.2666,5029677.068,False,November,0,0,0,0,0,0,0,0,1,0,0,0,0,0,0,1,0,0,0
2018-11-22,12:31:00,03,03,01,01,06,00,0,379455.8065,5036917.65,False,November,1,0,0,0,0,0,0,0,0,1,0,0,0,0,0,1,0,0,0
2018-11-22,12:37:00,03,04,01,01,01,01,0,368206.7378,5032227.649,False,November,1,0,0,0,0,0,0,0,0,1,0,0,0,0,0,1,0,0,0
2018-11-22,12:36:00,03,02,01,01,02,01,0,368252.8167,5031054.916,False,November,1,0,0,0,0,0,0,0,0,0,1,0,0,0,0,1,0,0,0
2018-11-22,12:42:00,03,03,01,01,01,01,0,365519.1445,5030071.453,False,November,1,0,0,0,0,0,0,0,0,1,0,0,0,0,0,1,0,0,0
2018-11-22,08:30:00,03,03,01,01,03,,0,348858.094,5022466.772,False,November,0,0,0,0,0,0,0,0,1,0,0,0,0,0,0,1,0,0,0
2018-11-22,13:20:00,03,07,01,01,01,01,0,369127.8224,5033487.187,False,November,1,0,0,0,0,0,0,0,0,0,1,0,0,0,0,1,0,0,0
2018-11-22,13:48:00,02,02,01,01,01,01,0,371673.705,5012108.54,False,November,1,0,0,0,0,0,0,0,0,0,1,0,0,0,0,1,0,0,0
2018-11-22,13:45:00,03,05,01,01,01,02,0,332996.5077,5013490.686000001,False,November,0,1,0,0,0,0,0,0,0,0,1,0,0,0,0,1,0,0,0
2018-11-22,07:15:00,03,04,01,01,01,01,0,368036.5237,5021945.478999999,False,November,1,0,0,0,0,0,0,0,0,1,0,0,0,0,0,1,0,0,0
2018-11-22,14:07:00,03,04,01,01,03,,0,365191.976,5024904.466,False,November,0,0,0,0,0,0,0,0,1,0,0,0,0,0,0,1,0,0,0
2018-11-22,14:00:00,03,04,01,01,02,01,0,361934.6841,5025830.528,False,November,1,0,0,0,0,0,0,0,0,1,0,0,0,0,0,1,0,0,0
2018-11-02,08:15:00,03,02,02,01,02,01,0,368600.715,5025585.53,False,November,0,1,0,0,0,0,0,0,0,0,1,0,0,0,0,1,0,0,0
2018-11-07,17:11:00,03,03,01,07,01,01,0,360597.655,5022584.438,False,November,1,0,0,0,0,0,0,0,0,1,0,0,0,0,0,1,0,0,0
2018-10-30,18:34:00,03,03,01,07,01,00,0,371197.6162,5023807.443,False,October,0,1,0,0,0,0,0,0,0,1,0,0,0,0,0,1,0,0,0
2018-11-14,17:02:00,03,05,01,07,02,01,0,367139.7596,5011811.415,False,November,0,1,0,0,0,0,0,0,0,0,1,0,0,0,0,1,0,0,0
2018-11-09,23:17:00,03,07,03,07,03,,0,352441.2629,5012809.233,False,November,0,0,0,0,0,0,0,0,1,0,0,0,0,0,0,1,0,0,0
2018-11-19,10:10:00,03,04,01,01,02,01,0,368128.5601,5032748.71,False,November,1,0,0,0,0,0,0,0,0,1,0,0,0,0,0,1,0,0,0
2018-11-05,15:45:00,03,02,01,01,01,01,0,364754.6951,5030178.567,False,November,0,1,0,0,0,0,0,0,0,1,0,0,0,0,0,1,0,0,0
2018-11-05,16:59:00,03,03,01,05,02,,0,365192.8523,5017645.636,False,November,0,0,0,0,0,0,0,0,1,0,0,0,0,0,0,1,0,0,0
2018-11-12,13:00:00,03,02,01,01,01,,0,372919.49700000003,5034048.275,False,November,0,0,0,0,0,0,0,0,1,0,0,0,0,0,0,1,0,0,0
2018-11-01,,03,06,02,00,02,,0,385190.2657,5035247.606000001,False,November,0,0,0,0,0,0,0,0,0,0,0,1,0,0,0,1,0,0,0
2018-11-12,07:35:00,03,02,03,01,06,,0,370282.9139,5023464.603999999,False,November,0,0,0,0,0,0,0,0,0,0,0,1,0,0,0,1,0,0,0
2018-10-30,18:30:00,03,03,01,07,02,01,0,371291.7288,5023864.504,False,October,1,0,0,0,0,0,0,0,0,1,0,0,0,0,0,1,0,0,0
2018-11-05,16:59:00,03,03,02,07,02,01,0,371332.7312,5023890.506,False,November,0,1,0,0,0,0,0,0,0,1,0,0,0,0,0,1,0,0,0
2018-11-14,17:31:00,03,03,01,07,01,,0,376429.7676,5034895.3319999995,False,November,0,0,0,0,0,0,0,0,1,0,0,0,0,0,0,1,0,0,0
2018-11-07,17:39:00,02,04,01,07,01,,0,369937.4566,5029120.555,False,November,0,0,0,0,0,0,0,0,1,0,0,0,0,0,0,1,0,0,0
2018-11-09,22:45:00,02,07,03,07,02,01,1,372730.7842,5029659.594,False,November,1,0,0,0,0,0,0,0,0,1,0,0,0,0,0,1,0,0,0
2018-11-19,10:34:00,02,03,01,01,02,00,0,350500.4392,5016458.374,False,November,0,0,0,0,0,0,0,1,0,0,1,0,0,0,0,1,0,0,0
2018-11-09,23:32:00,03,02,03,07,02,01,0,367558.7438,5029824.665,False,November,1,0,0,0,0,0,0,0,0,0,1,0,0,0,0,1,0,0,0
2018-11-02,08:42:00,02,02,02,01,02,01,0,368006.7035,5030345.57,False,November,0,1,0,0,0,0,0,0,0,0,1,0,0,0,0,1,0,0,0
2018-10-30,20:00:00,03,05,01,07,01,01,0,371921.7193,5032887.576,False,October,1,0,0,0,0,0,0,0,0,1,0,0,0,0,0,1,0,0,0
2018-11-07,17:37:00,03,03,01,07,01,,0,360212.487,5024761.45,False,November,0,0,0,0,0,0,0,0,1,0,0,0,0,0,0,1,0,0,0
2018-11-14,17:35:00,03,07,01,07,01,,0,347691.3541,5025779.129,False,November,0,0,0,0,0,0,0,0,1,0,0,0,0,0,0,1,0,0,0
2018-11-05,17:00:00,03,02,02,05,02,01,0,364305.2375,5015646.351,False,November,0,0,0,0,0,0,0,1,0,0,1,0,0,0,0,1,0,0,0
2018-11-19,11:20:00,03,03,01,01,04,01,0,368280.607,5025609.529,False,November,1,0,0,0,0,0,0,0,0,1,0,0,0,0,0,1,0,0,0
2018-11-12,15:40:00,03,06,01,01,01,,0,361261.0204,5025637.834,False,November,0,0,0,0,0,0,0,0,1,0,0,0,0,0,0,1,0,0,0
2018-11-09,23:47:00,03,07,03,07,02,,0,375891.4639,5014839.586,False,November,0,0,0,0,0,0,0,0,1,0,0,0,0,0,0,1,0,0,0
2018-11-02,08:54:00,03,05,02,01,02,01,0,365519.0372,5030071.565,False,November,1,0,0,0,0,0,0,0,0,0,1,0,0,0,0,1,0,0,0
2018-10-30,20:45:00,03,07,01,07,01,,0,349806.5406,5001833.337,False,October,0,0,0,0,0,0,0,0,0,1,0,0,0,0,0,1,0,0,0
2018-11-07,18:00:00,03,03,02,07,02,01,0,371120.6109,5029136.722,False,November,1,0,0,0,0,0,0,0,0,1,0,0,0,0,0,1,0,0,0
2018-11-14,18:17:00,03,03,01,07,06,,0,350253.4148,5016729.051,False,November,0,0,0,0,0,0,0,0,1,0,0,0,0,0,0,1,0,0,0
2018-11-05,17:02:00,03,07,02,07,02,,0,392442.5153,5042748.388,False,November,0,0,0,0,0,0,0,0,1,0,0,0,0,0,0,1,0,0,0
2018-10-30,21:15:00,02,05,01,07,01,01,0,359423.6681,5024258.512,False,October,1,0,0,0,0,0,0,0,0,0,1,0,0,0,0,1,0,0,0
2018-11-14,18:21:00,02,07,01,07,01,01,1,360658.3973,5025042.6280000005,False,November,1,0,0,0,0,0,0,0,0,0,1,0,0,0,0,1,0,0,0
2018-11-14,17:45:00,03,03,01,07,01,01,0,363593.7229,5024409.541,False,November,1,0,0,0,0,0,0,0,0,1,0,0,0,0,0,1,0,0,0
2018-11-14,19:56:00,03,05,01,07,01,01,0,364952.8436,5025873.627,False,November,1,0,0,0,0,0,0,0,0,0,1,0,0,0,0,1,0,0,0
2018-11-14,20:01:00,03,03,01,07,01,,0,364647.6156,5024214.677,False,November,0,0,0,0,0,0,0,0,0,0,0,1,0,0,0,1,0,0,0
2018-11-14,20:21:00,03,03,01,07,01,01,0,382121.4678,5035266.893999999,False,November,1,0,0,0,0,0,0,0,0,1,0,0,0,0,0,1,0,0,0
2018-11-14,20:41:00,03,05,01,07,01,01,0,370684.815,5030592.6219999995,False,November,1,0,0,0,0,0,0,0,0,0,1,0,0,0,0,1,0,0,0
2018-11-14,23:28:00,03,04,01,07,01,,0,368173.0167,5032324.922,False,November,0,0,0,0,0,0,0,0,1,0,0,0,0,0,0,1,0,0,0
2018-11-14,22:13:00,03,04,01,07,01,,0,368187.4565,5030481.587,False,November,0,0,0,0,0,0,0,0,1,0,0,0,0,0,0,1,0,0,0
2018-11-15,06:17:00,03,05,01,07,01,,0,363372.5654,5029576.137,False,November,0,0,0,0,0,0,0,0,1,0,0,0,0,0,0,1,0,0,0
2018-11-15,06:47:00,02,03,01,03,01,,0,367900.5169,5028132.238,False,November,0,0,0,0,0,0,0,0,1,0,0,0,0,0,0,1,0,0,0
2018-11-14,08:30:00,03,03,01,01,01,,0,377687.4878,5035668.295,False,November,0,0,0,0,0,0,0,0,1,0,0,0,0,0,0,1,0,0,0
2018-11-15,07:58:00,03,01,01,01,01,,0,360140.4263,5023347.732,False,November,0,0,0,0,0,0,0,0,1,0,0,0,0,0,0,1,0,0,0
2018-11-15,08:02:00,03,03,01,01,01,01,0,370433.0415,5031751.685,False,November,1,0,0,0,0,0,0,0,0,1,0,0,0,0,0,1,0,0,0
2018-11-15,08:07:00,03,05,01,01,01,01,0,378618.5807,5018940.551,False,November,0,1,0,0,0,0,0,0,0,0,1,0,0,0,0,1,0,0,0
2018-11-13,15:45:00,03,03,01,01,01,01,0,369186.0252,5033592.551,False,November,1,0,0,0,0,0,0,0,0,0,1,0,0,0,0,1,0,0,0
2018-11-15,06:26:00,03,03,01,03,01,01,0,365085.08200000005,5017903.374,False,November,1,0,0,0,0,0,0,0,0,1,0,0,0,0,0,1,0,0,0
2018-11-12,15:42:00,03,04,01,01,01,,0,367367.2436,5029527.325,False,November,0,0,0,0,0,0,0,0,1,0,0,0,0,0,0,1,0,0,0
2018-10-30,08:25:00,03,04,01,01,01,01,0,367922.7095,5028091.548,False,October,1,0,0,0,0,0,0,0,0,1,0,0,0,0,0,1,0,0,0
2018-11-09,,03,06,03,00,04,,0,370375.7834,5033598.255,False,November,0,0,0,0,0,0,0,0,1,0,0,0,0,0,0,1,0,0,0
2018-11-19,11:39:00,03,05,01,01,02,01,0,364894.6084,5027700.635,False,November,1,0,0,0,0,0,0,0,0,1,0,0,0,0,0,1,0,0,0
2018-11-15,09:32:00,03,03,01,01,01,01,0,371017.703,5033565.591,False,November,1,0,0,0,0,0,0,0,0,1,0,0,0,0,0,1,0,0,0
2018-11-15,08:54:00,03,03,01,01,01,01,0,369099.8727,5031195.098999999,True,November,1,0,0,0,0,0,0,0,0,1,0,0,0,0,0,1,0,0,0
2018-11-15,08:50:00,03,04,01,01,01,01,0,373099.5654,5030005.71,False,November,1,0,0,0,0,0,0,0,0,1,0,0,0,0,0,1,0,0,0
2018-11-15,10:54:00,03,03,01,01,01,01,0,366352.8215,5022407.732,False,November,1,0,0,0,0,0,0,0,0,1,0,0,0,0,0,1,0,0,0
2018-11-15,11:12:00,03,02,01,01,01,,0,367432.9507,5021722.958000001,False,November,0,0,0,0,0,0,0,0,0,0,0,1,0,0,0,1,0,0,0
2018-11-15,11:17:00,03,04,01,01,01,01,0,353673.5756,5018424.751,False,November,1,0,0,0,0,0,0,0,0,1,0,0,0,0,0,1,0,0,0
2018-11-15,11:45:00,03,05,01,01,01,01,0,370750.3239,5032749.552,False,November,1,0,0,0,0,0,0,0,0,1,0,0,0,0,0,1,0,0,0
2018-11-15,11:51:00,03,0,01,01,01,,0,365041.2344,5027793.016,False,November,0,0,0,0,0,0,0,0,1,0,0,0,0,0,0,1,0,0,0
2018-11-15,12:10:00,03,03,01,01,01,01,0,362942.4904,5026488.781,False,November,1,0,0,0,0,0,0,0,0,1,0,0,0,0,0,1,0,0,0
2018-11-15,12:29:00,03,03,01,01,01,01,0,368441.6794,5027266.822,False,November,0,0,1,0,0,0,0,0,0,1,0,0,0,0,0,1,0,0,0
2018-11-15,13:09:00,02,03,01,01,01,01,0,367133.6008,5030081.717,False,November,1,0,0,0,0,0,0,0,0,1,0,0,0,0,0,1,0,0,0
2018-11-15,14:10:00,03,03,01,01,01,01,0,358015.6311,5007410.313999999,False,November,1,0,0,0,0,0,0,0,0,1,0,0,0,0,0,1,0,0,0
2018-11-15,14:14:00,02,05,01,01,01,01,0,370354.62,5032708.587,False,November,0,1,0,0,0,0,0,0,0,0,1,0,0,0,0,1,0,0,0
2018-11-15,14:29:00,03,03,01,01,01,01,0,365612.7018,5021942.475,False,November,1,0,0,0,0,0,0,0,0,1,0,0,0,0,0,1,0,0,0
2018-11-15,14:30:00,03,04,01,01,01,01,0,369304.6858,5027894.393999999,False,November,1,0,0,0,0,0,0,0,0,1,0,0,0,0,0,1,0,0,0
2018-11-14,16:30:00,03,06,01,05,01,,0,368205.2485,5032081.081,False,November,0,0,0,0,0,0,0,0,1,0,0,0,0,0,0,1,0,0,0
2018-11-15,16:20:00,03,02,01,01,01,01,0,354467.3975,5015279.949,False,November,0,1,0,0,0,0,0,0,0,0,1,0,0,0,0,1,0,0,0
2018-11-15,16:27:00,02,05,01,05,01,01,0,358398.6347,5013997.393,False,November,0,1,0,0,0,0,0,0,0,0,1,0,0,0,0,1,0,0,0
2018-11-15,16:53:00,02,05,01,07,01,01,0,363419.6769,5021826.669,False,November,1,0,0,0,0,0,0,0,0,0,1,0,0,0,0,1,0,0,0
2018-11-15,16:55:00,02,03,01,07,01,,0,363028.9784,5024062.317,False,November,0,0,0,0,0,0,0,0,1,0,0,0,0,0,0,1,0,0,0
2018-11-15,17:06:00,03,02,01,07,01,,0,360719.0245,5025516.536,False,November,0,0,0,0,0,0,0,0,0,0,0,1,0,0,0,1,0,0,0
2018-11-15,17:00:00,03,03,01,07,01,01,0,368577.7813,5028966.493,False,November,0,1,0,0,0,0,0,0,0,1,0,0,0,0,0,1,0,0,0
2018-11-15,17:20:00,03,04,01,07,01,01,0,348932.6147,5024422.565,False,November,1,0,0,0,0,0,0,0,0,1,0,0,0,0,0,1,0,0,0
2018-11-15,17:44:00,03,03,01,07,01,01,0,368597.6406,5031948.666,False,November,1,0,0,0,0,0,0,0,0,1,0,0,0,0,0,1,0,0,0
2018-11-15,18:02:00,03,03,01,07,01,,0,350910.9907,5022242.693,False,November,0,0,0,0,0,0,0,0,1,0,0,0,0,0,0,1,0,0,0
2018-11-15,18:19:00,03,04,01,07,01,,0,367022.4772,5029268.801,False,November,0,0,0,0,0,0,0,0,1,0,0,0,0,0,0,1,0,0,0
2018-11-15,18:22:00,02,02,01,07,01,01,0,381173.5772,5038632.783,False,November,0,1,0,0,0,0,0,0,0,1,0,0,0,0,0,1,0,0,0
2018-11-15,18:26:00,03,06,01,07,02,,0,371479.6295,5023415.58,False,November,0,0,0,0,0,0,0,0,1,0,0,0,0,0,0,1,0,0,0
2018-11-15,22:12:00,03,03,01,07,01,,0,368999.7877,5022513.545,False,November,0,0,0,0,0,0,0,0,1,0,0,0,0,0,0,1,0,0,0
2018-11-15,13:15:00,03,03,01,01,01,01,0,349558.3704,5014878.739,False,November,1,0,0,0,0,0,0,0,0,1,0,0,0,0,0,1,0,0,0
2018-11-15,19:18:00,03,02,01,07,01,01,0,363723.7099,5015276.438999999,False,November,1,0,0,0,0,0,0,0,0,0,1,0,0,0,0,1,0,0,0
2018-11-15,19:38:00,03,03,01,07,01,01,0,369127.5866,5033487.385,False,November,1,0,0,0,0,0,0,0,0,1,0,0,0,0,0,1,0,0,0
2018-11-15,20:04:00,02,04,01,07,01,01,0,352207.6372,5017242.2639999995,False,November,1,0,0,0,0,0,0,0,0,1,0,0,0,0,0,1,0,0,0
2018-11-15,17:15:00,03,03,01,07,02,,0,363178.8254,5016501.567,False,November,0,0,0,0,0,0,0,0,1,0,0,0,0,0,0,1,0,0,0
2018-11-15,20:55:00,03,02,01,07,01,,0,365712.6517,5022004.666999999,False,November,0,0,0,0,0,0,0,0,0,0,0,1,0,0,0,1,0,0,0
2018-11-15,21:18:00,03,05,01,07,01,01,0,371766.6913,5026794.679,False,November,1,0,0,0,0,0,0,0,0,0,1,0,0,0,0,1,0,0,0
2018-11-15,23:10:00,03,03,03,07,04,,0,362439.5668,5023372.0030000005,False,November,0,0,0,0,0,0,0,0,0,0,0,1,0,0,0,1,0,0,0
2018-11-16,00:02:00,03,07,03,07,03,00,0,371706.7575,5023557.522,False,November,0,1,0,0,0,0,0,0,0,0,1,0,0,0,0,1,0,0,0
2018-11-16,02:34:00,03,07,03,07,03,,0,350434.5227,5022023.907,False,November,0,0,0,0,0,0,0,0,1,0,0,0,0,0,0,1,0,0,0
2018-11-16,04:04:00,02,07,03,07,03,,0,373293.6908,5020904.132,False,November,0,0,0,0,0,0,0,0,1,0,0,0,0,0,0,1,0,0,0
2018-11-16,04:21:00,03,04,03,07,03,,0,374623.2546,5032690.225,True,November,0,0,0,0,0,0,0,0,1,0,0,0,0,0,0,1,0,0,0
2018-11-16,05:05:00,03,02,03,07,05,,0,367137.6294,5030071.702,False,November,0,0,0,0,0,0,0,0,0,0,0,1,0,0,0,1,0,0,0
2018-11-16,05:59:00,03,02,03,07,05,01,0,368970.6595,5030632.657,False,November,1,0,0,0,0,0,0,0,0,1,0,0,0,0,0,1,0,0,0
2018-11-16,06:26:00,03,03,03,07,03,01,0,380460.778,5034296.276000001,False,November,1,0,0,0,0,0,0,0,0,1,0,0,0,0,0,1,0,0,0
2018-11-16,06:39:00,03,03,03,07,03,01,0,366264.2082,5031006.528,False,November,1,0,0,0,0,0,0,0,0,1,0,0,0,0,0,1,0,0,0
2018-11-16,06:49:00,03,02,03,03,03,01,0,372305.82700000005,5031951.449,False,November,1,0,0,0,0,0,0,0,0,1,0,0,0,0,0,1,0,0,0
2018-11-16,07:23:00,02,02,03,01,03,01,0,363520.8767,5026850.366,False,November,1,0,0,0,0,0,0,0,0,0,1,0,0,0,0,1,0,0,0
2018-11-16,07:50:00,03,01,03,01,03,,0,370947.6022,5023867.326,False,November,0,0,0,0,0,0,0,0,1,0,0,0,0,0,0,1,0,0,0
2018-11-16,07:53:00,03,03,03,01,03,,0,372367.5076,5034212.521000001,False,November,0,0,0,0,0,0,0,0,1,0,0,0,0,0,0,1,0,0,0
2018-11-16,07:54:00,03,03,03,01,03,01,0,367450.9318,5032952.056,False,November,1,0,0,0,0,0,0,0,0,1,0,0,0,0,0,1,0,0,0
2018-11-16,08:11:00,03,03,03,01,03,,0,361277.3957,5025417.357,False,November,0,0,0,0,0,0,0,0,1,0,0,0,0,0,0,1,0,0,0
2018-11-16,08:20:00,03,02,03,01,03,01,0,373110.7658,5032376.675,False,November,1,0,0,0,0,0,0,0,0,0,1,0,0,0,0,1,0,0,0
2018-11-16,08:22:00,03,03,03,01,03,,0,370150.4576,5023137.272,False,November,0,0,0,0,0,0,0,0,1,0,0,0,0,0,0,1,0,0,0
2018-11-16,08:23:00,03,07,03,01,05,,0,381136.0132,5018033.223,False,November,0,0,0,0,0,0,0,0,1,0,0,0,0,0,0,1,0,0,0
2018-11-16,08:15:00,03,07,03,01,05,01,0,352323.7818,5021528.451,False,November,1,0,0,0,0,0,0,0,0,1,0,0,0,0,0,1,0,0,0
2018-11-16,08:25:00,02,04,03,01,03,,0,368397.4942,5029403.824,False,November,0,0,0,0,0,0,0,0,1,0,0,0,0,0,0,1,0,0,0
2018-11-16,08:34:00,03,04,03,01,03,,0,368804.2125,5028435.728999999,False,November,0,0,0,0,0,0,0,0,1,0,0,0,0,0,0,1,0,0,0
2018-11-16,09:01:00,03,05,03,01,03,01,0,364521.62299999996,5024507.765,False,November,1,0,0,0,0,0,0,0,0,0,1,0,0,0,0,1,0,0,0
2018-11-16,09:22:00,03,03,03,01,03,,0,367600.4826,5028969.633,False,November,0,0,0,0,0,0,0,0,1,0,0,0,0,0,0,1,0,0,0
2018-11-16,09:28:00,03,07,03,01,05,,0,352547.7275,5021135.869,False,November,0,0,0,0,0,0,0,0,1,0,0,0,0,0,0,1,0,0,0
2018-11-16,09:35:00,03,03,03,01,03,00,0,352993.7229,5012174.402,False,November,0,1,0,0,0,0,0,0,0,0,1,0,0,0,0,1,0,0,0
2018-11-09,08:45:00,02,04,01,01,01,,0,368674.8749,5028726.898,False,November,0,0,0,0,0,0,0,0,1,0,0,0,0,0,0,1,0,0,0
2018-11-16,09:58:00,03,07,01,01,04,,0,374649.487,5025912.9860000005,False,November,0,0,0,0,0,0,0,0,1,0,0,0,0,0,0,1,0,0,0
2018-11-16,08:30:00,03,04,03,01,03,01,0,370891.62299999996,5034757.614,False,November,0,1,0,0,0,0,0,0,0,1,0,0,0,0,0,1,0,0,0
2018-11-16,10:26:00,03,06,03,01,03,,0,363406.8271,5015090.99,False,November,0,0,0,0,0,0,0,0,0,0,0,1,0,0,0,1,0,0,0
2018-11-16,10:29:00,03,02,03,01,03,01,0,360387.9021,5023678.07,True,November,1,0,0,0,0,0,0,0,0,0,1,0,0,0,0,1,0,0,0
2018-11-16,10:00:00,03,03,03,01,03,01,0,373763.5598,5025404.579,False,November,1,0,0,0,0,0,0,0,0,1,0,0,0,0,0,1,0,0,0
2018-11-16,10:42:00,03,07,03,01,03,01,0,365235.7315,5021732.565,False,November,1,0,0,0,0,0,0,0,0,1,0,0,0,0,0,1,0,0,0
2018-11-16,09:58:00,03,02,03,01,04,,0,375728.7604,5020388.978999999,False,November,0,0,0,0,0,0,0,0,0,0,0,1,0,0,0,1,0,0,0
2018-11-16,10:44:00,03,02,03,01,04,01,0,367583.3977,5030361.498,False,November,1,0,0,0,0,0,0,0,0,0,1,0,0,0,0,1,0,0,0
2018-11-16,10:47:00,02,03,01,01,01,01,0,381168.99700000003,5032906.816000001,False,November,0,0,0,0,0,0,0,1,0,1,0,0,0,0,0,1,0,0,0
2018-11-12,07:10:00,03,04,04,03,06,01,0,374247.8051,5028249.313,False,November,1,0,0,0,0,0,0,0,0,1,0,0,0,0,0,1,0,0,0
2018-11-16,10:47:00,03,03,01,01,01,,0,372190.3952,5027097.742,False,November,0,0,0,0,0,0,0,0,1,0,0,0,0,0,0,1,0,0,0
2018-11-16,11:05:00,03,03,03,01,02,01,0,361909.5953,5025370.549,False,November,1,0,0,0,0,0,0,0,0,1,0,0,0,0,0,1,0,0,0
2018-11-16,10:21:00,03,03,03,01,03,01,0,365612.5118,5021942.254,False,November,1,0,0,0,0,0,0,0,0,1,0,0,0,0,0,1,0,0,0