DATE,TIME,CLASS_OF_ACCIDENT,IMPACT_TYPE,ENVIRONMENT,LIGHT,ROAD_SURFACE_CONDITION,TRAFFIC_CONTROL_CONDITION,NO_OF_PEDESTRIANS,X,Y,Highway,Month,categorical_TRAFFIC_CONTROL_01,categorical_TRAFFIC_CONTROL_02,categorical_TRAFFIC_CONTROL_03,categorical_TRAFFIC_CONTROL_04,categorical_TRAFFIC_CONTROL_07,categorical_TRAFFIC_CONTROL_08,categorical_TRAFFIC_CONTROL_09,categorical_TRAFFIC_CONTROL_11,categorical_ACCIDENT_LOCATION_01,categorical_ACCIDENT_LOCATION_02,categorical_ACCIDENT_LOCATION_03,categorical_ACCIDENT_LOCATION_04,categorical_ACCIDENT_LOCATION_05,categorical_ACCIDENT_LOCATION_06,categorical_ACCIDENT_LOCATION_07,categorical_Seasons_Fall,categorical_Seasons_Spring,categorical_Seasons_Summer,categorical_Seasons_Winter
2018-10-30,22:15:00,03,07,01,07,01,,0,328428.9419,5030852.592,False,October,0,0,0,0,0,0,0,0,1,0,0,0,0,0,0,1,0,0,0
2018-11-07,18:35:00,03,03,01,07,01,01,0,348795.2,5022408.413,False,November,1,0,0,0,0,0,0,0,0,1,0,0,0,0,0,1,0,0,0
2018-11-05,17:30:00,03,05,02,07,02,01,0,374019.7208,5034439.585,False,November,1,0,0,0,0,0,0,0,0,0,1,0,0,0,0,1,0,0,0
2018-11-19,11:39:00,03,04,01,01,02,,0,374246.32899999997,5032883.759,False,November,0,0,0,0,0,0,0,0,1,0,0,0,0,0,0,1,0,0,0
2018-11-12,15:56:00,02,05,01,01,03,,0,365758.8141,5021831.43,False,November,0,0,0,0,0,0,0,0,0,0,0,1,0,0,0,1,0,0,0
2018-11-09,18:30:00,03,03,03,07,04,01,0,375578.7354,5031439.555,False,November,1,0,0,0,0,0,0,0,0,1,0,0,0,0,0,1,0,0,0
2018-11-10,09:06:00,03,03,01,01,02,01,0,353455.2261,5015759.789,False,November,1,0,0,0,0,0,0,0,0,1,0,0,0,0,0,1,0,0,0
2018-11-02,10:03:00,03,03,02,01,02,01,0,380940.7439,5036250.58,False,November,1,0,0,0,0,0,0,0,0,1,0,0,0,0,0,1,0,0,0
2018-11-05,17:14:00,02,07,02,07,02,01,1,366489.7063,5029712.558999999,False,November,1,0,0,0,0,0,0,0,0,0,1,0,0,0,0,1,0,0,0
2018-11-10,09:33:00,03,07,01,01,01,01,0,359058.75399999996,5022748.47,False,November,1,0,0,0,0,0,0,0,0,1,0,0,0,0,0,1,0,0,0
2018-11-12,16:47:00,03,03,01,05,01,01,0,381055.8781,5035895.496,False,November,1,0,0,0,0,0,0,0,0,1,0,0,0,0,0,1,0,0,0
2018-11-19,12:03:00,03,02,07,01,02,01,0,384844.8451,5036560.6110000005,False,November,1,0,0,0,0,0,0,0,0,0,1,0,0,0,0,1,0,0,0
2018-11-02,07:30:00,03,03,01,03,02,01,0,362061.6865,5023465.505,False,November,1,0,0,0,0,0,0,0,0,1,0,0,0,0,0,1,0,0,0
2018-11-05,18:00:00,03,03,01,07,02,,0,368067.4905,5014807.456,False,November,0,0,0,0,0,0,0,0,1,0,0,0,0,0,0,1,0,0,0
2018-10-30,23:41:00,03,04,01,07,01,,0,368112.1112,5031284.063999999,False,October,0,0,0,0,0,0,0,0,1,0,0,0,0,0,0,1,0,0,0
2018-11-07,19:07:00,03,05,01,07,01,01,0,383540.78,5035988.763,False,November,1,0,0,0,0,0,0,0,0,0,1,0,0,0,0,1,0,0,0
2018-11-10,10:15:00,03,07,01,01,01,,0,347178.2326,5026147.1680000005,False,November,0,0,0,0,0,0,0,0,1,0,0,0,0,0,0,1,0,0,0
2018-11-12,17:09:00,03,02,01,05,01,00,0,379860.7124,5036471.553,False,November,0,0,0,0,0,0,0,1,0,0,1,0,0,0,0,1,0,0,0
2018-11-01,19:15:00,03,02,07,07,02,01,0,352968.3521,5015254.593,False,November,0,1,0,0,0,0,0,0,0,0,1,0,0,0,0,1,0,0,0
2018-10-18,08:00:00,02,07,01,01,01,01,1,366261.6981,5025799.531,False,October,0,1,0,0,0,0,0,0,0,1,0,0,0,0,0,1,0,0,0
2018-11-09,,03,06,03,00,04,,0,361911.4568,5026299.204,False,November,0,0,0,0,0,0,0,0,1,0,0,0,0,0,0,1,0,0,0
2018-10-31,00:39:00,03,02,01,07,01,01,0,364480.6953,5026737.541,False,October,0,1,0,0,0,0,0,0,0,0,1,0,0,0,0,1,0,0,0
2018-11-05,17:10:00,03,03,02,05,02,01,0,367161.7043,5023942.511,False,November,1,0,0,0,0,0,0,0,0,1,0,0,0,0,0,1,0,0,0
2018-11-12,17:15:00,03,03,01,07,01,01,0,373705.7225,5030406.556,False,November,1,0,0,0,0,0,0,0,0,1,0,0,0,0,0,1,0,0,0
2018-11-18,11:00:00,03,07,01,01,03,,0,373133.3121,5031187.188,False,November,0,0,0,0,0,0,0,0,0,0,0,1,0,0,0,1,0,0,0
2018-10-29,14:40:00,03,03,02,01,02,01,0,374147.7254,5030666.56,False,October,1,0,0,0,0,0,0,0,0,1,0,0,0,0,0,1,0,0,0
2018-11-06,17:00:00,03,06,01,05,01,,0,384503.0546,5035169.411,False,November,0,0,0,0,0,0,0,0,1,0,0,0,0,0,0,1,0,0,0
2018-11-09,16:15:00,03,05,03,05,02,01,0,341251.561,5002312.516,False,November,0,1,0,0,0,0,0,0,0,0,1,0,0,0,0,1,0,0,0
2018-10-31,00:48:00,03,07,01,07,01,,0,339314.1476,5022854.141,False,October,0,0,0,0,0,0,0,0,1,0,0,0,0,0,0,1,0,0,0
2018-11-05,17:45:00,03,05,02,07,02,,0,358978.7793,5023818.353,False,November,0,0,0,0,0,0,0,0,0,0,0,1,0,0,0,1,0,0,0
2018-11-11,13:00:00,03,04,01,01,01,01,0,365555.3077,5029697.992,False,November,1,0,0,0,0,0,0,0,0,1,0,0,0,0,0,1,0,0,0
2018-11-19,12:58:00,03,05,01,01,02,01,0,366856.5897,5031279.607,False,November,1,0,0,0,0,0,0,0,0,1,0,0,0,0,0,1,0,0,0
2018-11-02,11:10:00,03,05,02,01,02,01,0,364351.7002,5027337.549,False,November,1,0,0,0,0,0,0,0,0,1,0,0,0,0,0,1,0,0,0
2018-11-07,19:24:00,03,03,01,07,02,01,0,371197.9361,5023807.528,False,November,0,1,0,0,0,0,0,0,0,1,0,0,0,0,0,1,0,0,0
2018-11-07,20:03:00,03,04,01,07,01,01,0,363419.6823,5021826.481000001,False,November,1,0,0,0,0,0,0,0,0,1,0,0,0,0,0,1,0,0,0
2018-11-07,20:22:00,03,05,01,07,01,01,0,370507.6452,5023400.544,False,November,1,0,0,0,0,0,0,0,0,0,1,0,0,0,0,1,0,0,0
2018-11-07,21:46:00,03,04,01,07,01,01,0,368160.7005,5032968.583000001,False,November,1,0,0,0,0,0,0,0,0,1,0,0,0,0,0,1,0,0,0
2018-11-08,00:07:00,02,07,01,07,01,,0,366913.9909,5004857.238,False,November,0,0,0,0,0,0,0,0,1,0,0,0,0,0,0,1,0,0,0
2018-11-08,00:40:00,03,07,01,07,01,,0,357169.8518,5018260.478999999,False,November,0,0,0,0,0,0,0,0,1,0,0,0,0,0,0,1,0,0,0
2018-11-08,04:12:00,03,05,01,07,01,01,0,368373.6367,5031798.27,False,November,1,0,0,0,0,0,0,0,0,0,1,0,0,0,0,1,0,0,0
2018-11-08,06:07:00,03,07,01,07,01,,0,385135.1055,5006266.1219999995,False,November,0,0,0,0,0,0,0,0,1,0,0,0,0,0,0,1,0,0,0
2018-11-08,07:32:00,03,02,01,03,01,,0,375401.9294,5021645.435,False,November,0,0,0,0,0,0,0,0,0,0,0,1,0,0,0,1,0,0,0
2018-11-08,07:38:00,03,05,01,01,01,01,0,363145.6889,5025983.518999999,True,November,1,0,0,0,0,0,0,0,0,0,1,0,0,0,0,1,0,0,0
2018-11-08,06:30:00,03,03,01,03,01,,0,374373.0287,5032524.55,False,November,0,0,0,0,0,0,0,0,1,0,0,0,0,0,0,1,0,0,0
2018-11-08,08:10:00,03,04,01,01,01,00,0,368992.6994,5033658.6,False,November,0,1,0,0,0,0,0,0,0,1,0,0,0,0,0,1,0,0,0
2018-11-08,09:20:00,03,02,01,01,01,01,0,373705.7236,5030406.556,False,November,1,0,0,0,0,0,0,0,0,0,1,0,0,0,0,1,0,0,0
2018-11-08,09:25:00,03,04,01,01,01,01,0,372860.5776,5030578.808999999,False,November,1,0,0,0,0,0,0,0,0,1,0,0,0,0,0,1,0,0,0
2018-11-07,07:50:00,03,03,01,01,01,,0,364726.8039,5030243.532,False,November,0,0,0,0,0,0,0,0,1,0,0,0,0,0,0,1,0,0,0
2018-11-08,09:05:00,03,03,01,01,01,01,0,361767.8032,5025725.666999999,False,November,1,0,0,0,0,0,0,0,0,1,0,0,0,0,0,1,0,0,0
2018-11-08,10:54:00,03,02,01,01,01,01,0,372093.7126,5032472.585,False,November,1,0,0,0,0,0,0,0,0,1,0,0,0,0,0,1,0,0,0
2018-11-07,20:45:00,03,03,02,07,02,01,0,375507.7499,5026406.529,False,November,1,0,0,0,0,0,0,0,0,1,0,0,0,0,0,1,0,0,0
2018-11-08,13:52:00,02,04,01,01,01,01,0,370831.7031,5021555.526000001,False,November,1,0,0,0,0,0,0,0,0,1,0,0,0,0,0,1,0,0,0
2018-11-08,15:23:00,02,05,01,01,01,01,0,372514.30600000004,5034284.098,False,November,0,1,0,0,0,0,0,0,0,0,1,0,0,0,0,1,0,0,0
2018-11-08,12:35:00,03,04,01,01,01,01,0,360531.4922,5023312.554,True,November,1,0,0,0,0,0,0,0,0,1,0,0,0,0,0,1,0,0,0
2018-11-08,17:05:00,03,03,01,05,01,,0,379336.4538,5033059.554,False,November,0,0,0,0,0,0,0,0,1,0,0,0,0,0,0,1,0,0,0
2018-11-08,16:20:00,03,02,01,01,01,01,0,369415.7148,5032590.586,False,November,0,1,0,0,0,0,0,0,0,0,1,0,0,0,0,1,0,0,0
2018-11-08,17:21:00,02,05,01,07,01,01,0,361262.5162,5025424.5,False,November,1,0,0,0,0,0,0,0,0,0,1,0,0,0,0,1,0,0,0
2018-11-08,17:21:00,03,03,01,07,01,,0,374390.51700000005,5032515.289,True,November,0,0,0,0,0,0,0,0,1,0,0,0,0,0,0,1,0,0,0
2018-11-08,17:25:00,03,05,01,07,01,01,0,362670.711,5022576.59,False,November,1,0,0,0,0,0,0,0,0,1,0,0,0,0,0,1,0,0,0
2018-11-08,17:20:00,03,03,01,05,01,01,0,361184.651,5022932.507,False,November,0,1,0,0,0,0,0,0,0,1,0,0,0,0,0,1,0,0,0
2018-11-08,17:39:00,02,03,01,07,01,01,0,395771.8325,5043413.584,False,November,1,0,0,0,0,0,0,0,0,1,0,0,0,0,0,1,0,0,0
2018-11-08,17:39:00,03,03,01,07,01,,0,357713.7005,5018405.555,False,November,0,0,0,0,0,0,0,0,1,0,0,0,0,0,0,1,0,0,0
2018-11-08,18:07:00,03,03,01,07,01,,0,358039.7967,5018574.518,True,November,0,0,0,0,0,0,0,0,1,0,0,0,0,0,0,1,0,0,0
2018-11-08,18:17:00,03,03,01,07,01,01,0,367427.0649,5025222.7360000005,False,November,0,1,0,0,0,0,0,0,0,1,0,0,0,0,0,1,0,0,0
2018-11-08,19:22:00,02,05,01,07,01,00,0,372305.7451,5031951.642,False,November,1,0,0,0,0,0,0,0,0,1,0,0,0,0,0,1,0,0,0
2018-11-08,21:31:00,03,03,01,07,01,01,0,348774.0957,5017374.242,True,November,1,0,0,0,0,0,0,0,0,1,0,0,0,0,0,1,0,0,0
2018-11-08,21:00:00,03,07,01,07,01,,0,323464.8933,5026052.233,False,November,0,0,0,0,0,0,0,0,1,0,0,0,0,0,0,1,0,0,0
2018-11-08,23:06:00,03,03,01,07,01,,0,349749.5685,5017430.857,False,November,0,0,0,0,0,0,0,0,1,0,0,0,0,0,0,1,0,0,0
2018-11-09,01:25:00,03,07,01,07,01,,0,345541.6846,5022472.426,False,November,0,0,0,0,0,0,0,0,1,0,0,0,0,0,0,1,0,0,0
2018-11-09,05:30:00,03,06,01,07,01,,0,371067.9503,5030216.571,False,November,0,0,0,0,0,0,0,0,1,0,0,0,0,0,0,1,0,0,0
2018-11-09,07:18:00,03,03,01,01,01,01,0,371867.6259,5024320.666999999,False,November,1,0,0,0,0,0,0,0,0,1,0,0,0,0,0,1,0,0,0
2018-11-09,07:32:00,02,07,01,01,01,01,1,365576.4619,5016707.396000001,False,November,1,0,0,0,0,0,0,0,0,0,1,0,0,0,0,1,0,0,0
2018-10-06,,03,06,01,00,01,,0,371971.5091,5031142.112,False,October,0,0,0,0,0,0,0,0,1,0,0,0,0,0,0,1,0,0,0
2018-11-09,09:30:00,03,03,01,01,01,,0,361050.4939,5020243.469,False,November,0,0,0,0,0,0,0,0,1,0,0,0,0,0,0,1,0,0,0
2018-11-08,18:30:00,03,03,01,07,01,,0,348368.4964,5014768.609,False,November,0,0,0,0,0,0,0,0,1,0,0,0,0,0,0,1,0,0,0
2018-11-09,10:16:00,03,04,01,01,01,,0,368200.2014,5032223.029,False,November,0,0,0,0,0,0,0,0,1,0,0,0,0,0,0,1,0,0,0
2018-11-09,10:15:00,03,02,01,01,01,01,0,367489.7326,5029236.672,False,November,0,1,0,0,0,0,0,0,0,0,1,0,0,0,0,1,0,0,0
2018-11-09,08:05:00,03,05,01,01,01,01,0,379267.607,5037741.438999999,False,November,1,0,0,0,0,0,0,0,0,0,1,0,0,0,0,1,0,0,0
2018-11-09,11:05:00,03,02,01,01,01,01,0,363559.8951,5021894.659,False,November,0,1,0,0,0,0,0,0,0,0,1,0,0,0,0,1,0,0,0
2018-11-08,17:25:00,03,02,01,07,01,,0,368035.1218,5031119.463,False,November,0,0,0,0,0,0,0,0,0,0,0,1,0,0,0,1,0,0,0
2018-11-09,12:11:00,02,02,01,01,01,01,0,363258.6993,5026786.933999999,False,November,0,0,1,0,0,0,0,0,0,0,1,0,0,0,0,1,0,0,0
2018-11-09,12:20:00,03,04,02,01,02,,0,362122.3308,5024845.31,True,November,0,0,0,0,0,0,0,0,1,0,0,0,0,0,0,1,0,0,0
2018-11-09,12:38:00,02,02,01,01,01,01,0,366942.6374,5031143.763,False,November,1,0,0,0,0,0,0,0,0,0,1,0,0,0,0,1,0,0,0
2018-11-09,12:47:00,03,03,01,01,01,01,0,364358.5373,5024890.629,False,November,1,0,0,0,0,0,0,0,0,1,0,0,0,0,0,1,0,0,0
2018-11-09,12:58:00,03,02,03,01,02,01,0,359492.6626,5023528.54,False,November,0,1,0,0,0,0,0,0,0,0,1,0,0,0,0,1,0,0,0
2018-11-09,13:40:00,02,05,03,01,02,01,0,367390.5728,5021523.555,False,November,1,0,0,0,0,0,0,0,0,0,1,0,0,0,0,1,0,0,0
2018-11-09,14:05:00,03,04,03,01,02,01,0,371946.6281,5024129.597,False,November,1,0,0,0,0,0,0,0,0,1,0,0,0,0,0,1,0,0,0
2018-11-08,12:15:00,03,03,01,01,01,01,0,373798.4641,5029097.678,False,November,1,0,0,0,0,0,0,0,0,1,0,0,0,0,0,1,0,0,0
2018-11-09,14:09:00,03,05,02,01,02,01,0,369836.5525,5025651.711,False,November,0,0,1,0,0,0,0,0,0,0,1,0,0,0,0,1,0,0,0
2018-11-09,14:20:00,03,04,02,01,02,01,0,362549.6118,5023770.493,False,November,1,0,0,0,0,0,0,0,0,1,0,0,0,0,0,1,0,0,0
2018-11-09,14:25:00,02,07,03,01,02,01,1,369166.545,5030173.81,False,November,1,0,0,0,0,0,0,0,0,0,1,0,0,0,0,1,0,0,0
2018-11-09,14:30:00,03,02,03,01,02,,0,369884.9322,5032770.8,False,November,0,0,0,0,0,0,0,0,0,0,0,1,0,0,0,1,0,0,0
2018-11-09,14:48:00,03,03,02,01,02,01,0,358329.0475,5021226.634,False,November,1,0,0,0,0,0,0,0,0,1,0,0,0,0,0,1,0,0,0
2018-11-08,08:12:00,03,02,01,01,01,,0,364846.5418,5016311.445,False,November,0,0,0,0,0,0,0,0,0,0,0,1,0,0,0,1,0,0,0
2018-11-09,15:03:00,03,06,01,01,01,,0,371518.8648,5030252.571,False,November,0,0,0,0,0,0,0,0,1,0,0,0,0,0,0,1,0,0,0
2018-11-05,12:45:00,02,03,02,01,02,01,0,370166.727,5030205.513,False,November,1,0,0,0,0,0,0,0,0,1,0,0,0,0,0,1,0,0,0
2018-10-08,22:30:00,03,03,02,07,02,01,0,367921.6695,5032044.735,False,October,1,0,0,0,0,0,0,0,0,1,0,0,0,0,0,1,0,0,0
2018-11-09,15:32:00,03,05,03,01,02,01,0,368248.575,5032823.626,False,November,1,0,0,0,0,0,0,0,0,1,0,0,0,0,0,1,0,0,0
2018-11-09,15:49:00,02,07,03,01,02,,1,352032.2735,5009280.521000001,False,November,0,0,0,0,0,0,0,0,1,0,0,0,0,0,0,1,0,0,0
2018-11-09,15:51:00,03,07,03,01,03,,0,354958.742,5021525.39,False,November,0,0,0,0,0,0,0,0,1,0,0,0,0,0,0,1,0,0,0
2018-11-09,15:57:00,03,03,03,05,02,,0,377417.4177,5015751.896000001,False,November,0,0,0,0,0,0,0,0,1,0,0,0,0,0,0,1,0,0,0
2018-11-09,15:58:00,03,04,03,01,04,,0,379377.3629,5036984.306,False,November,0,0,0,0,0,0,0,0,1,0,0,0,0,0,0,1,0,0,0
2018-11-09,16:10:00,02,02,03,05,02,01,0,383165.8787,5016891.41,False,November,0,1,0,0,0,0,0,0,0,0,1,0,0,0,0,1,0,0,0
2018-11-09,16:25:00,03,02,03,05,03,01,0,334899.7198,5033077.603999999,False,November,0,1,0,0,0,0,0,0,0,0,1,0,0,0,0,1,0,0,0
2018-11-09,16:45:00,03,04,03,05,04,,0,352694.667,5020800.523,True,November,0,0,0,0,0,0,0,0,1,0,0,0,0,0,0,1,0,0,0
2018-11-09,16:52:00,03,07,03,05,04,,0,371964.1554,5012293.916,False,November,0,0,0,0,0,0,0,0,1,0,0,0,0,0,0,1,0,0,0
2018-11-09,16:56:00,03,03,03,05,02,,0,369747.8945,5032888.555,False,November,0,0,0,0,0,0,0,0,1,0,0,0,0,0,0,1,0,0,0
2018-11-09,17:20:00,03,03,02,07,02,01,0,352037.6123,5022300.489,False,November,1,0,0,0,0,0,0,0,0,1,0,0,0,0,0,1,0,0,0
2018-11-09,17:25:00,03,07,03,07,03,,0,334750.797,5013570.829,False,November,0,0,0,0,0,0,0,0,1,0,0,0,0,0,0,1,0,0,0
2018-11-09,17:52:00,02,07,03,07,03,01,1,377839.842,5032754.613,False,November,1,0,0,0,0,0,0,0,0,0,1,0,0,0,0,1,0,0,0
2018-11-09,18:02:00,03,07,03,07,03,00,0,365567.3359,5012899.706,False,November,0,1,0,0,0,0,0,0,0,1,0,0,0,0,0,1,0,0,0
2018-11-09,18:04:00,03,07,03,07,04,,0,384769.4242,5039102.318,False,November,0,0,0,0,0,0,0,0,1,0,0,0,0,0,0,1,0,0,0
2018-11-09,18:09:00,02,07,02,07,02,01,1,367694.6534,5030915.634,False,November,1,0,0,0,0,0,0,0,0,0,1,0,0,0,0,1,0,0,0
2018-11-09,19:20:00,03,03,03,07,02,,0,361091.5315,5016130.738,False,November,0,0,0,0,0,0,0,0,1,0,0,0,0,0,0,1,0,0,0
2018-11-09,20:21:00,03,03,03,07,04,,0,363756.7868,5015290.161,False,November,0,0,0,0,0,0,0,0,1,0,0,0,0,0,0,1,0,0,0
2018-11-09,20:23:00,03,02,03,07,02,01,0,380142.7149,5037739.383,False,November,0,1,0,0,0,0,0,0,0,0,1,0,0,0,0,1,0,0,0
2018-11-09,20:25:00,03,02,03,07,04,01,0,370140.6637,5033529.723999999,False,November,0,1,0,0,0,0,0,0,0,0,1,0,0,0,0,1,0,0,0
2018-11-09,20:31:00,03,07,03,07,03,03,0,360185.4961,5007832.478,False,November,0,1,0,0,0,0,0,0,0,1,0,0,0,0,0,1,0,0,0
2018-11-08,20:51:00,03,03,03,07,04,01,0,375507.7647,5026406.892,False,November,1,0,0,0,0,0,0,0,0,1,0,0,0,0,0,1,0,0,0
2018-11-10,12:19:00,03,06,03,01,04,,0,383733.9969,5035224.988,False,November,0,0,0,0,0,0,0,0,1,0,0,0,0,0,0,1,0,0,0
2018-10-31,01:43:00,03,06,01,07,01,01,0,357193.7924,5019583.741,False,October,0,1,0,0,0,0,0,0,0,1,0,0,0,0,0,1,0,0,0
2018-11-12,17:15:00,03,03,03,05,02,01,0,350623.7986,5018915.828,False,November,1,0,0,0,0,0,0,0,0,1,0,0,0,0,0,1,0,0,0
2018-11-19,12:53:00,03,04,01,01,02,,0,368044.1328,5032388.032,False,November,0,0,0,0,0,0,0,0,1,0,0,0,0,0,0,1,0,0,0
2018-11-02,11:45:00,03,03,02,01,02,01,0,368393.7061,5030486.563,False,November,1,0,0,0,0,0,0,0,0,1,0,0,0,0,0,1,0,0,0
2018-10-31,06:32:00,03,03,02,07,02,01,0,366402.7023,5030675.572,False,October,0,1,0,0,0,0,0,0,0,0,1,0,0,0,0,1,0,0,0
2018-11-10,12:30:00,03,03,01,01,01,,0,363967.3131,5014805.185,False,November,0,0,0,0,0,0,0,0,1,0,0,0,0,0,0,1,0,0,0
2018-11-12,18:03:00,03,05,01,07,01,01,0,349675.6042,5017365.441000001,False,November,1,0,0,0,0,0,0,0,0,0,1,0,0,0,0,1,0,0,0
2018-11-06,17:30:00,03,04,01,07,02,01,0,379455.8675,5036917.603,False,November,1,0,0,0,0,0,0,0,0,1,0,0,0,0,0,1,0,0,0
2018-11-05,18:24:00,02,02,02,07,02,01,0,369431.7413,5029532.494,False,November,1,0,0,0,0,0,0,0,0,0,1,0,0,0,0,1,0,0,0
2018-11-02,11:52:00,03,05,02,01,02,01,0,374019.7201,5034439.585,False,November,1,0,0,0,0,0,0,0,0,1,0,0,0,0,0,1,0,0,0
2018-10-31,06:30:00,03,03,02,03,02,01,0,364233.6832,5019974.478,False,October,1,0,0,0,0,0,0,0,0,0,1,0,0,0,0,1,0,0,0
2018-11-10,12:59:00,03,03,03,01,02,01,0,372146.596,5034108.653,False,November,1,0,0,0,0,0,0,0,0,1,0,0,0,0,0,1,0,0,0
2018-11-12,15:45:00,03,03,01,01,01,01,0,360072.5839,5024471.331,False,November,1,0,0,0,0,0,0,0,0,1,0,0,0,0,0,1,0,0,0
2018-07-26,12:30:00,03,03,01,01,01,01,0,365193.5443,5022948.647,False,July,1,0,0,0,0,0,0,0,0,1,0,0,0,0,0,0,0,1,0
2018-10-20,18:15:00,02,02,01,07,01,01,0,366160.6966,5030464.571,False,October,1,0,0,0,0,0,0,0,0,0,1,0,0,0,0,1,0,0,0
2018-11-02,07:00:00,03,05,02,03,02,01,0,349524.786,5014330.204,False,November,1,0,0,0,0,0,0,0,0,0,1,0,0,0,0,1,0,0,0
2018-10-31,06:57:00,02,03,02,07,02,,0,349868.0026,5007389.063,False,October,0,0,0,0,0,0,0,0,0,0,0,1,0,0,0,1,0,0,0
2018-11-10,13:07:00,03,03,03,01,02,01,0,375047.8021,5031119.596,False,November,1,0,0,0,0,0,0,0,0,1,0,0,0,0,0,1,0,0,0
2018-11-12,19:30:00,03,03,04,07,05,01,0,384072.6876,5035874.815,False,November,1,0,0,0,0,0,0,0,0,1,0,0,0,0,0,1,0,0,0
2018-10-25,05:30:00,03,07,01,07,01,,0,383402.7017,5010722.472,False,October,0,0,0,0,0,0,0,0,1,0,0,0,0,0,0,1,0,0,0
2018-11-05,18:26:00,03,03,02,07,02,01,0,368297.7047,5030309.566000001,True,November,1,0,0,0,0,0,0,0,0,1,0,0,0,0,0,1,0,0,0
2018-11-02,14:43:00,03,0,02,01,02,01,0,371685.9552,5030539.478999999,False,November,1,0,0,0,0,0,0,0,0,1,0,0,0,0,0,1,0,0,0
2018-10-31,07:00:00,02,05,02,03,02,01,0,373902.7498,5028046.855,False,October,1,0,0,0,0,0,0,0,0,0,1,0,0,0,0,1,0,0,0
2018-10-31,07:50:00,03,02,02,03,02,01,0,385626.7568,5036608.441000001,False,October,0,1,0,0,0,0,0,0,0,0,1,0,0,0,0,1,0,0,0
2018-10-31,08:03:00,03,03,02,01,02,,0,356341.2581,5022788.734,False,October,0,0,0,0,0,0,0,0,1,0,0,0,0,0,0,1,0,0,0
2018-10-31,08:12:00,03,04,02,01,02,,0,360503.0286,5025199.663,False,October,0,0,0,0,0,0,0,0,1,0,0,0,0,0,0,1,0,0,0
2018-10-31,07:45:00,03,0,02,01,02,01,0,377317.7249,4998780.306,False,October,0,1,0,0,0,0,0,0,0,1,0,0,0,0,0,1,0,0,0
2018-10-31,08:34:00,03,02,02,01,02,01,0,368721.7174,5024982.512,False,October,1,0,0,0,0,0,0,0,0,0,1,0,0,0,0,1,0,0,0
2018-10-31,08:51:00,03,04,02,01,02,01,0,367409.70700000005,5030646.568,False,October,0,1,0,0,0,0,0,0,0,1,0,0,0,0,0,1,0,0,0
2018-10-26,,03,06,01,00,01,,0,368229.0753,5014705.218,False,October,0,0,0,0,0,0,0,0,1,0,0,0,0,0,0,1,0,0,0
2018-10-31,09:20:00,03,07,02,01,02,01,0,353037.1804,5020013.788,True,October,1,0,0,0,0,0,0,0,0,0,1,0,0,0,0,1,0,0,0
2018-10-31,09:28:00,03,04,02,01,02,,0,370029.0749,5026757.063,False,October,0,0,0,0,0,0,0,0,1,0,0,0,0,0,0,1,0,0,0
2018-10-25,09:51:00,03,03,01,01,01,01,0,363933.6832,5014784.416999999,False,October,1,0,0,0,0,0,0,0,0,1,0,0,0,0,0,1,0,0,0
2018-10-31,10:23:00,03,02,02,01,02,01,0,376683.7466,5028863.536,False,October,0,1,0,0,0,0,0,0,0,0,1,0,0,0,0,1,0,0,0
2018-10-31,10:43:00,03,07,02,01,02,,0,374079.6594,5029800.606000001,False,October,0,0,0,0,0,0,0,0,1,0,0,0,0,0,0,1,0,0,0
2018-10-31,10:54:00,03,03,02,01,02,01,0,362549.69,5023770.505,False,October,1,0,0,0,0,0,0,0,0,1,0,0,0,0,0,1,0,0,0
2018-10-31,11:06:00,02,05,02,01,02,,0,368035.2591,5031600.766,False,October,0,0,0,0,0,0,0,0,1,0,0,0,0,0,0,1,0,0,0
2018-10-31,11:20:00,03,03,02,01,02,01,0,368039.7059,5030267.572,False,October,1,0,0,0,0,0,0,0,0,1,0,0,0,0,0,1,0,0,0
2018-10-31,11:28:00,03,03,02,01,02,01,0,369384.709,5029649.562,False,October,0,1,0,0,0,0,0,0,0,1,0,0,0,0,0,1,0,0,0
2018-10-31,11:45:00,03,04,02,01,02,,0,365958.8265,5026518.199,False,October,0,0,0,0,0,0,0,0,1,0,0,0,0,0,0,1,0,0,0
2018-10-31,13:11:00,03,03,02,01,02,01,0,375507.7502,5026406.529,False,October,1,0,0,0,0,0,0,0,0,1,0,0,0,0,0,1,0,0,0
2018-10-30,12:45:00,03,02,02,01,02,01,0,366889.7003,5029270.556,False,October,0,1,0,0,0,0,0,0,0,0,1,0,0,0,0,1,0,0,0
2018-10-31,13:15:00,03,03,01,01,02,01,0,369995.7198,5026851.541999999,False,October,1,0,0,0,0,0,0,0,0,1,0,0,0,0,0,1,0,0,0
2018-10-31,14:29:00,03,02,02,01,02,01,0,384535.0505,5039595.391,False,October,0,0,0,0,0,0,0,1,0,0,1,0,0,0,0,1,0,0,0