DATE,TIME,CLASS_OF_ACCIDENT,IMPACT_TYPE,ENVIRONMENT,LIGHT,ROAD_SURFACE_CONDITION,TRAFFIC_CONTROL_CONDITION,NO_OF_PEDESTRIANS,X,Y,Highway,Month,categorical_TRAFFIC_CONTROL_01,categorical_TRAFFIC_CONTROL_02,categorical_TRAFFIC_CONTROL_03,categorical_TRAFFIC_CONTROL_04,categorical_TRAFFIC_CONTROL_07,categorical_TRAFFIC_CONTROL_08,categorical_TRAFFIC_CONTROL_09,categorical_TRAFFIC_CONTROL_11,categorical_ACCIDENT_LOCATION_01,categorical_ACCIDENT_LOCATION_02,categorical_ACCIDENT_LOCATION_03,categorical_ACCIDENT_LOCATION_04,categorical_ACCIDENT_LOCATION_05,categorical_ACCIDENT_LOCATION_06,categorical_ACCIDENT_LOCATION_07,categorical_Seasons_Fall,categorical_Seasons_Spring,categorical_Seasons_Summer,categorical_Seasons_Winter
2018-10-31,14:35:00,03,03,01,01,01,01,0,368372.1454,5031992.638,False,October,1,0,0,0,0,0,0,0,0,1,0,0,0,0,0,1,0,0,0
2018-10-31,14:56:00,03,05,02,01,02,01,0,365051.8019,5023901.893999999,False,October,1,0,0,0,0,0,0,0,0,0,1,0,0,0,0,1,0,0,0
2018-10-31,15:43:00,03,03,02,01,02,01,0,350489.6083,5022710.5030000005,False,October,1,0,0,0,0,0,0,0,0,1,0,0,0,0,0,1,0,0,0
2018-10-31,15:51:00,02,03,02,01,02,01,0,368734.7081,5028581.549,False,October,1,0,0,0,0,0,0,0,0,1,0,0,0,0,0,1,0,0,0
2018-10-31,15:56:00,03,03,02,01,02,,0,378353.6069,5023476.931,False,October,0,0,0,0,0,0,0,0,1,0,0,0,0,0,0,1,0,0,0
2018-10-31,14:10:00,03,06,02,01,02,,0,366347.8406,5021615.009,False,October,0,0,0,0,0,0,0,0,1,0,0,0,0,0,0,1,0,0,0
2018-10-31,16:08:00,02,05,02,01,02,01,0,369788.1731,5028998.051,False,October,1,0,0,0,0,0,0,0,0,0,1,0,0,0,0,1,0,0,0
2018-10-31,16:10:00,03,02,02,01,02,01,0,366920.7057,5029197.558999999,False,October,0,1,0,0,0,0,0,0,0,0,1,0,0,0,0,1,0,0,0
2018-10-31,16:26:00,02,03,02,01,02,,0,375099.2652,5032427.952,False,October,0,0,0,0,0,0,0,0,1,0,0,0,0,0,0,1,0,0,0
2018-10-31,17:01:00,03,04,02,05,02,,0,373801.6913,5025322.2930000005,False,October,0,0,0,0,0,0,0,0,1,0,0,0,0,0,0,1,0,0,0
2018-10-31,17:06:00,03,03,02,01,02,01,0,370337.8522,5025947.735,False,October,1,0,0,0,0,0,0,0,0,1,0,0,0,0,0,1,0,0,0
2018-10-31,17:20:00,03,04,02,05,02,,0,369258.7871,5032865.188999999,False,October,0,0,0,0,0,0,0,0,1,0,0,0,0,0,0,1,0,0,0
2018-10-31,17:46:00,03,03,02,05,02,01,0,368859.7038,5030914.575,False,October,0,1,0,0,0,0,0,0,0,1,0,0,0,0,0,1,0,0,0
2018-10-31,16:40:00,03,03,02,01,02,,0,360283.9408,5014853.217,True,October,0,0,0,0,0,0,0,0,1,0,0,0,0,0,0,1,0,0,0
2018-10-31,17:50:00,03,04,02,05,02,,0,374162.5146,5032995.287,False,October,0,0,0,0,0,0,0,0,1,0,0,0,0,0,0,1,0,0,0
2018-10-31,18:24:00,03,07,02,07,02,,0,353826.5395,5023274.199,False,October,0,0,0,0,0,0,0,0,1,0,0,0,0,0,0,1,0,0,0
2018-10-31,17:11:00,02,03,02,05,02,01,0,374192.7944,5032622.879,False,October,0,1,0,0,0,0,0,0,0,1,0,0,0,0,0,1,0,0,0
2018-10-31,18:54:00,03,04,01,07,02,,0,364675.2138,5024148.022,False,October,0,0,0,0,0,0,0,0,1,0,0,0,0,0,0,1,0,0,0
2018-10-31,20:35:00,02,03,01,07,02,01,0,388623.8062,5032208.518999999,False,October,0,1,0,0,0,0,0,0,0,0,1,0,0,0,0,1,0,0,0
2018-10-31,20:47:00,03,03,01,07,02,01,0,372501.5019,5033247.819,False,October,0,1,0,0,0,0,0,0,0,1,0,0,0,0,0,1,0,0,0
2018-10-31,21:00:00,02,07,07,07,02,,0,355930.1531,5007471.937,False,October,0,0,0,0,0,0,0,0,1,0,0,0,0,0,0,1,0,0,0
2018-11-01,00:16:00,03,01,02,07,02,01,0,376683.7452,5028863.536,False,November,0,1,0,0,0,0,0,0,0,1,0,0,0,0,0,1,0,0,0
2018-11-01,07:11:00,02,07,07,03,01,,0,381981.8389,5038044.978,False,November,0,0,0,0,0,0,0,0,1,0,0,0,0,0,0,1,0,0,0
2018-11-01,07:37:00,03,07,02,01,02,,0,379942.9265,5038253.233,False,November,0,0,0,0,0,0,0,0,1,0,0,0,0,0,0,1,0,0,0
2018-11-01,08:00:00,03,03,01,01,02,01,0,359718.6779,5019554.477,False,November,1,0,0,0,0,0,0,0,0,1,0,0,0,0,0,1,0,0,0
2018-10-31,18:45:00,03,03,02,05,02,01,0,368206.709,5032227.581,False,October,1,0,0,0,0,0,0,0,0,1,0,0,0,0,0,1,0,0,0
2018-11-01,08:13:00,03,04,07,01,02,01,0,361909.6872,5025370.52,False,November,1,0,0,0,0,0,0,0,0,1,0,0,0,0,0,1,0,0,0
2018-11-01,08:26:00,03,03,01,01,02,01,0,369431.7418,5029532.494,False,November,1,0,0,0,0,0,0,0,0,0,1,0,0,0,0,1,0,0,0
2018-11-01,07:35:00,03,03,02,01,02,,0,357239.9875,5020556.334,False,November,0,0,0,0,0,0,0,0,1,0,0,0,0,0,0,1,0,0,0
2018-11-01,08:58:00,03,03,02,01,02,,0,395327.7861,5022579.42,True,November,0,0,0,0,0,0,0,0,0,0,0,0,0,0,1,1,0,0,0
2018-11-01,08:30:00,03,03,01,01,02,00,0,359718.6776,5019554.478,False,November,1,0,0,0,0,0,0,0,0,1,0,0,0,0,0,1,0,0,0
2018-11-01,09:43:00,02,02,01,01,01,,0,372421.0566,5031752.131,False,November,0,0,0,0,0,0,0,0,0,0,0,1,0,0,0,1,0,0,0
2018-11-01,10:39:00,03,03,02,01,02,01,0,368194.7157,5022793.5,False,November,1,0,0,0,0,0,0,0,0,1,0,0,0,0,0,1,0,0,0
2018-11-01,11:24:00,03,06,01,01,07,,0,372444.72799999994,5034705.752,False,November,0,0,0,0,0,0,0,0,1,0,0,0,0,0,0,1,0,0,0
2018-11-01,11:48:00,03,06,01,01,01,,0,367070.7744,5023278.761,False,November,0,0,0,0,0,0,0,0,1,0,0,0,0,0,0,1,0,0,0
2018-11-01,12:04:00,03,04,01,01,01,01,0,365612.6951,5021942.498,False,November,1,0,0,0,0,0,0,0,0,1,0,0,0,0,0,1,0,0,0
2018-11-01,12:22:00,02,04,01,01,01,01,0,353214.5215,5019565.558,False,November,1,0,0,0,0,0,0,0,0,1,0,0,0,0,0,1,0,0,0
2018-10-31,17:46:00,03,05,01,05,02,,0,367318.703,5029643.552,False,October,0,0,0,0,0,0,0,0,0,0,1,0,0,0,0,1,0,0,0
2018-11-01,12:46:00,03,02,01,01,01,,0,379312.4931,5036195.856000001,False,November,0,0,0,0,0,0,0,0,0,0,0,1,0,0,0,1,0,0,0
2018-11-01,12:45:00,03,04,01,01,01,01,0,368315.9339,5032191.978,False,November,1,0,0,0,0,0,0,0,0,1,0,0,0,0,0,1,0,0,0
2018-11-01,13:16:00,02,07,01,01,01,,1,383894.8287,5036135.728999999,False,November,0,0,0,0,0,0,0,0,1,0,0,0,0,0,0,1,0,0,0
2018-11-01,06:45:00,03,07,01,07,01,,0,367782.5025,4994832.381,False,November,0,0,0,0,0,0,0,0,1,0,0,0,0,0,0,1,0,0,0
2018-11-01,14:45:00,03,03,02,01,02,01,0,361934.6841,5025830.528,False,November,1,0,0,0,0,0,0,0,0,1,0,0,0,0,0,1,0,0,0
2018-10-27,20:00:00,03,03,02,07,02,01,0,366967.696,5030476.572,False,October,1,0,0,0,0,0,0,0,0,1,0,0,0,0,0,1,0,0,0
2018-11-01,08:05:00,03,03,02,01,02,01,0,364358.7038,5024890.513,False,November,1,0,0,0,0,0,0,0,0,0,1,0,0,0,0,1,0,0,0
2018-10-29,,03,06,01,00,01,,0,371552.2557,5024420.17,False,October,0,0,0,0,0,0,0,0,1,0,0,0,0,0,0,1,0,0,0
2018-11-01,15:28:00,03,04,01,01,01,01,0,364894.7041,5027392.544,False,November,1,0,0,0,0,0,0,0,0,1,0,0,0,0,0,1,0,0,0
2018-11-01,15:41:00,03,05,01,01,01,01,0,364737.6969,5029595.557,False,November,1,0,0,0,0,0,0,0,0,0,1,0,0,0,0,1,0,0,0
2018-11-01,06:30:00,03,04,01,03,01,01,0,347174.6011,5026065.537,False,November,1,0,0,0,0,0,0,0,0,1,0,0,0,0,0,1,0,0,0
2018-11-01,17:04:00,03,02,01,05,01,01,0,348804.5708,5014360.432,False,November,1,0,0,0,0,0,0,0,0,1,0,0,0,0,0,1,0,0,0
2018-11-01,17:05:00,03,03,01,07,02,,0,350436.3526,5015621.223,False,November,0,0,0,0,0,0,0,0,1,0,0,0,0,0,0,1,0,0,0
2018-10-31,21:30:00,03,06,07,07,02,,0,385628.5747,5037684.301,False,October,0,0,0,0,0,0,0,0,1,0,0,0,0,0,0,1,0,0,0
2018-11-01,,03,06,01,00,02,,0,363020.3749,5028353.966,False,November,0,0,0,0,0,0,0,0,1,0,0,0,0,0,0,1,0,0,0
2018-11-01,19:12:00,03,04,01,07,01,,0,371274.0576,5023853.796,False,November,0,0,0,0,0,0,0,0,1,0,0,0,0,0,0,1,0,0,0
2018-11-01,20:15:00,03,06,02,07,02,,0,365090.6441,5012122.311000001,False,November,0,0,0,0,0,0,0,0,0,1,0,0,0,0,0,1,0,0,0
2018-11-01,21:14:00,03,02,02,07,02,01,0,368212.6974,5032607.588,False,November,0,1,0,0,0,0,0,0,0,0,1,0,0,0,0,1,0,0,0
2018-11-01,19:30:00,03,03,02,07,02,,0,354305.2446,5016821.518999999,False,November,0,0,0,0,0,0,0,0,1,0,0,0,0,0,0,1,0,0,0
2018-11-01,21:38:00,02,07,02,07,02,01,1,374634.7501,5032991.518,False,November,1,0,0,0,0,0,0,0,0,0,1,0,0,0,0,1,0,0,0
2018-11-01,21:05:00,02,07,02,07,02,01,1,352292.2133,5017139.577,False,November,1,0,0,0,0,0,0,0,0,0,1,0,0,0,0,1,0,0,0
2018-11-02,06:58:00,03,07,02,03,02,01,1,381996.7349,5037996.588,False,November,1,0,0,0,0,0,0,0,0,0,1,0,0,0,0,1,0,0,0
2018-11-10,13:30:00,03,02,03,01,02,,0,372335.3921,5032077.473999999,False,November,0,0,0,0,0,0,0,0,0,0,0,1,0,0,0,1,0,0,0
2018-11-12,20:40:00,03,02,01,07,01,01,0,368877.5668,5032117.422,False,November,1,0,0,0,0,0,0,0,0,0,1,0,0,0,0,1,0,0,0
2018-11-19,13:15:00,03,06,01,01,04,,0,349740.11,5016605.123,False,November,0,0,0,0,0,0,0,0,1,0,0,0,0,0,0,1,0,0,0
2018-11-02,15:26:00,03,07,02,01,02,01,0,382213.7492,5037529.583000001,False,November,0,1,0,0,0,0,0,0,0,0,1,0,0,0,0,1,0,0,0
2018-11-02,15:47:00,03,03,01,01,01,01,0,374988.7326,5033486.583000001,False,November,1,0,0,0,0,0,0,0,0,1,0,0,0,0,0,1,0,0,0
2018-11-02,16:05:00,02,03,02,01,02,,0,395790.985,5043420.377,False,November,0,0,0,0,0,0,0,0,1,0,0,0,0,0,0,1,0,0,0
2018-11-05,19:19:00,03,03,02,07,02,01,0,363419.69,5021826.487,False,November,1,0,0,0,0,0,0,0,0,1,0,0,0,0,0,1,0,0,0
2018-11-10,12:00:00,03,03,02,01,02,01,0,382121.6312,5035266.89,False,November,1,0,0,0,0,0,0,0,0,1,0,0,0,0,0,1,0,0,0
2018-11-19,15:04:00,03,04,03,01,03,,0,367649.6496,5030988.949,False,November,0,0,0,0,0,0,0,0,1,0,0,0,0,0,0,1,0,0,0
2018-11-12,22:22:00,03,06,03,07,02,,0,367307.3406,5030287.535,False,November,0,0,0,0,0,0,0,0,1,0,0,0,0,0,0,1,0,0,0
2018-11-02,16:12:00,02,05,02,01,02,,0,365563.17600000004,5022624.197,False,November,0,0,0,0,0,0,0,0,0,0,0,1,0,0,0,1,0,0,0
2018-11-05,,03,06,02,00,02,,0,369566.5596,5031812.65,False,November,0,0,0,0,0,0,0,0,1,0,0,0,0,0,0,1,0,0,0
2018-11-10,13:00:00,03,03,01,01,01,01,0,364548.5418,5015173.397,False,November,1,0,0,0,0,0,0,0,0,1,0,0,0,0,0,1,0,0,0
2018-11-19,15:15:00,03,03,01,01,01,01,0,370944.555,5033530.432,False,November,0,1,0,0,0,0,0,0,0,0,1,0,0,0,0,1,0,0,0
2018-11-13,03:36:00,03,07,03,07,02,01,0,368529.1409,5029086.557,False,November,1,0,0,0,0,0,0,0,0,0,1,0,0,0,0,1,0,0,0
2018-11-02,15:30:00,03,03,02,01,02,01,0,373751.7319,5028417.544,False,November,1,0,0,0,0,0,0,0,0,1,0,0,0,0,0,1,0,0,0
2018-11-05,20:35:00,02,07,01,07,02,01,1,370482.7394,5032723.636,False,November,1,0,0,0,0,0,0,0,0,0,1,0,0,0,0,1,0,0,0
2018-11-09,17:37:00,03,04,02,07,02,,0,367472.5932,5029278.715,False,November,0,0,0,0,0,0,0,0,1,0,0,0,0,0,0,1,0,0,0
2018-11-14,19:00:00,02,03,01,07,01,01,0,349864.6413,5023399.553,False,November,1,0,0,0,0,0,0,0,0,1,0,0,0,0,0,1,0,0,0
2018-11-19,,03,06,03,00,04,,0,367006.6333,5030176.278,False,November,0,0,0,0,0,0,0,0,1,0,0,0,0,0,0,1,0,0,0
2018-11-19,,03,06,01,00,04,,0,371181.5403,5032347.8719999995,False,November,0,0,0,0,0,0,0,0,1,0,0,0,0,0,0,1,0,0,0
2018-11-19,15:40:00,03,05,01,01,02,01,0,364742.9096,5025129.3889999995,False,November,1,0,0,0,0,0,0,0,0,0,1,0,0,0,0,1,0,0,0
2018-11-19,15:49:00,03,03,03,01,02,01,0,369995.8057,5026851.402,False,November,1,0,0,0,0,0,0,0,0,1,0,0,0,0,0,1,0,0,0
2018-11-14,19:15:00,03,03,01,07,01,01,0,382637.7868,5035567.459,False,November,1,0,0,0,0,0,0,0,0,1,0,0,0,0,0,1,0,0,0
2018-11-19,16:45:00,02,03,03,05,03,,0,353360.6626,5022981.268,False,November,0,0,0,0,0,0,0,0,1,0,0,0,0,0,0,1,0,0,0
2018-11-19,17:04:00,03,03,01,07,02,01,0,373508.777,5013268.376,False,November,0,1,0,0,0,0,0,0,0,1,0,0,0,0,0,1,0,0,0
2018-11-19,17:08:00,02,05,01,07,01,01,0,377758.718,5015947.452,False,November,1,0,0,0,0,0,0,0,0,0,1,0,0,0,0,1,0,0,0
2018-11-19,17:31:00,03,03,03,07,02,01,0,371673.6614,5012108.475,False,November,1,0,0,0,0,0,0,0,0,1,0,0,0,0,0,1,0,0,0
2018-11-19,17:35:00,03,07,03,07,02,,0,380252.3626,5013213.216,False,November,0,0,0,0,0,0,0,0,1,0,0,0,0,0,0,1,0,0,0
2018-11-19,17:59:00,03,03,01,07,03,01,0,371445.7156,5032824.555,False,November,1,0,0,0,0,0,0,0,0,1,0,0,0,0,0,1,0,0,0
2018-11-19,18:54:00,03,03,03,07,03,,0,364669.0547,5024697.254,False,November,0,0,0,0,0,0,0,0,0,0,0,1,0,0,0,1,0,0,0
2018-11-17,18:30:00,03,04,01,07,02,,0,366413.0346,5029680.164,False,November,0,0,0,0,0,0,0,0,1,0,0,0,0,0,0,1,0,0,0
2018-11-19,21:51:00,03,07,03,07,03,,0,367923.5662,5033296.691000001,False,November,0,0,0,0,0,0,0,0,0,0,0,0,0,0,1,1,0,0,0
2018-11-19,21:56:00,03,07,02,07,03,,0,374961.1754,5032698.538,False,November,0,0,0,0,0,0,0,0,1,0,0,0,0,0,0,1,0,0,0
2018-11-20,00:10:00,03,04,01,07,01,,0,368399.7912,5032581.758,False,November,0,0,0,0,0,0,0,0,1,0,0,0,0,0,0,1,0,0,0
2018-11-20,01:54:00,02,07,03,07,06,,0,363007.3145,5016673.705,False,November,0,0,0,0,0,0,0,0,1,0,0,0,0,0,0,1,0,0,0
2018-11-20,04:13:00,03,04,02,07,03,,0,382209.4047,5035317.896000001,False,November,0,0,0,0,0,0,0,0,1,0,0,0,0,0,0,1,0,0,0
2018-11-20,06:30:00,03,05,03,07,03,01,0,372860.7654,5030578.711,False,November,1,0,0,0,0,0,0,0,0,0,1,0,0,0,0,1,0,0,0
2018-11-20,06:44:00,03,07,03,03,03,,0,347027.155,5024337.602,False,November,0,0,0,0,0,0,0,0,1,0,0,0,0,0,0,1,0,0,0
2018-11-20,07:08:00,03,04,03,03,03,00,0,363495.2893,5025387.338,False,November,0,1,0,0,0,0,0,0,0,1,0,0,0,0,0,1,0,0,0
2018-11-20,07:18:00,02,03,03,03,04,01,0,362706.0931,5023492.384,False,November,1,0,0,0,0,0,0,0,0,1,0,0,0,0,0,1,0,0,0
2018-11-20,07:30:00,03,03,03,01,04,01,0,384697.1996,5034388.902,False,November,0,1,0,0,0,0,0,0,0,1,0,0,0,0,0,1,0,0,0
2018-11-20,07:45:00,03,03,03,01,04,01,0,367409.3985,5025381.445,False,November,0,1,0,0,0,0,0,0,0,1,0,0,0,0,0,1,0,0,0
2018-11-20,08:00:00,03,06,03,01,04,,0,379696.8916,5036735.289,False,November,0,0,0,0,0,0,0,0,1,0,0,0,0,0,0,1,0,0,0
2018-11-20,08:14:00,03,02,03,01,04,01,0,369334.5483,5029962.563,False,November,0,0,1,0,0,0,0,0,0,0,1,0,0,0,0,1,0,0,0
2018-11-20,08:20:00,03,03,03,01,04,01,0,366860.6207,5029641.642,False,November,1,0,0,0,0,0,0,0,0,1,0,0,0,0,0,1,0,0,0
2018-11-20,08:21:00,03,03,03,01,03,01,0,385757.7454,5031832.517,False,November,1,0,0,0,0,0,0,0,0,1,0,0,0,0,0,1,0,0,0
2018-11-19,12:45:00,03,06,01,01,01,,0,371689.8708,5032848.179,False,November,0,0,0,0,0,0,0,0,1,0,0,0,0,0,0,1,0,0,0
2018-11-20,08:36:00,02,01,03,01,03,00,0,366710.6416,5029982.576,False,November,1,0,0,0,0,0,0,0,0,1,0,0,0,0,0,1,0,0,0
2018-11-20,08:36:00,03,02,03,01,03,01,0,378794.7638,5033314.706,False,November,0,1,0,0,0,0,0,0,0,0,1,0,0,0,0,1,0,0,0
2018-11-20,08:30:00,03,03,03,01,03,01,0,350942.6177,5016079.419,False,November,1,0,0,0,0,0,0,0,0,1,0,0,0,0,0,1,0,0,0
2018-11-20,08:37:00,03,03,03,01,03,01,0,372860.4986,5030578.591,False,November,1,0,0,0,0,0,0,0,0,1,0,0,0,0,0,1,0,0,0
2018-11-20,08:47:00,02,02,03,01,03,01,0,369249.6333,5025300.698,False,November,1,0,0,0,0,0,0,0,0,1,0,0,0,0,0,1,0,0,0
2018-11-20,08:48:00,03,06,03,01,03,,0,368095.9427,5032416.456,False,November,0,0,0,0,0,0,0,0,1,0,0,0,0,0,0,1,0,0,0
2018-11-20,08:52:00,03,03,03,01,03,01,0,374634.6406,5032991.709,False,November,1,0,0,0,0,0,0,0,0,1,0,0,0,0,0,1,0,0,0
2018-11-20,08:52:00,02,01,03,01,03,,0,378989.0431,5024025.813999999,False,November,0,0,0,0,0,0,0,0,1,0,0,0,0,0,0,1,0,0,0
2018-11-20,08:52:00,03,03,03,01,04,,0,381533.6647,5038229.115,False,November,0,0,0,0,0,0,0,0,1,0,0,0,0,0,0,1,0,0,0
2018-11-20,08:30:00,03,07,03,01,03,01,0,379015.76700000005,5033439.63,False,November,1,0,0,0,0,0,0,0,0,1,0,0,0,0,0,1,0,0,0
2018-11-20,09:08:00,03,03,03,01,04,,0,366898.9222,5026531.005,False,November,0,0,0,0,0,0,0,0,1,0,0,0,0,0,0,1,0,0,0
2018-11-20,09:20:00,03,07,03,01,03,,0,379764.8365,5032027.904,False,November,0,0,0,0,0,0,0,0,0,1,0,0,0,0,0,1,0,0,0
2018-11-20,07:50:00,03,02,03,01,03,01,0,364887.4123,5026361.634,False,November,0,1,0,0,0,0,0,0,0,0,1,0,0,0,0,1,0,0,0
2018-11-20,09:24:00,03,03,03,01,03,,0,353052.3367,5018013.178,False,November,0,0,0,0,0,0,0,0,1,0,0,0,0,0,0,1,0,0,0
2018-11-20,09:29:00,03,03,03,01,04,,0,362982.2138,5016396.27,False,November,0,0,0,0,0,0,0,0,1,0,0,0,0,0,0,1,0,0,0
2018-11-20,09:25:00,03,03,03,01,03,01,0,373099.7741,5030005.488,False,November,1,0,0,0,0,0,0,0,0,1,0,0,0,0,0,1,0,0,0
2018-11-20,09:52:00,02,01,03,01,03,,0,371174.4651,5021398.651000001,False,November,0,0,0,0,0,0,0,0,1,0,0,0,0,0,0,1,0,0,0
2018-11-20,09:58:00,03,06,03,01,05,,0,374542.3516,5030001.711,False,November,0,0,0,0,0,0,0,0,1,0,0,0,0,0,0,1,0,0,0
2018-11-20,10:02:00,03,03,03,01,04,01,0,368813.6884,5032223.763,False,November,0,1,0,0,0,0,0,0,0,1,0,0,0,0,0,1,0,0,0
2018-11-20,10:06:00,02,02,03,01,03,01,0,367097.8348,5031526.629,False,November,1,0,0,0,0,0,0,0,0,0,1,0,0,0,0,1,0,0,0
2018-11-20,09:10:00,03,03,03,01,04,01,0,359690.44299999997,5022563.501,False,November,0,1,0,0,0,0,0,0,0,1,0,0,0,0,0,1,0,0,0
2018-11-20,10:30:00,03,03,03,01,04,01,0,367458.3472,5021891.82,False,November,1,0,0,0,0,0,0,0,0,1,0,0,0,0,0,1,0,0,0
2018-11-20,08:30:00,03,03,03,01,02,01,0,367921.6724,5032044.641,False,November,1,0,0,0,0,0,0,0,0,1,0,0,0,0,0,1,0,0,0
2018-11-20,11:10:00,02,01,01,01,02,,0,371019.2109,5026965.728,False,November,0,0,0,0,0,0,0,0,0,0,0,1,0,0,0,1,0,0,0
2018-11-20,11:11:00,02,07,03,01,03,,0,376609.6197,5031624.761,False,November,0,0,0,0,0,0,0,0,1,0,0,0,0,0,0,1,0,0,0
2018-11-20,08:20:00,03,02,03,01,04,,0,367426.5478,5025725.907,False,November,0,0,0,0,0,0,0,0,0,0,0,1,0,0,0,1,0,0,0
2018-11-20,11:18:00,03,06,03,01,04,,0,365574.9266,5029961.324,False,November,0,0,0,0,0,0,0,0,1,0,0,0,0,0,0,1,0,0,0
2018-11-20,08:45:00,03,03,04,01,03,01,0,374674.74100000004,5028499.69,False,November,1,0,0,0,0,0,0,0,0,1,0,0,0,0,0,1,0,0,0
2018-11-20,12:10:00,03,02,03,01,03,01,0,359140.6071,5024077.53,False,November,0,1,0,0,0,0,0,0,0,1,0,0,0,0,0,1,0,0,0
2018-11-19,20:20:00,02,07,03,07,03,,0,389115.5974,5038306.799,False,November,0,0,0,0,0,0,0,0,1,0,0,0,0,0,0,1,0,0,0
2018-11-20,13:35:00,03,02,03,01,02,,0,369268.549,5032108.732,False,November,0,0,0,0,0,0,0,0,0,0,0,1,0,0,0,1,0,0,0
2018-11-20,12:20:00,03,04,03,01,03,00,0,369849.375,5034511.704,False,November,0,1,0,0,0,0,0,0,0,1,0,0,0,0,0,1,0,0,0
2018-11-20,14:19:00,03,04,01,01,02,01,0,368315.955,5032192.006,False,November,1,0,0,0,0,0,0,0,0,1,0,0,0,0,0,1,0,0,0
2018-11-20,14:28:00,03,07,03,01,06,,0,356024.8924,5012439.694,False,November,0,0,0,0,0,0,0,0,1,0,0,0,0,0,0,1,0,0,0
2018-11-19,11:00:00,03,06,03,01,06,,0,365279.703,5016309.142,False,November,0,0,0,0,0,0,0,0,0,0,0,1,0,0,0,1,0,0,0
2018-11-20,15:16:00,03,05,01,01,01,01,0,362706.2642,5023492.955,False,November,1,0,0,0,0,0,0,0,0,0,1,0,0,0,0,1,0,0,0
2018-11-20,15:32:00,03,03,01,01,02,01,0,359058.7659,5022748.4860000005,False,November,1,0,0,0,0,0,0,0,0,1,0,0,0,0,0,1,0,0,0
2018-11-20,,03,06,03,00,02,,0,349648.5311,5012779.172,False,November,0,0,0,0,0,0,0,0,1,0,0,0,0,0,0,1,0,0,0
2018-11-20,15:56:00,03,05,01,01,04,01,0,363145.6624,5025983.56,True,November,1,0,0,0,0,0,0,0,0,0,1,0,0,0,0,1,0,0,0
2018-11-20,16:00:00,03,05,01,01,02,01,0,364275.7404,5027493.614,False,November,1,0,0,0,0,0,0,0,0,0,1,0,0,0,0,1,0,0,0
2018-11-20,16:16:00,03,04,01,05,04,01,0,377128.69299999997,5035239.609,False,November,1,0,0,0,0,0,0,0,0,1,0,0,0,0,0,1,0,0,0
2018-11-20,16:24:00,03,01,03,05,02,,0,377298.6814,5022860.536,False,November,0,0,0,0,0,0,0,0,1,0,0,0,0,0,0,1,0,0,0
2018-11-17,20:12:00,03,07,03,07,03,,0,364371.5192,5013401.669,False,November,0,0,0,0,0,0,0,0,1,0,0,0,0,0,0,1,0,0,0
2018-11-20,16:37:00,03,03,01,05,02,00,0,371324.7791,5032811.704,False,November,0,1,0,0,0,0,0,0,0,1,0,0,0,0,0,1,0,0,0
2018-11-20,16:51:00,03,03,01,05,02,,0,361868.9963,5013638.344,False,November,0,0,0,0,0,0,0,0,0,0,0,0,1,0,0,1,0,0,0
2018-11-20,17:03:00,02,03,01,05,06,01,0,350942.4276,5016079.348999999,False,November,1,0,0,0,0,0,0,0,0,1,0,0,0,0,0,1,0,0,0
2018-11-20,13:45:00,03,03,03,01,03,01,0,370337.6409,5025947.726,False,November,1,0,0,0,0,0,0,0,0,1,0,0,0,0,0,1,0,0,0
2018-11-20,17:00:00,03,05,03,05,02,,0,363492.1128,5009734.018,False,November,0,0,0,0,0,0,0,0,0,0,0,1,0,0,0,1,0,0,0
2018-11-20,17:18:00,03,04,01,07,03,01,0,363763.5169,5021067.3319999995,False,November,1,0,0,0,0,0,0,0,0,1,0,0,0,0,0,1,0,0,0
2018-11-20,17:17:00,03,03,01,05,01,01,0,367399.8941,5019166.4969999995,False,November,1,0,0,0,0,0,0,0,0,1,0,0,0,0,0,1,0,0,0
2018-11-20,19:54:00,03,04,01,07,02,01,0,367869.5764,5032009.702,False,November,1,0,0,0,0,0,0,0,0,0,1,0,0,0,0,1,0,0,0
2018-11-05,19:50:00,03,06,03,07,03,01,0,361396.5871,5014648.178,False,November,0,1,0,0,0,0,0,0,0,1,0,0,0,0,0,1,0,0,0
2018-11-02,16:00:00,02,02,02,01,02,,0,375751.9185,5020402.802,False,November,0,0,0,0,0,0,0,0,0,0,0,1,0,0,0,1,0,0,0
2018-11-02,16:52:00,03,0,02,05,02,01,0,371608.73600000003,5024096.506,False,November,1,0,0,0,0,0,0,0,0,1,0,0,0,0,0,1,0,0,0
2018-11-10,15:21:00,02,03,01,01,01,,0,368758.8684,5026706.237,False,November,0,0,0,0,0,0,0,0,1,0,0,0,0,0,0,1,0,0,0
2018-11-05,18:30:00,02,07,02,07,02,01,1,370077.6424,5031924.551,False,November,0,1,0,0,0,0,0,0,0,0,1,0,0,0,0,1,0,0,0