DATE,TIME,CLASS_OF_ACCIDENT,IMPACT_TYPE,ENVIRONMENT,LIGHT,ROAD_SURFACE_CONDITION,TRAFFIC_CONTROL_CONDITION,NO_OF_PEDESTRIANS,X,Y,Highway,Month,categorical_TRAFFIC_CONTROL_01,categorical_TRAFFIC_CONTROL_02,categorical_TRAFFIC_CONTROL_03,categorical_TRAFFIC_CONTROL_04,categorical_TRAFFIC_CONTROL_07,categorical_TRAFFIC_CONTROL_08,categorical_TRAFFIC_CONTROL_09,categorical_TRAFFIC_CONTROL_11,categorical_ACCIDENT_LOCATION_01,categorical_ACCIDENT_LOCATION_02,categorical_ACCIDENT_LOCATION_03,categorical_ACCIDENT_LOCATION_04,categorical_ACCIDENT_LOCATION_05,categorical_ACCIDENT_LOCATION_06,categorical_ACCIDENT_LOCATION_07,categorical_Seasons_Fall,categorical_Seasons_Spring,categorical_Seasons_Summer,categorical_Seasons_Winter
2018-11-09,22:30:00,03,03,03,07,04,01,0,374573.7512,5023515.511,False,November,0,1,0,0,0,0,0,0,0,1,0,0,0,0,0,1,0,0,0
2018-11-05,21:04:00,02,07,01,07,02,01,1,369851.7123,5033267.591,False,November,1,0,0,0,0,0,0,0,0,1,0,0,0,0,0,1,0,0,0
2018-11-13,05:14:00,03,07,02,07,04,,0,367917.2346,5026604.621,False,November,0,0,0,0,0,0,0,0,1,0,0,0,0,0,0,1,0,0,0
2018-11-02,16:54:00,03,06,01,05,02,,0,368087.9224,5023084.8889999995,False,November,0,0,0,0,0,0,0,0,1,0,0,0,0,0,0,1,0,0,0
2018-11-10,17:02:00,03,04,01,07,01,00,0,367102.5913,5031152.663,False,November,1,0,0,0,0,0,0,0,0,1,0,0,0,0,0,1,0,0,0
2018-11-06,00:35:00,02,02,01,07,01,01,0,367907.7075,5030188.563999999,False,November,1,0,0,0,0,0,0,0,0,0,1,0,0,0,0,1,0,0,0
2018-11-13,06:29:00,02,07,03,07,02,01,1,360531.0797,5023312.577,True,November,1,0,0,0,0,0,0,0,0,0,1,0,0,0,0,1,0,0,0
2018-11-02,17:07:00,03,03,02,05,02,,0,370779.9224,5030938.605,True,November,0,0,0,0,0,0,0,0,1,0,0,0,0,0,0,1,0,0,0
2018-11-10,16:18:00,03,06,01,01,01,,0,369177.5188,5033577.103999999,False,November,0,0,0,0,0,0,0,0,1,0,0,0,0,0,0,1,0,0,0
2018-11-06,05:49:00,03,07,0,07,01,,0,385302.31899999996,5005823.272,False,November,0,0,0,0,0,0,0,0,1,0,0,0,0,0,0,1,0,0,0
2018-11-13,06:45:00,03,03,03,03,02,01,0,375507.7634,5026406.528,False,November,1,0,0,0,0,0,0,0,0,1,0,0,0,0,0,1,0,0,0
2018-11-02,17:24:00,03,03,02,07,02,,0,351997.0105,5018883.652,False,November,0,0,0,0,0,0,0,0,1,0,0,0,0,0,0,1,0,0,0
2018-11-10,16:24:00,03,06,01,05,01,,0,370701.7608,5030208.325,False,November,0,0,0,0,0,0,0,0,1,0,0,0,0,0,0,1,0,0,0
2018-11-06,07:10:00,03,03,02,03,02,,0,372989.8898,5034474.491,False,November,0,0,0,0,0,0,0,0,1,0,0,0,0,0,0,1,0,0,0
2018-11-06,07:14:00,03,07,02,01,02,,0,364077.661,5029978.326,False,November,0,0,0,0,0,0,0,0,1,0,0,0,0,0,0,1,0,0,0
2018-11-06,08:22:00,03,03,02,01,02,,0,367051.2626,5026470.133,False,November,0,0,0,0,0,0,0,0,1,0,0,0,0,0,0,1,0,0,0
2018-11-06,09:08:00,02,07,02,01,02,,1,368100.7517,5027782.991,False,November,0,0,0,0,0,0,0,0,1,0,0,0,0,0,0,1,0,0,0
2018-11-06,09:44:00,03,03,02,01,02,01,0,382637.6208,5035567.826,False,November,1,0,0,0,0,0,0,0,0,1,0,0,0,0,0,1,0,0,0
2018-11-06,08:00:00,03,05,02,01,02,01,0,367850.71200000006,5031711.5819999995,False,November,1,0,0,0,0,0,0,0,0,0,1,0,0,0,0,1,0,0,0
2018-11-06,10:40:00,01,02,02,01,02,01,0,320846.4699,5028844.643999999,False,November,0,1,0,0,0,0,0,0,0,0,1,0,0,0,0,1,0,0,0
2018-11-06,10:49:00,03,02,02,01,02,,0,361463.5679,5020540.018999999,False,November,0,0,0,0,0,0,0,0,0,0,0,1,0,0,0,1,0,0,0
2018-11-06,10:55:00,03,03,02,01,02,01,0,363670.6906,5021246.489,False,November,1,0,0,0,0,0,0,0,0,1,0,0,0,0,0,1,0,0,0
2018-11-03,19:00:00,03,06,02,07,02,,0,366614.8784,5029150.888,False,November,0,0,0,0,0,0,0,0,1,0,0,0,0,0,0,1,0,0,0
2018-11-05,17:30:00,03,03,02,07,02,01,0,370166.7164,5030205.566000001,False,November,1,0,0,0,0,0,0,0,0,1,0,0,0,0,0,1,0,0,0
2018-11-06,12:17:00,03,03,01,01,01,,0,371649.412,5024093.028,False,November,0,0,0,0,0,0,0,0,1,0,0,0,0,0,0,1,0,0,0
2018-11-06,12:17:00,03,0,02,01,02,01,0,364548.8101,5015173.325,False,November,1,0,0,0,0,0,0,0,0,1,0,0,0,0,0,1,0,0,0
2018-11-06,12:35:00,03,04,01,01,01,01,0,368341.1803,5032120.449,False,November,1,0,0,0,0,0,0,0,0,1,0,0,0,0,0,1,0,0,0
2018-11-06,13:10:00,03,04,01,01,01,01,0,364172.2085,5014944.572,False,November,1,0,0,0,0,0,0,0,0,1,0,0,0,0,0,1,0,0,0
2018-11-06,13:00:00,03,02,02,01,02,01,0,384682.75399999996,5039285.5819999995,False,November,0,0,0,0,0,0,0,1,0,0,1,0,0,0,0,1,0,0,0
2018-11-06,13:25:00,02,03,02,01,02,01,0,363227.6943,5028292.551,False,November,1,0,0,0,0,0,0,0,0,0,1,0,0,0,0,1,0,0,0
2018-11-06,13:43:00,03,03,01,01,01,01,0,350594.8673,5019401.945,False,November,1,0,0,0,0,0,0,0,0,1,0,0,0,0,0,1,0,0,0
2018-11-06,13:54:00,03,03,02,01,02,01,0,368036.7027,5021945.498,False,November,1,0,0,0,0,0,0,0,0,1,0,0,0,0,0,1,0,0,0
2018-11-06,14:23:00,02,03,02,01,02,01,0,351051.5067,5017887.502,False,November,1,0,0,0,0,0,0,0,0,1,0,0,0,0,0,1,0,0,0
2018-11-05,17:30:00,02,07,02,07,02,01,1,368074.7114,5031345.576,False,November,1,0,0,0,0,0,0,0,0,0,1,0,0,0,0,1,0,0,0
2018-11-06,13:45:00,03,04,02,01,02,00,0,370305.9317,5026043.255,False,November,0,0,0,0,0,0,0,0,1,0,0,0,0,0,0,1,0,0,0
2018-11-06,15:26:00,02,07,01,01,02,01,1,367753.234,5028446.589,False,November,0,0,1,0,0,0,0,0,0,1,0,0,0,0,0,1,0,0,0
2018-11-06,15:50:00,03,03,01,01,02,01,0,351543.9991,5016629.975,False,November,1,0,0,0,0,0,0,0,0,1,0,0,0,0,0,1,0,0,0
2018-11-06,15:00:00,03,02,01,01,01,01,0,358234.656,5023497.518,False,November,1,0,0,0,0,0,0,0,0,0,1,0,0,0,0,1,0,0,0
2018-11-06,16:01:00,02,02,01,01,02,01,0,370159.7055,5033113.587,False,November,0,1,0,0,0,0,0,0,0,0,1,0,0,0,0,1,0,0,0
2018-11-06,,03,06,02,00,02,,0,368996.3456,5031924.445,False,November,0,0,0,0,0,0,0,0,1,0,0,0,0,0,0,1,0,0,0
2018-11-06,16:13:00,03,02,01,01,02,01,0,350267.6051,5016713.454,False,November,1,0,0,0,0,0,0,0,0,0,1,0,0,0,0,1,0,0,0
2018-11-06,16:45:00,03,02,02,05,02,01,0,383540.7638,5035988.563999999,False,November,1,0,0,0,0,0,0,0,0,0,1,0,0,0,0,1,0,0,0
2018-11-06,16:30:00,03,06,01,05,02,,0,386595.7574,5036250.18,False,November,0,0,0,0,0,0,0,0,1,0,0,0,0,0,0,1,0,0,0
2018-11-06,16:30:00,03,04,02,05,02,01,0,367832.096,5033871.926,False,November,1,0,0,0,0,0,0,0,0,1,0,0,0,0,0,1,0,0,0
2018-11-06,16:44:00,03,03,01,05,02,01,0,370752.7094,5033438.589,False,November,0,1,0,0,0,0,0,0,0,1,0,0,0,0,0,1,0,0,0
2018-11-06,17:07:00,03,03,01,05,02,01,0,360278.3911,5014851.596,True,November,1,0,0,0,0,0,0,0,0,1,0,0,0,0,0,1,0,0,0
2018-11-06,17:08:00,02,07,01,07,01,01,0,370802.0775,5031015.908,True,November,1,0,0,0,0,0,0,0,0,1,0,0,0,0,0,1,0,0,0
2018-11-06,08:40:00,03,0,02,01,02,01,0,368957.7101,5031673.578,False,November,1,0,0,0,0,0,0,0,0,1,0,0,0,0,0,1,0,0,0
2018-11-06,17:28:00,02,05,01,07,02,01,0,349558.3979,5014878.718,False,November,1,0,0,0,0,0,0,0,0,0,1,0,0,0,0,1,0,0,0
2018-11-06,17:36:00,03,02,02,07,02,01,0,373902.75,5028046.855,False,November,1,0,0,0,0,0,0,0,0,0,1,0,0,0,0,1,0,0,0
2018-11-05,17:38:00,03,04,01,07,01,01,0,372093.7128,5032472.585,False,November,1,0,0,0,0,0,0,0,0,0,1,0,0,0,0,1,0,0,0
2018-11-06,17:40:00,03,07,01,07,01,,0,343983.8603,5027546.493,False,November,0,0,0,0,0,0,0,0,1,0,0,0,0,0,0,1,0,0,0
2018-11-06,01:00:00,03,06,01,00,02,,0,373658.7228,5033217.5819999995,False,November,0,0,0,0,0,0,0,0,1,0,0,0,0,0,0,1,0,0,0
2018-11-06,18:24:00,03,02,01,07,02,,0,373023.63200000004,5030639.087,False,November,0,0,0,0,0,0,0,0,0,0,0,1,0,0,0,1,0,0,0
2018-11-06,11:40:00,03,06,02,01,02,,0,384397.91,5039539.186000001,False,November,0,0,0,0,0,0,0,0,1,0,0,0,0,0,0,1,0,0,0
2018-11-06,20:16:00,03,07,01,07,02,,0,345209.5163,5018298.39,False,November,0,0,0,0,0,0,0,0,1,0,0,0,0,0,0,1,0,0,0
2018-11-06,21:10:00,02,05,01,07,02,01,0,367257.7069,5031628.573,False,November,1,0,0,0,0,0,0,0,0,0,1,0,0,0,0,1,0,0,0
2018-11-06,21:18:00,02,03,01,07,02,,0,384312.615,5035299.675,False,November,0,0,0,0,0,0,0,0,1,0,0,0,0,0,0,1,0,0,0
2018-11-07,01:50:00,03,07,01,07,01,01,0,367097.6975,5031526.573,False,November,1,0,0,0,0,0,0,0,0,0,1,0,0,0,0,1,0,0,0
2018-11-07,08:09:00,03,03,01,01,01,,0,367578.7353,5029021.71,False,November,0,0,0,0,0,0,0,0,1,0,0,0,0,0,0,1,0,0,0
2018-11-07,08:10:00,02,03,01,01,01,,0,366729.50399999996,5015181.26,False,November,0,0,0,0,0,0,0,0,1,0,0,0,0,0,0,1,0,0,0
2018-11-07,08:30:00,03,03,01,01,01,01,0,364332.6955,5027522.541999999,True,November,0,0,1,0,0,0,0,0,0,1,0,0,0,0,0,1,0,0,0
2018-11-06,18:00:00,03,07,01,07,02,,0,354106.7385,5018675.226,False,November,0,0,0,0,0,0,0,0,1,0,0,0,0,0,0,1,0,0,0
2018-11-07,10:50:00,03,02,01,01,01,01,0,387268.8734,5031812.709,False,November,0,1,0,0,0,0,0,0,0,0,1,0,0,0,0,1,0,0,0
2018-11-07,10:12:00,02,02,01,01,01,,0,386610.1622,5037290.47,False,November,0,0,0,0,0,0,0,0,0,0,0,1,0,0,0,1,0,0,0
2018-11-06,17:50:00,03,02,01,07,01,01,0,363594.6779,5015403.437,False,November,0,0,1,0,0,0,0,0,0,0,1,0,0,0,0,1,0,0,0
2018-11-07,10:25:00,03,06,01,01,01,01,0,367306.7096,5029162.556,False,November,0,1,0,0,0,0,0,0,0,1,0,0,0,0,0,1,0,0,0
2018-11-06,19:50:00,03,03,01,07,02,01,0,352859.1176,5017840.893,False,November,1,0,0,0,0,0,0,0,0,0,1,0,0,0,0,1,0,0,0
2018-11-07,08:30:00,03,03,01,01,01,,0,376180.7521,5034879.82,False,November,0,0,0,0,0,0,0,0,1,0,0,0,0,0,0,1,0,0,0
2018-11-07,11:30:00,03,05,01,01,01,,0,369781.401,5031389.337,False,November,0,0,0,0,0,0,0,0,0,0,0,1,0,0,0,1,0,0,0
2018-11-07,12:15:00,03,03,02,01,02,01,0,365462.7011,5022298.499,False,November,1,0,0,0,0,0,0,0,0,1,0,0,0,0,0,1,0,0,0
2018-11-06,11:00:00,03,06,01,01,01,,0,367843.8403,5032289.572,False,November,0,0,0,0,0,0,0,0,1,0,0,0,0,0,0,1,0,0,0
2018-11-07,12:24:00,02,0,01,01,01,,0,368602.2218,5032469.46,False,November,0,0,0,0,0,0,0,0,1,0,0,0,0,0,0,1,0,0,0
2018-11-06,21:00:00,03,03,01,07,02,,0,361350.2741,5023033.313999999,False,November,0,0,0,0,0,0,0,0,1,0,0,0,0,0,0,1,0,0,0
2018-11-07,12:44:00,02,05,01,01,02,01,0,348803.086,5019506.072,False,November,1,0,0,0,0,0,0,0,0,0,1,0,0,0,0,1,0,0,0
2018-11-07,12:45:00,03,05,01,01,01,01,0,372146.7162,5034108.583000001,False,November,1,0,0,0,0,0,0,0,0,0,1,0,0,0,0,1,0,0,0
2018-11-07,13:15:00,02,03,02,01,02,,0,355400.9393,5014069.944,False,November,0,0,0,0,0,0,0,0,1,0,0,0,0,0,0,1,0,0,0
2018-11-07,13:23:00,03,07,01,01,01,,0,367297.35,5015735.719,False,November,0,0,0,0,0,0,0,0,1,0,0,0,0,0,0,1,0,0,0
2018-11-07,14:15:00,03,04,01,01,01,01,0,372391.5453,5031742.538,False,November,1,0,0,0,0,0,0,0,0,0,1,0,0,0,0,1,0,0,0
2018-11-07,14:16:00,02,03,01,01,02,,0,370761.1668,5025026.925,False,November,0,0,0,0,0,0,0,0,1,0,0,0,0,0,0,1,0,0,0
2018-11-07,14:14:00,03,02,01,01,01,01,0,372391.7254,5031742.563999999,False,November,1,0,0,0,0,0,0,0,0,0,1,0,0,0,0,1,0,0,0
2018-11-07,14:16:00,03,05,02,01,02,,0,359217.105,5023535.388,False,November,0,0,0,0,0,0,0,0,1,0,0,0,0,0,0,1,0,0,0
2018-11-07,14:55:00,03,04,01,01,01,00,0,369059.6716,5031507.445,False,November,1,0,0,0,0,0,0,0,0,1,0,0,0,0,0,1,0,0,0
2018-11-07,15:34:00,02,05,01,01,01,01,0,361863.6624,5020584.563999999,False,November,1,0,0,0,0,0,0,0,0,0,1,0,0,0,0,1,0,0,0
2018-11-07,15:42:00,03,04,01,01,01,01,0,367916.7552,5030562.672,False,November,1,0,0,0,0,0,0,0,0,1,0,0,0,0,0,1,0,0,0
2018-11-07,15:45:00,03,04,01,01,01,01,0,368160.7504,5032968.741,False,November,1,0,0,0,0,0,0,0,0,1,0,0,0,0,0,1,0,0,0
2018-11-13,07:05:00,03,03,03,03,02,01,0,365059.5042,5029474.633,False,November,0,1,0,0,0,0,0,0,0,1,0,0,0,0,0,1,0,0,0
2018-11-02,17:48:00,03,05,02,07,02,01,0,364880.7065,5025067.52,False,November,1,0,0,0,0,0,0,0,0,1,0,0,0,0,0,1,0,0,0
2018-11-02,18:02:00,03,03,02,07,02,01,0,368167.7109,5026222.522,False,November,1,0,0,0,0,0,0,0,0,1,0,0,0,0,0,1,0,0,0
2018-11-10,16:36:00,02,02,01,05,01,01,0,363229.7516,5025774.535,True,November,1,0,0,0,0,0,0,0,0,0,1,0,0,0,0,1,0,0,0
2018-11-13,07:56:00,03,01,03,01,02,01,0,362282.8287,5024441.383,False,November,1,0,0,0,0,0,0,0,0,1,0,0,0,0,0,1,0,0,0
2018-10-31,17:40:00,03,04,02,05,02,,0,368757.6904,5026705.901000001,False,October,0,0,0,0,0,0,0,0,1,0,0,0,0,0,0,1,0,0,0
2018-11-10,17:08:00,02,05,01,07,01,,0,371554.1013,5030552.27,False,November,0,0,0,0,0,0,0,0,0,0,0,1,0,0,0,1,0,0,0
2018-11-13,08:07:00,03,03,01,01,01,01,0,365054.8625,5025325.775,False,November,1,0,0,0,0,0,0,0,0,1,0,0,0,0,0,1,0,0,0
2018-11-02,19:57:00,02,03,01,07,01,01,0,373763.6528,5025404.68,False,November,1,0,0,0,0,0,0,0,0,1,0,0,0,0,0,1,0,0,0
2018-11-10,17:10:00,02,07,06,07,01,01,1,372241.8428,5032111.666999999,False,November,1,0,0,0,0,0,0,0,0,0,1,0,0,0,0,1,0,0,0
2018-11-10,17:29:00,02,07,01,07,01,01,1,372860.7151,5031871.616,False,November,1,0,0,0,0,0,0,0,0,0,1,0,0,0,0,1,0,0,0
2018-11-10,17:37:00,03,03,01,07,01,01,0,363419.7779,5021826.643,False,November,1,0,0,0,0,0,0,0,0,1,0,0,0,0,0,1,0,0,0
2018-11-10,18:35:00,03,03,01,07,01,01,0,361934.6841,5025830.528,False,November,1,0,0,0,0,0,0,0,0,1,0,0,0,0,0,1,0,0,0
2018-11-10,18:53:00,03,02,01,07,01,,0,367363.1027,5029535.585,False,November,0,0,0,0,0,0,0,0,0,0,0,1,0,0,0,1,0,0,0
2018-11-10,,03,06,03,00,02,,0,370185.6652,5028412.623,False,November,0,0,0,0,0,0,0,0,1,0,0,0,0,0,0,1,0,0,0
2018-11-10,18:15:00,03,04,02,07,02,01,0,368591.6945,5032273.58,False,November,0,1,0,0,0,0,0,0,0,1,0,0,0,0,0,1,0,0,0
2018-11-10,17:25:00,03,03,03,07,03,00,0,365097.1421,5023171.209,False,November,1,0,0,0,0,0,0,0,0,1,0,0,0,0,0,1,0,0,0
2018-11-10,23:04:00,03,0,01,07,01,,0,366135.0244,5022257.787,False,November,0,0,0,0,0,0,0,0,0,0,0,1,0,0,0,1,0,0,0
2018-11-10,23:09:00,03,0,01,07,01,,0,368414.2239,5032163.192,False,November,0,0,0,0,0,0,0,0,1,0,0,0,0,0,0,1,0,0,0
2018-11-10,23:55:00,03,07,01,07,01,,0,356592.5132,4991245.076,False,November,0,0,0,0,0,0,0,0,1,0,0,0,0,0,0,1,0,0,0
2018-11-11,03:14:00,02,07,01,07,01,,0,371138.7175,5033259.592,False,November,0,0,0,0,0,0,0,0,0,1,0,0,0,0,0,1,0,0,0
2018-11-11,01:48:00,03,03,01,07,01,,0,370191.8061,5026878.465,False,November,0,0,0,0,0,0,0,0,1,0,0,0,0,0,0,1,0,0,0
2018-11-11,07:45:00,03,02,01,01,01,01,0,372903.7281,5027463.782,False,November,1,0,0,0,0,0,0,0,0,0,1,0,0,0,0,1,0,0,0
2018-11-11,09:17:00,03,05,01,01,01,,0,383218.117,5037511.427,False,November,0,0,0,0,0,0,0,0,0,0,0,1,0,0,0,1,0,0,0
2018-11-08,18:00:00,03,03,01,07,02,,0,363676.6049,5024461.609,False,November,0,0,0,0,0,0,0,0,1,0,0,0,0,0,0,1,0,0,0
2018-11-10,18:45:00,03,0,01,07,01,01,0,360245.7882,5024781.603,False,November,1,0,0,0,0,0,0,0,0,1,0,0,0,0,0,1,0,0,0
2018-11-11,12:22:00,03,03,01,01,01,01,0,371921.6832,5032887.404,False,November,1,0,0,0,0,0,0,0,0,1,0,0,0,0,0,1,0,0,0
2018-11-11,13:08:00,03,03,01,01,01,01,0,370072.4821,5033065.673,False,November,1,0,0,0,0,0,0,0,0,1,0,0,0,0,0,1,0,0,0
2018-11-10,18:00:00,03,06,01,07,01,,0,381843.657,5037400.643999999,False,November,0,0,0,0,0,0,0,0,1,0,0,0,0,0,0,1,0,0,0
2018-11-11,13:27:00,02,03,01,01,01,01,0,371528.8173,5028596.636,False,November,0,1,0,0,0,0,0,0,0,1,0,0,0,0,0,1,0,0,0
2018-11-11,13:25:00,03,04,01,01,01,01,0,351051.3956,5017887.54,False,November,1,0,0,0,0,0,0,0,0,1,0,0,0,0,0,1,0,0,0
2018-11-11,14:34:00,03,02,01,01,01,01,0,372306.06299999997,5031951.946,False,November,1,0,0,0,0,0,0,0,0,0,1,0,0,0,0,1,0,0,0
2018-11-11,15:41:00,03,03,01,01,01,01,0,370884.6856,5030557.537,False,November,1,0,0,0,0,0,0,0,0,1,0,0,0,0,0,1,0,0,0
2018-11-11,15:25:00,03,03,01,01,01,01,0,370254.4015,5033169.701,False,November,1,0,0,0,0,0,0,0,0,1,0,0,0,0,0,1,0,0,0
2018-11-11,14:00:00,03,04,01,01,01,01,0,363933.355,5014784.353,False,November,1,0,0,0,0,0,0,0,0,1,0,0,0,0,0,1,0,0,0
2018-11-11,17:14:00,03,07,01,07,01,,0,343410.2968,5014587.084,False,November,0,0,0,0,0,0,0,0,1,0,0,0,0,0,0,1,0,0,0
2018-11-11,17:34:00,03,04,01,07,01,01,0,370213.1226,5025873.278,False,November,1,0,0,0,0,0,0,0,0,1,0,0,0,0,0,1,0,0,0
2018-11-11,17:30:00,03,03,01,07,01,01,0,368036.8064,5021945.805,False,November,1,0,0,0,0,0,0,0,0,0,1,0,0,0,0,1,0,0,0
2018-11-11,17:47:00,03,05,01,07,01,01,0,363933.6336,5014784.338,False,November,1,0,0,0,0,0,0,0,0,0,1,0,0,0,0,1,0,0,0
2018-11-11,17:15:00,03,03,01,05,01,01,0,363833.5365,5029040.811000001,False,November,1,0,0,0,0,0,0,0,0,1,0,0,0,0,0,1,0,0,0
2018-11-11,18:07:00,03,05,01,07,01,01,0,368315.8193,5032192.116,False,November,1,0,0,0,0,0,0,0,0,0,1,0,0,0,0,1,0,0,0
2018-11-11,18:00:00,03,03,01,07,01,01,0,371686.0617,5030539.38,False,November,1,0,0,0,0,0,0,0,0,1,0,0,0,0,0,1,0,0,0
2018-11-12,05:11:00,02,03,03,07,06,01,0,368036.6216,5021945.286,False,November,1,0,0,0,0,0,0,0,0,1,0,0,0,0,0,1,0,0,0
2018-11-12,06:30:00,03,04,03,03,02,01,0,369356.6371,5032925.637,False,November,1,0,0,0,0,0,0,0,0,1,0,0,0,0,0,1,0,0,0
2018-11-12,06:45:00,03,03,03,03,03,01,0,363180.5895,5026638.518999999,False,November,1,0,0,0,0,0,0,0,0,1,0,0,0,0,0,1,0,0,0
2018-11-12,06:56:00,03,02,03,03,06,01,0,358786.5475,5022150.574,False,November,1,0,0,0,0,0,0,0,0,1,0,0,0,0,0,1,0,0,0
2018-11-12,06:56:00,03,03,04,03,06,01,0,368418.6165,5024853.602,False,November,1,0,0,0,0,0,0,0,0,1,0,0,0,0,0,1,0,0,0
2018-11-12,07:08:00,03,07,03,03,06,01,0,383119.6158,5038785.526000001,False,November,1,0,0,0,0,0,0,0,0,1,0,0,0,0,0,1,0,0,0
2018-11-12,07:02:00,03,01,01,03,06,01,0,373364.7001,5029424.558999999,False,November,1,0,0,0,0,0,0,0,0,0,1,0,0,0,0,1,0,0,0
2018-11-12,07:20:00,03,07,01,01,05,,0,375554.7815,5026290.617,False,November,0,0,0,0,0,0,0,0,1,0,0,0,0,0,0,1,0,0,0
2018-11-12,07:05:00,03,07,03,03,03,01,0,369995.5021,5026851.686000001,False,November,1,0,0,0,0,0,0,0,0,1,0,0,0,0,0,1,0,0,0
2018-11-12,07:28:00,03,02,01,01,06,01,0,370053.7049,5016973.478999999,False,November,0,1,0,0,0,0,0,0,0,0,1,0,0,0,0,1,0,0,0
2018-11-12,07:31:00,02,07,01,01,06,01,0,371608.6365,5024096.558,False,November,1,0,0,0,0,0,0,0,0,0,1,0,0,0,0,1,0,0,0
2018-11-12,07:35:00,02,02,01,01,01,01,0,393291.1374,5008915.299,False,November,0,1,0,0,0,0,0,0,0,0,1,0,0,0,0,1,0,0,0
2018-11-12,07:32:00,03,03,01,01,06,01,0,371263.6789,5031614.431,False,November,1,0,0,0,0,0,0,0,0,1,0,0,0,0,0,1,0,0,0
2018-11-12,07:08:00,03,07,03,03,06,01,0,383119.6757,5038785.621,False,November,1,0,0,0,0,0,0,0,0,0,1,0,0,0,0,1,0,0,0
2018-11-12,06:40:00,03,03,01,03,03,01,0,360006.8816,5024632.355,False,November,1,0,0,0,0,0,0,0,0,1,0,0,0,0,0,1,0,0,0
2018-11-12,07:49:00,03,06,01,01,06,,0,367929.336,5027401.005,False,November,0,0,0,0,0,0,0,0,1,0,0,0,0,0,0,1,0,0,0
2018-11-12,07:51:00,02,03,03,01,06,01,0,371725.7262,5024668.315,False,November,0,1,0,0,0,0,0,0,0,1,0,0,0,0,0,1,0,0,0
2018-11-12,07:52:00,03,07,03,01,06,,0,387676.3879,5005412.21,False,November,0,0,0,0,0,0,0,0,1,0,0,0,0,0,0,1,0,0,0
2018-11-12,07:52:00,03,04,01,01,06,01,0,365363.6883,5022544.496,False,November,1,0,0,0,0,0,0,0,0,1,0,0,0,0,0,1,0,0,0
2018-11-12,08:00:00,02,03,01,01,06,01,0,368121.2599,5026647.344,False,November,1,0,0,0,0,0,0,0,0,1,0,0,0,0,0,1,0,0,0
2018-11-12,08:02:00,03,02,01,01,05,01,0,384072.7664,5035874.768,False,November,1,0,0,0,0,0,0,0,0,1,0,0,0,0,0,1,0,0,0
2018-11-12,07:30:00,03,06,01,01,06,,0,375010.6907,5031422.7930000005,False,November,0,0,0,0,0,0,0,0,1,0,0,0,0,0,0,1,0,0,0
2018-11-12,08:24:00,03,03,03,01,06,01,0,373643.5775,5027899.541999999,False,November,1,0,0,0,0,0,0,0,0,1,0,0,0,0,0,1,0,0,0
2018-11-12,08:37:00,03,03,01,01,06,,0,367055.4473,5027217.659,False,November,0,0,0,0,0,0,0,0,0,0,0,1,0,0,0,1,0,0,0
2018-11-12,08:15:00,03,03,03,01,06,01,0,360421.4586,5025394.726,False,November,0,1,0,0,0,0,0,0,0,1,0,0,0,0,0,1,0,0,0
2018-11-12,08:46:00,03,02,01,01,01,01,0,389143.1941,5031233.895,False,November,0,1,0,0,0,0,0,0,0,0,1,0,0,0,0,1,0,0,0
2018-11-09,17:30:00,03,03,03,07,06,01,0,374674.7842,5028499.513,False,November,1,0,0,0,0,0,0,0,0,1,0,0,0,0,0,1,0,0,0
2018-11-12,08:00:00,03,07,03,01,06,01,0,368694.6041,5026294.386,False,November,0,0,0,0,0,0,0,1,0,0,1,0,0,0,0,1,0,0,0
2018-11-12,07:30:00,03,03,01,01,06,,0,360823.4493,5025129.592,False,November,0,0,0,0,0,0,0,0,1,0,0,0,0,0,0,1,0,0,0
2018-11-12,07:45:00,02,03,01,01,06,01,0,384681.9689,5037802.572,False,November,0,1,0,0,0,0,0,0,0,1,0,0,0,0,0,1,0,0,0
2018-11-12,11:15:00,03,02,01,01,01,01,0,350397.6269,5015586.586,False,November,0,1,0,0,0,0,0,0,0,0,1,0,0,0,0,1,0,0,0
2018-11-12,11:31:00,02,02,01,01,01,01,0,366918.7582,5024209.446,False,November,1,0,0,0,0,0,0,0,0,0,1,0,0,0,0,1,0,0,0
2018-11-12,08:00:00,03,03,01,01,06,01,0,361779.6887,5026185.697,False,November,1,0,0,0,0,0,0,0,0,1,0,0,0,0,0,1,0,0,0
2018-11-09,17:00:00,03,04,03,07,02,01,0,367449.7269,5017616.405,False,November,1,0,0,0,0,0,0,0,0,1,0,0,0,0,0,1,0,0,0
2018-11-13,08:10:00,03,03,03,01,02,01,0,371570.6092,5025266.448,False,November,0,1,0,0,0,0,0,0,0,1,0,0,0,0,0,1,0,0,0