DATE,TIME,CLASS_OF_ACCIDENT,IMPACT_TYPE,ENVIRONMENT,LIGHT,ROAD_SURFACE_CONDITION,TRAFFIC_CONTROL_CONDITION,NO_OF_PEDESTRIANS,X,Y,Highway,Month,categorical_TRAFFIC_CONTROL_01,categorical_TRAFFIC_CONTROL_02,categorical_TRAFFIC_CONTROL_03,categorical_TRAFFIC_CONTROL_04,categorical_TRAFFIC_CONTROL_07,categorical_TRAFFIC_CONTROL_08,categorical_TRAFFIC_CONTROL_09,categorical_TRAFFIC_CONTROL_11,categorical_ACCIDENT_LOCATION_01,categorical_ACCIDENT_LOCATION_02,categorical_ACCIDENT_LOCATION_03,categorical_ACCIDENT_LOCATION_04,categorical_ACCIDENT_LOCATION_05,categorical_ACCIDENT_LOCATION_06,categorical_ACCIDENT_LOCATION_07,categorical_Seasons_Fall,categorical_Seasons_Spring,categorical_Seasons_Summer,categorical_Seasons_Winter
2018-11-02,20:17:00,03,02,02,07,02,,0,362892.6487,5023117.077,False,November,0,0,0,0,0,0,0,0,0,0,0,1,0,0,0,1,0,0,0
2018-11-13,08:12:00,03,03,03,01,03,01,0,380887.7898,5034540.483,False,November,1,0,0,0,0,0,0,0,0,1,0,0,0,0,0,1,0,0,0
2018-11-13,08:33:00,03,03,03,01,02,01,0,368036.7031,5021945.498,False,November,1,0,0,0,0,0,0,0,0,1,0,0,0,0,0,1,0,0,0
2018-11-02,22:30:00,03,02,02,07,02,01,0,368425.7099,5029163.556,False,November,0,1,0,0,0,0,0,0,0,0,1,0,0,0,0,1,0,0,0
2018-11-13,08:50:00,03,05,03,01,02,,0,371981.5188,5030471.914,False,November,0,0,0,0,0,0,0,0,0,0,0,1,0,0,0,1,0,0,0
2018-11-02,22:51:00,03,03,02,07,02,01,0,370433.1223,5031751.637,False,November,1,0,0,0,0,0,0,0,0,1,0,0,0,0,0,1,0,0,0
2018-11-13,10:03:00,02,02,03,01,02,01,1,368454.2586,5031858.97,False,November,1,0,0,0,0,0,0,0,0,1,0,0,0,0,0,1,0,0,0
2018-11-03,04:08:00,03,03,02,07,02,01,0,368074.7119,5031345.576,False,November,1,0,0,0,0,0,0,0,0,0,1,0,0,0,0,1,0,0,0
2018-11-13,10:31:00,03,02,03,01,02,01,0,367356.7087,5029551.701,False,November,0,1,0,0,0,0,0,0,0,0,1,0,0,0,0,1,0,0,0
2018-11-03,09:10:00,03,03,02,01,02,01,0,361584.686,5026654.524,False,November,1,0,0,0,0,0,0,0,0,1,0,0,0,0,0,1,0,0,0
2018-11-13,08:45:00,03,03,03,01,03,01,0,368739.9261,5032034.596,False,November,1,0,0,0,0,0,0,0,0,1,0,0,0,0,0,1,0,0,0
2018-11-02,15:30:00,02,03,02,01,02,01,0,370156.7272,5023121.493,False,November,1,0,0,0,0,0,0,0,0,1,0,0,0,0,0,1,0,0,0
2018-11-12,05:58:00,03,03,03,07,02,01,0,369304.6356,5027894.829,False,November,1,0,0,0,0,0,0,0,0,1,0,0,0,0,0,1,0,0,0
2018-11-03,10:31:00,03,07,02,01,02,,0,377470.5377,5002597.708000001,False,November,0,0,0,0,0,0,0,0,1,0,0,0,0,0,0,1,0,0,0
2018-11-01,04:00:00,03,07,02,07,02,,0,379873.81299999997,5038311.028,False,November,0,0,0,0,0,0,0,0,1,0,0,0,0,0,0,1,0,0,0
2018-11-13,11:45:00,03,02,02,01,02,01,0,364963.6716,5017342.47,False,November,0,1,0,0,0,0,0,0,0,0,1,0,0,0,0,1,0,0,0
2018-11-13,12:35:00,03,03,03,01,02,01,0,371018.5888,5023702.99,False,November,1,0,0,0,0,0,0,0,0,1,0,0,0,0,0,1,0,0,0
2018-11-13,09:30:00,03,04,01,01,04,01,0,367345.7184,5026848.573,False,November,1,0,0,0,0,0,0,0,0,1,0,0,0,0,0,1,0,0,0
2018-11-08,10:55:00,03,02,01,01,01,01,0,393601.8704,5038169.563999999,False,November,0,1,0,0,0,0,0,0,0,0,1,0,0,0,0,1,0,0,0
2018-11-12,07:50:00,03,03,03,01,03,01,0,369699.8283,5023876.647,False,November,1,0,0,0,0,0,0,0,0,1,0,0,0,0,0,1,0,0,0
2018-11-13,07:15:00,02,07,03,01,03,,0,343104.8663,5016537.028,False,November,0,0,0,0,0,0,0,0,1,0,0,0,0,0,0,1,0,0,0
2018-11-13,13:41:00,02,02,03,01,02,01,0,373727.8712,5030352.488,False,November,0,1,0,0,0,0,0,0,0,0,1,0,0,0,0,1,0,0,0
2018-11-13,12:15:00,03,05,01,01,02,,0,369443.2283,5032463.973,False,November,0,0,0,0,0,0,0,0,1,0,0,0,0,0,0,1,0,0,0
2018-11-13,14:04:00,03,03,03,01,02,01,0,358137.4715,5021086.506,False,November,1,0,0,0,0,0,0,0,0,1,0,0,0,0,0,1,0,0,0
2018-11-13,14:15:00,03,06,03,01,02,,0,369646.6379,5027425.76,False,November,0,0,0,0,0,0,0,0,0,0,0,1,0,0,0,1,0,0,0
2018-11-13,14:48:00,03,04,01,01,02,01,0,368243.7111,5030392.494,True,November,1,0,0,0,0,0,0,0,0,0,1,0,0,0,0,1,0,0,0
2018-11-13,14:49:00,03,03,03,01,04,,0,363243.7416,5014820.404,False,November,0,0,0,0,0,0,0,0,1,0,0,0,0,0,0,1,0,0,0
2018-11-13,14:54:00,02,03,02,01,02,01,0,380887.7307,5034540.652,False,November,1,0,0,0,0,0,0,0,0,1,0,0,0,0,0,1,0,0,0
2018-11-12,01:00:00,03,06,04,07,04,,0,364916.1998,5029329.195,False,November,0,0,0,0,0,0,0,0,1,0,0,0,0,0,0,1,0,0,0
2018-11-13,15:20:00,03,03,04,01,02,01,0,372601.8039,5027284.452,False,November,1,0,0,0,0,0,0,0,0,1,0,0,0,0,0,1,0,0,0
2018-11-13,12:40:00,03,03,01,01,01,01,0,373771.5194,5033069.518999999,False,November,0,1,0,0,0,0,0,0,0,1,0,0,0,0,0,1,0,0,0
2018-11-13,16:14:00,03,07,01,01,01,,0,340606.3189,5034044.152,False,November,0,0,0,0,0,0,0,0,1,0,0,0,0,0,0,1,0,0,0
2018-11-13,16:25:00,02,05,01,05,02,01,0,368396.5609,5015011.206,False,November,1,0,0,0,0,0,0,0,0,0,1,0,0,0,0,1,0,0,0
2018-11-12,14:50:00,02,03,01,01,01,,0,348641.848,5022281.531,False,November,0,0,0,0,0,0,0,0,0,0,0,0,1,0,0,1,0,0,0
2018-11-13,17:16:00,03,02,03,07,02,01,0,378561.7248,5033177.602,False,November,0,1,0,0,0,0,0,0,0,1,0,0,0,0,0,1,0,0,0
2018-11-13,17:15:00,03,07,01,07,06,,0,327499.3083,5038202.124,False,November,0,0,0,0,0,0,0,0,1,0,0,0,0,0,0,1,0,0,0
2018-11-13,17:29:00,03,04,01,07,01,01,0,373705.5208,5030406.896000001,False,November,1,0,0,0,0,0,0,0,0,0,1,0,0,0,0,1,0,0,0
2018-11-13,17:40:00,02,02,03,07,03,01,0,385828.7473,5004368.221,False,November,0,1,0,0,0,0,0,0,0,0,1,0,0,0,0,1,0,0,0
2018-11-13,15:40:00,03,03,01,01,01,01,0,365462.7335,5022298.666,False,November,1,0,0,0,0,0,0,0,0,1,0,0,0,0,0,1,0,0,0
2018-11-09,,03,06,01,00,01,,0,366404.9355,5030025.905,False,November,0,0,0,0,0,0,0,0,1,0,0,0,0,0,0,1,0,0,0
2018-11-13,18:01:00,03,07,01,07,01,,0,377118.4078,5022521.193,False,November,0,0,0,0,0,0,0,0,1,0,0,0,0,0,0,1,0,0,0
2018-11-13,15:22:00,03,03,02,01,02,,0,370167.8516,5029825.308999999,False,November,0,0,0,0,0,0,0,0,1,0,0,0,0,0,0,1,0,0,0
2018-11-13,18:16:00,03,03,01,07,01,01,0,384734.3019,5039695.615,False,November,0,1,0,0,0,0,0,0,0,1,0,0,0,0,0,1,0,0,0
2018-11-13,18:50:00,02,03,01,07,06,01,0,370684.7249,5030592.7069999995,False,November,1,0,0,0,0,0,0,0,0,1,0,0,0,0,0,1,0,0,0
2018-11-13,16:55:00,03,03,03,05,02,,0,368626.1742,5026792.343,False,November,0,0,0,0,0,0,0,0,0,0,1,0,0,0,0,1,0,0,0
2018-11-13,19:19:00,02,07,01,07,01,,1,366344.3032,5015529.212,False,November,0,0,0,0,0,0,0,0,0,0,0,1,0,0,0,1,0,0,0
2018-11-13,21:13:00,03,04,01,07,01,01,0,368252.924,5032157.466,False,November,1,0,0,0,0,0,0,0,0,0,1,0,0,0,0,1,0,0,0
2018-11-13,20:30:00,03,07,01,07,01,,0,335065.4927,5015323.573,False,November,0,0,0,0,0,0,0,0,1,0,0,0,0,0,0,1,0,0,0
2018-11-13,20:00:00,03,06,01,07,06,,0,366495.4272,5025926.665,False,November,0,0,0,0,0,0,0,0,0,0,0,1,0,0,0,1,0,0,0
2018-11-14,00:02:00,02,07,01,07,01,01,0,351430.3452,5019331.703,False,November,1,0,0,0,0,0,0,0,0,0,1,0,0,0,0,1,0,0,0
2018-11-14,00:45:00,03,06,03,07,03,,0,368962.2128,5016226.341,False,November,0,0,0,0,0,0,0,0,1,0,0,0,0,0,0,1,0,0,0
2018-11-14,05:34:00,02,04,05,07,02,01,0,353773.3898,5018172.335,False,November,1,0,0,0,0,0,0,0,0,1,0,0,0,0,0,1,0,0,0
2018-11-14,05:57:00,03,05,01,07,05,,0,367919.3406,5030556.325,False,November,0,0,0,0,0,0,0,0,0,0,0,1,0,0,0,1,0,0,0
2018-11-14,06:51:00,02,03,01,03,01,,0,374650.3243,5032731.583000001,False,November,0,0,0,0,0,0,0,0,1,0,0,0,0,0,0,1,0,0,0
2018-11-14,07:41:00,02,03,05,01,06,01,0,363670.68200000003,5021246.561000001,False,November,1,0,0,0,0,0,0,0,0,1,0,0,0,0,0,1,0,0,0
2018-11-14,07:46:00,03,02,01,01,01,01,0,352053.485,5013123.409,False,November,0,0,0,0,0,0,0,1,0,0,1,0,0,0,0,1,0,0,0
2018-11-14,08:02:00,03,03,01,01,01,01,0,368396.749,5015011.4860000005,False,November,1,0,0,0,0,0,0,0,0,1,0,0,0,0,0,1,0,0,0
2018-11-13,18:45:00,03,04,01,07,02,01,0,362942.4879,5026488.548,False,November,1,0,0,0,0,0,0,0,0,1,0,0,0,0,0,1,0,0,0
2018-11-14,08:47:00,02,02,01,01,01,00,0,370418.6506,5023606.507,False,November,0,1,0,0,0,0,0,0,0,0,1,0,0,0,0,1,0,0,0
2018-11-14,08:13:00,03,04,01,01,01,01,0,360099.6533,5022309.843,False,November,1,0,0,0,0,0,0,0,0,1,0,0,0,0,0,1,0,0,0
2018-11-14,09:30:00,03,03,01,01,01,,0,353551.075,5023100.803,False,November,0,0,0,0,0,0,0,0,0,0,0,1,0,0,0,1,0,0,0
2018-11-14,10:27:00,02,04,01,01,02,01,0,360658.6397,5025042.728,False,November,1,0,0,0,0,0,0,0,0,1,0,0,0,0,0,1,0,0,0
2018-11-14,11:01:00,02,03,01,01,01,00,0,336938.3092,5011105.38,False,November,0,1,0,0,0,0,0,0,0,0,1,0,0,0,0,1,0,0,0
2018-11-14,12:00:00,03,02,01,01,01,01,0,364266.7173,5024086.57,False,November,0,1,0,0,0,0,0,0,0,0,1,0,0,0,0,1,0,0,0
2018-11-13,14:42:00,03,0,03,01,02,01,0,372453.8262,5032005.629,False,November,1,0,0,0,0,0,0,0,0,1,0,0,0,0,0,1,0,0,0
2018-11-14,12:30:00,03,04,01,01,01,,0,352265.6116,5017296.952,False,November,0,0,0,0,0,0,0,0,1,0,0,0,0,0,0,1,0,0,0
2018-11-14,12:40:00,03,02,01,01,01,01,0,350623.391,5018915.721,False,November,1,0,0,0,0,0,0,0,0,0,1,0,0,0,0,1,0,0,0
2018-11-14,12:00:00,03,02,01,01,06,01,0,369561.094,5028415.057,False,November,1,0,0,0,0,0,0,0,0,0,1,0,0,0,0,1,0,0,0
2018-11-14,10:05:00,03,04,01,01,01,01,0,368699.6206,5009932.261,False,November,1,0,0,0,0,0,0,0,0,1,0,0,0,0,0,1,0,0,0
2018-11-14,13:13:00,03,04,01,01,01,01,0,374507.6817,5033198.507,False,November,1,0,0,0,0,0,0,0,0,1,0,0,0,0,0,1,0,0,0
2018-11-14,13:23:00,03,04,03,01,02,,0,355097.9069,5019267.541999999,False,November,0,0,0,0,0,0,0,0,1,0,0,0,0,0,0,1,0,0,0
2018-11-14,12:30:00,02,03,01,01,01,,0,369022.7048,5031337.691000001,True,November,0,0,0,0,0,0,0,0,1,0,0,0,0,0,0,1,0,0,0
2018-11-12,,03,06,01,00,01,,0,368311.3841,5028140.908,False,November,0,0,0,0,0,0,0,0,1,0,0,0,0,0,0,1,0,0,0
2018-11-14,14:40:00,03,03,01,01,01,01,0,370439.714,5029581.706,False,November,0,1,0,0,0,0,0,0,0,1,0,0,0,0,0,1,0,0,0
2018-11-14,15:04:00,03,04,01,01,01,,0,370475.6503,5033276.623,False,November,0,0,0,0,0,0,0,0,1,0,0,0,0,0,0,1,0,0,0
2018-11-13,14:10:00,03,02,01,01,01,01,0,365076.0592,5026949.826,False,November,0,1,0,0,0,0,0,0,0,0,1,0,0,0,0,1,0,0,0
2018-11-14,16:15:00,02,03,01,05,01,01,0,373672.6996,5022923.392,False,November,1,0,0,0,0,0,0,0,0,1,0,0,0,0,0,1,0,0,0
2018-11-14,16:12:00,02,06,01,01,01,,0,365305.4325,5015840.699,False,November,0,0,0,0,0,0,0,0,1,0,0,0,0,0,0,1,0,0,0
2018-11-03,10:36:00,02,03,01,01,02,,0,375534.5192,5031415.688999999,False,November,0,0,0,0,0,0,0,0,1,0,0,0,0,0,0,1,0,0,0
2018-11-03,12:35:00,03,05,01,01,02,01,0,375199.7413,5031216.563999999,False,November,1,0,0,0,0,0,0,0,0,0,1,0,0,0,0,1,0,0,0
2018-11-03,12:47:00,03,07,02,01,02,,0,379251.4578,5036912.669,False,November,0,0,0,0,0,0,0,0,1,0,0,0,0,0,0,1,0,0,0
2018-11-03,13:06:00,03,05,02,01,02,01,0,383540.7637,5035988.565,False,November,1,0,0,0,0,0,0,0,0,0,1,0,0,0,0,1,0,0,0
2018-11-02,17:30:00,02,07,02,07,02,01,1,367480.6995,5031265.588,False,November,1,0,0,0,0,0,0,0,0,0,1,0,0,0,0,1,0,0,0
2018-11-03,13:36:00,03,05,01,01,02,,0,372066.2706,5034068.762,False,November,0,0,0,0,0,0,0,0,0,0,0,1,0,0,0,1,0,0,0
2018-11-03,13:59:00,02,03,02,01,02,01,0,366883.7121,5028137.546,False,November,0,0,0,0,0,0,0,1,0,1,0,0,0,0,0,1,0,0,0
2018-11-03,15:24:00,03,02,02,01,02,,0,362793.3528,5015178.473,False,November,0,0,0,0,0,0,0,0,0,0,0,1,0,0,0,1,0,0,0
2018-11-03,13:45:00,03,03,02,01,02,01,0,380940.7449,5036250.58,False,November,1,0,0,0,0,0,0,0,0,1,0,0,0,0,0,1,0,0,0
2018-11-03,15:35:00,03,03,02,01,02,,0,370607.5026,5029978.953,False,November,0,0,0,0,0,0,0,0,1,0,0,0,0,0,0,1,0,0,0
2018-11-03,15:37:00,03,05,01,01,01,,0,362622.9827,5027813.617,False,November,0,0,0,0,0,0,0,0,0,0,0,1,0,0,0,1,0,0,0
2018-11-03,16:14:00,03,03,02,05,02,01,0,370365.7227,5028467.548,False,November,1,0,0,0,0,0,0,0,0,0,1,0,0,0,0,1,0,0,0
2018-11-03,16:53:00,03,03,02,05,02,01,0,372453.7419,5032005.664,False,November,1,0,0,0,0,0,0,0,0,1,0,0,0,0,0,1,0,0,0
2018-11-03,16:30:00,03,07,01,05,01,,0,351372.624,5021514.487,False,November,0,0,0,0,0,0,0,0,0,1,0,0,0,0,0,1,0,0,0
2018-11-03,16:58:00,03,05,02,07,02,,0,359069.6671,5023873.175,False,November,0,0,0,0,0,0,0,0,1,0,0,0,0,0,0,1,0,0,0
2018-11-03,14:30:00,03,07,02,01,02,,0,339017.1892,5024326.647,False,November,0,0,0,0,0,0,0,0,1,0,0,0,0,0,0,1,0,0,0
2018-11-03,17:59:00,03,02,01,07,01,01,0,372823.7385,5024807.504,False,November,1,0,0,0,0,0,0,0,0,1,0,0,0,0,0,1,0,0,0
2018-11-03,18:04:00,03,06,02,07,02,,0,364054.2876,5022939.91,False,November,0,0,0,0,0,0,0,0,0,0,0,1,0,0,0,1,0,0,0
2018-11-02,18:35:00,03,04,02,07,02,01,0,367579.7047,5031450.576,False,November,1,0,0,0,0,0,0,0,0,1,0,0,0,0,0,1,0,0,0
2018-11-03,18:37:00,03,03,02,07,02,,0,363036.6728,5022776.8719999995,False,November,0,0,0,0,0,0,0,0,0,0,0,1,0,0,0,1,0,0,0
2018-11-03,18:55:00,03,07,01,07,01,,0,347791.7715,5013223.194,False,November,0,0,0,0,0,0,0,0,1,0,0,0,0,0,0,1,0,0,0
2018-11-03,18:58:00,03,03,02,07,02,,0,373095.4773,5030015.365,False,November,0,0,0,0,0,0,0,0,1,0,0,0,0,0,0,1,0,0,0
2018-11-03,19:36:00,03,04,01,07,02,01,0,349675.6068,5017365.437,False,November,1,0,0,0,0,0,0,0,0,1,0,0,0,0,0,1,0,0,0
2018-11-03,20:06:00,03,03,01,07,01,01,0,371306.8148,5024316.728,False,November,1,0,0,0,0,0,0,0,0,0,1,0,0,0,0,1,0,0,0
2018-11-03,21:41:00,03,05,01,07,01,01,0,349665.5772,5014034.435,False,November,1,0,0,0,0,0,0,0,0,0,1,0,0,0,0,1,0,0,0
2018-11-04,01:35:00,03,07,01,07,01,,0,386332.7858,5030466.521000001,False,November,0,0,0,0,0,0,0,0,0,0,1,0,0,0,0,1,0,0,0
2018-11-04,03:05:00,03,04,01,07,01,01,0,372595.7142,5031241.575,False,November,1,0,0,0,0,0,0,0,0,1,0,0,0,0,0,1,0,0,0
2018-11-04,03:33:00,03,07,01,07,01,01,0,368185.7081,5032111.58,False,November,1,0,0,0,0,0,0,0,0,0,1,0,0,0,0,1,0,0,0
2018-11-03,20:20:00,03,03,02,07,02,01,0,369249.7172,5025300.522,False,November,1,0,0,0,0,0,0,0,0,1,0,0,0,0,0,1,0,0,0
2018-11-04,06:40:00,03,06,01,03,01,,0,361091.6935,5020414.848,False,November,0,0,0,0,0,0,0,0,0,0,0,1,0,0,0,1,0,0,0
2018-11-03,,03,06,01,00,01,,0,384064.2744,5035311.526000001,False,November,0,0,0,0,0,0,0,0,1,0,0,0,0,0,0,1,0,0,0
2018-11-04,11:47:00,02,02,01,01,01,,0,372230.0318,5032140.148,False,November,0,0,0,0,0,0,0,0,0,0,0,1,0,0,0,1,0,0,0
2018-11-04,11:54:00,03,02,01,01,01,01,0,357721.6361,5013529.416999999,False,November,1,0,0,0,0,0,0,0,0,0,1,0,0,0,0,1,0,0,0
2018-11-04,10:50:00,03,03,01,01,01,01,0,350907.6171,5022246.507,False,November,1,0,0,0,0,0,0,0,0,1,0,0,0,0,0,1,0,0,0
2018-11-04,12:04:00,03,05,01,01,01,01,0,371696.7127,5032427.571,False,November,1,0,0,0,0,0,0,0,0,0,1,0,0,0,0,1,0,0,0
2018-11-04,13:39:00,02,02,01,01,01,01,0,366382.7001,5029141.563999999,False,November,0,1,0,0,0,0,0,0,0,0,1,0,0,0,0,1,0,0,0
2018-11-04,14:25:00,03,04,01,01,01,,0,368154.9694,5032978.442,False,November,0,0,0,0,0,0,0,0,1,0,0,0,0,0,0,1,0,0,0
2018-11-04,14:40:00,03,07,01,01,01,,0,364397.6946,5013427.426,False,November,0,0,0,0,0,0,0,0,0,0,0,0,0,0,1,1,0,0,0
2018-11-04,14:00:00,03,06,01,01,01,,0,379692.5644,5037824.498,False,November,0,0,0,0,0,0,0,0,1,0,0,0,0,0,0,1,0,0,0
2018-11-04,15:23:00,02,05,01,01,01,01,0,368418.7243,5024853.529,False,November,1,0,0,0,0,0,0,0,0,0,1,0,0,0,0,1,0,0,0
2018-11-04,15:15:00,03,04,01,01,01,,0,368730.7885,5024987.344,False,November,0,0,0,0,0,0,0,0,1,0,0,0,0,0,0,1,0,0,0
2018-11-04,17:10:00,03,03,01,05,01,01,0,369127.844,5033487.307,False,November,1,0,0,0,0,0,0,0,0,1,0,0,0,0,0,1,0,0,0
2018-11-04,17:50:00,02,03,01,07,01,,0,370091.5025,5023082.907,False,November,0,0,0,0,0,0,0,0,1,0,0,0,0,0,0,1,0,0,0
2018-11-04,17:30:00,03,05,01,07,01,01,0,371143.7292,5026979.544,False,November,1,0,0,0,0,0,0,0,0,1,0,0,0,0,0,1,0,0,0
2018-11-04,18:43:00,03,04,01,07,01,,0,366644.609,5015324.976,False,November,0,0,0,0,0,0,0,0,1,0,0,0,0,0,0,1,0,0,0
2018-11-05,04:31:00,03,06,01,07,01,,0,372023.025,5032381.248,False,November,0,0,0,0,0,0,0,0,1,0,0,0,0,0,0,1,0,0,0
2018-11-05,06:25:00,02,03,01,03,01,,0,379335.3932,5036998.662,False,November,0,0,0,0,0,0,0,0,1,0,0,0,0,0,0,1,0,0,0
2018-11-05,07:11:00,02,05,01,03,01,01,0,372860.7243,5030578.562,False,November,1,0,0,0,0,0,0,0,0,0,1,0,0,0,0,1,0,0,0
2018-11-05,07:40:00,03,04,01,01,01,,0,359081.2271,5023861.333000001,False,November,0,0,0,0,0,0,0,0,1,0,0,0,0,0,0,1,0,0,0
2018-11-02,19:45:00,03,04,02,07,02,01,0,370072.7098,5033065.592,False,November,1,0,0,0,0,0,0,0,0,1,0,0,0,0,0,1,0,0,0
2018-11-05,09:00:00,03,04,01,01,01,,0,367504.9978,5031227.657,False,November,0,0,0,0,0,0,0,0,1,0,0,0,0,0,0,1,0,0,0
2018-11-04,20:50:00,03,05,01,07,01,01,0,373497.5847,5020419.261,False,November,1,0,0,0,0,0,0,0,0,0,1,0,0,0,0,1,0,0,0
2018-11-05,09:30:00,03,03,02,01,02,01,0,372178.7283,5023566.515,False,November,0,1,0,0,0,0,0,0,0,1,0,0,0,0,0,1,0,0,0
2018-11-05,11:34:00,03,03,01,01,02,01,0,372243.7338,5029261.545,False,November,1,0,0,0,0,0,0,0,0,1,0,0,0,0,0,1,0,0,0
2018-11-05,12:23:00,03,03,01,01,01,01,0,369397.0902,5015630.149,False,November,1,0,0,0,0,0,0,0,0,1,0,0,0,0,0,1,0,0,0
2018-11-05,12:27:00,02,07,02,01,02,01,1,368393.5764,5030486.521000001,False,November,1,0,0,0,0,0,0,0,0,0,1,0,0,0,0,1,0,0,0
2018-11-05,12:51:00,03,05,02,01,02,,0,367955.1626,5031553.525,False,November,0,0,0,0,0,0,0,0,1,0,0,0,0,0,0,1,0,0,0
2018-11-02,,03,06,01,00,01,,0,350691.8323,5020469.005,False,November,0,0,0,0,0,0,0,0,1,0,0,0,0,0,0,1,0,0,0
2018-11-05,13:01:00,02,03,01,01,01,00,0,350508.4807,5019177.598999999,False,November,1,0,0,0,0,0,0,0,0,1,0,0,0,0,0,1,0,0,0
2018-11-05,13:00:00,02,03,02,01,02,01,0,370218.7049,5032690.586,False,November,1,0,0,0,0,0,0,0,0,1,0,0,0,0,0,1,0,0,0
2018-12-06,14:35:00,02,03,01,01,02,01,0,367102.5176,5031152.612,False,December,1,0,0,0,0,0,0,0,0,1,0,0,0,0,0,0,0,0,1
2018-12-06,,03,06,01,00,01,,0,364193.9419,5012309.752,False,December,0,0,0,0,0,0,0,0,1,0,0,0,0,0,0,0,0,0,1
2018-12-06,15:17:00,03,04,01,01,02,01,0,375257.6718,5028784.571,False,December,1,0,0,0,0,0,0,0,0,0,1,0,0,0,0,0,0,0,1
2018-12-05,17:30:00,03,03,03,07,03,01,0,370337.8672,5025947.798,False,December,1,0,0,0,0,0,0,0,0,1,0,0,0,0,0,0,0,0,1
2018-12-11,11:30:00,03,02,03,01,04,,0,368525.4533,5028639.583000001,False,December,0,0,0,0,0,0,0,0,0,0,0,1,0,0,0,0,0,0,1
2018-11-30,,03,06,01,00,01,,0,367591.9815,5028990.8319999995,False,November,0,0,0,0,0,0,0,0,1,0,0,0,0,0,0,1,0,0,0
2018-12-13,08:10:00,03,02,01,01,01,01,0,389335.1286,5031903.3,False,December,0,1,0,0,0,0,0,0,0,1,0,0,0,0,0,0,0,0,1
2018-11-23,21:01:00,03,04,01,07,01,00,0,363078.8442,5026146.631,False,November,0,1,0,0,0,0,0,0,0,1,0,0,0,0,0,1,0,0,0
2018-12-04,13:06:00,03,07,01,01,01,,0,345744.8912,5034464.258,False,December,0,0,0,0,0,0,0,0,1,0,0,0,0,0,0,0,0,0,1
2018-11-29,05:56:00,03,07,01,07,06,,0,377878.4981,5001666.078,False,November,0,0,0,0,0,0,0,0,1,0,0,0,0,0,0,1,0,0,0
2018-12-05,,03,06,01,00,03,,0,367665.5,5014540.5,False,December,0,0,0,0,0,0,0,0,1,0,0,0,0,0,0,0,0,0,1
2018-12-06,15:35:00,03,02,01,01,01,01,0,358239.6396,5020905.67,False,December,0,1,0,0,0,0,0,0,0,0,1,0,0,0,0,0,0,0,1
2018-12-05,12:00:00,02,03,01,01,06,01,0,359718.3667,5019554.568,False,December,1,0,0,0,0,0,0,0,0,1,0,0,0,0,0,0,0,0,1
2018-12-06,15:30:00,03,03,01,01,02,,0,362510.0642,5023876.259,False,December,0,0,0,0,0,0,0,0,1,0,0,0,0,0,0,0,0,0,1
2018-12-06,15:30:00,03,03,01,01,01,,0,364797.0172,5023692.227,False,December,0,0,0,0,0,0,0,0,1,0,0,0,0,0,0,0,0,0,1
2018-12-06,15:50:00,02,07,01,01,01,,1,352089.9162,5014986.326,False,December,0,0,0,0,0,0,0,0,0,0,0,1,0,0,0,0,0,0,1
2018-12-06,15:29:00,03,03,01,01,01,01,0,364548.9573,5015173.326,False,December,1,0,0,0,0,0,0,0,0,1,0,0,0,0,0,0,0,0,1
2018-12-06,16:05:00,03,04,01,05,02,,0,369240.6891,5022656.5030000005,False,December,0,0,0,0,0,0,0,0,1,0,0,0,0,0,0,0,0,0,1
2018-12-06,16:00:00,03,03,01,05,02,01,0,361584.6152,5026654.55,False,December,1,0,0,0,0,0,0,0,0,1,0,0,0,0,0,0,0,0,1
2018-12-06,16:23:00,02,02,01,05,02,01,0,364690.6505,5026773.597,False,December,0,1,0,0,0,0,0,0,0,0,1,0,0,0,0,0,0,0,1
2018-12-06,16:42:00,03,03,01,05,02,,0,364974.6703,5018185.591,False,December,0,0,0,0,0,0,0,0,1,0,0,0,0,0,0,0,0,0,1
2018-12-02,13:10:00,03,03,02,01,02,01,0,363670.7024,5021246.507,False,December,1,0,0,0,0,0,0,0,0,1,0,0,0,0,0,0,0,0,1
2018-12-06,17:45:00,03,07,01,07,01,,0,352562.6484,5022489.464,False,December,0,0,0,0,0,0,0,0,1,0,0,0,0,0,0,0,0,0,1
2018-12-05,18:45:00,03,03,02,07,02,01,0,353673.5925,5018424.445,False,December,1,0,0,0,0,0,0,0,0,1,0,0,0,0,0,0,0,0,1
2018-12-06,18:01:00,02,07,01,07,01,01,1,367437.8271,5030963.656,False,December,0,1,0,0,0,0,0,0,0,0,1,0,0,0,0,0,0,0,1
2018-12-06,20:06:00,02,03,01,07,01,01,0,374626.70200000005,5017746.322,False,December,0,1,0,0,0,0,0,0,0,1,0,0,0,0,0,0,0,0,1