DATE,TIME,CLASS_OF_ACCIDENT,IMPACT_TYPE,ENVIRONMENT,LIGHT,ROAD_SURFACE_CONDITION,TRAFFIC_CONTROL_CONDITION,NO_OF_PEDESTRIANS,X,Y,Highway,Month,categorical_TRAFFIC_CONTROL_01,categorical_TRAFFIC_CONTROL_02,categorical_TRAFFIC_CONTROL_03,categorical_TRAFFIC_CONTROL_04,categorical_TRAFFIC_CONTROL_07,categorical_TRAFFIC_CONTROL_08,categorical_TRAFFIC_CONTROL_09,categorical_TRAFFIC_CONTROL_11,categorical_ACCIDENT_LOCATION_01,categorical_ACCIDENT_LOCATION_02,categorical_ACCIDENT_LOCATION_03,categorical_ACCIDENT_LOCATION_04,categorical_ACCIDENT_LOCATION_05,categorical_ACCIDENT_LOCATION_06,categorical_ACCIDENT_LOCATION_07,categorical_Seasons_Fall,categorical_Seasons_Spring,categorical_Seasons_Summer,categorical_Seasons_Winter
2018-12-06,18:06:00,03,04,01,07,01,01,0,364356.4471,5029362.768999999,False,December,0,1,0,0,0,0,0,0,0,1,0,0,0,0,0,0,0,0,1
2018-12-06,18:00:00,03,03,03,07,06,01,0,361934.6841,5025830.528,False,December,1,0,0,0,0,0,0,0,0,1,0,0,0,0,0,0,0,0,1
2018-12-06,18:48:00,03,07,01,07,02,,0,347267.2176,5024081.562,False,December,0,0,0,0,0,0,0,0,1,0,0,0,0,0,0,0,0,0,1
2018-12-04,16:55:00,03,03,01,07,01,,0,367433.581,5023170.723,False,December,0,0,0,0,0,0,0,0,1,0,0,0,0,0,0,0,0,0,1
2018-12-06,17:00:00,03,03,03,07,04,01,0,364519.5718,5026958.58,False,December,1,0,0,0,0,0,0,0,0,1,0,0,0,0,0,0,0,0,1
2018-12-06,19:08:00,03,07,01,07,01,,0,347540.6073,5025943.1,False,December,0,0,0,0,0,0,0,0,1,0,0,0,0,0,0,0,0,0,1
2018-12-06,17:00:00,03,05,01,07,02,01,0,380631.7736,5036980.6680000005,False,December,1,0,0,0,0,0,0,0,0,1,0,0,0,0,0,0,0,0,1
2018-12-06,18:05:00,03,04,01,07,02,,0,369231.8138,5033648.693,False,December,0,0,0,0,0,0,0,0,1,0,0,0,0,0,0,0,0,0,1
2018-12-06,08:50:00,03,03,03,01,02,,0,370727.4953,5030724.004,False,December,0,0,0,0,0,0,0,0,1,0,0,0,0,0,0,0,0,0,1
2018-12-06,20:27:00,03,05,01,07,01,01,0,367943.7318,5030868.558,False,December,1,0,0,0,0,0,0,0,0,0,1,0,0,0,0,0,0,0,1
2018-12-06,20:37:00,03,06,01,07,02,,0,367794.4812,5032600.442,False,December,0,0,0,0,0,0,0,0,1,0,0,0,0,0,0,0,0,0,1
2018-12-05,10:30:00,03,03,02,01,02,01,0,368454.4237,5031859.062,False,December,1,0,0,0,0,0,0,0,0,1,0,0,0,0,0,0,0,0,1
2018-12-06,21:45:00,03,03,01,07,02,01,0,368529.0999,5029086.315,False,December,1,0,0,0,0,0,0,0,0,1,0,0,0,0,0,0,0,0,1
2018-12-06,23:58:00,03,07,07,07,01,,0,355909.4465,5023975.163,False,December,0,0,0,0,0,0,0,0,1,0,0,0,0,0,0,0,0,0,1
2018-12-07,00:33:00,03,07,01,07,01,00,0,368140.5749,5033039.65,False,December,0,1,0,0,0,0,0,0,0,0,1,0,0,0,0,0,0,0,1
2018-12-07,06:16:00,03,03,01,07,06,,0,382976.3199,5038494.4180000005,False,December,0,0,0,0,0,0,0,0,1,0,0,0,0,0,0,0,0,0,1
2018-12-07,06:32:00,03,07,01,07,01,01,0,370540.6371,5025500.1110000005,False,December,1,0,0,0,0,0,0,0,0,0,1,0,0,0,0,0,0,0,1
2018-12-07,06:35:00,02,07,01,07,01,,1,385321.61299999995,5034639.879,False,December,0,0,0,0,0,0,0,0,1,0,0,0,0,0,0,0,0,0,1
2018-12-07,08:04:00,03,05,01,01,01,01,0,359004.9002,5023990.6110000005,False,December,1,0,0,0,0,0,0,0,0,0,1,0,0,0,0,0,0,0,1
2018-12-07,08:56:00,03,02,01,01,06,01,0,346209.4952,5017160.51,False,December,1,0,0,0,0,0,0,0,0,0,1,0,0,0,0,0,0,0,1
2018-12-07,08:45:00,03,02,01,01,01,01,0,372075.49600000004,5028257.629,False,December,0,1,0,0,0,0,0,0,0,0,1,0,0,0,0,0,0,0,1
2018-12-07,09:47:00,03,05,01,01,01,01,0,365727.8243,5016328.301,False,December,1,0,0,0,0,0,0,0,0,0,1,0,0,0,0,0,0,0,1
2018-12-07,10:40:00,02,07,01,01,01,00,1,370194.716,5033134.592,False,December,0,1,0,0,0,0,0,0,0,1,0,0,0,0,0,0,0,0,1
2018-12-07,10:00:00,02,03,01,01,06,01,0,351052.6903,5018433.325,True,December,1,0,0,0,0,0,0,0,0,1,0,0,0,0,0,0,0,0,1
2018-12-07,11:30:00,03,05,01,01,01,01,0,363560.5181,5014577.635,False,December,1,0,0,0,0,0,0,0,0,0,1,0,0,0,0,0,0,0,1
2018-12-07,11:52:00,02,04,01,01,01,01,0,364337.6555,5028968.556,False,December,1,0,0,0,0,0,0,0,0,1,0,0,0,0,0,0,0,0,1
2018-11-30,19:00:00,03,03,01,07,01,,0,367172.3338,5018157.759,False,November,0,0,0,0,0,0,0,0,1,0,0,0,0,0,0,1,0,0,0
2018-12-07,12:20:00,02,07,01,01,01,01,0,382289.8384,5033944.239,False,December,0,0,0,0,0,0,0,1,0,0,1,0,0,0,0,0,0,0,1
2018-12-07,12:31:00,02,03,01,01,01,01,0,376781.7749,5005553.366,False,December,0,1,0,0,0,0,0,0,0,0,1,0,0,0,0,0,0,0,1
2018-09-15,20:00:00,03,03,01,07,01,01,0,370072.7767,5033065.735,False,September,1,0,0,0,0,0,0,0,0,1,0,0,0,0,0,1,0,0,0
2018-12-07,12:45:00,03,04,01,01,01,01,0,381759.9255,5037805.249,False,December,1,0,0,0,0,0,0,0,0,1,0,0,0,0,0,0,0,0,1
2018-12-07,12:46:00,03,03,01,01,01,,0,370818.9624,5031033.401000001,True,December,0,0,0,0,0,0,0,0,1,0,0,0,0,0,0,0,0,0,1
2018-12-07,13:02:00,03,05,01,01,01,,0,373716.695,5027427.901000001,False,December,0,0,0,0,0,0,0,0,1,0,0,0,0,0,0,0,0,0,1
2018-12-07,13:15:00,03,03,01,01,01,01,0,372146.6435,5034108.685,False,December,1,0,0,0,0,0,0,0,0,1,0,0,0,0,0,0,0,0,1
2018-12-07,13:40:00,03,04,01,01,01,,0,369332.6367,5032910.725,False,December,0,0,0,0,0,0,0,0,1,0,0,0,0,0,0,0,0,0,1
2018-12-07,14:03:00,03,05,01,01,01,01,0,362706.3004,5023492.8719999995,False,December,1,0,0,0,0,0,0,0,0,0,1,0,0,0,0,0,0,0,1
2018-12-07,06:10:00,03,06,01,07,01,,0,383559.034,5034738.896000001,False,December,0,0,0,0,0,0,0,0,0,0,0,1,0,0,0,0,0,0,1
2018-12-07,14:35:00,03,02,01,01,01,01,0,366160.7182,5030464.54,False,December,1,0,0,0,0,0,0,0,0,0,1,0,0,0,0,0,0,0,1
2018-12-07,14:20:00,03,03,01,01,01,01,0,358496.5763,5022986.41,False,December,1,0,0,0,0,0,0,0,0,1,0,0,0,0,0,0,0,0,1
2018-12-07,14:39:00,02,07,01,01,01,,1,367800.1539,5031439.958000001,False,December,0,0,0,0,0,0,0,0,1,0,0,0,0,0,0,0,0,0,1
2018-12-07,15:01:00,02,04,01,01,01,01,0,352323.5192,5021528.54,False,December,1,0,0,0,0,0,0,0,0,1,0,0,0,0,0,0,0,0,1
2018-12-07,15:40:00,03,03,01,01,01,01,0,361767.3859,5025725.481000001,False,December,1,0,0,0,0,0,0,0,0,1,0,0,0,0,0,0,0,0,1
2018-12-07,15:57:00,03,03,01,01,01,,0,370393.3246,5031839.102,False,December,0,0,0,0,0,0,0,0,1,0,0,0,0,0,0,0,0,0,1
2018-12-07,16:31:00,03,04,01,05,01,01,0,367850.5085,5031711.787,False,December,1,0,0,0,0,0,0,0,0,0,1,0,0,0,0,0,0,0,1
2018-12-07,16:30:00,03,02,01,05,01,,0,367375.3292,5016630.125,False,December,0,0,0,0,0,0,0,0,0,0,0,1,0,0,0,0,0,0,1
2018-12-07,17:00:00,03,03,01,07,01,01,0,371018.6222,5023703.147,False,December,1,0,0,0,0,0,0,0,0,1,0,0,0,0,0,0,0,0,1
2018-12-07,17:15:00,03,02,01,07,01,01,0,371341.5976,5031996.645,False,December,0,1,0,0,0,0,0,0,0,0,1,0,0,0,0,0,0,0,1
2018-12-07,17:19:00,03,05,01,07,01,01,0,364521.6165,5024507.4969999995,False,December,1,0,0,0,0,0,0,0,0,0,1,0,0,0,0,0,0,0,1
2018-12-07,17:18:00,03,03,01,07,01,,0,372732.1727,5022242.536,False,December,0,0,0,0,0,0,0,0,1,0,0,0,0,0,0,0,0,0,1
2018-12-07,17:21:00,03,03,01,07,01,01,0,373497.6768,5020419.522,False,December,1,0,0,0,0,0,0,0,0,1,0,0,0,0,0,0,0,0,1
2018-12-07,17:10:00,02,03,01,07,01,00,0,373364.6532,5029424.421,False,December,1,0,0,0,0,0,0,0,0,1,0,0,0,0,0,0,0,0,1
2018-12-07,17:20:00,03,03,01,07,01,01,0,362368.6301,5024229.5,False,December,0,1,0,0,0,0,0,0,0,1,0,0,0,0,0,0,0,0,1
2018-12-07,17:50:00,03,06,01,07,01,,0,370811.5506,5032856.436000001,False,December,0,0,0,0,0,0,0,0,0,0,0,1,0,0,0,0,0,0,1
2018-12-07,18:47:00,03,03,01,07,01,01,0,370072.5525,5033065.812,False,December,1,0,0,0,0,0,0,0,0,1,0,0,0,0,0,0,0,0,1
2018-12-07,19:59:00,03,05,01,07,01,01,0,369547.5684,5026786.272,False,December,1,0,0,0,0,0,0,0,0,0,1,0,0,0,0,0,0,0,1
2018-12-07,,03,06,01,00,05,,0,369710.6347,5034114.175,False,December,0,0,0,0,0,0,0,0,1,0,0,0,0,0,0,0,0,0,1
2018-12-07,20:29:00,03,05,01,07,01,01,0,372564.8177,5029298.612,False,December,1,0,0,0,0,0,0,0,0,0,1,0,0,0,0,0,0,0,1
2018-12-07,22:32:00,03,07,01,07,01,,0,382992.9462,5009938.028,False,December,0,0,0,0,0,0,0,0,1,0,0,0,0,0,0,0,0,0,1
2018-12-08,00:18:00,03,03,01,07,01,,0,365189.9476,5024297.0139999995,False,December,0,0,0,0,0,0,0,0,1,0,0,0,0,0,0,0,0,0,1
2018-12-07,,03,06,01,07,01,,0,371641.3283,5023329.511,False,December,0,0,0,0,0,0,0,0,1,0,0,0,0,0,0,0,0,0,1
2018-12-08,00:23:00,02,03,01,07,01,00,0,361184.5641,5022932.658,False,December,0,1,0,0,0,0,0,0,0,0,1,0,0,0,0,0,0,0,1
2018-12-08,02:40:00,03,03,01,07,01,01,0,368036.6742,5021945.374,False,December,1,0,0,0,0,0,0,0,0,1,0,0,0,0,0,0,0,0,1
2018-12-08,03:02:00,02,07,01,07,01,00,0,367370.7256,5016576.978,False,December,1,0,0,0,0,0,0,0,0,0,1,0,0,0,0,0,0,0,1
2018-12-08,03:30:00,03,02,01,07,01,,0,367899.8743,5032323.949,False,December,0,0,0,0,0,0,0,0,1,0,0,0,0,0,0,0,0,0,1
2018-12-07,16:55:00,03,03,01,05,01,01,0,365085.0869,5017903.278,False,December,1,0,0,0,0,0,0,0,0,1,0,0,0,0,0,0,0,0,1
2018-12-08,08:17:00,03,07,01,01,01,,0,355815.7218,4990606.308999999,False,December,0,0,0,0,0,0,0,0,1,0,0,0,0,0,0,0,0,0,1
2018-12-08,08:27:00,02,05,01,01,01,01,0,363176.5973,5016506.681,False,December,1,0,0,0,0,0,0,0,0,0,1,0,0,0,0,0,0,0,1
2018-12-08,11:51:00,03,07,01,01,01,01,0,384584.6863,5038888.681,False,December,0,1,0,0,0,0,0,0,0,1,0,0,0,0,0,0,0,0,1
2018-12-08,13:23:00,03,03,01,01,01,,0,369269.4815,5027934.147,False,December,0,0,0,0,0,0,0,0,1,0,0,0,0,0,0,0,0,0,1
2018-12-08,13:31:00,02,03,01,01,01,01,0,370332.7897,5033213.607,False,December,1,0,0,0,0,0,0,0,0,1,0,0,0,0,0,0,0,0,1
2018-12-08,14:17:00,02,07,01,01,02,,1,370338.1872,5033215.829,False,December,0,0,0,0,0,0,0,0,1,0,0,0,0,0,0,0,0,0,1
2018-12-08,14:29:00,03,04,01,01,02,01,0,368297.6358,5030309.482,True,December,1,0,0,0,0,0,0,0,0,0,1,0,0,0,0,0,0,0,1
2018-12-08,14:58:00,03,03,01,01,01,,0,370301.1862,5026057.913,False,December,0,0,0,0,0,0,0,0,0,0,0,1,0,0,0,0,0,0,1
2018-12-08,16:00:00,02,03,01,05,01,,0,375097.7799,5033081.632,False,December,0,0,0,0,0,0,0,0,1,0,0,0,0,0,0,0,0,0,1
2018-12-08,16:04:00,03,01,01,05,01,,0,356543.3696,5020141.002,False,December,0,0,0,0,0,0,0,0,1,0,0,0,0,0,0,0,0,0,1
2018-12-08,17:12:00,03,07,03,07,03,,0,327698.5425,5037966.133,False,December,0,0,0,0,0,0,0,0,1,0,0,0,0,0,0,0,0,0,1
2018-12-08,17:23:00,02,03,01,07,01,01,0,368804.7275,5028434.625,False,December,1,0,0,0,0,0,0,0,0,1,0,0,0,0,0,0,0,0,1
2018-12-08,17:35:00,02,05,01,07,01,,0,359224.9982,5023523.193,False,December,0,0,0,0,0,0,0,0,1,0,0,0,0,0,0,0,0,0,1
2018-12-08,17:46:00,03,07,03,07,03,,0,335013.6085,5039022.567,False,December,0,0,0,0,0,0,0,0,1,0,0,0,0,0,0,0,0,0,1
2018-12-08,18:00:00,03,04,03,07,03,01,0,372748.5449,5032170.491,False,December,1,0,0,0,0,0,0,0,0,1,0,0,0,0,0,0,0,0,1
2018-11-26,15:55:00,03,0,02,01,02,01,0,368194.5614,5022793.771000001,False,November,1,0,0,0,0,0,0,0,0,1,0,0,0,0,0,1,0,0,0
2018-12-08,19:00:00,03,07,03,07,03,,0,386280.3127,5040827.216,False,December,0,0,0,0,0,0,0,0,1,0,0,0,0,0,0,0,0,0,1
2018-11-22,14:37:00,03,02,01,01,01,,0,380951.83200000005,5034577.959,False,November,0,0,0,0,0,0,0,0,0,0,0,1,0,0,0,1,0,0,0
2018-11-30,22:00:00,03,03,01,07,01,01,0,362549.691,5023770.554,False,November,1,0,0,0,0,0,0,0,0,1,0,0,0,0,0,1,0,0,0
2018-11-26,16:49:00,02,07,02,05,02,01,1,365031.6206,5028917.699,False,November,1,0,0,0,0,0,0,0,0,0,1,0,0,0,0,1,0,0,0
2018-11-29,06:40:00,02,03,01,03,02,01,0,375047.9043,5031119.57,False,November,1,0,0,0,0,0,0,0,0,1,0,0,0,0,0,1,0,0,0
2018-11-22,14:38:00,03,02,01,01,01,01,0,381759.9473,5037805.016,False,November,1,0,0,0,0,0,0,0,0,1,0,0,0,0,0,1,0,0,0
2018-12-11,12:55:00,03,02,03,01,03,,0,379729.0692,5038347.9,False,December,0,0,0,0,0,0,0,0,1,0,0,0,0,0,0,0,0,0,1
2018-12-08,19:09:00,03,03,03,07,05,01,0,367922.5521,5028091.825,False,December,1,0,0,0,0,0,0,0,0,1,0,0,0,0,0,0,0,0,1
2018-12-13,06:25:00,03,07,01,07,01,,0,345226.6101,5034420.488,False,December,0,0,0,0,0,0,0,0,1,0,0,0,0,0,0,0,0,0,1
2018-11-23,21:02:00,03,03,01,07,01,,0,368203.6398,5032937.058,False,November,0,0,0,0,0,0,0,0,1,0,0,0,0,0,0,1,0,0,0
2018-11-23,21:41:00,03,03,01,07,02,00,0,371992.5478,5032460.7530000005,False,November,0,1,0,0,0,0,0,0,0,1,0,0,0,0,0,1,0,0,0
2018-12-04,13:17:00,03,04,01,01,01,,0,368363.6467,5031817.049,False,December,0,0,0,0,0,0,0,0,1,0,0,0,0,0,0,0,0,0,1
2018-11-28,12:15:00,03,03,01,01,01,01,0,368248.4766,5032823.657,False,November,1,0,0,0,0,0,0,0,0,1,0,0,0,0,0,1,0,0,0
2018-11-26,16:57:00,03,03,02,07,02,,0,366914.5773,5028971.307,False,November,0,0,0,0,0,0,0,0,1,0,0,0,0,0,0,1,0,0,0
2018-11-22,15:28:00,03,03,03,01,06,,0,370503.4195,5026800.717,False,November,0,0,0,0,0,0,0,0,1,0,0,0,0,0,0,1,0,0,0
2018-12-08,20:49:00,02,05,01,07,01,01,0,373099.8153,5030005.7,False,December,1,0,0,0,0,0,0,0,0,0,1,0,0,0,0,0,0,0,1
2018-12-13,08:03:00,03,03,01,01,01,01,0,364858.6045,5023725.74,False,December,1,0,0,0,0,0,0,0,0,1,0,0,0,0,0,0,0,0,1
2018-11-23,22:37:00,03,07,01,07,01,,0,372696.7139,5006667.701,False,November,0,0,0,0,0,0,0,0,0,0,0,1,0,0,0,1,0,0,0
2018-11-29,07:39:00,03,03,01,01,01,,0,362548.8675,5023772.237,False,November,0,0,0,0,0,0,0,0,1,0,0,0,0,0,0,1,0,0,0
2018-12-04,13:18:00,03,05,01,01,01,01,0,352677.744,5017676.813,False,December,1,0,0,0,0,0,0,0,0,0,1,0,0,0,0,0,0,0,1
2018-11-30,11:45:00,03,04,01,01,01,,0,364937.4462,5029136.096,False,November,0,0,0,0,0,0,0,0,0,0,0,1,0,0,0,1,0,0,0
2018-11-26,17:07:00,03,02,02,07,02,01,0,364568.5846,5026597.842,False,November,0,1,0,0,0,0,0,0,0,0,1,0,0,0,0,1,0,0,0
2018-11-22,15:35:00,03,02,01,01,01,,0,365574.48299999995,5016238.348,False,November,0,0,0,0,0,0,0,0,0,0,0,1,0,0,0,1,0,0,0
2018-12-11,07:50:00,03,04,03,03,02,,0,367705.0462,5032485.71,False,December,0,0,0,0,0,0,0,0,1,0,0,0,0,0,0,0,0,0,1
2018-12-08,20:47:00,03,02,03,07,03,01,0,348759.9763,5022911.287,False,December,0,1,0,0,0,0,0,0,0,0,1,0,0,0,0,0,0,0,1
2018-12-12,18:30:00,03,03,03,07,03,01,0,363323.7935,5014773.527,False,December,0,0,0,0,0,0,0,1,0,1,0,0,0,0,0,0,0,0,1
2018-11-24,03:44:00,03,02,01,07,01,,0,368404.0384,5029403.206,False,November,0,0,0,0,0,0,0,0,0,0,0,1,0,0,0,1,0,0,0
2018-11-29,07:51:00,02,05,01,01,01,01,0,358496.6893,5022986.392,False,November,1,0,0,0,0,0,0,0,0,0,1,0,0,0,0,1,0,0,0
2018-12-04,13:36:00,03,05,01,01,01,01,0,362073.0642,5025919.077,False,December,1,0,0,0,0,0,0,0,0,0,1,0,0,0,0,0,0,0,1
2018-11-30,17:30:00,02,03,01,07,02,01,0,359233.7197,5023509.407,False,November,1,0,0,0,0,0,0,0,0,1,0,0,0,0,0,1,0,0,0
2018-11-26,17:10:00,02,07,02,07,02,01,1,368509.5925,5030645.799,False,November,0,1,0,0,0,0,0,0,0,0,1,0,0,0,0,1,0,0,0
2018-11-21,,03,06,01,00,05,,0,366636.0045,5030174.301,False,November,0,0,0,0,0,0,0,0,1,0,0,0,0,0,0,1,0,0,0
2018-11-25,,03,06,01,00,04,,0,380517.9356,5034024.624,False,November,0,0,0,0,0,0,0,0,1,0,0,0,0,0,0,1,0,0,0
2018-11-26,17:16:00,03,05,02,05,02,01,0,351051.5486,5017887.502,False,November,1,0,0,0,0,0,0,0,0,1,0,0,0,0,0,1,0,0,0
2018-11-26,17:20:00,03,05,02,07,02,01,0,370432.4922,5029081.455,False,November,1,0,0,0,0,0,0,0,0,0,1,0,0,0,0,1,0,0,0
2018-11-26,20:37:00,02,05,02,07,02,,0,371252.9616,5030880.7360000005,False,November,0,0,0,0,0,0,0,0,0,0,0,1,0,0,0,1,0,0,0
2018-11-26,,03,06,02,00,02,,0,368247.8373,5033820.938,False,November,0,0,0,0,0,0,0,0,1,0,0,0,0,0,0,1,0,0,0
2018-11-25,,03,06,01,00,04,,0,383544.1401,5036896.651000001,False,November,0,0,0,0,0,0,0,0,1,0,0,0,0,0,0,1,0,0,0
2018-11-26,17:25:00,03,04,02,07,02,01,0,364130.4653,5028867.602,False,November,1,0,0,0,0,0,0,0,0,1,0,0,0,0,0,1,0,0,0
2018-11-24,20:00:00,03,06,02,07,02,,0,351420.7078,5014888.311000001,False,November,0,0,0,0,0,0,0,0,0,0,0,1,0,0,0,1,0,0,0
2018-11-26,18:39:00,03,04,01,07,01,01,0,369995.5147,5026851.786,False,November,1,0,0,0,0,0,0,0,0,1,0,0,0,0,0,1,0,0,0
2018-11-26,18:48:00,02,07,02,07,02,01,1,359004.7,5023990.594,False,November,1,0,0,0,0,0,0,0,0,1,0,0,0,0,0,1,0,0,0
2018-11-24,04:40:00,03,06,01,07,01,,0,370935.4711,5032605.775,False,November,0,0,0,0,0,0,0,0,1,0,0,0,0,0,0,1,0,0,0
2018-11-26,19:10:00,03,02,02,07,02,,0,367324.6678,5029628.882,False,November,0,0,0,0,0,0,0,0,0,0,0,1,0,0,0,1,0,0,0
2018-11-26,20:28:00,02,03,01,07,02,01,0,379791.56799999997,5033781.6680000005,False,November,1,0,0,0,0,0,0,0,0,1,0,0,0,0,0,1,0,0,0
2018-11-26,22:23:00,03,07,02,07,02,,0,381297.0106,5012161.634,False,November,0,0,0,0,0,0,0,0,1,0,0,0,0,0,0,1,0,0,0
2018-11-27,04:49:00,02,07,02,07,03,,0,388596.6873,5005992.742,False,November,0,0,0,0,0,0,0,0,1,0,0,0,0,0,0,1,0,0,0
2018-11-27,07:36:00,03,01,03,01,02,00,0,369710.8131,5025574.473,False,November,0,1,0,0,0,0,0,0,0,1,0,0,0,0,0,1,0,0,0
2018-11-27,07:52:00,03,04,03,01,04,01,0,367394.6633,5023266.826,False,November,1,0,0,0,0,0,0,0,0,1,0,0,0,0,0,1,0,0,0
2018-11-27,07:59:00,03,01,03,01,04,,0,385532.8809,5040045.625,False,November,0,0,0,0,0,0,0,0,1,0,0,0,0,0,0,1,0,0,0
2018-11-27,08:16:00,03,03,03,01,04,01,0,370118.8128,5029601.164,False,November,1,0,0,0,0,0,0,0,0,1,0,0,0,0,0,1,0,0,0
2018-11-27,08:20:00,03,02,03,01,03,01,0,380128.8903,5036818.6680000005,False,November,0,1,0,0,0,0,0,0,0,1,0,0,0,0,0,1,0,0,0
2018-11-27,08:49:00,03,02,03,01,04,01,0,371219.9105,5025903.571,False,November,0,1,0,0,0,0,0,0,0,0,1,0,0,0,0,1,0,0,0
2018-11-27,07:50:00,03,07,03,01,03,,0,388620.38399999996,5035927.7069999995,False,November,0,0,0,0,0,0,0,0,1,0,0,0,0,0,0,1,0,0,0
2018-11-27,09:15:00,03,03,03,01,04,01,0,361184.7219,5022932.579,False,November,0,1,0,0,0,0,0,0,0,0,1,0,0,0,0,1,0,0,0
2018-11-27,09:30:00,03,02,03,01,04,,0,370123.0686,5033094.0139999995,False,November,0,0,0,0,0,0,0,0,0,0,0,1,0,0,0,1,0,0,0
2018-11-27,10:31:00,03,0,01,01,02,,0,373576.8985,5030429.693,False,November,0,0,0,0,0,0,0,0,0,0,0,1,0,0,0,1,0,0,0
2018-11-22,10:39:00,03,07,01,01,02,,0,349407.3971,5006987.552,False,November,0,0,0,0,0,0,0,0,1,0,0,0,0,0,0,1,0,0,0
2018-11-27,10:53:00,03,04,03,01,02,00,0,368185.70399999997,5032111.572,False,November,1,0,0,0,0,0,0,0,0,1,0,0,0,0,0,1,0,0,0
2018-11-27,11:04:00,03,02,03,01,03,01,0,369795.6017,5023130.725,False,November,0,1,0,0,0,0,0,0,0,0,1,0,0,0,0,1,0,0,0
2018-11-26,20:30:00,03,07,02,07,04,,0,376298.0369,5024473.029,False,November,0,0,0,0,0,0,0,0,1,0,0,0,0,0,0,1,0,0,0
2018-11-26,17:30:00,03,03,02,07,02,01,0,363527.7057,5021571.401000001,False,November,1,0,0,0,0,0,0,0,0,1,0,0,0,0,0,1,0,0,0
2018-11-23,,03,06,02,00,03,,0,356861.7737,5020041.163,False,November,0,0,0,0,0,0,0,0,1,0,0,0,0,0,0,1,0,0,0
2018-11-26,,03,06,02,00,02,,0,366754.1672,5030568.648,False,November,0,0,0,0,0,0,0,0,1,0,0,0,0,0,0,1,0,0,0
2018-11-26,15:15:00,03,04,02,01,02,01,0,371545.4772,5033817.697,False,November,1,0,0,0,0,0,0,0,0,1,0,0,0,0,0,1,0,0,0
2018-11-24,13:40:00,03,05,01,01,03,01,0,381597.0515,5038180.779,False,November,1,0,0,0,0,0,0,0,0,1,0,0,0,0,0,1,0,0,0
2018-11-27,15:15:00,03,03,01,01,01,01,0,383119.6814,5038785.363,False,November,1,0,0,0,0,0,0,0,0,1,0,0,0,0,0,1,0,0,0
2018-11-26,15:06:00,03,06,03,01,08,,0,375320.48799999995,5020739.183,False,November,0,0,0,0,0,0,0,0,1,0,0,0,0,0,0,1,0,0,0
2018-11-27,16:23:00,03,06,01,05,02,,0,372897.4136,5030819.033,False,November,0,0,0,0,0,0,0,0,1,0,0,0,0,0,0,1,0,0,0
2018-11-27,16:30:00,03,02,02,05,02,01,0,360469.7243,5003123.337,False,November,0,1,0,0,0,0,0,0,0,0,1,0,0,0,0,1,0,0,0
2018-11-27,16:36:00,03,04,01,05,02,,0,367353.1952,5021103.651000001,False,November,0,0,0,0,0,0,0,0,1,0,0,0,0,0,0,1,0,0,0
2018-11-27,16:43:00,02,03,03,05,02,01,0,375507.5311,5026406.791,False,November,1,0,0,0,0,0,0,0,0,1,0,0,0,0,0,1,0,0,0
2018-11-23,16:40:00,03,03,04,05,04,,0,383654.1872,5036035.96,False,November,0,0,0,0,0,0,0,0,1,0,0,0,0,0,0,1,0,0,0
2018-11-27,16:50:00,03,03,03,05,02,01,0,362273.4503,5023596.351,False,November,1,0,0,0,0,0,0,0,0,1,0,0,0,0,0,1,0,0,0
2018-11-27,16:55:00,03,03,02,07,04,01,0,373498.8385,5030383.688999999,False,November,0,1,0,0,0,0,0,0,0,1,0,0,0,0,0,1,0,0,0
2018-11-27,16:30:00,03,07,02,05,04,,0,348255.895,5014872.813999999,False,November,0,0,0,0,0,0,0,0,1,0,0,0,0,0,0,1,0,0,0
2018-11-27,17:42:00,03,07,03,07,04,01,0,349415.4435,5014324.338,False,November,1,0,0,0,0,0,0,0,0,0,1,0,0,0,0,1,0,0,0
2018-11-27,18:17:00,03,02,01,07,03,01,0,369489.7472,5023258.539,False,November,0,1,0,0,0,0,0,0,0,0,1,0,0,0,0,1,0,0,0
2018-11-27,18:25:00,02,07,01,07,02,,1,391650.3653,5039354.512,False,November,0,0,0,0,0,0,0,0,1,0,0,0,0,0,0,1,0,0,0
2018-11-27,19:06:00,02,01,03,07,05,,0,352802.5369,5018770.973999999,False,November,0,0,0,0,0,0,0,0,1,0,0,0,0,0,0,1,0,0,0
2018-11-27,19:00:00,03,03,03,07,04,01,0,366873.47,5026438.9,False,November,1,0,0,0,0,0,0,0,0,1,0,0,0,0,0,1,0,0,0
2018-11-26,16:00:00,03,06,02,05,02,,0,381712.4572,5032487.6280000005,False,November,0,0,0,0,0,0,0,0,1,0,0,0,0,0,0,1,0,0,0
2018-11-27,20:09:00,03,04,03,07,02,,0,369366.4628,5028027.876,False,November,0,0,0,0,0,0,0,0,0,1,0,0,0,0,0,1,0,0,0