DATE,TIME,CLASS_OF_ACCIDENT,IMPACT_TYPE,ENVIRONMENT,LIGHT,ROAD_SURFACE_CONDITION,TRAFFIC_CONTROL_CONDITION,NO_OF_PEDESTRIANS,X,Y,Highway,Month,categorical_TRAFFIC_CONTROL_01,categorical_TRAFFIC_CONTROL_02,categorical_TRAFFIC_CONTROL_03,categorical_TRAFFIC_CONTROL_04,categorical_TRAFFIC_CONTROL_07,categorical_TRAFFIC_CONTROL_08,categorical_TRAFFIC_CONTROL_09,categorical_TRAFFIC_CONTROL_11,categorical_ACCIDENT_LOCATION_01,categorical_ACCIDENT_LOCATION_02,categorical_ACCIDENT_LOCATION_03,categorical_ACCIDENT_LOCATION_04,categorical_ACCIDENT_LOCATION_05,categorical_ACCIDENT_LOCATION_06,categorical_ACCIDENT_LOCATION_07,categorical_Seasons_Fall,categorical_Seasons_Spring,categorical_Seasons_Summer,categorical_Seasons_Winter
2018-11-28,07:00:00,03,03,01,03,02,,0,375620.6429,5031468.058,False,November,0,0,0,0,0,0,0,0,1,0,0,0,0,0,0,1,0,0,0
2018-11-28,07:46:00,02,05,01,01,02,01,0,367948.644,5031549.46,False,November,1,0,0,0,0,0,0,0,0,0,1,0,0,0,0,1,0,0,0
2018-11-28,07:49:00,02,03,03,01,04,00,0,355318.7773,5015648.316000001,False,November,0,1,0,0,0,0,0,0,0,1,0,0,0,0,0,1,0,0,0
2018-11-28,09:04:00,03,03,01,01,02,01,0,362273.5136,5023596.401000001,False,November,1,0,0,0,0,0,0,0,0,1,0,0,0,0,0,1,0,0,0
2018-11-28,09:46:00,03,03,03,01,03,01,0,365612.6845,5021942.51,False,November,1,0,0,0,0,0,0,0,0,1,0,0,0,0,0,1,0,0,0
2018-11-17,17:00:00,03,04,01,05,01,00,0,382121.6935,5035266.592,False,November,1,0,0,0,0,0,0,0,0,1,0,0,0,0,0,1,0,0,0
2018-11-28,09:55:00,03,03,03,01,06,01,0,372823.7208,5024807.549,False,November,1,0,0,0,0,0,0,0,0,1,0,0,0,0,0,1,0,0,0
2018-11-28,08:30:00,03,02,03,01,04,,0,373227.9621,5026226.801,False,November,0,0,0,0,0,0,0,0,0,0,0,1,0,0,0,1,0,0,0
2018-11-26,,03,06,02,00,02,,0,368835.7016,5009686.116,False,November,0,0,0,0,0,0,0,0,1,0,0,0,0,0,0,1,0,0,0
2018-11-28,10:44:00,03,05,01,01,01,02,0,375339.8925,5020047.744,False,November,0,1,0,0,0,0,0,0,0,0,1,0,0,0,0,1,0,0,0
2018-11-28,11:10:00,03,06,01,01,02,,0,364696.3127,5017268.908,False,November,0,0,0,0,0,0,0,0,0,0,0,1,0,0,0,1,0,0,0
2018-11-28,11:12:00,03,05,01,01,01,01,0,360496.8952,5024942.499,False,November,1,0,0,0,0,0,0,0,0,0,1,0,0,0,0,1,0,0,0
2018-11-28,12:01:00,03,03,03,01,02,01,0,351553.5278,5017864.54,False,November,1,0,0,0,0,0,0,0,0,1,0,0,0,0,0,1,0,0,0
2018-11-28,12:22:00,03,05,01,01,02,01,0,366814.6172,5031351.686000001,False,November,1,0,0,0,0,0,0,0,0,1,0,0,0,0,0,1,0,0,0
2018-11-28,12:28:00,03,0,02,01,02,01,0,374674.7105,5028499.423,False,November,1,0,0,0,0,0,0,0,0,1,0,0,0,0,0,1,0,0,0
2018-11-28,12:15:00,03,07,01,01,04,,0,383082.8259,5037464.9180000005,False,November,0,0,0,0,0,0,0,0,1,0,0,0,0,0,0,1,0,0,0
2018-11-28,13:20:00,03,0,01,01,01,,0,365512.9874,5028439.147,False,November,0,0,0,0,0,0,0,0,1,0,0,0,0,0,0,1,0,0,0
2018-11-06,17:00:00,02,04,01,07,01,01,0,364352.0546,5027337.57,False,November,1,0,0,0,0,0,0,0,0,1,0,0,0,0,0,1,0,0,0
2018-11-28,12:58:00,03,02,01,01,02,01,0,368393.6904,5030486.413,False,November,1,0,0,0,0,0,0,0,0,0,1,0,0,0,0,1,0,0,0
2018-11-28,14:21:00,02,03,01,01,02,00,0,365434.8051,5023081.498,False,November,0,1,0,0,0,0,0,0,0,1,0,0,0,0,0,1,0,0,0
2018-11-28,14:00:00,03,03,02,01,02,,0,374593.8736,5031254.524,False,November,0,0,0,0,0,0,0,0,1,0,0,0,0,0,0,1,0,0,0
2018-11-28,15:29:00,03,0,01,01,02,01,0,349349.08700000006,5015274.554,False,November,0,1,0,0,0,0,0,0,0,1,0,0,0,0,0,1,0,0,0
2018-11-28,14:25:00,03,03,01,01,02,01,0,367318.7793,5029643.54,False,November,1,0,0,0,0,0,0,0,0,1,0,0,0,0,0,1,0,0,0
2018-11-28,15:56:00,02,07,01,01,02,00,1,367687.4971,5032763.626,False,November,0,1,0,0,0,0,0,0,0,0,1,0,0,0,0,1,0,0,0
2018-11-25,16:13:00,03,0,02,01,02,01,0,367491.815,5029937.508,False,November,1,0,0,0,0,0,0,0,0,1,0,0,0,0,0,1,0,0,0
2018-11-28,16:16:00,03,03,02,01,02,01,0,368028.4107,5021766.363,False,November,1,0,0,0,0,0,0,0,0,1,0,0,0,0,0,1,0,0,0
2018-11-28,16:00:00,03,03,01,01,01,01,0,375399.7315,5014484.465,False,November,1,0,0,0,0,0,0,0,0,1,0,0,0,0,0,1,0,0,0
2018-11-28,16:26:00,03,03,03,05,04,01,0,362759.6284,5023897.363,False,November,1,0,0,0,0,0,0,0,0,1,0,0,0,0,0,1,0,0,0
2018-11-28,16:59:00,02,06,01,07,02,,0,373260.775,5034324.103,False,November,0,0,0,0,0,0,0,0,1,0,0,0,0,0,0,1,0,0,0
2018-11-28,17:00:00,03,02,01,05,02,,0,380002.1723,5038170.925,False,November,0,0,0,0,0,0,0,0,0,0,0,1,0,0,0,1,0,0,0
2018-11-23,,03,06,01,00,02,,0,368448.9211,5016403.136,False,November,0,0,0,0,0,0,0,0,1,0,0,0,0,0,0,1,0,0,0
2018-11-28,17:34:00,03,02,04,07,02,01,0,348208.4616,5018982.578,False,November,0,1,0,0,0,0,0,0,0,0,1,0,0,0,0,1,0,0,0
2018-11-28,17:30:00,03,07,03,07,04,,0,341131.5355,5007094.055,False,November,0,0,0,0,0,0,0,0,1,0,0,0,0,0,0,1,0,0,0
2018-11-28,17:57:00,03,04,01,07,02,,0,373575.4797,5029256.226,False,November,0,0,0,0,0,0,0,0,1,0,0,0,0,0,0,1,0,0,0
2018-11-28,18:15:00,02,07,03,07,02,,0,348912.751,5022517.405,False,November,0,0,0,0,0,0,0,0,1,0,0,0,0,0,0,1,0,0,0
2018-11-28,18:28:00,03,05,01,07,02,,0,359069.594,5023880.449,False,November,0,0,0,0,0,0,0,0,1,0,0,0,0,0,0,1,0,0,0
2018-11-28,18:37:00,02,07,01,07,02,01,1,368970.6392,5030632.686000001,False,November,1,0,0,0,0,0,0,0,0,0,1,0,0,0,0,1,0,0,0
2018-11-27,08:20:00,03,03,03,01,04,01,0,372530.7603,5031410.51,True,November,1,0,0,0,0,0,0,0,0,1,0,0,0,0,0,1,0,0,0
2018-11-28,18:43:00,03,02,01,07,01,00,0,352993.7174,5012174.391,False,November,0,1,0,0,0,0,0,0,0,0,1,0,0,0,0,1,0,0,0
2018-11-28,18:55:00,02,07,01,07,06,01,1,372568.745,5029211.498,False,November,0,1,0,0,0,0,0,0,0,0,1,0,0,0,0,1,0,0,0
2018-11-28,19:24:00,03,07,02,07,02,,0,346996.1902,5026063.2360000005,False,November,0,0,0,0,0,0,0,0,1,0,0,0,0,0,0,1,0,0,0
2018-11-28,17:10:00,03,03,02,07,04,01,0,357907.5707,5018498.673,False,November,1,0,0,0,0,0,0,0,0,1,0,0,0,0,0,1,0,0,0
2018-11-28,,03,06,03,07,04,,0,365692.6663,5016237.555,False,November,0,0,0,0,0,0,0,0,1,0,0,0,0,0,0,1,0,0,0
2018-11-28,21:53:00,02,05,01,07,02,01,0,371545.6136,5033817.528,False,November,1,0,0,0,0,0,0,0,0,0,1,0,0,0,0,1,0,0,0
2018-11-24,04:47:00,03,07,01,07,02,01,0,369127.8365,5033487.186000001,False,November,1,0,0,0,0,0,0,0,0,1,0,0,0,0,0,1,0,0,0
2018-12-13,08:40:00,03,04,01,01,01,01,0,374908.6917,5028602.593,False,December,1,0,0,0,0,0,0,0,0,1,0,0,0,0,0,0,0,0,1
2018-12-04,14:00:00,03,03,01,01,01,01,0,384682.7324,5039285.847,False,December,0,0,0,0,0,0,0,1,0,1,0,0,0,0,0,0,0,0,1
2018-11-22,15:54:00,02,05,01,01,01,,0,365068.3808,5027829.459,False,November,0,0,0,0,0,0,0,0,0,0,0,1,0,0,0,1,0,0,0
2018-12-01,13:15:00,03,02,01,01,01,01,0,372370.4767,5028727.683,False,December,0,1,0,0,0,0,0,0,0,0,1,0,0,0,0,0,0,0,1
2018-11-29,08:31:00,02,03,01,01,01,,0,361934.4052,5025309.076,True,November,0,0,0,0,0,0,0,0,1,0,0,0,0,0,0,1,0,0,0
2018-12-08,21:03:00,02,05,01,07,05,01,0,368167.6802,5026222.633,False,December,1,0,0,0,0,0,0,0,0,0,1,0,0,0,0,0,0,0,1
2018-12-11,13:24:00,03,05,03,01,02,,0,365297.5864,5023011.254,False,December,0,0,0,0,0,0,0,0,0,0,0,1,0,0,0,0,0,0,1
2018-11-24,04:40:00,03,0,01,07,02,,0,370741.1144,5032748.516,False,November,0,0,0,0,0,0,0,0,1,0,0,0,0,0,0,1,0,0,0
2018-11-24,07:50:00,03,07,01,01,01,,0,364229.1469,5025154.577,False,November,0,0,0,0,0,0,0,0,1,0,0,0,0,0,0,1,0,0,0
2018-11-23,14:00:00,03,03,01,01,01,01,0,383951.7683,5036159.561000001,False,November,1,0,0,0,0,0,0,0,0,1,0,0,0,0,0,1,0,0,0
2018-11-24,09:42:00,03,07,01,01,01,,0,374389.3531,5032514.744,True,November,0,0,0,0,0,0,0,0,1,0,0,0,0,0,0,1,0,0,0
2018-11-24,10:34:00,03,05,01,01,01,01,0,364521.6982,5024507.526000001,False,November,1,0,0,0,0,0,0,0,0,0,1,0,0,0,0,1,0,0,0
2018-11-24,10:30:00,03,02,01,01,01,01,0,363193.8096,5028366.554,False,November,0,1,0,0,0,0,0,0,0,1,0,0,0,0,0,1,0,0,0
2018-11-24,11:35:00,03,05,01,01,01,,0,372626.953,5030175.623,False,November,0,0,0,0,0,0,0,0,0,0,0,1,0,0,0,1,0,0,0
2018-11-24,12:44:00,02,05,01,01,01,,0,371555.7893,5031645.634,False,November,0,0,0,0,0,0,0,0,0,0,0,1,0,0,0,1,0,0,0
2018-11-24,13:07:00,03,03,01,01,01,,0,364627.2927,5024264.021000001,False,November,0,0,0,0,0,0,0,0,1,0,0,0,0,0,0,1,0,0,0
2018-11-24,13:15:00,03,07,01,01,02,,0,371656.1976,5032244.933999999,False,November,0,0,0,0,0,0,0,0,1,0,0,0,0,0,0,1,0,0,0
2018-11-24,13:32:00,03,03,01,01,01,01,0,351616.2119,5019224.884,True,November,1,0,0,0,0,0,0,0,0,1,0,0,0,0,0,1,0,0,0
2018-11-24,13:45:00,03,04,01,01,01,01,0,366627.8297,5028810.789,False,November,1,0,0,0,0,0,0,0,0,1,0,0,0,0,0,1,0,0,0
2018-11-24,13:50:00,02,03,01,01,01,,0,375387.4406,5031907.791,False,November,0,0,0,0,0,0,0,0,1,0,0,0,0,0,0,1,0,0,0
2018-11-24,14:06:00,03,04,01,01,01,01,0,368297.9085,5030309.387,True,November,1,0,0,0,0,0,0,0,0,0,1,0,0,0,0,1,0,0,0
2018-11-23,18:30:00,03,04,01,07,02,,0,355900.8034,5023978.963,False,November,0,0,0,0,0,0,0,0,1,0,0,0,0,0,0,1,0,0,0
2018-11-24,15:14:00,03,05,01,01,01,01,0,363723.61299999995,5015276.473999999,False,November,1,0,0,0,0,0,0,0,0,0,1,0,0,0,0,1,0,0,0
2018-11-23,14:19:00,03,03,01,01,01,01,0,368739.779,5032034.4569999995,False,November,1,0,0,0,0,0,0,0,0,1,0,0,0,0,0,1,0,0,0
2018-11-24,16:12:00,03,03,01,01,01,01,0,368036.65,5021945.788,False,November,1,0,0,0,0,0,0,0,0,1,0,0,0,0,0,1,0,0,0
2018-11-24,16:30:00,03,03,01,05,02,01,0,360597.68299999996,5022584.478,False,November,1,0,0,0,0,0,0,0,0,1,0,0,0,0,0,1,0,0,0
2018-11-23,18:00:00,03,03,01,07,06,01,0,367356.6889,5029551.87,False,November,0,1,0,0,0,0,0,0,0,0,1,0,0,0,0,1,0,0,0
2018-11-24,17:31:00,02,05,02,07,02,01,0,350061.1137,5019030.551,False,November,1,0,0,0,0,0,0,0,0,0,1,0,0,0,0,1,0,0,0
2018-11-24,17:31:00,02,02,05,07,02,01,0,366941.6971,5030856.569,False,November,0,1,0,0,0,0,0,0,0,0,1,0,0,0,0,1,0,0,0
2018-11-24,18:00:00,03,02,04,07,04,01,0,370507.7311,5023400.563,False,November,1,0,0,0,0,0,0,0,0,1,0,0,0,0,0,1,0,0,0
2018-11-24,17:10:00,03,07,01,05,01,,0,350183.9896,5011491.371,False,November,0,0,0,0,0,0,0,0,1,0,0,0,0,0,0,1,0,0,0
2018-11-24,18:15:00,03,03,04,07,06,01,0,380567.6651,5036174.72,False,November,1,0,0,0,0,0,0,0,0,1,0,0,0,0,0,1,0,0,0
2018-11-24,19:03:00,02,07,02,07,02,01,1,370072.5763,5033065.752,False,November,1,0,0,0,0,0,0,0,0,1,0,0,0,0,0,1,0,0,0
2018-11-24,20:01:00,03,04,02,07,02,01,0,372305.9735,5031951.785,False,November,1,0,0,0,0,0,0,0,0,1,0,0,0,0,0,1,0,0,0
2018-11-24,20:29:00,03,03,04,07,06,00,0,375194.8517,5032311.658,False,November,1,0,0,0,0,0,0,0,0,1,0,0,0,0,0,1,0,0,0
2018-11-24,21:05:00,03,07,02,07,02,,0,369449.5567,5017934.075,False,November,0,0,0,0,0,0,0,0,1,0,0,0,0,0,0,1,0,0,0
2018-11-24,22:07:00,03,07,04,07,02,,0,349335.8922,5019714.779,False,November,0,0,0,0,0,0,0,0,1,0,0,0,0,0,0,1,0,0,0
2018-11-24,22:09:00,03,07,04,07,06,,0,389223.67600000004,5038349.284,False,November,0,0,0,0,0,0,0,0,1,0,0,0,0,0,0,1,0,0,0
2018-11-24,22:19:00,02,03,02,07,02,01,0,368570.726,5031473.655,False,November,0,1,0,0,0,0,0,0,0,1,0,0,0,0,0,1,0,0,0
2018-11-24,23:30:00,03,07,04,07,06,,0,375903.6108,5025435.406,False,November,0,0,0,0,0,0,0,0,1,0,0,0,0,0,0,1,0,0,0
2018-11-25,01:11:00,03,04,04,07,02,,0,359069.4801,5023880.855,False,November,0,0,0,0,0,0,0,0,1,0,0,0,0,0,0,1,0,0,0
2018-11-25,03:02:00,03,07,04,07,06,,0,368053.3052,5024074.666999999,False,November,0,0,0,0,0,0,0,0,1,0,0,0,0,0,0,1,0,0,0
2018-11-25,04:20:00,03,07,02,07,04,01,0,369937.409,5029317.018999999,False,November,1,0,0,0,0,0,0,0,0,0,1,0,0,0,0,1,0,0,0
2018-11-25,05:40:00,03,02,02,07,06,01,0,364929.8331,5029153.461,False,November,1,0,0,0,0,0,0,0,0,0,1,0,0,0,0,1,0,0,0
2018-11-25,06:25:00,02,07,04,03,06,01,1,368506.2197,5029140.087,False,November,0,1,0,0,0,0,0,0,0,1,0,0,0,0,0,1,0,0,0
2018-11-25,07:02:00,02,07,02,03,06,,0,387356.69399999996,5042389.095,False,November,0,0,0,0,0,0,0,0,1,0,0,0,0,0,0,1,0,0,0
2018-11-25,07:14:00,03,07,04,01,06,,0,368914.7634,5026234.539,False,November,0,0,0,0,0,0,0,0,1,0,0,0,0,0,0,1,0,0,0
2018-11-24,23:30:00,03,07,05,07,06,,0,397840.2016,5038712.975,False,November,0,0,0,0,0,0,0,0,1,0,0,0,0,0,0,1,0,0,0
2018-11-15,17:15:00,02,07,01,07,01,01,1,365179.1499,5012611.895,False,November,0,1,0,0,0,0,0,0,0,0,1,0,0,0,0,1,0,0,0
2018-11-25,10:32:00,03,03,01,01,02,,0,367031.4335,5030321.461,False,November,0,0,0,0,0,0,0,0,0,1,0,0,0,0,0,1,0,0,0
2018-11-24,11:10:00,03,03,01,01,01,,0,351067.0011,5019296.95,False,November,0,0,0,0,0,0,0,0,1,0,0,0,0,0,0,1,0,0,0
2018-11-24,21:30:00,03,07,04,07,06,,0,372676.9026,5017531.964,False,November,0,0,0,0,0,0,0,0,1,0,0,0,0,0,0,1,0,0,0
2018-11-13,16:30:00,03,04,04,05,06,,0,366860.6941,5030728.598,False,November,0,0,0,0,0,0,0,0,0,1,0,0,0,0,0,1,0,0,0
2018-11-25,12:02:00,02,07,01,01,02,,1,354257.0282,5016946.3780000005,False,November,0,0,0,0,0,0,0,0,0,0,0,1,0,0,0,1,0,0,0
2018-11-25,03:00:00,03,07,04,07,06,00,0,368707.8453,5026302.4860000005,False,November,0,1,0,0,0,0,0,0,0,1,0,0,0,0,0,1,0,0,0
2018-11-24,10:40:00,03,04,01,01,02,01,0,358757.6635,5022868.512,True,November,1,0,0,0,0,0,0,0,0,1,0,0,0,0,0,1,0,0,0
2018-11-25,12:29:00,03,02,01,01,02,,0,366912.7629,5013356.509,False,November,0,0,0,0,0,0,0,0,0,0,0,1,0,0,0,1,0,0,0
2018-11-25,12:39:00,02,03,07,01,02,01,0,369304.5947,5027894.6110000005,False,November,1,0,0,0,0,0,0,0,0,1,0,0,0,0,0,1,0,0,0
2018-11-24,,03,06,01,00,01,,0,367821.6111,5032275.828,False,November,0,0,0,0,0,0,0,0,1,0,0,0,0,0,0,1,0,0,0
2018-11-25,13:55:00,02,02,03,01,03,01,0,367133.6116,5030081.625,False,November,1,0,0,0,0,0,0,0,0,0,1,0,0,0,0,1,0,0,0
2018-11-25,14:00:00,03,03,02,01,02,,0,383859.0557,5036120.99,False,November,0,0,0,0,0,0,0,0,1,0,0,0,0,0,0,1,0,0,0
2018-11-25,14:10:00,03,03,01,01,02,01,0,363933.6188,5014784.534,False,November,1,0,0,0,0,0,0,0,0,1,0,0,0,0,0,1,0,0,0
2018-11-25,15:08:00,03,02,01,01,04,,0,364582.22,5015711.256,False,November,0,0,0,0,0,0,0,0,0,0,0,1,0,0,0,1,0,0,0
2018-11-25,15:13:00,03,05,01,01,02,,0,365396.6441,5028747.877,False,November,0,0,0,0,0,0,0,0,1,0,0,0,0,0,0,1,0,0,0
2018-11-23,,03,06,03,00,05,,0,368744.9823,5032366.971,False,November,0,0,0,0,0,0,0,0,1,0,0,0,0,0,0,1,0,0,0
2018-11-24,09:00:00,03,07,01,01,01,,0,369562.0856,5033935.88,False,November,0,0,0,0,0,0,0,0,1,0,0,0,0,0,0,1,0,0,0
2018-11-25,16:45:00,03,07,01,05,02,,0,368471.0068,5017431.375,False,November,0,0,0,0,0,0,0,0,1,0,0,0,0,0,0,1,0,0,0
2018-11-25,17:30:00,03,03,01,07,02,01,0,368036.6962,5021945.369,False,November,1,0,0,0,0,0,0,0,0,1,0,0,0,0,0,1,0,0,0
2018-11-25,17:35:00,03,02,02,07,02,01,0,384844.5858,5036560.627,False,November,1,0,0,0,0,0,0,0,0,0,1,0,0,0,0,1,0,0,0
2018-11-25,18:42:00,03,02,01,07,02,01,0,368511.5542,5032413.41,False,November,1,0,0,0,0,0,0,0,0,0,1,0,0,0,0,1,0,0,0
2018-11-16,08:55:00,03,03,03,01,04,01,0,375399.7581,5031874.587,False,November,1,0,0,0,0,0,0,0,0,1,0,0,0,0,0,1,0,0,0
2018-11-25,17:30:00,03,07,01,07,02,,0,348280.8722,5018902.893999999,False,November,0,0,0,0,0,0,0,0,1,0,0,0,0,0,0,1,0,0,0
2018-11-25,22:02:00,03,07,01,07,02,,0,372635.2446,5015059.191000001,False,November,0,0,0,0,0,0,0,0,1,0,0,0,0,0,0,1,0,0,0
2018-11-26,01:07:00,02,07,01,07,02,00,0,367235.6134,5023622.516,False,November,0,1,0,0,0,0,0,0,0,1,0,0,0,0,0,1,0,0,0
2018-11-25,22:02:00,03,07,01,07,02,,0,372691.0916,5015092.004,False,November,0,0,0,0,0,0,0,0,1,0,0,0,0,0,0,1,0,0,0
2018-11-25,23:17:00,02,07,01,07,06,,0,349651.0205,5019033.6389999995,False,November,0,0,0,0,0,0,0,0,1,0,0,0,0,0,0,1,0,0,0
2018-11-26,06:28:00,03,03,02,07,02,,0,378705.8215,5036634.714,False,November,0,0,0,0,0,0,0,0,1,0,0,0,0,0,0,1,0,0,0
2018-11-26,07:56:00,02,05,01,01,01,01,0,370365.6967,5027751.653,False,November,1,0,0,0,0,0,0,0,0,0,1,0,0,0,0,1,0,0,0
2018-11-26,08:48:00,03,04,01,01,02,01,0,379860.8934,5036471.715,False,November,0,0,0,0,0,0,0,1,0,0,1,0,0,0,0,1,0,0,0
2018-11-26,09:50:00,02,05,02,01,02,01,0,371867.5408,5024320.438999999,False,November,1,0,0,0,0,0,0,0,0,0,1,0,0,0,0,1,0,0,0
2018-11-26,10:16:00,03,04,02,01,02,,0,366735.93,5031011.558,False,November,0,0,0,0,0,0,0,0,1,0,0,0,0,0,0,1,0,0,0
2018-11-24,,03,06,01,00,03,,0,374314.907,5019607.188,False,November,0,0,0,0,0,0,0,0,0,0,0,1,0,0,0,1,0,0,0
2018-11-26,10:57:00,03,02,02,01,02,,0,367374.05100000004,5025672.944,False,November,0,0,0,0,0,0,0,0,0,0,0,1,0,0,0,1,0,0,0
2018-11-24,20:00:00,03,07,02,07,02,,0,350153.4377,5029116.242,False,November,0,0,0,0,0,0,0,0,1,0,0,0,0,0,0,1,0,0,0
2018-11-22,15:00:00,03,03,01,01,03,,0,369483.8028,5023609.657,False,November,0,0,0,0,0,0,0,0,0,0,0,1,0,0,0,1,0,0,0
2018-11-26,11:50:00,02,07,01,01,06,,1,365682.869,5029675.301,False,November,0,0,0,0,0,0,0,0,1,0,0,0,0,0,0,1,0,0,0
2018-11-26,12:00:00,03,03,02,01,02,01,0,370801.8811,5031016.169,True,November,1,0,0,0,0,0,0,0,0,1,0,0,0,0,0,1,0,0,0
2018-11-25,02:45:00,03,07,04,07,06,01,0,372650.576,5032411.696,False,November,1,0,0,0,0,0,0,0,0,1,0,0,0,0,0,1,0,0,0
2018-11-26,12:17:00,03,02,01,01,02,,0,375166.4681,5032346.217,False,November,0,0,0,0,0,0,0,0,0,0,0,1,0,0,0,1,0,0,0
2018-11-26,12:30:00,03,04,02,01,02,,0,364583.1837,5029266.67,False,November,0,0,0,0,0,0,0,0,1,0,0,0,0,0,0,1,0,0,0
2018-11-24,,03,06,04,00,02,,0,370538.589,5026108.97,False,November,0,0,0,0,0,0,0,0,1,0,0,0,0,0,0,1,0,0,0
2018-11-26,13:05:00,03,03,02,01,02,01,0,383951.6662,5036159.77,False,November,1,0,0,0,0,0,0,0,0,1,0,0,0,0,0,1,0,0,0
2018-11-26,13:25:00,03,03,02,01,02,01,0,383640.9751,5036900.456,False,November,1,0,0,0,0,0,0,0,0,1,0,0,0,0,0,1,0,0,0
2018-11-26,13:34:00,03,07,02,01,02,,0,353473.5324,5023051.928,False,November,0,0,0,0,0,0,0,0,1,0,0,0,0,0,0,1,0,0,0
2018-11-26,13:00:00,03,02,02,01,02,01,0,352207.7964,5017242.365,False,November,1,0,0,0,0,0,0,0,0,1,0,0,0,0,0,1,0,0,0
2018-11-26,14:43:00,03,03,02,01,02,01,0,360982.3112,5014901.733,False,November,1,0,0,0,0,0,0,0,0,1,0,0,0,0,0,1,0,0,0
2018-11-26,15:05:00,03,04,02,01,02,01,0,366710.7283,5029982.636,False,November,1,0,0,0,0,0,0,0,0,1,0,0,0,0,0,1,0,0,0
2018-11-26,15:40:00,02,02,02,01,02,01,0,371083.7469,5024521.81,False,November,1,0,0,0,0,0,0,0,0,0,1,0,0,0,0,1,0,0,0
2018-11-26,14:30:00,03,04,02,01,02,01,0,364438.7712,5027136.642,False,November,1,0,0,0,0,0,0,0,0,1,0,0,0,0,0,1,0,0,0
2018-11-26,15:45:00,03,04,02,01,02,01,0,360597.5703,5022584.506,False,November,1,0,0,0,0,0,0,0,0,1,0,0,0,0,0,1,0,0,0
2018-11-26,14:30:00,03,03,02,01,02,01,0,369102.6939,5010408.101,False,November,0,1,0,0,0,0,0,0,0,1,0,0,0,0,0,1,0,0,0
2018-12-04,14:12:00,03,02,01,01,02,,0,362955.6101,5026456.194,False,December,0,0,0,0,0,0,0,0,0,0,0,1,0,0,0,0,0,0,1
2018-12-13,09:02:00,03,04,01,01,01,,0,373377.7334,5023931.837,False,December,0,0,0,0,0,0,0,0,1,0,0,0,0,0,0,0,0,0,1
2018-12-04,14:26:00,03,03,01,01,01,,0,361802.0216,5026136.5030000005,False,December,0,0,0,0,0,0,0,0,1,0,0,0,0,0,0,0,0,0,1
2018-12-01,13:15:00,03,03,01,01,01,01,0,364736.9651,5024005.593,False,December,1,0,0,0,0,0,0,0,0,1,0,0,0,0,0,0,0,0,1
2018-12-11,13:50:00,03,05,03,01,02,01,0,367663.7346,5033503.653,False,December,1,0,0,0,0,0,0,0,0,0,1,0,0,0,0,0,0,0,1
2018-11-20,18:34:00,03,03,03,07,02,01,0,366891.5894,5018844.476,False,November,1,0,0,0,0,0,0,0,0,1,0,0,0,0,0,1,0,0,0
2018-11-29,09:33:00,03,04,01,01,01,01,0,367664.6695,5031877.7,False,November,1,0,0,0,0,0,0,0,0,1,0,0,0,0,0,1,0,0,0
2018-12-08,21:25:00,03,07,03,07,06,,0,368057.1008,5033145.765,False,December,0,0,0,0,0,0,0,0,1,0,0,0,0,0,0,0,0,0,1
2018-12-13,09:08:00,03,04,01,01,01,01,0,372081.0885,5031933.589,False,December,1,0,0,0,0,0,0,0,0,0,1,0,0,0,0,0,0,0,1
2018-12-13,09:11:00,03,02,01,01,06,01,0,368098.6181,5030960.79,False,December,1,0,0,0,0,0,0,0,0,0,1,0,0,0,0,0,0,0,1
2018-12-13,09:22:00,03,03,01,01,01,01,0,363056.7203,5022730.487,False,December,1,0,0,0,0,0,0,0,0,1,0,0,0,0,0,0,0,0,1
2018-12-11,,03,06,01,00,05,,0,367864.05799999996,5030998.988,False,December,0,0,0,0,0,0,0,0,1,0,0,0,0,0,0,0,0,0,1
2018-12-13,09:00:00,03,07,01,01,01,,0,385394.6373,5026435.401000001,False,December,0,0,0,0,0,0,0,0,1,0,0,0,0,0,0,0,0,0,1
2018-12-13,09:37:00,03,05,01,01,01,01,0,368341.2135,5032120.407,False,December,1,0,0,0,0,0,0,0,0,0,1,0,0,0,0,0,0,0,1
2018-12-13,09:36:00,03,04,01,01,01,00,0,369127.8188,5033487.148,False,December,1,0,0,0,0,0,0,0,0,1,0,0,0,0,0,0,0,0,1
2018-12-13,09:51:00,03,02,01,01,01,01,0,345895.8655,5007661.36,False,December,0,1,0,0,0,0,0,0,0,0,1,0,0,0,0,0,0,0,1
2018-12-12,10:30:00,03,03,03,01,03,01,0,386620.6709,5037139.655,False,December,1,0,0,0,0,0,0,0,0,1,0,0,0,0,0,0,0,0,1
2018-12-13,10:17:00,03,01,01,01,01,,0,352277.0571,5017390.768999999,False,December,0,0,0,0,0,0,0,0,0,0,0,1,0,0,0,0,0,0,1