DATE,TIME,CLASS_OF_ACCIDENT,IMPACT_TYPE,ENVIRONMENT,LIGHT,ROAD_SURFACE_CONDITION,TRAFFIC_CONTROL_CONDITION,NO_OF_PEDESTRIANS,X,Y,Highway,Month,categorical_TRAFFIC_CONTROL_01,categorical_TRAFFIC_CONTROL_02,categorical_TRAFFIC_CONTROL_03,categorical_TRAFFIC_CONTROL_04,categorical_TRAFFIC_CONTROL_07,categorical_TRAFFIC_CONTROL_08,categorical_TRAFFIC_CONTROL_09,categorical_TRAFFIC_CONTROL_11,categorical_ACCIDENT_LOCATION_01,categorical_ACCIDENT_LOCATION_02,categorical_ACCIDENT_LOCATION_03,categorical_ACCIDENT_LOCATION_04,categorical_ACCIDENT_LOCATION_05,categorical_ACCIDENT_LOCATION_06,categorical_ACCIDENT_LOCATION_07,categorical_Seasons_Fall,categorical_Seasons_Spring,categorical_Seasons_Summer,categorical_Seasons_Winter
2018-12-13,10:21:00,02,05,01,01,01,01,0,368227.6758,5032046.6389999995,False,December,1,0,0,0,0,0,0,0,0,1,0,0,0,0,0,0,0,0,1
2018-12-13,10:21:00,03,03,01,01,01,01,0,351269.6719,5018181.83,False,December,1,0,0,0,0,0,0,0,0,1,0,0,0,0,0,0,0,0,1
2018-12-13,10:40:00,03,02,01,01,02,01,0,368164.5725,5031198.531,False,December,1,0,0,0,0,0,0,0,0,0,1,0,0,0,0,0,0,0,1
2018-12-13,07:00:00,02,03,01,03,06,01,0,370408.6254,5027366.445,False,December,1,0,0,0,0,0,0,0,0,1,0,0,0,0,0,0,0,0,1
2018-12-13,09:00:00,03,03,01,01,01,01,0,354009.3851,5017577.531,False,December,1,0,0,0,0,0,0,0,0,1,0,0,0,0,0,0,0,0,1
2018-12-13,11:26:00,03,03,01,01,01,00,0,370884.602,5030557.867,False,December,1,0,0,0,0,0,0,0,0,1,0,0,0,0,0,0,0,0,1
2018-12-13,11:28:00,03,05,01,01,01,01,0,368418.7689,5024853.774,False,December,1,0,0,0,0,0,0,0,0,0,1,0,0,0,0,0,0,0,1
2018-12-13,11:35:00,03,06,01,01,01,,0,371851.4416,5027378.197,False,December,0,0,0,0,0,0,0,0,1,0,0,0,0,0,0,0,0,0,1
2018-12-13,11:35:00,03,03,01,01,01,01,0,350455.7792,5019010.511,False,December,1,0,0,0,0,0,0,0,0,1,0,0,0,0,0,0,0,0,1
2018-12-13,11:45:00,03,02,01,01,01,01,0,369470.7367,5033730.915,False,December,0,1,0,0,0,0,0,0,0,0,1,0,0,0,0,0,0,0,1
2018-12-13,12:57:00,02,03,01,01,02,,0,383792.4738,5039107.496,False,December,0,0,0,0,0,0,0,0,1,0,0,0,0,0,0,0,0,0,1
2018-11-25,08:30:00,03,03,01,01,02,00,0,361800.5889,5025327.453,False,November,0,1,0,0,0,0,0,0,0,1,0,0,0,0,0,1,0,0,0
2018-12-13,13:13:00,03,04,01,01,01,01,0,375199.6995,5031216.538,False,December,1,0,0,0,0,0,0,0,0,1,0,0,0,0,0,0,0,0,1
2018-12-13,12:00:00,03,04,01,01,02,01,0,377187.4087,5032175.877,False,December,1,0,0,0,0,0,0,0,0,1,0,0,0,0,0,0,0,0,1
2018-12-13,13:44:00,03,02,01,01,01,,0,368280.4166,5032746.4180000005,False,December,0,0,0,0,0,0,0,0,0,0,0,1,0,0,0,0,0,0,1
2018-12-13,13:30:00,03,07,01,01,01,,0,367418.9904,5011248.765,False,December,0,0,0,0,0,0,0,0,1,0,0,0,0,0,0,0,0,0,1
2018-12-13,13:56:00,02,07,01,01,01,,1,364930.6984,5029573.887,False,December,0,0,0,0,0,0,0,0,1,0,0,0,0,0,0,0,0,0,1
2018-12-13,14:06:00,03,04,01,01,02,,0,370099.4227,5032994.868,False,December,0,0,0,0,0,0,0,0,1,0,0,0,0,0,0,0,0,0,1
2018-12-13,13:00:00,03,02,01,01,01,,0,370647.734,5020709.685,False,December,0,0,0,0,0,0,0,0,0,0,0,1,0,0,0,0,0,0,1
2018-12-13,14:14:00,03,07,01,01,01,,0,350003.7514,5028929.255,False,December,0,0,0,0,0,0,0,0,1,0,0,0,0,0,0,0,0,0,1
2018-12-13,14:12:00,03,04,01,01,01,01,0,370072.5539,5033065.8319999995,False,December,1,0,0,0,0,0,0,0,0,1,0,0,0,0,0,0,0,0,1
2018-12-10,14:40:00,03,03,03,01,02,01,0,369937.5239,5029316.688999999,False,December,1,0,0,0,0,0,0,0,0,1,0,0,0,0,0,0,0,0,1
2018-12-12,19:45:00,03,03,01,07,06,01,0,384262.2198,5035420.721,False,December,1,0,0,0,0,0,0,0,0,1,0,0,0,0,0,0,0,0,1
2018-12-13,,03,03,01,00,01,01,0,372823.6432,5024807.584,False,December,1,0,0,0,0,0,0,0,0,1,0,0,0,0,0,0,0,0,1
2018-12-13,16:02:00,03,05,01,05,01,01,0,355188.2643,5014615.899,False,December,1,0,0,0,0,0,0,0,0,0,1,0,0,0,0,0,0,0,1
2018-12-13,16:08:00,03,04,01,05,01,00,0,365970.5155,5028391.2530000005,False,December,0,1,0,0,0,0,0,0,0,1,0,0,0,0,0,0,0,0,1
2018-12-13,16:22:00,03,03,03,05,03,01,0,369482.7185,5033953.495,False,December,0,1,0,0,0,0,0,0,0,1,0,0,0,0,0,0,0,0,1
2018-12-13,16:26:00,02,05,01,05,01,01,0,368396.6728,5015011.513,False,December,1,0,0,0,0,0,0,0,0,0,1,0,0,0,0,0,0,0,1
2018-12-08,21:30:00,02,03,03,07,03,01,0,364737.8509,5029595.666,False,December,1,0,0,0,0,0,0,0,0,1,0,0,0,0,0,0,0,0,1
2018-12-13,16:30:00,02,02,01,05,01,,0,370510.5184,5025555.987,False,December,0,0,0,0,0,0,0,0,0,0,0,1,0,0,0,0,0,0,1
2018-12-13,17:10:00,03,05,01,07,01,01,0,369547.7312,5026786.4,False,December,1,0,0,0,0,0,0,0,0,0,1,0,0,0,0,0,0,0,1
2018-12-13,17:41:00,03,03,01,07,01,01,0,365625.9143,5028172.98,False,December,1,0,0,0,0,0,0,0,0,1,0,0,0,0,0,0,0,0,1
2018-12-13,17:47:00,02,07,01,07,01,01,1,368039.7417,5030267.692,False,December,1,0,0,0,0,0,0,0,0,0,1,0,0,0,0,0,0,0,1
2018-12-12,17:00:00,03,03,03,07,06,01,0,374799.895,5033371.55,False,December,1,0,0,0,0,0,0,0,0,1,0,0,0,0,0,0,0,0,1
2018-12-13,18:00:00,03,04,01,07,01,01,0,368051.5081,5031032.805,False,December,1,0,0,0,0,0,0,0,0,1,0,0,0,0,0,0,0,0,1
2018-12-13,18:40:00,02,05,01,07,01,01,0,367357.7411,5031098.833000001,False,December,1,0,0,0,0,0,0,0,0,0,1,0,0,0,0,0,0,0,1
2018-12-13,18:34:00,02,01,01,07,05,,0,382574.6985,5035890.286,False,December,0,0,0,0,0,0,0,0,1,0,0,0,0,0,0,0,0,0,1
2018-12-12,18:26:00,03,03,01,07,03,01,0,374507.6732,5033198.5430000005,False,December,1,0,0,0,0,0,0,0,0,1,0,0,0,0,0,0,0,0,1
2018-12-13,20:05:00,03,01,01,07,01,,0,364371.6932,5013401.515,False,December,0,0,0,0,0,0,0,0,0,0,0,0,0,0,1,0,0,0,1
2018-12-13,11:00:00,03,06,01,01,01,,0,350595.9118,5013155.217,False,December,0,0,0,0,0,0,0,0,0,0,0,1,0,0,0,0,0,0,1
2018-12-13,20:46:00,03,07,01,07,01,,0,347637.5061,5025837.567,False,December,0,0,0,0,0,0,0,0,1,0,0,0,0,0,0,0,0,0,1
2018-12-13,21:33:00,02,03,01,07,01,01,0,374674.7538,5028499.444,False,December,1,0,0,0,0,0,0,0,0,1,0,0,0,0,0,0,0,0,1
2018-12-13,21:52:00,03,07,01,07,01,,0,345979.7286,5027478.103999999,False,December,0,0,0,0,0,0,0,0,1,0,0,0,0,0,0,0,0,0,1
2018-12-13,22:38:00,03,03,03,07,03,01,0,365626.0407,5028172.694,False,December,1,0,0,0,0,0,0,0,0,1,0,0,0,0,0,0,0,0,1
2018-12-13,23:39:00,03,07,01,07,01,01,0,382890.5856,5038666.578,False,December,1,0,0,0,0,0,0,0,0,1,0,0,0,0,0,0,0,0,1
2018-12-14,01:18:00,03,07,01,07,01,,0,373343.8225,5029761.109,False,December,0,0,0,0,0,0,0,0,1,0,0,0,0,0,0,0,0,0,1
2018-12-14,02:05:00,03,07,01,07,01,,0,369808.12799999997,5032917.643,False,December,0,0,0,0,0,0,0,0,1,0,0,0,0,0,0,0,0,0,1
2018-12-14,06:43:00,03,07,01,07,06,,0,341451.8526,5002237.658,False,December,0,0,0,0,0,0,0,0,1,0,0,0,0,0,0,0,0,0,1
2018-12-14,06:40:00,03,05,01,07,01,01,0,371545.4248,5033817.774,False,December,1,0,0,0,0,0,0,0,0,0,1,0,0,0,0,0,0,0,1
2018-12-13,19:30:00,03,02,01,07,01,,0,367696.8326,5030912.397,False,December,0,0,0,0,0,0,0,0,0,0,0,1,0,0,0,0,0,0,1
2018-12-14,08:08:00,02,05,01,01,02,01,0,381380.04299999995,5038723.774,False,December,1,0,0,0,0,0,0,0,0,0,1,0,0,0,0,0,0,0,1
2018-12-14,08:12:00,03,04,01,01,01,00,0,369987.8181,5029120.101,False,December,1,0,0,0,0,0,0,0,0,1,0,0,0,0,0,0,0,0,1
2018-12-14,08:31:00,02,03,01,01,01,,0,368429.679,5031752.666,False,December,0,0,0,0,0,0,0,0,1,0,0,0,0,0,0,0,0,0,1
2018-12-14,08:40:00,02,03,01,01,02,01,0,370408.6017,5027366.714,False,December,1,0,0,0,0,0,0,0,0,0,1,0,0,0,0,0,0,0,1
2018-12-14,08:45:00,03,0,01,01,02,01,0,372707.6506,5031281.472,False,December,0,1,0,0,0,0,0,0,0,0,1,0,0,0,0,0,0,0,1
2018-12-14,08:56:00,02,01,01,01,01,,0,391127.8,5025928.077,False,December,0,0,0,0,0,0,0,0,1,0,0,0,0,0,0,0,0,0,1
2018-12-14,08:55:00,03,05,01,01,01,01,0,383190.8447,5035796.298,False,December,1,0,0,0,0,0,0,0,0,0,1,0,0,0,0,0,0,0,1
2018-12-14,09:09:00,03,04,01,01,01,01,0,364275.4561,5027493.358,False,December,1,0,0,0,0,0,0,0,0,1,0,0,0,0,0,0,0,0,1
2018-12-14,09:12:00,03,04,01,01,01,01,0,373236.8869,5029693.574,False,December,1,0,0,0,0,0,0,0,0,1,0,0,0,0,0,0,0,0,1
2018-12-13,16:30:00,03,06,01,05,01,,0,367810.4187,5031082.673,False,December,0,0,0,0,0,0,0,0,1,0,0,0,0,0,0,0,0,0,1
2018-12-13,,03,06,01,00,01,,0,368817.3939,5030444.94,False,December,0,0,0,0,0,0,0,0,1,0,0,0,0,0,0,0,0,0,1
2018-12-14,09:30:00,03,03,04,01,06,00,0,370884.4095,5030557.518,False,December,1,0,0,0,0,0,0,0,0,1,0,0,0,0,0,0,0,0,1
2018-12-14,09:50:00,03,04,01,01,01,,0,367425.9915,5029898.424,True,December,0,0,0,0,0,0,0,0,1,0,0,0,0,0,0,0,0,0,1
2018-12-12,,03,06,01,00,04,,0,354493.0,5015018.1,False,December,0,0,0,0,0,0,0,0,1,0,0,0,0,0,0,0,0,0,1
2018-12-13,,03,06,01,00,01,,0,380937.6127,5038094.067,False,December,0,0,0,0,0,0,0,0,1,0,0,0,0,0,0,0,0,0,1
2018-12-14,10:51:00,03,03,01,01,02,00,0,380705.8269,5037028.921,False,December,0,1,0,0,0,0,0,0,0,1,0,0,0,0,0,0,0,0,1
2018-12-14,10:47:00,03,05,01,01,01,,0,367318.71,5029643.431,False,December,0,0,0,0,0,0,0,0,0,0,1,0,0,0,0,0,0,0,1
2018-12-14,11:12:00,03,04,04,01,02,01,0,360346.4032,5023783.5819999995,False,December,1,0,0,0,0,0,0,0,0,1,0,0,0,0,0,0,0,0,1
2018-12-14,07:55:00,03,03,01,01,01,01,0,365084.9228,5017903.271000001,False,December,1,0,0,0,0,0,0,0,0,1,0,0,0,0,0,0,0,0,1
2018-12-14,11:52:00,03,04,04,01,06,,0,357432.8478,5019548.672,False,December,0,0,0,0,0,0,0,0,1,0,0,0,0,0,0,0,0,0,1
2018-12-14,11:57:00,02,03,01,01,01,01,0,365250.7881,5017506.535,False,December,1,0,0,0,0,0,0,0,0,1,0,0,0,0,0,0,0,0,1
2018-12-14,12:16:00,03,07,04,01,06,,0,336990.9283,5017062.928,False,December,0,0,0,0,0,0,0,0,1,0,0,0,0,0,0,0,0,0,1
2018-12-14,12:29:00,03,05,03,01,03,,0,369519.6012,5029326.711,False,December,0,0,0,0,0,0,0,0,1,0,0,0,0,0,0,0,0,0,1
2018-12-14,12:37:00,02,03,04,01,06,01,0,360554.6703,5022893.366,False,December,1,0,0,0,0,0,0,0,0,1,0,0,0,0,0,0,0,0,1
2018-12-14,12:54:00,02,04,04,01,06,,0,360433.0864,5012467.857,False,December,0,0,0,0,0,0,0,0,1,0,0,0,0,0,0,0,0,0,1
2018-12-14,12:57:00,03,03,04,01,06,00,0,374862.8897,5029550.448,False,December,0,0,1,0,0,0,0,0,0,1,0,0,0,0,0,0,0,0,1
2018-12-14,12:59:00,03,07,03,01,03,,0,329394.5174,5019857.303,False,December,0,0,0,0,0,0,0,0,1,0,0,0,0,0,0,0,0,0,1
2018-12-14,13:43:00,03,04,04,01,04,,0,372105.5382,5034088.061000001,False,December,0,0,0,0,0,0,0,0,1,0,0,0,0,0,0,0,0,0,1
2018-12-14,13:46:00,03,03,03,01,04,01,0,373902.8413,5028046.982,False,December,1,0,0,0,0,0,0,0,0,1,0,0,0,0,0,0,0,0,1
2018-12-14,13:30:00,03,03,04,01,06,01,0,374674.559,5028499.593,False,December,1,0,0,0,0,0,0,0,0,1,0,0,0,0,0,0,0,0,1
2018-12-14,13:44:00,03,03,04,01,06,,0,364943.3074,5025951.0819999995,False,December,0,0,0,0,0,0,0,0,1,0,0,0,0,0,0,0,0,0,1
2018-12-14,13:48:00,02,03,04,01,02,00,0,370802.0905,5031016.016,True,December,1,0,0,0,0,0,0,0,0,1,0,0,0,0,0,0,0,0,1
2018-12-14,13:56:00,03,07,04,01,04,,0,379500.0922,5022012.523,False,December,0,0,0,0,0,0,0,0,1,0,0,0,0,0,0,0,0,0,1
2018-12-14,14:01:00,02,03,04,01,02,01,0,369000.1436,5027461.39,False,December,0,0,0,1,0,0,0,0,1,0,0,0,0,0,0,0,0,0,1
2018-12-11,12:20:00,03,03,01,01,03,,0,361262.2039,5014636.855,False,December,0,0,0,0,0,0,0,0,1,0,0,0,0,0,0,0,0,0,1
2018-12-04,14:46:00,03,05,01,01,01,01,0,366775.5577,5024561.571,False,December,0,1,0,0,0,0,0,0,0,0,1,0,0,0,0,0,0,0,1
2018-11-22,15:56:00,03,03,01,01,01,,0,374816.1374,5032858.311000001,False,November,0,0,0,0,0,0,0,0,1,0,0,0,0,0,0,1,0,0,0
2018-11-28,19:25:00,03,03,01,07,02,01,0,365085.0444,5017903.299,False,November,1,0,0,0,0,0,0,0,0,1,0,0,0,0,0,1,0,0,0
2018-12-08,21:30:00,03,04,03,07,06,,0,366655.4702,5029537.171,True,December,0,0,0,0,0,0,0,0,1,0,0,0,0,0,0,0,0,0,1
2018-12-11,15:09:00,03,05,03,01,04,01,0,384049.7417,5037034.816000001,False,December,1,0,0,0,0,0,0,0,0,0,1,0,0,0,0,0,0,0,1
2018-11-29,11:19:00,03,02,03,01,02,,0,372943.6416,5034458.251,False,November,0,0,0,0,0,0,0,0,0,0,0,1,0,0,0,1,0,0,0
2018-11-29,11:02:00,03,04,01,01,02,01,0,350942.624,5016079.478999999,False,November,1,0,0,0,0,0,0,0,0,1,0,0,0,0,0,1,0,0,0
2018-11-29,11:44:00,03,03,01,01,01,,0,357732.3752,5018410.364,False,November,0,0,0,0,0,0,0,0,1,0,0,0,0,0,0,1,0,0,0
2018-11-29,11:36:00,03,07,01,01,01,,0,368066.3348,5023684.2069999995,False,November,0,0,0,0,0,0,0,0,0,0,0,0,0,1,0,1,0,0,0
2018-11-28,22:15:00,03,03,01,07,06,00,0,370882.6227,5014019.4569999995,False,November,0,1,0,0,0,0,0,0,0,1,0,0,0,0,0,1,0,0,0
2018-11-29,11:58:00,02,02,01,01,01,,0,365944.14200000005,5022218.012,False,November,0,0,0,0,0,0,0,0,0,0,0,1,0,0,0,1,0,0,0
2018-11-29,12:48:00,03,04,01,01,01,01,0,368036.8305,5021945.656,False,November,1,0,0,0,0,0,0,0,0,1,0,0,0,0,0,1,0,0,0
2018-11-28,13:37:00,03,03,01,01,01,,0,352244.0859,5017276.725,False,November,0,0,0,0,0,0,0,0,1,0,0,0,0,0,0,1,0,0,0
2018-11-28,11:30:00,03,02,01,01,01,,0,350817.0841,5018153.924,False,November,0,0,0,0,0,0,0,0,0,0,0,1,0,0,0,1,0,0,0
2018-11-29,13:19:00,03,04,01,01,01,,0,364543.5949,5015183.87,False,November,0,0,0,0,0,0,0,0,1,0,0,0,0,0,0,1,0,0,0
2018-11-29,14:00:00,02,07,03,01,02,01,1,368170.6447,5032679.619,False,November,1,0,0,0,0,0,0,0,0,0,1,0,0,0,0,1,0,0,0
2018-11-29,14:24:00,03,05,01,01,01,01,0,360496.5194,5024942.556,False,November,1,0,0,0,0,0,0,0,0,0,1,0,0,0,0,1,0,0,0
2018-11-29,14:15:00,03,02,01,01,01,,0,371654.6987,5033870.089,False,November,0,0,0,0,0,0,0,0,0,0,0,1,0,0,0,1,0,0,0
2018-11-29,,03,06,01,00,04,,0,362587.1714,5026013.353999999,False,November,0,0,0,0,0,0,0,0,1,0,0,0,0,0,0,1,0,0,0
2018-11-29,15:31:00,03,03,01,01,01,,0,361261.8954,5021005.61,False,November,0,0,0,0,0,0,0,0,1,0,0,0,0,0,0,1,0,0,0
2018-11-29,15:35:00,02,03,02,01,02,,0,376294.9321,5034934.123,False,November,0,0,0,0,0,0,0,0,1,0,0,0,0,0,0,1,0,0,0
2018-12-01,13:56:00,03,03,01,01,01,01,0,361767.7069,5025725.659,False,December,1,0,0,0,0,0,0,0,0,1,0,0,0,0,0,0,0,0,1
2018-11-29,15:35:00,03,05,01,01,01,01,0,362823.5541,5023270.523,False,November,1,0,0,0,0,0,0,0,0,0,1,0,0,0,0,1,0,0,0
2018-11-29,15:40:00,03,03,01,01,01,,0,368147.4291,5022524.671,False,November,0,0,0,0,0,0,0,0,1,0,0,0,0,0,0,1,0,0,0
2018-11-29,15:00:00,03,03,01,01,02,,0,383576.1651,5036003.5139999995,False,November,0,0,0,0,0,0,0,0,1,0,0,0,0,0,0,1,0,0,0
2018-10-23,14:23:00,03,04,01,01,01,01,0,364351.6639,5027337.583000001,False,October,1,0,0,0,0,0,0,0,0,1,0,0,0,0,0,1,0,0,0
2018-11-29,15:50:00,03,02,01,01,01,,0,357178.6153,5007169.081,False,November,0,0,0,0,0,0,0,0,0,0,1,0,0,0,0,1,0,0,0
2018-11-29,15:58:00,03,04,01,01,01,,0,373228.9953,5030081.158,False,November,0,0,0,0,0,0,0,0,1,0,0,0,0,0,0,1,0,0,0
2018-11-29,15:50:00,03,03,01,01,02,00,0,369513.6189,5029341.649,False,November,0,1,0,0,0,0,0,0,0,1,0,0,0,0,0,1,0,0,0
2018-11-29,14:45:00,03,04,01,01,02,01,0,382637.7406,5035567.704,False,November,1,0,0,0,0,0,0,0,0,1,0,0,0,0,0,1,0,0,0
2018-11-29,16:00:00,03,05,01,05,02,01,0,371306.7294,5021353.767,False,November,1,0,0,0,0,0,0,0,0,0,1,0,0,0,0,1,0,0,0
2018-11-29,16:31:00,03,07,01,05,02,,0,379353.7143,5037009.845,False,November,0,0,0,0,0,0,0,0,1,0,0,0,0,0,0,1,0,0,0
2018-11-29,16:39:00,03,05,01,05,02,01,0,375507.7275,5026406.494,False,November,1,0,0,0,0,0,0,0,0,0,1,0,0,0,0,1,0,0,0
2018-11-29,,03,06,01,00,05,,0,369352.6952,5029921.194,False,November,0,0,0,0,0,0,0,0,1,0,0,0,0,0,0,1,0,0,0
2018-11-29,16:46:00,03,04,01,05,02,01,0,372541.7274,5031688.703,True,November,0,1,0,0,0,0,0,0,0,0,1,0,0,0,0,1,0,0,0
2018-11-29,17:09:00,03,03,01,07,01,,0,349524.5611,5023085.041999999,False,November,0,0,0,0,0,0,0,0,1,0,0,0,0,0,0,1,0,0,0
2018-11-29,17:22:00,03,07,01,07,02,,0,377142.9025,5022463.466,False,November,0,0,0,0,0,0,0,0,1,0,0,0,0,0,0,1,0,0,0
2018-11-29,18:34:00,02,03,01,07,01,01,0,369715.1454,5028627.461,False,November,1,0,0,0,0,0,0,0,0,1,0,0,0,0,0,1,0,0,0
2018-11-29,19:14:00,03,02,01,07,02,01,0,363615.9184,5015523.131,False,November,1,0,0,0,0,0,0,0,0,1,0,0,0,0,0,1,0,0,0
2018-11-29,19:40:00,03,07,01,07,02,,0,346276.3532,5005917.095,False,November,0,0,0,0,0,0,0,0,1,0,0,0,0,0,0,1,0,0,0
2018-11-29,19:47:00,02,02,01,07,01,,0,370296.7814,5026222.843,False,November,0,0,0,0,0,0,0,0,0,0,0,1,0,0,0,1,0,0,0
2018-11-29,,03,06,01,00,01,,0,366734.5334,5030361.051,False,November,0,0,0,0,0,0,0,0,1,0,0,0,0,0,0,1,0,0,0
2018-11-29,20:14:00,03,05,01,07,01,01,0,373380.3356,5032536.442,False,November,1,0,0,0,0,0,0,0,0,0,1,0,0,0,0,1,0,0,0
2018-11-29,,03,06,01,00,01,,0,366502.3227,5030459.95,False,November,0,0,0,0,0,0,0,0,1,0,0,0,0,0,0,1,0,0,0
2018-11-29,23:39:00,02,07,01,07,01,,0,359094.9135,5004706.061000001,False,November,0,0,0,0,0,0,0,0,1,0,0,0,0,0,0,1,0,0,0
2018-11-30,00:31:00,03,06,01,07,01,,0,364932.2048,5016910.794,False,November,0,0,0,0,0,0,0,0,1,0,0,0,0,0,0,1,0,0,0
2018-11-30,03:00:00,03,04,01,07,01,01,0,368297.5388,5030309.518999999,True,November,1,0,0,0,0,0,0,0,0,0,1,0,0,0,0,1,0,0,0
2018-11-30,06:05:00,03,07,01,07,02,,0,334169.6502,5023950.678,False,November,0,0,0,0,0,0,0,0,1,0,0,0,0,0,0,1,0,0,0
2018-11-30,06:55:00,03,03,01,03,02,,0,368377.706,5030749.53,False,November,0,0,0,0,0,0,0,0,0,1,0,0,0,0,0,1,0,0,0
2018-11-30,07:27:00,02,03,01,01,01,01,0,361485.5156,5026521.368,False,November,0,1,0,0,0,0,0,0,0,1,0,0,0,0,0,1,0,0,0
2018-11-30,07:55:00,03,02,01,01,02,01,0,372560.7273,5017440.462,False,November,0,1,0,0,0,0,0,0,0,0,1,0,0,0,0,1,0,0,0
2018-11-30,08:10:00,03,0,01,01,01,,0,365454.5697,5025361.624,False,November,0,0,0,0,0,0,0,0,1,0,0,0,0,0,0,1,0,0,0
2018-11-30,08:00:00,03,02,01,01,01,01,0,384776.4778,5035179.299,False,November,0,1,0,0,0,0,0,0,0,0,1,0,0,0,0,1,0,0,0
2018-11-30,08:16:00,03,02,01,01,01,01,0,364152.8731,5025146.04,False,November,0,1,0,0,0,0,0,0,0,0,1,0,0,0,0,1,0,0,0
2018-11-30,08:22:00,03,07,01,01,01,,0,341061.3644,5028655.518999999,False,November,0,0,0,0,0,0,0,0,1,0,0,0,0,0,0,1,0,0,0
2018-11-30,08:52:00,03,0,01,01,01,01,0,350623.2166,5018915.662,False,November,1,0,0,0,0,0,0,0,0,1,0,0,0,0,0,1,0,0,0
2018-11-30,08:50:00,03,04,01,01,01,01,0,367447.7071,5029335.562,False,November,1,0,0,0,0,0,0,0,0,1,0,0,0,0,0,1,0,0,0
2018-11-30,09:46:00,03,07,01,01,01,,0,370984.5134,5013716.603,False,November,0,0,0,0,0,0,0,0,1,0,0,0,0,0,0,1,0,0,0
2018-11-30,10:08:00,02,03,01,01,01,,0,370439.62700000004,5026362.607,False,November,0,0,0,0,0,0,0,0,0,0,0,1,0,0,0,1,0,0,0
2018-11-30,10:59:00,03,05,01,01,01,,0,389640.9381,5025606.132,False,November,0,0,0,0,0,0,0,0,0,0,0,1,0,0,0,1,0,0,0
2018-11-30,10:59:00,03,02,01,01,01,01,0,370851.7604,5024839.34,False,November,1,0,0,0,0,0,0,0,0,0,1,0,0,0,0,1,0,0,0
2018-11-29,22:00:00,03,04,01,07,01,01,0,350163.4892,5017572.49,False,November,1,0,0,0,0,0,0,0,0,0,1,0,0,0,0,1,0,0,0
2018-11-30,11:00:00,03,0,01,01,01,01,0,351429.8952,5019331.308,False,November,1,0,0,0,0,0,0,0,0,1,0,0,0,0,0,1,0,0,0
2018-11-30,09:10:00,03,03,01,01,01,01,0,372407.6482,5024542.557,False,November,1,0,0,0,0,0,0,0,0,1,0,0,0,0,0,1,0,0,0
2018-11-30,11:40:00,03,03,01,01,01,01,0,383183.8806,5037977.822,False,November,1,0,0,0,0,0,0,0,0,1,0,0,0,0,0,1,0,0,0
2018-11-30,11:47:00,03,02,0,01,01,,0,370286.7094,5026101.641,False,November,0,0,0,0,0,0,0,0,0,0,0,1,0,0,0,1,0,0,0
2018-11-30,13:00:00,03,03,01,01,01,01,0,362942.8034,5026488.498,False,November,1,0,0,0,0,0,0,0,0,1,0,0,0,0,0,1,0,0,0
2018-11-30,13:14:00,03,03,01,01,01,00,0,370656.6393,5033392.35,False,November,0,1,0,0,0,0,0,0,0,1,0,0,0,0,0,1,0,0,0
2018-11-30,14:30:00,02,02,01,01,01,01,0,368591.7711,5032273.425,False,November,0,1,0,0,0,0,0,0,0,0,1,0,0,0,0,1,0,0,0
2018-11-30,14:49:00,03,04,01,01,01,00,0,363935.6234,5024624.723,False,November,0,1,0,0,0,0,0,0,0,0,1,0,0,0,0,1,0,0,0
2018-11-30,15:20:00,03,03,01,01,01,01,0,371608.5979,5024096.791,False,November,1,0,0,0,0,0,0,0,0,1,0,0,0,0,0,1,0,0,0
2018-11-30,13:45:00,03,01,01,01,01,,0,349302.9277,5014355.103999999,False,November,0,0,0,0,0,0,0,0,1,0,0,0,0,0,0,1,0,0,0
2018-11-30,15:32:00,02,05,01,01,01,01,0,371516.8749,5029181.551,False,November,1,0,0,0,0,0,0,0,0,0,1,0,0,0,0,1,0,0,0
2018-11-30,14:15:00,03,02,01,01,01,01,0,373641.7905,5033372.655,False,November,0,1,0,0,0,0,0,0,0,0,1,0,0,0,0,1,0,0,0
2018-11-30,15:59:00,03,03,01,01,01,01,0,361767.7959,5025725.757,False,November,1,0,0,0,0,0,0,0,0,1,0,0,0,0,0,1,0,0,0
2018-11-30,,03,06,01,00,01,,0,362262.2136,5015691.23,False,November,0,0,0,0,0,0,0,0,0,0,0,1,0,0,0,1,0,0,0
2018-11-30,16:42:00,03,03,01,05,01,01,0,358757.6573,5022868.661,True,November,1,0,0,0,0,0,0,0,0,1,0,0,0,0,0,1,0,0,0
2018-11-30,15:10:00,03,03,01,01,01,01,0,375047.814,5031119.6219999995,False,November,1,0,0,0,0,0,0,0,0,1,0,0,0,0,0,1,0,0,0
2018-11-30,17:06:00,03,03,01,05,01,01,0,365421.0457,5017106.99,False,November,1,0,0,0,0,0,0,0,0,1,0,0,0,0,0,1,0,0,0