DATE,TIME,CLASS_OF_ACCIDENT,IMPACT_TYPE,ENVIRONMENT,LIGHT,ROAD_SURFACE_CONDITION,TRAFFIC_CONTROL_CONDITION,NO_OF_PEDESTRIANS,X,Y,Highway,Month,categorical_TRAFFIC_CONTROL_01,categorical_TRAFFIC_CONTROL_02,categorical_TRAFFIC_CONTROL_03,categorical_TRAFFIC_CONTROL_04,categorical_TRAFFIC_CONTROL_07,categorical_TRAFFIC_CONTROL_08,categorical_TRAFFIC_CONTROL_09,categorical_TRAFFIC_CONTROL_11,categorical_ACCIDENT_LOCATION_01,categorical_ACCIDENT_LOCATION_02,categorical_ACCIDENT_LOCATION_03,categorical_ACCIDENT_LOCATION_04,categorical_ACCIDENT_LOCATION_05,categorical_ACCIDENT_LOCATION_06,categorical_ACCIDENT_LOCATION_07,categorical_Seasons_Fall,categorical_Seasons_Spring,categorical_Seasons_Summer,categorical_Seasons_Winter
2018-11-30,17:05:00,03,07,01,07,01,,0,327411.8949,5034694.453,False,November,0,0,0,0,0,0,0,0,1,0,0,0,0,0,0,1,0,0,0
2018-11-30,17:15:00,03,05,01,07,01,,0,381877.4641,5037900.047,False,November,0,0,0,0,0,0,0,0,0,0,0,1,0,0,0,1,0,0,0
2018-11-30,17:15:00,03,03,05,07,02,01,0,352841.6844,5020476.419,True,November,1,0,0,0,0,0,0,0,0,1,0,0,0,0,0,1,0,0,0
2018-11-30,17:24:00,03,03,01,07,01,,0,371599.191,5026696.056,False,November,0,0,0,0,0,0,0,0,1,0,0,0,0,0,0,1,0,0,0
2018-11-30,17:26:00,03,05,01,07,01,01,0,363229.5334,5025774.545,True,November,1,0,0,0,0,0,0,0,0,0,1,0,0,0,0,1,0,0,0
2018-11-30,17:27:00,03,04,01,07,01,,0,364906.1305,5027469.973999999,False,November,0,0,0,0,0,0,0,0,1,0,0,0,0,0,0,1,0,0,0
2018-11-29,06:53:00,02,07,01,03,02,01,1,382226.7046,5035958.546,False,November,1,0,0,0,0,0,0,0,0,0,1,0,0,0,0,1,0,0,0
2018-11-30,18:24:00,03,05,01,07,02,,0,361743.9555,5025710.237,False,November,0,0,0,0,0,0,0,0,0,0,0,1,0,0,0,1,0,0,0
2018-11-30,21:19:00,03,03,01,07,01,01,0,363670.8929,5021246.35,False,November,1,0,0,0,0,0,0,0,0,1,0,0,0,0,0,1,0,0,0
2018-11-30,22:07:00,03,05,01,07,01,01,0,360496.6213,5024942.404,False,November,1,0,0,0,0,0,0,0,0,0,1,0,0,0,0,1,0,0,0
2018-11-30,23:02:00,03,07,01,07,01,,0,387154.1792,5035838.858,False,November,0,0,0,0,0,0,0,0,1,0,0,0,0,0,0,1,0,0,0
2018-11-30,23:52:00,03,06,01,07,01,,0,373975.9472,5028501.953,False,November,0,0,0,0,0,0,0,0,1,0,0,0,0,0,0,1,0,0,0
2018-11-30,23:57:00,03,05,01,07,01,01,0,368739.6418,5032034.541999999,False,November,1,0,0,0,0,0,0,0,0,0,1,0,0,0,0,1,0,0,0
2018-12-01,01:46:00,02,02,01,07,01,01,0,381379.7477,5038723.566000001,False,December,1,0,0,0,0,0,0,0,0,0,1,0,0,0,0,0,0,0,1
2018-12-01,02:37:00,03,01,01,07,02,,0,369059.4846,5032361.728999999,False,December,0,0,0,0,0,0,0,0,1,0,0,0,0,0,0,0,0,0,1
2018-12-01,04:23:00,03,07,01,07,01,,0,370663.3868,5021948.516,False,December,0,0,0,0,0,0,0,0,1,0,0,0,0,0,0,0,0,0,1
2018-11-30,,03,06,00,00,0,,0,363759.083,5024771.853,False,November,0,0,0,0,0,0,0,0,1,0,0,0,0,0,0,1,0,0,0
2018-12-01,10:40:00,03,04,01,01,01,00,0,354796.01700000005,5016897.366,False,December,0,1,0,0,0,0,0,0,0,1,0,0,0,0,0,0,0,0,1
2018-12-01,11:12:00,03,03,01,01,01,,0,371612.6336,5026704.15,False,December,0,0,0,0,0,0,0,0,1,0,0,0,0,0,0,0,0,0,1
2018-12-01,11:27:00,02,07,01,01,01,,1,364583.6233,5029066.478999999,False,December,0,0,0,0,0,0,0,0,1,0,0,0,0,0,0,0,0,0,1
2018-12-04,15:02:00,03,03,02,01,02,01,0,361479.3203,5020502.669,False,December,1,0,0,0,0,0,0,0,0,1,0,0,0,0,0,0,0,0,1
2018-12-10,16:45:00,03,03,01,05,02,01,0,371912.8095,5033994.66,False,December,1,0,0,0,0,0,0,0,0,0,1,0,0,0,0,0,0,0,1
2018-12-05,11:00:00,02,03,01,01,01,01,0,371921.5323,5032887.662,False,December,1,0,0,0,0,0,0,0,0,1,0,0,0,0,0,0,0,0,1
2018-12-08,21:50:00,03,03,03,07,03,01,0,378726.6992,5023873.323,False,December,0,1,0,0,0,0,0,0,0,1,0,0,0,0,0,0,0,0,1
2018-12-04,15:15:00,03,03,01,01,01,01,0,370676.3791,5031611.627,False,December,1,0,0,0,0,0,0,0,0,1,0,0,0,0,0,0,0,0,1
2018-11-22,15:56:00,02,03,01,01,01,01,0,365054.7719,5025325.551,False,November,1,0,0,0,0,0,0,0,0,1,0,0,0,0,0,1,0,0,0
2018-12-01,15:02:00,02,07,01,01,01,01,1,368010.585,5031104.652,False,December,1,0,0,0,0,0,0,0,0,0,1,0,0,0,0,0,0,0,1
2018-12-11,16:00:00,03,03,03,05,04,01,0,372093.7319,5032472.584,False,December,1,0,0,0,0,0,0,0,0,1,0,0,0,0,0,0,0,0,1
2018-12-01,15:15:00,03,04,01,01,01,,0,370347.479,5025918.46,False,December,0,0,0,0,0,0,0,0,1,0,0,0,0,0,0,0,0,0,1
2018-12-08,22:25:00,02,07,03,07,03,01,1,369457.6201,5023575.393999999,False,December,0,1,0,0,0,0,0,0,0,0,1,0,0,0,0,0,0,0,1
2018-12-04,15:15:00,03,05,01,01,01,00,0,352657.6316,5020883.598,False,December,0,1,0,0,0,0,0,0,0,0,1,0,0,0,0,0,0,0,1
2018-11-22,16:03:00,03,03,01,01,01,01,0,372106.6237,5023740.522,False,November,1,0,0,0,0,0,0,0,0,1,0,0,0,0,0,1,0,0,0
2018-12-04,,03,06,01,00,01,,0,369263.7753,5031381.585,False,December,0,0,0,0,0,0,0,0,1,0,0,0,0,0,0,0,0,0,1
2018-12-11,16:07:00,03,04,03,05,02,,0,369077.6504,5030382.37,False,December,0,0,0,0,0,0,0,0,1,0,0,0,0,0,0,0,0,0,1
2018-12-01,04:20:00,03,06,01,07,01,,0,367996.0389,5031198.441000001,False,December,0,0,0,0,0,0,0,0,1,0,0,0,0,0,0,0,0,0,1
2018-12-08,22:32:00,03,05,03,07,05,01,0,366264.455,5031006.711,False,December,1,0,0,0,0,0,0,0,0,0,1,0,0,0,0,0,0,0,1
2018-11-22,16:11:00,03,03,01,01,06,01,0,373296.6193,5025088.658,False,November,1,0,0,0,0,0,0,0,0,1,0,0,0,0,0,1,0,0,0
2018-12-04,15:53:00,03,03,01,01,01,,0,366938.109,5026603.513,False,December,0,0,0,0,0,0,0,0,1,0,0,0,0,0,0,0,0,0,1
2018-12-11,12:50:00,03,06,03,01,03,,0,368410.1951,5029372.875,False,December,0,0,0,0,0,0,0,0,1,0,0,0,0,0,0,0,0,0,1
2018-12-01,17:07:00,02,07,01,07,01,01,1,371725.5058,5024668.588,False,December,0,1,0,0,0,0,0,0,0,1,0,0,0,0,0,0,0,0,1
2018-12-11,15:40:00,03,02,03,01,03,,0,354457.4934,5016435.981000001,False,December,0,0,0,0,0,0,0,0,0,0,0,1,0,0,0,0,0,0,1
2018-12-08,22:40:00,03,02,03,07,03,01,0,379860.578,5036471.681,False,December,0,0,0,0,0,0,0,1,0,0,1,0,0,0,0,0,0,0,1
2018-11-22,16:14:00,03,03,01,01,01,,0,367253.0479,5031625.592,False,November,0,0,0,0,0,0,0,0,1,0,0,0,0,0,0,1,0,0,0
2018-12-04,15:45:00,03,02,01,01,01,01,0,375656.7486,5028998.59,True,December,0,1,0,0,0,0,0,0,0,0,1,0,0,0,0,0,0,0,1
2018-12-01,17:15:00,03,04,01,07,01,01,0,375578.63399999996,5031439.77,False,December,1,0,0,0,0,0,0,0,0,1,0,0,0,0,0,0,0,0,1
2018-12-11,17:00:00,02,03,02,07,02,01,0,363194.8247,5022397.473999999,False,December,1,0,0,0,0,0,0,0,0,1,0,0,0,0,0,0,0,0,1
2018-12-09,00:06:00,03,03,01,07,02,,0,365993.9593,5005099.495,False,December,0,0,0,0,0,0,0,0,0,0,0,1,0,0,0,0,0,0,1
2018-11-22,15:36:00,03,02,01,01,05,01,0,365827.5959,5024604.566000001,False,November,0,0,1,0,0,0,0,0,0,0,1,0,0,0,0,1,0,0,0
2018-12-02,22:30:00,02,03,07,07,01,01,0,388065.7376,5022162.618,False,December,0,1,0,0,0,0,0,0,0,1,0,0,0,0,0,0,0,0,1
2018-12-01,17:50:00,03,04,01,07,01,,0,370288.1761,5026095.802,False,December,0,0,0,0,0,0,0,0,1,0,0,0,0,0,0,0,0,0,1
2018-12-11,17:15:00,03,03,03,07,04,01,0,372093.5693,5032472.69,False,December,1,0,0,0,0,0,0,0,0,1,0,0,0,0,0,0,0,0,1
2018-12-09,01:14:00,03,07,01,07,02,01,0,371018.5849,5023703.066000001,False,December,1,0,0,0,0,0,0,0,0,1,0,0,0,0,0,0,0,0,1
2018-12-09,03:30:00,03,07,03,07,03,01,0,371921.7178,5032887.715,False,December,1,0,0,0,0,0,0,0,0,1,0,0,0,0,0,0,0,0,1
2018-12-09,04:00:00,03,07,01,07,05,01,0,350907.5134,5022246.523,False,December,1,0,0,0,0,0,0,0,0,1,0,0,0,0,0,0,0,0,1
2018-12-08,12:20:00,03,02,01,01,01,01,0,364829.2929,5014001.028,False,December,0,1,0,0,0,0,0,0,0,0,1,0,0,0,0,0,0,0,1
2018-12-09,10:16:00,02,03,01,01,01,01,0,373763.8324,5025404.544,False,December,1,0,0,0,0,0,0,0,0,1,0,0,0,0,0,0,0,0,1
2018-12-09,11:14:00,02,05,01,01,02,01,0,361262.5814,5025424.635,False,December,1,0,0,0,0,0,0,0,0,0,1,0,0,0,0,0,0,0,1
2018-12-09,11:38:00,03,02,01,01,01,,0,370300.1842,5026226.015,False,December,0,0,0,0,0,0,0,0,0,0,0,1,0,0,0,0,0,0,1
2018-12-09,11:42:00,03,04,01,01,01,,0,367816.7541,5032273.173,False,December,0,0,0,0,0,0,0,0,1,0,0,0,0,0,0,0,0,0,1
2018-12-08,16:50:00,03,04,01,05,01,01,0,362942.6047,5026488.694,False,December,1,0,0,0,0,0,0,0,0,1,0,0,0,0,0,0,0,0,1
2018-12-09,12:25:00,02,07,05,01,03,,0,391457.2795,5032570.491,False,December,0,0,0,0,0,0,0,0,1,0,0,0,0,0,0,0,0,0,1
2018-12-09,11:00:00,03,03,01,01,01,01,0,361479.8447,5020502.699,False,December,1,0,0,0,0,0,0,0,0,1,0,0,0,0,0,0,0,0,1
2018-12-08,19:00:00,03,02,03,07,03,,0,366846.3792,5030401.466,False,December,0,0,0,0,0,0,0,0,0,0,0,1,0,0,0,0,0,0,1
2018-12-09,14:34:00,02,07,01,01,01,,0,374978.3601,5032868.884,False,December,0,0,0,0,0,0,0,0,1,0,0,0,0,0,0,0,0,0,1
2018-12-08,17:00:00,03,04,01,07,02,01,0,372305.8567,5031951.591,False,December,1,0,0,0,0,0,0,0,0,1,0,0,0,0,0,0,0,0,1
2018-12-09,15:58:00,02,07,05,01,05,,0,393609.291,5034667.513,False,December,0,0,0,0,0,0,0,0,1,0,0,0,0,0,0,0,0,0,1
2018-12-09,16:26:00,03,0,01,05,01,,0,370254.2474,5035007.843,False,December,0,0,0,0,0,0,0,0,1,0,0,0,0,0,0,0,0,0,1
2018-12-09,16:49:00,03,05,01,05,02,01,0,380460.862,5034296.415,False,December,1,0,0,0,0,0,0,0,0,0,1,0,0,0,0,0,0,0,1
2018-12-09,16:59:00,03,03,01,07,01,01,0,357907.7851,5018498.5430000005,False,December,1,0,0,0,0,0,0,0,0,1,0,0,0,0,0,0,0,0,1
2018-12-09,17:44:00,03,07,01,07,03,01,0,355961.7864,5012594.404,False,December,1,0,0,0,0,0,0,0,0,1,0,0,0,0,0,0,0,0,1
2018-12-09,20:05:00,03,03,01,07,02,,0,350694.4011,5017704.337,False,December,0,0,0,0,0,0,0,0,1,0,0,0,0,0,0,0,0,0,1
2018-12-10,00:43:00,02,07,01,07,02,,0,383815.2891,5034745.908,False,December,0,0,0,0,0,0,0,0,1,0,0,0,0,0,0,0,0,0,1
2018-12-10,07:48:00,03,03,01,03,01,,0,365326.3269,5022632.993,False,December,0,0,0,0,0,0,0,0,1,0,0,0,0,0,0,0,0,0,1
2018-12-10,07:50:00,03,03,01,03,01,01,0,363194.588,5022397.248,False,December,1,0,0,0,0,0,0,0,0,1,0,0,0,0,0,0,0,0,1
2018-12-10,06:44:00,02,03,01,07,01,,0,361439.7792,5027045.327,False,December,0,0,0,0,0,0,0,0,1,0,0,0,0,0,0,0,0,0,1
2018-12-07,08:40:00,03,03,01,01,01,01,0,363670.5704,5021246.522,False,December,1,0,0,0,0,0,0,0,0,1,0,0,0,0,0,0,0,0,1
2018-12-10,08:30:00,03,0,01,01,01,,0,362066.6602,5021053.053,False,December,0,0,0,0,0,0,0,0,0,0,0,1,0,0,0,0,0,0,1
2018-12-07,,03,06,01,07,01,,0,385027.1344,5036840.93,False,December,0,0,0,0,0,0,0,0,1,0,0,0,0,0,0,0,0,0,1
2018-12-10,09:09:00,03,06,01,01,01,,0,374747.4253,5031452.476,False,December,0,0,0,0,0,0,0,0,1,0,0,0,0,0,0,0,0,0,1
2018-12-10,09:13:00,03,03,01,01,01,00,0,352520.4291,5020552.596,False,December,0,1,0,0,0,0,0,0,0,1,0,0,0,0,0,0,0,0,1
2018-12-10,09:15:00,03,03,01,01,01,01,0,391771.7193,5042805.3780000005,False,December,0,1,0,0,0,0,0,0,0,0,1,0,0,0,0,0,0,0,1
2018-12-10,08:22:00,03,03,01,01,01,01,0,375257.7431,5028784.666999999,False,December,1,0,0,0,0,0,0,0,0,1,0,0,0,0,0,0,0,0,1
2018-12-09,09:30:00,02,04,01,01,01,01,0,368970.6441,5030632.58,False,December,1,0,0,0,0,0,0,0,0,1,0,0,0,0,0,0,0,0,1
2018-12-10,10:05:00,03,03,01,01,01,01,0,381816.6712,5032736.523,False,December,1,0,0,0,0,0,0,0,0,1,0,0,0,0,0,0,0,0,1
2018-12-10,10:18:00,03,04,01,01,01,01,0,364756.3412,5011926.383,False,December,0,0,0,0,0,0,0,1,0,1,0,0,0,0,0,0,0,0,1
2018-12-10,10:40:00,03,07,01,01,01,01,0,351884.7373,5021213.302,False,December,1,0,0,0,0,0,0,0,0,0,1,0,0,0,0,0,0,0,1
2018-12-08,01:15:00,03,07,01,07,01,,0,376069.6981,5014907.277,False,December,0,0,0,0,0,0,0,0,1,0,0,0,0,0,0,0,0,0,1
2018-12-10,10:51:00,02,04,01,01,01,,0,368231.6444,5032040.7530000005,False,December,0,0,0,0,0,0,0,0,1,0,0,0,0,0,0,0,0,0,1
2018-12-10,09:05:00,03,03,01,01,01,01,0,352323.4413,5017351.464,False,December,1,0,0,0,0,0,0,0,0,0,1,0,0,0,0,0,0,0,1
2018-12-10,11:26:00,03,03,01,01,01,00,0,367613.646,5028938.55,False,December,1,0,0,0,0,0,0,0,0,1,0,0,0,0,0,0,0,0,1
2018-12-10,04:30:00,03,07,01,07,01,,0,372485.815,5005721.249,False,December,0,0,0,0,0,0,0,0,1,0,0,0,0,0,0,0,0,0,1
2018-12-10,11:45:00,03,04,01,01,01,,0,367852.9083,5031017.704,False,December,0,0,0,0,0,0,0,0,1,0,0,0,0,0,0,0,0,0,1
2018-12-10,12:17:00,03,04,01,01,01,01,0,379860.6667,5036471.591,False,December,0,0,0,0,0,0,0,1,0,0,1,0,0,0,0,0,0,0,1
2018-12-10,13:10:00,03,03,01,01,01,01,0,354303.4486,5015130.625,False,December,1,0,0,0,0,0,0,0,0,1,0,0,0,0,0,0,0,0,1
2018-12-10,13:00:00,03,03,01,01,01,00,0,372305.6727,5031951.584,False,December,1,0,0,0,0,0,0,0,0,1,0,0,0,0,0,0,0,0,1
2018-12-08,09:00:00,03,02,01,01,01,01,0,365090.6891,5029404.687,False,December,1,0,0,0,0,0,0,0,0,1,0,0,0,0,0,0,0,0,1
2018-12-10,14:18:00,02,03,01,01,01,00,0,370900.8218,5032336.738,False,December,0,1,0,0,0,0,0,0,0,1,0,0,0,0,0,0,0,0,1
2018-12-10,14:22:00,03,03,01,01,01,01,0,370676.1266,5031611.746,False,December,1,0,0,0,0,0,0,0,0,0,1,0,0,0,0,0,0,0,1
2018-12-10,14:25:00,03,03,01,01,01,01,0,364141.7022,5027801.511,False,December,0,1,0,0,0,0,0,0,0,1,0,0,0,0,0,0,0,0,1
2018-12-10,14:45:00,03,05,01,01,01,01,0,364737.6922,5029595.539,False,December,1,0,0,0,0,0,0,0,0,0,1,0,0,0,0,0,0,0,1
2018-12-10,15:17:00,03,02,01,01,01,,0,372591.4217,5030207.591,False,December,0,0,0,0,0,0,0,0,0,0,0,1,0,0,0,0,0,0,1
2018-12-10,15:23:00,03,03,01,01,01,01,0,383951.5305,5036159.466,False,December,1,0,0,0,0,0,0,0,0,1,0,0,0,0,0,0,0,0,1
2018-12-10,15:27:00,02,03,01,01,01,01,0,384844.4556,5036560.6219999995,False,December,1,0,0,0,0,0,0,0,0,1,0,0,0,0,0,0,0,0,1
2018-12-07,17:50:00,03,03,01,07,01,01,0,351553.5485,5017864.584,False,December,1,0,0,0,0,0,0,0,0,1,0,0,0,0,0,0,0,0,1
2018-12-03,16:15:00,03,03,01,05,01,01,0,368036.5255,5021945.482,False,December,1,0,0,0,0,0,0,0,0,1,0,0,0,0,0,0,0,0,1
2018-12-09,,03,06,01,00,02,,0,373705.6597,5032508.524,False,December,0,0,0,0,0,0,0,0,1,0,0,0,0,0,0,0,0,0,1
2018-12-10,17:14:00,03,01,01,07,01,,0,369594.4844,5031198.924,False,December,0,0,0,0,0,0,0,0,1,0,0,0,0,0,0,0,0,0,1
2018-12-10,17:36:00,03,03,01,07,01,01,0,374387.765,4996968.166999999,False,December,0,1,0,0,0,0,0,0,0,1,0,0,0,0,0,0,0,0,1
2018-12-10,17:42:00,03,07,04,07,05,01,0,373110.7141,5032376.585,False,December,1,0,0,0,0,0,0,0,0,1,0,0,0,0,0,0,0,0,1
2018-12-10,17:46:00,03,03,01,07,01,00,0,373705.4963,5030406.6389999995,False,December,1,0,0,0,0,0,0,0,0,1,0,0,0,0,0,0,0,0,1
2018-12-10,18:02:00,02,05,01,07,01,01,0,364535.4141,5025000.915,False,December,1,0,0,0,0,0,0,0,0,0,1,0,0,0,0,0,0,0,1
2018-12-10,19:05:00,03,05,01,07,01,,0,361972.7217,5025736.9,False,December,0,0,0,0,0,0,0,0,0,0,0,1,0,0,0,0,0,0,1
2018-12-10,19:15:00,03,04,01,07,01,01,0,384683.06700000004,5039285.856000001,False,December,0,0,0,0,0,0,0,1,0,0,1,0,0,0,0,0,0,0,1
2018-12-10,20:07:00,03,02,01,07,01,,0,367923.2527,5032337.896000001,False,December,0,0,0,0,0,0,0,0,0,0,0,1,0,0,0,0,0,0,1
2018-12-10,22:30:00,03,05,01,07,01,01,0,367370.5233,5016577.1280000005,False,December,1,0,0,0,0,0,0,0,0,0,1,0,0,0,0,0,0,0,1
2018-12-11,01:00:00,02,03,01,07,01,,0,370813.9527,5033469.348,False,December,0,0,0,0,0,0,0,0,1,0,0,0,0,0,0,0,0,0,1
2018-12-11,05:50:00,03,05,01,07,06,01,0,374908.8442,5028602.356000001,False,December,1,0,0,0,0,0,0,0,0,0,1,0,0,0,0,0,0,0,1
2018-12-11,05:57:00,03,04,01,07,01,01,0,367921.6263,5032044.512,False,December,1,0,0,0,0,0,0,0,0,0,1,0,0,0,0,0,0,0,1
2018-12-11,06:50:00,03,07,03,07,03,,0,383366.172,5010993.2069999995,False,December,0,0,0,0,0,0,0,0,1,0,0,0,0,0,0,0,0,0,1
2018-12-11,06:50:00,03,02,01,07,01,,0,373397.7997,5023387.243,False,December,0,0,0,0,0,0,0,0,0,0,0,1,0,0,0,0,0,0,1
2018-12-11,07:19:00,03,07,03,03,04,,0,368323.1142,5010265.482,False,December,0,0,0,0,0,0,0,0,1,0,0,0,0,0,0,0,0,0,1
2018-12-11,08:14:00,03,03,03,01,02,,0,372735.5382,5030033.561000001,False,December,0,0,0,0,0,0,0,0,1,0,0,0,0,0,0,0,0,0,1
2018-12-11,09:14:00,03,03,03,01,03,,0,370531.8469,5026060.364,False,December,0,0,0,0,0,0,0,0,1,0,0,0,0,0,0,0,0,0,1
2018-12-11,09:13:00,02,03,03,01,06,,0,366902.828,5031119.426,False,December,0,0,0,0,0,0,0,0,1,0,0,0,0,0,0,0,0,0,1
2018-12-11,09:05:00,03,07,03,01,04,01,0,367890.5937,5031646.732,False,December,1,0,0,0,0,0,0,0,0,0,1,0,0,0,0,0,0,0,1
2018-12-11,09:43:00,03,03,03,01,03,01,0,365054.6707,5025325.822,False,December,1,0,0,0,0,0,0,0,0,1,0,0,0,0,0,0,0,0,1
2018-12-11,09:40:00,03,04,03,01,03,01,0,365555.4908,5029697.89,False,December,1,0,0,0,0,0,0,0,0,1,0,0,0,0,0,0,0,0,1
2018-12-11,10:15:00,03,02,03,01,05,01,0,363933.67,5014784.41,False,December,1,0,0,0,0,0,0,0,0,1,0,0,0,0,0,0,0,0,1
2018-12-11,10:31:00,03,03,01,01,04,01,0,371946.4632,5024129.617,False,December,1,0,0,0,0,0,0,0,0,1,0,0,0,0,0,0,0,0,1
2018-12-10,19:00:00,03,04,01,07,01,01,0,361288.4381,5014584.958000001,False,December,1,0,0,0,0,0,0,0,0,1,0,0,0,0,0,0,0,0,1
2018-12-11,10:55:00,03,05,01,01,02,,0,373763.6594,5031148.056,False,December,0,0,0,0,0,0,0,0,0,0,0,1,0,0,0,0,0,0,1
2018-12-11,11:10:00,03,03,03,01,03,01,0,368167.6802,5026222.592,False,December,1,0,0,0,0,0,0,0,0,1,0,0,0,0,0,0,0,0,1
2018-12-11,11:11:00,03,07,04,01,06,01,0,384682.5673,5039285.787,False,December,0,0,0,0,0,0,0,1,0,0,1,0,0,0,0,0,0,0,1
2018-12-11,11:38:00,03,06,03,01,05,,0,367909.0236,5030558.142,False,December,0,0,0,0,0,0,0,0,1,0,0,0,0,0,0,0,0,0,1
2018-12-11,11:48:00,03,03,03,01,02,01,0,353673.6175,5018424.618,False,December,1,0,0,0,0,0,0,0,0,1,0,0,0,0,0,0,0,0,1
2018-12-10,10:16:00,03,06,01,01,01,,0,351723.4953,5014713.119,False,December,0,0,0,0,0,0,0,0,1,0,0,0,0,0,0,0,0,0,1
2018-12-11,12:04:00,03,03,03,01,04,01,0,364521.7411,5024507.483,False,December,1,0,0,0,0,0,0,0,0,1,0,0,0,0,0,0,0,0,1
2018-12-11,12:46:00,03,03,03,01,02,01,0,363342.7305,5025562.633,False,December,1,0,0,0,0,0,0,0,0,1,0,0,0,0,0,0,0,0,1
2018-12-11,12:55:00,03,04,01,01,02,01,0,371168.2123,5031283.985,False,December,1,0,0,0,0,0,0,0,0,1,0,0,0,0,0,0,0,0,1
2018-11-22,16:30:00,03,03,01,05,05,,0,368058.8816,5023151.88,False,November,0,0,0,0,0,0,0,0,1,0,0,0,0,0,0,1,0,0,0
2018-12-11,17:31:00,03,05,03,07,03,01,0,364844.7728,5026809.8319999995,False,December,1,0,0,0,0,0,0,0,0,0,1,0,0,0,0,0,0,0,1
2018-12-04,16:05:00,02,03,01,05,01,,0,372232.0044,5032135.328,False,December,0,0,0,0,0,0,0,0,1,0,0,0,0,0,0,0,0,0,1
2018-12-01,18:16:00,02,07,01,07,01,01,1,353037.1475,5020013.959,True,December,1,0,0,0,0,0,0,0,0,1,0,0,0,0,0,0,0,0,1
2018-11-22,15:30:00,03,02,01,01,01,01,0,368019.6847,5017177.467,False,November,0,1,0,0,0,0,0,0,0,0,1,0,0,0,0,1,0,0,0
2018-12-04,16:09:00,03,03,01,05,01,,0,362612.4463,5023613.654,False,December,0,0,0,0,0,0,0,0,1,0,0,0,0,0,0,0,0,0,1
2018-12-11,17:42:00,03,07,03,07,03,,0,328342.228,5038783.219,False,December,0,0,0,0,0,0,0,0,1,0,0,0,0,0,0,0,0,0,1
2018-12-01,18:50:00,03,07,01,07,02,,0,378706.4973,5023682.682,False,December,0,0,0,0,0,0,0,0,1,0,0,0,0,0,0,0,0,0,1
2018-11-22,17:18:00,03,03,01,07,02,01,0,352293.7615,5020788.451,False,November,1,0,0,0,0,0,0,0,0,1,0,0,0,0,0,1,0,0,0
2018-12-04,16:10:00,03,07,01,05,01,,0,348384.0285,5027433.782,False,December,0,0,0,0,0,0,0,0,1,0,0,0,0,0,0,0,0,0,1
2018-12-11,17:30:00,03,02,03,07,02,01,0,361845.7155,5026036.54,False,December,1,0,0,0,0,0,0,0,0,0,1,0,0,0,0,0,0,0,1
2018-12-01,19:12:00,03,02,01,07,01,01,0,368028.4433,5021766.239,False,December,1,0,0,0,0,0,0,0,0,0,1,0,0,0,0,0,0,0,1
2018-12-01,20:42:00,03,07,01,07,01,,0,343675.8624,5023123.961,False,December,0,0,0,0,0,0,0,0,1,0,0,0,0,0,0,0,0,0,1
2018-12-01,21:46:00,03,07,01,07,01,01,0,374147.766,5030666.464,False,December,1,0,0,0,0,0,0,0,0,0,1,0,0,0,0,0,0,0,1
2018-12-01,,03,06,01,00,01,,0,367190.4005,5031090.696,False,December,0,0,0,0,0,0,0,0,1,0,0,0,0,0,0,0,0,0,1
2018-12-01,22:45:00,03,07,01,07,01,,0,362378.1368,5013066.477,False,December,0,0,0,0,0,0,0,0,1,0,0,0,0,0,0,0,0,0,1
2018-12-01,22:58:00,03,07,01,07,02,,0,367601.5938,5014674.177,False,December,0,0,0,0,0,0,0,0,1,0,0,0,0,0,0,0,0,0,1
2018-12-02,00:53:00,03,02,01,07,01,01,0,387572.7905,5031062.715,False,December,0,1,0,0,0,0,0,0,0,0,1,0,0,0,0,0,0,0,1
2018-12-02,04:22:00,03,02,01,07,02,01,0,365149.7113,5029270.518999999,False,December,1,0,0,0,0,0,0,0,0,0,1,0,0,0,0,0,0,0,1
2018-12-02,08:46:00,03,02,02,01,02,,0,361143.5643,5021277.645,False,December,0,0,0,0,0,0,0,0,0,0,0,1,0,0,0,0,0,0,1
2018-12-02,10:48:00,02,04,02,01,02,,0,363235.9051,5028298.137,False,December,0,0,0,0,0,0,0,0,1,0,0,0,0,0,0,0,0,0,1
2018-12-02,11:19:00,03,03,04,01,06,01,0,382637.7152,5035567.489,False,December,1,0,0,0,0,0,0,0,0,1,0,0,0,0,0,0,0,0,1
2018-12-02,11:25:00,03,03,02,01,02,00,0,363099.6444,5015696.468,False,December,0,1,0,0,0,0,0,0,0,1,0,0,0,0,0,0,0,0,1
2018-12-02,12:00:00,03,03,02,01,02,,0,368682.6359,5027499.651000001,False,December,0,0,0,0,0,0,0,0,1,0,0,0,0,0,0,0,0,0,1
2018-12-02,,03,06,01,00,02,,0,368899.9839,5032626.375,False,December,0,0,0,0,0,0,0,0,1,0,0,0,0,0,0,0,0,0,1