DATE,TIME,CLASS_OF_ACCIDENT,IMPACT_TYPE,ENVIRONMENT,LIGHT,ROAD_SURFACE_CONDITION,TRAFFIC_CONTROL_CONDITION,NO_OF_PEDESTRIANS,X,Y,Highway,Month,categorical_TRAFFIC_CONTROL_01,categorical_TRAFFIC_CONTROL_02,categorical_TRAFFIC_CONTROL_03,categorical_TRAFFIC_CONTROL_04,categorical_TRAFFIC_CONTROL_07,categorical_TRAFFIC_CONTROL_08,categorical_TRAFFIC_CONTROL_09,categorical_TRAFFIC_CONTROL_11,categorical_ACCIDENT_LOCATION_01,categorical_ACCIDENT_LOCATION_02,categorical_ACCIDENT_LOCATION_03,categorical_ACCIDENT_LOCATION_04,categorical_ACCIDENT_LOCATION_05,categorical_ACCIDENT_LOCATION_06,categorical_ACCIDENT_LOCATION_07,categorical_Seasons_Fall,categorical_Seasons_Spring,categorical_Seasons_Summer,categorical_Seasons_Winter
2018-12-02,12:40:00,03,05,02,01,02,,0,371890.6124,5032876.43,False,December,0,0,0,0,0,0,0,0,0,0,0,1,0,0,0,0,0,0,1
2018-12-02,13:05:00,03,03,02,01,02,01,0,362549.7698,5023770.4569999995,False,December,1,0,0,0,0,0,0,0,0,1,0,0,0,0,0,0,0,0,1
2018-12-02,13:28:00,03,03,02,01,02,00,0,364172.3995,5014944.602,False,December,1,0,0,0,0,0,0,0,0,1,0,0,0,0,0,0,0,0,1
2018-12-02,13:40:00,03,04,02,01,02,01,0,369995.7099,5026851.547,False,December,1,0,0,0,0,0,0,0,0,1,0,0,0,0,0,0,0,0,1
2018-12-02,14:42:00,03,03,04,01,04,01,0,348804.56299999997,5014360.53,False,December,1,0,0,0,0,0,0,0,0,1,0,0,0,0,0,0,0,0,1
2018-12-02,15:02:00,02,07,02,01,02,01,1,380460.8959,5034296.436000001,False,December,1,0,0,0,0,0,0,0,0,0,1,0,0,0,0,0,0,0,1
2018-12-02,15:33:00,03,05,02,01,02,,0,382328.915,5033975.933,False,December,0,0,0,0,0,0,0,0,1,0,0,0,0,0,0,0,0,0,1
2018-12-02,16:10:00,03,02,01,05,02,01,0,367371.8094,5025693.572,False,December,1,0,0,0,0,0,0,0,0,0,1,0,0,0,0,0,0,0,1
2018-12-02,17:32:00,03,03,02,07,02,01,0,362706.249,5023492.9,False,December,1,0,0,0,0,0,0,0,0,1,0,0,0,0,0,0,0,0,1
2018-12-02,18:15:00,03,02,02,07,02,,0,369869.4547,5027133.23,False,December,0,0,0,0,0,0,0,0,0,0,0,1,0,0,0,0,0,0,1
2018-12-02,18:10:00,03,04,02,07,02,,0,367271.8841,5029751.43,True,December,0,0,0,0,0,0,0,0,1,0,0,0,0,0,0,0,0,0,1
2018-12-01,,03,06,02,07,02,,0,372197.659,5033558.527,False,December,0,0,0,0,0,0,0,0,1,0,0,0,0,0,0,0,0,0,1
2018-12-02,23:29:00,03,01,01,07,02,,0,367913.6405,5030570.652,False,December,0,0,0,0,0,0,0,0,1,0,0,0,0,0,0,0,0,0,1
2018-12-03,00:32:00,03,05,02,07,02,01,0,367179.9224,5031386.696,False,December,1,0,0,0,0,0,0,0,0,1,0,0,0,0,0,0,0,0,1
2018-12-03,05:43:00,02,02,01,07,03,01,0,375199.6272,5031216.414,False,December,1,0,0,0,0,0,0,0,0,0,1,0,0,0,0,0,0,0,1
2018-12-03,10:28:00,02,07,02,01,02,,0,371080.1028,5026382.966,False,December,0,0,0,0,0,0,0,0,1,0,0,0,0,0,0,0,0,0,1
2018-12-03,07:48:00,03,03,03,03,02,01,0,375047.755,5031119.544,False,December,1,0,0,0,0,0,0,0,0,1,0,0,0,0,0,0,0,0,1
2018-12-03,07:20:00,03,03,02,03,02,01,0,361491.787,5014099.55,False,December,1,0,0,0,0,0,0,0,0,1,0,0,0,0,0,0,0,0,1
2018-12-03,08:18:00,03,02,03,01,03,,0,370860.3291,5033490.87,False,December,0,0,0,0,0,0,0,0,0,0,0,1,0,0,0,0,0,0,1
2018-12-03,08:05:00,03,02,03,01,02,,0,379213.3554,5022698.791,False,December,0,0,0,0,0,0,0,0,0,0,0,1,0,0,0,0,0,0,1
2018-12-03,08:36:00,03,0,02,01,02,01,0,375507.8043,5026406.681,False,December,1,0,0,0,0,0,0,0,0,1,0,0,0,0,0,0,0,0,1
2018-12-03,09:07:00,03,02,03,01,05,01,0,339963.3981,5003788.4969999995,True,December,0,1,0,0,0,0,0,0,0,0,1,0,0,0,0,0,0,0,1
2018-12-03,09:24:00,03,07,03,01,06,,0,349468.1291,5023835.621,False,December,0,0,0,0,0,0,0,0,1,0,0,0,0,0,0,0,0,0,1
2018-12-03,08:30:00,03,02,03,01,04,01,0,346573.2405,5012282.647,True,December,0,1,0,0,0,0,0,0,0,0,1,0,0,0,0,0,0,0,1
2018-12-03,08:19:00,03,04,03,01,04,,0,351978.4339,5014876.345,False,December,0,0,0,0,0,0,0,0,0,1,0,0,0,0,0,0,0,0,1
2018-12-03,09:46:00,03,07,03,01,04,,0,346934.5944,5012350.234,False,December,0,0,0,0,0,0,0,0,1,0,0,0,0,0,0,0,0,0,1
2018-12-03,09:51:00,03,07,03,01,03,,0,352782.0006,5019855.83,False,December,0,0,0,0,0,0,0,0,1,0,0,0,0,0,0,0,0,0,1
2018-11-30,15:10:00,03,07,03,01,03,01,0,373705.9139,5030406.68,False,November,1,0,0,0,0,0,0,0,0,1,0,0,0,0,0,1,0,0,0
2018-12-03,12:03:00,03,02,03,01,04,,0,347712.5444,5007453.797,False,December,0,0,0,0,0,0,0,0,0,0,0,1,0,0,0,0,0,0,1
2018-11-19,20:30:00,03,03,01,07,01,01,0,362823.75299999997,5023270.393,False,November,1,0,0,0,0,0,0,0,0,1,0,0,0,0,0,1,0,0,0
2018-12-03,,03,03,03,00,02,01,0,372707.6669,5031281.545,False,December,0,1,0,0,0,0,0,0,0,1,0,0,0,0,0,0,0,0,1
2018-12-03,13:36:00,03,04,02,01,02,01,0,368029.7776,5031411.451,False,December,1,0,0,0,0,0,0,0,0,1,0,0,0,0,0,0,0,0,1
2018-12-02,,03,06,01,00,02,,0,372599.4062,5028363.561000001,False,December,0,0,0,0,0,0,0,0,1,0,0,0,0,0,0,0,0,0,1
2018-12-03,14:38:00,03,02,01,01,02,01,0,359113.6074,5009588.588,False,December,0,1,0,0,0,0,0,0,0,0,1,0,0,0,0,0,0,0,1
2018-12-03,15:20:00,03,03,01,01,02,01,0,371018.3877,5023703.242,False,December,1,0,0,0,0,0,0,0,0,1,0,0,0,0,0,0,0,0,1
2018-12-03,,03,06,01,00,01,,0,361290.5351,5025564.899,False,December,0,0,0,0,0,0,0,0,1,0,0,0,0,0,0,0,0,0,1
2018-11-30,,03,06,01,00,01,,0,371077.7388,5032357.245,False,November,0,0,0,0,0,0,0,0,1,0,0,0,0,0,0,1,0,0,0
2018-12-03,17:03:00,03,03,01,07,02,01,0,367153.6749,5031068.691000001,False,December,1,0,0,0,0,0,0,0,0,1,0,0,0,0,0,0,0,0,1
2018-11-29,17:00:00,03,05,01,07,01,01,0,367257.5681,5031628.726,False,November,1,0,0,0,0,0,0,0,0,1,0,0,0,0,0,1,0,0,0
2018-12-03,17:33:00,03,07,01,07,02,,0,347277.0076,5026062.715,False,December,0,0,0,0,0,0,0,0,1,0,0,0,0,0,0,0,0,0,1
2018-12-03,17:54:00,03,02,01,07,01,,0,368045.7076,5032388.757,False,December,0,0,0,0,0,0,0,0,0,0,0,1,0,0,0,0,0,0,1
2018-12-03,18:20:00,02,07,02,07,04,,0,379234.0381,5036903.176,False,December,0,0,0,0,0,0,0,0,1,0,0,0,0,0,0,0,0,0,1
2018-12-03,12:00:00,03,06,01,01,01,,0,382109.16299999994,5033380.038,False,December,0,0,0,0,0,0,0,0,1,0,0,0,0,0,0,0,0,0,1
2018-12-03,18:59:00,03,03,01,07,02,01,0,370247.8381,5026200.897,False,December,1,0,0,0,0,0,0,0,0,1,0,0,0,0,0,0,0,0,1
2018-12-03,19:09:00,03,0,01,07,01,,0,366228.677,5030508.138,False,December,0,0,0,0,0,0,0,0,1,0,0,0,0,0,0,0,0,0,1
2018-12-03,19:56:00,03,02,01,07,01,01,0,373798.7154,5029097.523,False,December,1,0,0,0,0,0,0,0,0,0,1,0,0,0,0,0,0,0,1
2018-12-02,05:55:00,03,02,02,07,02,,0,368477.5109,5029208.4969999995,False,December,0,0,0,0,0,0,0,0,0,0,0,1,0,0,0,0,0,0,1
2018-12-03,20:44:00,03,07,03,07,06,,0,366718.8047,5026372.0,False,December,0,0,0,0,0,0,0,0,1,0,0,0,0,0,0,0,0,0,1
2018-12-03,23:55:00,03,01,01,07,01,,0,379020.3175,5028533.392,False,December,0,0,0,0,0,0,0,0,1,0,0,0,0,0,0,0,0,0,1
2018-12-04,06:29:00,03,06,01,07,02,,0,368953.1409,5031681.178,False,December,0,0,0,0,0,0,0,0,1,0,0,0,0,0,0,0,0,0,1
2018-12-04,06:40:00,03,05,03,07,02,01,0,367664.69299999997,5031877.649,False,December,1,0,0,0,0,0,0,0,0,0,1,0,0,0,0,0,0,0,1
2018-12-04,07:17:00,03,05,01,03,01,,0,361485.4863,5026521.342,False,December,0,0,0,0,0,0,0,0,0,0,0,1,0,0,0,0,0,0,1
2018-12-04,07:23:00,03,05,01,03,01,01,0,366646.7696,5011532.598999999,False,December,0,1,0,0,0,0,0,0,0,0,1,0,0,0,0,0,0,0,1
2018-12-04,07:30:00,02,05,01,03,01,01,0,377831.876,5026129.68,False,December,0,1,0,0,0,0,0,0,0,0,1,0,0,0,0,0,0,0,1
2018-12-04,,03,06,01,00,01,,0,349279.325,5014548.382,False,December,0,0,0,0,0,0,0,0,1,0,0,0,0,0,0,0,0,0,1
2018-12-04,08:43:00,03,06,01,01,02,,0,356427.6034,5016008.347,False,December,0,0,0,0,0,0,0,0,1,0,0,0,0,0,0,0,0,0,1
2018-12-04,09:26:00,03,02,01,01,01,,0,361144.9098,5014794.359,False,December,0,0,0,0,0,0,0,0,0,0,0,1,0,0,0,0,0,0,1
2018-12-04,09:31:00,03,02,01,01,01,01,0,362367.5254,5027578.427,False,December,0,1,0,0,0,0,0,0,0,0,1,0,0,0,0,0,0,0,1
2018-12-04,09:34:00,03,04,01,01,01,01,0,368321.2494,5031893.755,False,December,1,0,0,0,0,0,0,0,0,1,0,0,0,0,0,0,0,0,1
2018-12-04,07:30:00,03,03,01,03,01,01,0,366106.1026,5015395.136,False,December,1,0,0,0,0,0,0,0,0,1,0,0,0,0,0,0,0,0,1
2018-12-04,10:15:00,03,04,01,01,02,01,0,367102.6912,5031152.691000001,False,December,1,0,0,0,0,0,0,0,0,1,0,0,0,0,0,0,0,0,1
2018-12-04,08:00:00,03,02,01,01,01,01,0,366153.2007,5020632.396000001,False,December,0,1,0,0,0,0,0,0,0,0,1,0,0,0,0,0,0,0,1
2018-12-04,10:36:00,03,02,01,01,01,01,0,338123.6568,5022171.505,False,December,0,1,0,0,0,0,0,0,0,0,1,0,0,0,0,0,0,0,1
2018-12-04,11:03:00,01,02,01,01,01,01,0,370363.7371,5031957.524,False,December,1,0,0,0,0,0,0,0,0,1,0,0,0,0,0,0,0,0,1
2018-12-04,12:18:00,02,02,01,01,01,,0,352181.1655,5017217.67,False,December,0,0,0,0,0,0,0,0,0,0,0,1,0,0,0,0,0,0,1
2018-12-03,18:35:00,03,01,01,07,02,01,0,364949.65,5029726.675,False,December,1,0,0,0,0,0,0,0,0,0,1,0,0,0,0,0,0,0,1
2018-12-04,11:00:00,03,02,01,01,01,01,0,369107.5473,5030311.535,False,December,1,0,0,0,0,0,0,0,0,0,1,0,0,0,0,0,0,0,1
2018-12-02,12:54:00,02,07,01,01,02,01,1,369608.6857,5032071.638,False,December,0,1,0,0,0,0,0,0,0,0,1,0,0,0,0,0,0,0,1
2018-12-04,12:55:00,03,02,01,01,01,01,0,373902.5628,5028046.9180000005,False,December,1,0,0,0,0,0,0,0,0,1,0,0,0,0,0,0,0,0,1
2018-12-04,13:06:00,03,03,01,01,01,01,0,370699.6335,5032313.726,False,December,1,0,0,0,0,0,0,0,0,1,0,0,0,0,0,0,0,0,1
2018-11-22,17:25:00,03,03,01,07,01,,0,375082.0842,5033024.965,False,November,0,0,0,0,0,0,0,0,1,0,0,0,0,0,0,1,0,0,0
2018-12-04,15:35:00,02,07,01,01,01,,1,349768.0548,5024406.837,False,December,0,0,0,0,0,0,0,0,1,0,0,0,0,0,0,0,0,0,1
2018-12-04,,03,06,01,00,01,,0,364990.2678,5029185.777,False,December,0,0,0,0,0,0,0,0,1,0,0,0,0,0,0,0,0,0,1
2018-12-11,17:57:00,03,03,03,07,02,01,0,364858.4655,5023725.536,False,December,1,0,0,0,0,0,0,0,0,1,0,0,0,0,0,0,0,0,1
2018-11-22,17:24:00,03,02,01,07,04,01,0,374988.7488,5033486.534,False,November,1,0,0,0,0,0,0,0,0,0,1,0,0,0,0,1,0,0,0
2018-12-04,16:35:00,03,03,01,05,01,01,0,365462.532,5022298.734,False,December,1,0,0,0,0,0,0,0,0,1,0,0,0,0,0,0,0,0,1
2018-12-11,16:30:00,03,04,01,05,02,00,0,375047.70200000005,5031119.589,False,December,1,0,0,0,0,0,0,0,0,1,0,0,0,0,0,0,0,0,1
2018-11-22,15:40:00,03,02,01,01,06,,0,374608.4868,5031250.213,False,November,0,0,0,0,0,0,0,0,0,0,0,1,0,0,0,1,0,0,0
2018-12-04,15:30:00,03,02,01,01,01,01,0,373727.6696,5030352.592,False,December,0,1,0,0,0,0,0,0,0,0,1,0,0,0,0,0,0,0,1
2018-12-11,18:21:00,02,07,03,07,02,01,1,351884.7542,5021213.473,False,December,1,0,0,0,0,0,0,0,0,1,0,0,0,0,0,0,0,0,1
2018-11-22,17:34:00,03,05,01,07,03,00,0,371495.8956,5031313.616,False,November,0,1,0,0,0,0,0,0,0,0,1,0,0,0,0,1,0,0,0
2018-12-04,17:17:00,03,04,01,07,01,,0,360478.7378,5024931.066000001,False,December,0,0,0,0,0,0,0,0,1,0,0,0,0,0,0,0,0,0,1
2018-12-11,18:54:00,03,03,03,07,02,01,0,370676.3083,5031611.688,False,December,1,0,0,0,0,0,0,0,0,1,0,0,0,0,0,0,0,0,1
2018-11-22,18:05:00,03,03,01,07,01,01,0,360729.669,5025528.5430000005,False,November,1,0,0,0,0,0,0,0,0,1,0,0,0,0,0,1,0,0,0
2018-12-04,17:24:00,03,04,01,07,01,,0,368840.2206,5022417.761,False,December,0,0,0,0,0,0,0,0,1,0,0,0,0,0,0,0,0,0,1
2018-12-11,19:21:00,03,05,03,07,02,01,0,372823.9496,5024807.518,False,December,1,0,0,0,0,0,0,0,0,0,1,0,0,0,0,0,0,0,1
2018-12-11,17:30:00,03,07,03,07,03,,0,354408.2108,4989275.845,False,December,0,0,0,0,0,0,0,0,1,0,0,0,0,0,0,0,0,0,1
2018-12-11,18:30:00,03,07,03,07,03,,0,347890.3414,5025562.187,False,December,0,0,0,0,0,0,0,0,1,0,0,0,0,0,0,0,0,0,1
2018-12-11,20:28:00,03,03,03,07,04,,0,370437.3908,5026360.408,False,December,0,0,0,0,0,0,0,0,1,0,0,0,0,0,0,0,0,0,1
2018-12-11,22:32:00,03,07,01,07,05,,0,389629.4675,5025327.972,False,December,0,0,0,0,0,0,0,0,1,0,0,0,0,0,0,0,0,0,1
2018-12-11,23:05:00,03,04,01,07,02,01,0,370030.6764,5023280.448,False,December,0,0,1,0,0,0,0,0,0,1,0,0,0,0,0,0,0,0,1
2018-12-11,23:36:00,02,07,03,07,04,,1,368413.8523,5027190.654,False,December,0,0,0,0,0,0,0,0,1,0,0,0,0,0,0,0,0,0,1
2018-12-12,00:06:00,03,02,03,07,06,01,0,372560.7512,5017440.466,False,December,0,1,0,0,0,0,0,0,0,0,1,0,0,0,0,0,0,0,1
2018-12-12,07:36:00,03,05,01,03,01,01,0,371145.5684,5034781.76,False,December,1,0,0,0,0,0,0,0,0,0,1,0,0,0,0,0,0,0,1
2018-12-12,08:00:00,03,04,01,01,02,01,0,368373.6325,5031798.21,False,December,1,0,0,0,0,0,0,0,0,1,0,0,0,0,0,0,0,0,1
2018-12-12,08:04:00,03,02,03,01,03,01,0,357145.6341,5018152.426,False,December,1,0,0,0,0,0,0,0,0,0,1,0,0,0,0,0,0,0,1
2018-12-12,08:13:00,03,03,01,01,02,01,0,374507.7826,5033198.7069999995,False,December,1,0,0,0,0,0,0,0,0,1,0,0,0,0,0,0,0,0,1
2018-12-07,14:15:00,03,03,01,01,02,01,0,345276.2803,5018223.336,False,December,0,1,0,0,0,0,0,0,0,1,0,0,0,0,0,0,0,0,1
2018-12-12,08:32:00,02,02,01,01,02,,0,369612.3438,5010836.172,False,December,0,0,0,0,0,0,0,0,0,0,0,1,0,0,0,0,0,0,1
2018-12-12,08:34:00,03,04,01,01,02,01,0,374907.768,5032661.627,False,December,1,0,0,0,0,0,0,0,0,1,0,0,0,0,0,0,0,0,1
2018-12-12,08:50:00,03,03,01,01,02,01,0,367572.5378,5014684.591,False,December,1,0,0,0,0,0,0,0,0,1,0,0,0,0,0,0,0,0,1
2018-12-12,08:36:00,03,07,01,01,05,,0,371513.5854,5001771.804,False,December,0,0,0,0,0,0,0,0,1,0,0,0,0,0,0,0,0,0,1
2018-12-12,09:02:00,03,05,01,01,04,,0,370687.617,5030169.557,False,December,0,0,0,0,0,0,0,0,0,0,0,1,0,0,0,0,0,0,1
2018-12-12,08:15:00,03,03,03,01,06,00,0,380723.9125,5012599.541,False,December,0,1,0,0,0,0,0,0,0,1,0,0,0,0,0,0,0,0,1
2018-12-12,09:10:00,02,03,01,01,02,01,0,384551.51700000005,5034726.576,False,December,0,1,0,0,0,0,0,0,0,1,0,0,0,0,0,0,0,0,1
2018-12-12,09:13:00,03,02,01,01,01,,0,384678.3046,5036683.325,False,December,0,0,0,0,0,0,0,0,0,0,0,1,0,0,0,0,0,0,1
2018-12-12,09:32:00,03,02,01,01,02,01,0,372860.7041,5030578.556,False,December,1,0,0,0,0,0,0,0,0,0,1,0,0,0,0,0,0,0,1
2018-12-12,06:20:00,03,07,01,07,03,,0,367707.2369,5014654.062,False,December,0,0,0,0,0,0,0,0,1,0,0,0,0,0,0,0,0,0,1
2018-12-12,09:35:00,03,01,01,01,01,,0,346810.2977,5012228.5430000005,False,December,0,0,0,0,0,0,0,0,1,0,0,0,0,0,0,0,0,0,1
2018-12-12,10:20:00,03,05,01,01,01,01,0,367948.5572,5031549.539,False,December,1,0,0,0,0,0,0,0,0,0,1,0,0,0,0,0,0,0,1
2018-12-11,19:15:00,03,03,03,07,03,01,0,365363.3604,5022544.452,False,December,1,0,0,0,0,0,0,0,0,1,0,0,0,0,0,0,0,0,1
2018-12-12,11:06:00,03,01,01,01,06,,0,364372.9508,5013404.704,False,December,0,0,0,0,0,0,0,0,0,0,0,0,0,0,1,0,0,0,1
2018-12-12,11:18:00,03,07,03,01,02,,0,385775.0239,5004336.33,False,December,0,0,0,0,0,0,0,0,1,0,0,0,0,0,0,0,0,0,1
2018-12-11,15:30:00,03,04,01,01,01,,0,368294.0721,5031944.738,False,December,0,0,0,0,0,0,0,0,1,0,0,0,0,0,0,0,0,0,1
2018-12-07,00:01:00,03,06,01,0,03,,0,365069.675,5015869.01,False,December,0,0,0,0,0,0,0,0,1,0,0,0,0,0,0,0,0,0,1
2018-12-12,11:00:00,03,02,01,01,01,01,0,365590.9938,5010927.3780000005,False,December,0,1,0,0,0,0,0,0,0,0,1,0,0,0,0,0,0,0,1
2018-12-12,11:40:00,03,02,01,01,02,01,0,371429.5524,5024423.619,False,December,0,1,0,0,0,0,0,0,0,0,1,0,0,0,0,0,0,0,1
2018-12-10,11:52:00,03,06,01,01,02,,0,366775.8846,5023986.59,False,December,0,0,0,0,0,0,0,0,0,0,0,1,0,0,0,0,0,0,1
2018-12-12,11:20:00,03,02,01,01,01,01,0,366768.6327,5030948.555,False,December,1,0,0,0,0,0,0,0,0,0,1,0,0,0,0,0,0,0,1
2018-12-12,12:15:00,03,03,01,01,01,01,0,366153.105,5020632.375,False,December,0,1,0,0,0,0,0,0,0,1,0,0,0,0,0,0,0,0,1
2018-12-12,12:37:00,03,02,01,01,01,,0,360544.0051,5023286.94,True,December,0,0,0,0,0,0,0,0,0,0,0,1,0,0,0,0,0,0,1
2018-12-12,12:30:00,03,03,01,01,04,01,0,350754.5432,5023783.827,False,December,0,1,0,0,0,0,0,0,0,1,0,0,0,0,0,0,0,0,1
2018-12-12,13:10:00,02,05,01,01,01,01,0,380028.8131,5038105.341,False,December,1,0,0,0,0,0,0,0,0,0,1,0,0,0,0,0,0,0,1
2018-12-12,13:18:00,03,02,01,01,02,01,0,372707.7276,5031281.488,False,December,0,1,0,0,0,0,0,0,0,0,1,0,0,0,0,0,0,0,1
2018-12-12,13:30:00,03,03,03,01,06,01,0,370156.8331,5023121.841,False,December,1,0,0,0,0,0,0,0,0,1,0,0,0,0,0,0,0,0,1
2018-12-12,14:00:00,03,03,01,01,01,01,0,367915.5539,5031251.536,False,December,1,0,0,0,0,0,0,0,0,1,0,0,0,0,0,0,0,0,1
2018-12-12,14:15:00,03,02,01,01,01,01,0,363056.4731,5022730.581,False,December,1,0,0,0,0,0,0,0,0,0,1,0,0,0,0,0,0,0,1
2018-12-12,,03,04,01,00,01,,0,368035.9232,5032223.61,False,December,0,0,0,0,0,0,0,0,1,0,0,0,0,0,0,0,0,0,1
2018-12-12,14:29:00,03,02,01,01,01,01,0,368262.7158,5032521.806,False,December,1,0,0,0,0,0,0,0,0,0,1,0,0,0,0,0,0,0,1
2018-12-12,13:23:00,02,02,01,01,02,,0,351362.8569,5022195.877,False,December,0,0,0,0,0,0,0,0,0,0,0,1,0,0,0,0,0,0,1
2018-12-12,14:42:00,03,02,01,01,02,01,0,367639.6991,5032383.578,False,December,1,0,0,0,0,0,0,0,0,0,1,0,0,0,0,0,0,0,1
2018-12-12,14:56:00,03,03,01,01,01,,0,359338.1071,5015013.5,False,December,0,0,0,0,0,0,0,0,0,0,0,1,0,0,0,0,0,0,1
2018-12-12,15:28:00,03,04,01,01,01,01,0,364358.7879,5024890.69,False,December,1,0,0,0,0,0,0,0,0,1,0,0,0,0,0,0,0,0,1
2018-12-12,13:45:00,02,03,01,01,02,01,0,379617.8108,5033274.488,False,December,1,0,0,0,0,0,0,0,0,1,0,0,0,0,0,0,0,0,1
2018-12-12,15:56:00,03,04,01,01,02,01,0,358757.6491,5022868.632,True,December,1,0,0,0,0,0,0,0,0,1,0,0,0,0,0,0,0,0,1
2018-12-11,22:04:00,03,04,01,07,02,,0,352233.56,5017210.898,False,December,0,0,0,0,0,0,0,0,1,0,0,0,0,0,0,0,0,0,1
2018-12-12,01:15:00,03,07,03,07,04,00,0,333686.5627,5040339.672,False,December,0,1,0,0,0,0,0,0,0,1,0,0,0,0,0,0,0,0,1
2018-12-12,16:25:00,03,03,03,05,03,01,0,377038.3833,5022709.512,False,December,1,0,0,0,0,0,0,0,0,1,0,0,0,0,0,0,0,0,1
2018-12-12,16:40:00,03,06,01,05,06,,0,370513.8147,5028236.296,False,December,0,0,0,0,0,0,0,0,1,0,0,0,0,0,0,0,0,0,1
2018-12-12,16:52:00,03,03,01,05,01,00,0,367478.536,5022691.57,False,December,0,1,0,0,0,0,0,0,0,1,0,0,0,0,0,0,0,0,1
2018-12-12,11:20:00,03,03,01,01,01,01,0,368577.6251,5028966.537,False,December,0,1,0,0,0,0,0,0,0,1,0,0,0,0,0,0,0,0,1
2018-12-10,11:25:00,03,01,01,01,01,,0,381119.4544,5037299.052,False,December,0,0,0,0,0,0,0,0,0,0,0,1,0,0,0,0,0,0,1
2018-12-12,17:09:00,03,02,03,07,05,,0,361117.429,5021338.973,False,December,0,0,0,0,0,0,0,0,0,0,0,1,0,0,0,0,0,0,1
2018-12-12,17:21:00,03,03,01,07,01,01,0,366873.6271,5026438.515,False,December,1,0,0,0,0,0,0,0,0,1,0,0,0,0,0,0,0,0,1
2018-12-12,17:35:00,03,04,01,07,01,,0,368538.5585,5031676.031,True,December,0,0,0,0,0,0,0,0,1,0,0,0,0,0,0,0,0,0,1
2018-12-12,17:45:00,03,03,01,07,01,,0,360416.0873,5024891.112,False,December,0,0,0,0,0,0,0,0,1,0,0,0,0,0,0,0,0,0,1
2018-12-12,17:49:00,02,07,01,07,01,01,2,373902.8091,5028047.004,False,December,1,0,0,0,0,0,0,0,0,0,1,0,0,0,0,0,0,0,1
2018-12-12,17:50:00,02,07,01,07,01,01,1,367526.5384,5030815.733,False,December,1,0,0,0,0,0,0,0,0,0,1,0,0,0,0,0,0,0,1
2018-12-12,17:50:00,03,03,01,07,02,01,0,367458.7314,5021891.6680000005,False,December,1,0,0,0,0,0,0,0,0,1,0,0,0,0,0,0,0,0,1
2018-12-12,17:52:00,03,04,01,07,01,01,0,366166.8474,5026028.817,False,December,1,0,0,0,0,0,0,0,0,1,0,0,0,0,0,0,0,0,1
2018-12-12,17:45:00,03,03,03,07,06,,0,363395.0227,5016007.916999999,False,December,0,0,0,0,0,0,0,0,1,0,0,0,0,0,0,0,0,0,1
2018-12-12,18:23:00,02,03,01,07,01,,0,378061.8428,5006588.988,False,December,0,0,0,0,0,0,0,0,1,0,0,0,0,0,0,0,0,0,1
2018-12-12,18:31:00,03,03,01,07,01,,0,364335.7124,5013842.555,False,December,0,0,0,0,0,0,0,0,1,0,0,0,0,0,0,0,0,0,1
2018-12-12,18:56:00,02,03,01,07,01,01,0,350186.5789,5015396.565,False,December,1,0,0,0,0,0,0,0,0,1,0,0,0,0,0,0,0,0,1
2018-12-12,,03,04,01,00,05,,0,367053.3595,5029989.423,False,December,0,0,0,0,0,0,0,0,1,0,0,0,0,0,0,0,0,0,1
2018-12-11,,03,06,01,00,02,,0,367653.2161,5031332.536,False,December,0,0,0,0,0,0,0,0,1,0,0,0,0,0,0,0,0,0,1
2018-12-12,20:33:00,03,03,01,07,01,01,0,373902.6541,5028046.615,False,December,1,0,0,0,0,0,0,0,0,1,0,0,0,0,0,0,0,0,1
2018-12-12,20:39:00,03,07,01,07,01,,0,345287.3217,5022288.04,False,December,0,0,0,0,0,0,0,0,1,0,0,0,0,0,0,0,0,0,1
2018-12-12,16:50:00,03,03,01,05,01,01,0,382346.8477,5035399.087,False,December,1,0,0,0,0,0,0,0,0,1,0,0,0,0,0,0,0,0,1
2018-12-13,02:39:00,03,07,01,07,01,,0,332544.6241,5015937.402,False,December,0,0,0,0,0,0,0,0,1,0,0,0,0,0,0,0,0,0,1
2018-12-13,06:16:00,02,07,01,07,01,01,1,368157.6719,5032315.558999999,False,December,1,0,0,0,0,0,0,0,0,0,1,0,0,0,0,0,0,0,1
2018-12-13,07:33:00,03,03,01,03,01,01,0,372694.6642,5022332.619,False,December,1,0,0,0,0,0,0,0,0,1,0,0,0,0,0,0,0,0,1
2018-12-13,07:49:00,03,03,01,03,02,01,0,364858.6841,5023725.471,False,December,1,0,0,0,0,0,0,0,0,1,0,0,0,0,0,0,0,0,1
2018-11-22,18:08:00,03,05,01,07,01,01,0,382637.7191,5035567.605,False,November,1,0,0,0,0,0,0,0,0,0,1,0,0,0,0,1,0,0,0