DATE,TIME,CLASS_OF_ACCIDENT,IMPACT_TYPE,ENVIRONMENT,LIGHT,ROAD_SURFACE_CONDITION,TRAFFIC_CONTROL_CONDITION,NO_OF_PEDESTRIANS,X,Y,Highway,Month,categorical_TRAFFIC_CONTROL_01,categorical_TRAFFIC_CONTROL_02,categorical_TRAFFIC_CONTROL_03,categorical_TRAFFIC_CONTROL_04,categorical_TRAFFIC_CONTROL_07,categorical_TRAFFIC_CONTROL_08,categorical_TRAFFIC_CONTROL_09,categorical_TRAFFIC_CONTROL_11,categorical_ACCIDENT_LOCATION_01,categorical_ACCIDENT_LOCATION_02,categorical_ACCIDENT_LOCATION_03,categorical_ACCIDENT_LOCATION_04,categorical_ACCIDENT_LOCATION_05,categorical_ACCIDENT_LOCATION_06,categorical_ACCIDENT_LOCATION_07,categorical_Seasons_Fall,categorical_Seasons_Spring,categorical_Seasons_Summer,categorical_Seasons_Winter
2018-12-04,17:41:00,03,07,01,07,01,,0,379706.2814,5033807.395,False,December,0,0,0,0,0,0,0,0,1,0,0,0,0,0,0,0,0,0,1
2018-11-22,18:13:00,02,03,01,07,01,,0,388458.5403,5042404.317,False,November,0,0,0,0,0,0,0,0,1,0,0,0,0,0,0,1,0,0,0
2018-11-22,17:30:00,03,04,01,07,05,01,0,364737.6184,5029595.3319999995,False,November,1,0,0,0,0,0,0,0,0,1,0,0,0,0,0,1,0,0,0
2018-11-22,,03,06,01,00,04,,0,366247.8235,5016132.675,False,November,0,0,0,0,0,0,0,0,1,0,0,0,0,0,0,1,0,0,0
2018-11-22,19:11:00,03,03,03,07,04,01,0,364358.5795,5024890.665,False,November,1,0,0,0,0,0,0,0,0,0,1,0,0,0,0,1,0,0,0
2018-11-22,19:15:00,03,02,01,07,02,,0,367991.6592,5031923.73,False,November,0,0,0,0,0,0,0,0,0,0,0,1,0,0,0,1,0,0,0
2018-11-22,19:35:00,02,05,01,07,01,01,0,363609.4294,5028538.495,False,November,1,0,0,0,0,0,0,0,0,1,0,0,0,0,0,1,0,0,0
2018-11-22,19:44:00,03,05,01,07,01,01,0,363933.5667,5014784.3319999995,False,November,1,0,0,0,0,0,0,0,0,1,0,0,0,0,0,1,0,0,0
2018-11-22,20:02:00,03,03,01,07,01,01,0,362457.9641,5024005.473999999,False,November,0,1,0,0,0,0,0,0,0,1,0,0,0,0,0,1,0,0,0
2018-11-22,17:44:00,03,04,01,07,01,,0,372040.5877,5031475.31,True,November,0,0,0,0,0,0,0,0,1,0,0,0,0,0,0,1,0,0,0
2018-11-22,11:00:00,03,02,01,01,01,01,0,370213.2571,5025873.472,False,November,1,0,0,0,0,0,0,0,0,0,1,0,0,0,0,1,0,0,0
2018-11-22,21:55:00,03,03,01,07,01,,0,357923.0233,5013074.07,False,November,0,0,0,0,0,0,0,0,1,0,0,0,0,0,0,1,0,0,0
2018-11-22,22:42:00,03,07,01,07,05,,0,359386.7212,5024812.053,False,November,0,0,0,0,0,0,0,0,1,0,0,0,0,0,0,1,0,0,0
2018-11-22,23:20:00,03,07,01,07,01,,0,341192.5804,5030477.925,False,November,0,0,0,0,0,0,0,0,1,0,0,0,0,0,0,1,0,0,0
2018-11-23,01:34:00,02,07,01,07,02,,0,366931.4437,5030560.84,False,November,0,0,0,0,0,0,0,0,0,0,1,0,0,0,0,1,0,0,0
2018-11-23,03:14:00,03,07,01,07,03,,0,371089.50899999996,5032785.762,False,November,0,0,0,0,0,0,0,0,1,0,0,0,0,0,0,1,0,0,0
2018-11-23,06:20:00,03,06,01,03,05,,0,359359.4384,5024411.9860000005,False,November,0,0,0,0,0,0,0,0,1,0,0,0,0,0,0,1,0,0,0
2018-11-23,07:00:00,03,04,01,03,01,00,0,365973.5264,5022169.781,False,November,1,0,0,0,0,0,0,0,0,1,0,0,0,0,0,1,0,0,0
2018-11-22,17:30:00,03,03,01,07,01,,0,368674.5458,5027490.384,False,November,0,0,0,0,0,0,0,0,1,0,0,0,0,0,0,1,0,0,0
2018-11-23,07:37:00,03,02,01,01,01,01,0,367388.3105,5022362.138,False,November,0,1,0,0,0,0,0,0,0,0,1,0,0,0,0,1,0,0,0
2018-11-23,07:46:00,01,02,01,01,01,01,1,366166.6936,5026028.533,False,November,1,0,0,0,0,0,0,0,0,0,1,0,0,0,0,1,0,0,0
2018-11-23,07:54:00,03,03,01,01,06,01,0,349661.5572,5023617.665,False,November,1,0,0,0,0,0,0,0,0,1,0,0,0,0,0,1,0,0,0
2018-11-23,08:10:00,02,05,01,01,01,01,0,368122.8006,5030065.629,False,November,0,1,0,0,0,0,0,0,0,0,1,0,0,0,0,1,0,0,0
2018-11-23,08:10:00,03,03,01,01,01,01,0,371018.5282,5023703.121,False,November,1,0,0,0,0,0,0,0,0,1,0,0,0,0,0,1,0,0,0
2018-11-23,08:21:00,03,03,01,01,01,01,0,374908.7734,5028602.6389999995,False,November,1,0,0,0,0,0,0,0,0,1,0,0,0,0,0,1,0,0,0
2018-11-23,08:24:00,03,05,01,01,01,01,0,366575.0401,5025045.49,False,November,1,0,0,0,0,0,0,0,0,0,1,0,0,0,0,1,0,0,0
2018-11-23,08:31:00,03,03,01,01,06,01,0,350809.4494,5018709.513,True,November,1,0,0,0,0,0,0,0,0,1,0,0,0,0,0,1,0,0,0
2018-11-23,08:38:00,02,02,01,01,06,01,0,367519.81799999997,5029162.59,False,November,0,1,0,0,0,0,0,0,0,0,1,0,0,0,0,1,0,0,0
2018-11-22,22:45:00,03,02,01,07,01,01,0,368282.7032,5032274.537,False,November,1,0,0,0,0,0,0,0,0,0,1,0,0,0,0,1,0,0,0
2018-11-22,21:15:00,03,03,01,07,01,01,0,376556.2853,5035056.365,False,November,1,0,0,0,0,0,0,0,0,1,0,0,0,0,0,1,0,0,0
2018-11-23,09:05:00,03,03,01,01,01,01,0,362282.6731,5024441.716,False,November,1,0,0,0,0,0,0,0,0,1,0,0,0,0,0,1,0,0,0
2018-11-23,07:20:00,03,04,01,01,05,01,0,371912.6118,5033994.705,False,November,1,0,0,0,0,0,0,0,0,1,0,0,0,0,0,1,0,0,0
2018-11-23,09:17:00,03,03,01,01,01,,0,353666.3481,5015520.782,False,November,0,0,0,0,0,0,0,0,1,0,0,0,0,0,0,1,0,0,0
2018-11-23,09:44:00,02,03,01,01,06,,0,371814.7923,5033948.041,False,November,0,0,0,0,0,0,0,0,1,0,0,0,0,0,0,1,0,0,0
2018-11-23,09:46:00,02,02,01,01,06,01,0,368839.8835,5015288.222,False,November,1,0,0,0,0,0,0,0,0,0,1,0,0,0,0,1,0,0,0
2018-11-23,09:47:00,02,03,01,01,01,01,0,366574.9955,5025045.574,False,November,1,0,0,0,0,0,0,0,0,1,0,0,0,0,0,1,0,0,0
2018-11-23,09:30:00,03,03,01,01,01,01,0,379455.5578,5036917.532,False,November,1,0,0,0,0,0,0,0,0,1,0,0,0,0,0,1,0,0,0
2018-11-22,18:30:00,03,04,01,07,01,01,0,369077.4594,5028116.827,False,November,1,0,0,0,0,0,0,0,0,1,0,0,0,0,0,1,0,0,0
2018-11-23,10:31:00,03,03,01,01,01,01,0,369654.8152,5033359.306,False,November,1,0,0,0,0,0,0,0,0,1,0,0,0,0,0,1,0,0,0
2018-11-23,10:44:00,03,02,01,01,01,,0,381126.99600000004,5037303.989,False,November,0,0,0,0,0,0,0,0,0,0,0,1,0,0,0,1,0,0,0
2018-11-23,09:15:00,03,03,01,01,01,,0,353316.4483,5015920.447,False,November,0,0,0,0,0,0,0,0,1,0,0,0,0,0,0,1,0,0,0
2018-11-23,11:19:00,02,03,01,01,02,01,0,370218.7543,5032690.635,False,November,1,0,0,0,0,0,0,0,0,1,0,0,0,0,0,1,0,0,0
2018-11-23,11:22:00,03,03,01,01,01,01,0,366873.5518,5026438.617,False,November,1,0,0,0,0,0,0,0,0,1,0,0,0,0,0,1,0,0,0
2018-11-23,09:00:00,03,03,01,01,06,01,0,365673.8008,5025609.718,False,November,0,0,1,0,0,0,0,0,0,1,0,0,0,0,0,1,0,0,0
2018-11-23,12:08:00,03,03,01,01,01,01,0,356001.718,5023937.339,False,November,1,0,0,0,0,0,0,0,0,1,0,0,0,0,0,1,0,0,0
2018-11-23,08:15:00,02,03,01,01,01,,0,372673.6039,5031044.14,False,November,0,0,0,0,0,0,0,0,1,0,0,0,0,0,0,1,0,0,0
2018-11-23,12:45:00,03,03,01,01,01,01,0,366106.034,5015395.285,False,November,1,0,0,0,0,0,0,0,0,1,0,0,0,0,0,1,0,0,0
2018-11-23,13:08:00,02,07,01,01,01,01,1,363520.6776,5026850.774,False,November,1,0,0,0,0,0,0,0,0,0,1,0,0,0,0,1,0,0,0
2018-11-23,12:30:00,03,02,01,01,02,01,0,350809.6929,5018709.529,True,November,1,0,0,0,0,0,0,0,0,1,0,0,0,0,0,1,0,0,0
2018-11-23,13:20:00,03,02,01,01,01,,0,367357.3374,5025684.816000001,False,November,0,0,0,0,0,0,0,0,0,0,0,1,0,0,0,1,0,0,0
2018-11-21,13:37:00,03,04,01,01,04,01,0,369271.5897,5029921.898,False,November,1,0,0,0,0,0,0,0,0,1,0,0,0,0,0,1,0,0,0
2018-11-23,14:32:00,03,02,01,01,01,,0,359138.4765,5023437.468,False,November,0,0,0,0,0,0,0,0,0,0,0,1,0,0,0,1,0,0,0
2018-11-23,14:51:00,03,03,01,01,01,01,0,368280.4993,5025609.541,False,November,1,0,0,0,0,0,0,0,0,1,0,0,0,0,0,1,0,0,0
2018-11-23,15:01:00,03,03,01,01,01,01,0,372391.5899,5031742.661,False,November,1,0,0,0,0,0,0,0,0,1,0,0,0,0,0,1,0,0,0
2018-11-23,15:06:00,03,04,01,01,02,01,0,359233.4313,5023509.763,False,November,1,0,0,0,0,0,0,0,0,0,1,0,0,0,0,1,0,0,0
2018-11-23,15:00:00,03,04,01,01,01,01,0,364737.1742,5024005.602,False,November,1,0,0,0,0,0,0,0,0,1,0,0,0,0,0,1,0,0,0
2018-11-23,15:17:00,03,03,01,01,06,01,0,345937.4795,5016909.659,False,November,0,1,0,0,0,0,0,0,0,1,0,0,0,0,0,1,0,0,0
2018-11-21,15:00:00,02,03,01,01,05,01,0,362282.4628,5024441.338,False,November,1,0,0,0,0,0,0,0,0,1,0,0,0,0,0,1,0,0,0
2018-11-23,16:04:00,02,03,01,05,06,,0,374912.701,5032906.602,False,November,0,0,0,0,0,0,0,0,1,0,0,0,0,0,0,1,0,0,0
2018-11-23,16:05:00,03,02,01,01,01,01,0,367489.7492,5029236.508,False,November,0,1,0,0,0,0,0,0,0,1,0,0,0,0,0,1,0,0,0
2018-11-23,07:40:00,03,03,01,01,01,,0,362374.2524,5024214.904,False,November,0,0,0,0,0,0,0,0,1,0,0,0,0,0,0,1,0,0,0
2018-11-23,16:30:00,03,03,01,05,01,01,0,373829.6785,5031518.659,False,November,1,0,0,0,0,0,0,0,0,1,0,0,0,0,0,1,0,0,0
2018-11-23,16:43:00,03,03,01,05,01,,0,363840.5494,5025155.063,False,November,0,0,0,0,0,0,0,0,1,0,0,0,0,0,0,1,0,0,0
2018-11-23,16:45:00,03,03,01,05,01,01,0,353417.8118,5018265.531,False,November,1,0,0,0,0,0,0,0,0,1,0,0,0,0,0,1,0,0,0
2018-11-23,16:43:00,02,03,01,05,01,,0,372411.8281,5031696.677,True,November,0,0,0,0,0,0,0,0,1,0,0,0,0,0,0,1,0,0,0
2018-11-22,,03,06,01,00,05,,0,371007.8859,5032175.25,False,November,0,0,0,0,0,0,0,0,1,0,0,0,0,0,0,1,0,0,0
2018-11-17,12:23:00,03,06,01,01,04,,0,372797.6684,5024253.279,False,November,0,0,0,0,0,0,0,0,0,0,0,1,0,0,0,1,0,0,0
2018-11-23,,03,06,01,00,01,,0,351784.9821,5019527.677,False,November,0,0,0,0,0,0,0,0,1,0,0,0,0,0,0,1,0,0,0
2018-11-23,17:31:00,03,05,01,07,02,01,0,352677.761,5017676.852,False,November,1,0,0,0,0,0,0,0,0,0,1,0,0,0,0,1,0,0,0
2018-11-23,17:39:00,02,02,01,07,01,01,0,365380.5229,5028745.451,False,November,1,0,0,0,0,0,0,0,0,0,1,0,0,0,0,1,0,0,0
2018-11-23,17:42:00,03,02,01,07,01,01,0,365382.554,5013223.504,False,November,0,0,0,0,0,0,0,1,0,0,1,0,0,0,0,1,0,0,0
2018-11-23,17:25:00,03,05,01,07,01,01,0,360770.5545,5025117.61,False,November,1,0,0,0,0,0,0,0,0,0,1,0,0,0,0,1,0,0,0
2018-11-23,17:52:00,03,07,01,07,02,01,0,363593.349,5024409.311000001,False,November,1,0,0,0,0,0,0,0,0,1,0,0,0,0,0,1,0,0,0
2018-11-23,18:25:00,03,03,01,07,06,,0,368762.9155,5026799.726,False,November,0,0,0,0,0,0,0,0,1,0,0,0,0,0,0,1,0,0,0
2018-11-22,21:07:00,03,02,01,07,05,,0,371976.5788,5026606.817,False,November,0,0,0,0,0,0,0,0,0,0,0,1,0,0,0,1,0,0,0
2018-11-22,17:20:00,03,06,01,07,01,,0,374712.9569,5026053.555,False,November,0,0,0,0,0,0,0,0,1,0,0,0,0,0,0,1,0,0,0
2018-11-23,18:42:00,03,03,01,07,06,01,0,382121.5782,5035266.781,False,November,1,0,0,0,0,0,0,0,0,1,0,0,0,0,0,1,0,0,0
2018-11-23,18:45:00,03,05,01,07,01,01,0,366709.3404,5012195.545,False,November,1,0,0,0,0,0,0,0,0,0,1,0,0,0,0,1,0,0,0
2018-11-23,19:51:00,03,07,01,07,01,,0,377543.7771,5009600.221,False,November,0,0,0,0,0,0,0,0,1,0,0,0,0,0,0,1,0,0,0
2018-12-04,17:43:00,03,02,01,07,01,01,0,367710.5257,5029570.693,False,December,0,1,0,0,0,0,0,0,0,0,1,0,0,0,0,0,0,0,1
2018-12-04,18:28:00,03,03,01,07,01,01,0,365812.5206,5029911.635,False,December,1,0,0,0,0,0,0,0,0,1,0,0,0,0,0,0,0,0,1
2018-12-04,18:54:00,03,05,01,07,01,01,0,360006.7956,5024632.521000001,False,December,1,0,0,0,0,0,0,0,0,0,1,0,0,0,0,0,0,0,1
2018-12-04,19:00:00,03,02,01,07,01,01,0,367744.5056,5030459.789,False,December,1,0,0,0,0,0,0,0,0,0,1,0,0,0,0,0,0,0,1
2018-11-26,11:42:00,03,03,02,01,04,01,0,373224.5674,5034516.794,False,November,1,0,0,0,0,0,0,0,0,1,0,0,0,0,0,1,0,0,0
2018-12-04,20:21:00,03,05,01,07,01,00,0,368367.9126,5029476.526000001,False,December,0,1,0,0,0,0,0,0,0,0,1,0,0,0,0,0,0,0,1
2018-12-04,13:55:00,03,01,03,01,02,00,0,359390.7208,5024533.538,False,December,0,0,1,0,0,0,0,0,0,0,1,0,0,0,0,0,0,0,1
2018-12-04,20:47:00,03,01,03,07,04,,0,350321.2941,5011785.307,False,December,0,0,0,0,0,0,0,0,1,0,0,0,0,0,0,0,0,0,1
2018-12-05,07:13:00,02,07,01,03,01,01,1,365193.8236,5022948.536,False,December,1,0,0,0,0,0,0,0,0,0,1,0,0,0,0,0,0,0,1
2018-12-05,07:36:00,03,02,01,03,01,01,0,367244.615,5030644.624,False,December,0,1,0,0,0,0,0,0,0,0,1,0,0,0,0,0,0,0,1
2018-12-04,16:15:00,03,06,01,05,01,,0,361908.2879,5023488.158,False,December,0,0,0,0,0,0,0,0,1,0,0,0,0,0,0,0,0,0,1
2018-12-05,09:27:00,03,04,01,01,01,,0,363180.9962,5024155.58,False,December,0,0,0,0,0,0,0,0,1,0,0,0,0,0,0,0,0,0,1
2018-12-05,10:06:00,03,05,01,01,01,01,0,370419.895,5033261.473999999,False,December,1,0,0,0,0,0,0,0,0,0,1,0,0,0,0,0,0,0,1
2018-12-05,08:10:00,03,03,01,01,01,00,0,364913.5866,5027526.789,False,December,0,1,0,0,0,0,0,0,0,0,1,0,0,0,0,0,0,0,1
2018-12-03,22:00:00,03,04,01,07,01,,0,374745.2286,5032779.697,True,December,0,0,0,0,0,0,0,0,1,0,0,0,0,0,0,0,0,0,1
2018-12-05,12:41:00,02,02,01,01,02,01,0,369355.7757,5017877.65,False,December,1,0,0,0,0,0,0,0,0,0,1,0,0,0,0,0,0,0,1
2018-12-04,14:45:00,03,04,01,01,02,01,0,361934.6841,5025830.528,False,December,1,0,0,0,0,0,0,0,0,1,0,0,0,0,0,0,0,0,1
2018-12-05,13:01:00,02,05,03,01,02,01,0,370337.8314,5025947.879,False,December,1,0,0,0,0,0,0,0,0,0,1,0,0,0,0,0,0,0,1
2018-12-05,13:35:00,02,07,03,01,03,01,0,379792.1462,5033781.583000001,False,December,1,0,0,0,0,0,0,0,0,1,0,0,0,0,0,0,0,0,1
2018-12-05,13:43:00,03,02,03,01,06,,0,358853.9887,5021476.603,False,December,0,0,0,0,0,0,0,0,0,0,1,0,0,0,0,0,0,0,1
2018-12-04,17:30:00,03,03,01,07,01,01,0,367655.571,5028838.805,False,December,0,1,0,0,0,0,0,0,0,1,0,0,0,0,0,0,0,0,1
2018-12-05,14:16:00,03,03,03,01,05,,0,368173.2817,5027648.541999999,False,December,0,0,0,0,0,0,0,0,1,0,0,0,0,0,0,0,0,0,1
2018-12-05,08:42:00,02,07,01,01,01,00,0,368206.6137,5032227.602,False,December,1,0,0,0,0,0,0,0,0,1,0,0,0,0,0,0,0,0,1
2018-12-05,13:40:00,03,03,03,01,04,01,0,367700.5558,5028729.433999999,False,December,1,0,0,0,0,0,0,0,0,1,0,0,0,0,0,0,0,0,1
2018-12-05,14:00:00,03,02,03,01,02,,0,363600.675,5014510.475,False,December,0,0,0,0,0,0,0,0,0,0,0,1,0,0,0,0,0,0,1
2018-12-05,14:33:00,02,05,03,01,03,01,0,373148.7958,5027608.686000001,False,December,1,0,0,0,0,0,0,0,0,0,1,0,0,0,0,0,0,0,1
2018-12-04,17:30:00,03,04,01,07,01,01,0,366918.7839,5024209.556,False,December,1,0,0,0,0,0,0,0,0,1,0,0,0,0,0,0,0,0,1
2018-12-05,14:30:00,03,03,03,01,03,01,0,385640.6215,5036379.801,False,December,0,1,0,0,0,0,0,0,0,1,0,0,0,0,0,0,0,0,1
2018-12-05,14:47:00,03,04,03,01,04,01,0,366829.6683,5028935.618,False,December,1,0,0,0,0,0,0,0,0,1,0,0,0,0,0,0,0,0,1
2018-12-05,14:15:00,03,03,03,01,03,01,0,368121.1802,5026647.431,False,December,1,0,0,0,0,0,0,0,0,1,0,0,0,0,0,0,0,0,1
2018-12-04,,03,06,01,00,06,,0,366623.0608,5030371.773,False,December,0,0,0,0,0,0,0,0,1,0,0,0,0,0,0,0,0,0,1
2018-12-05,15:25:00,03,03,03,01,06,01,0,379791.8302,5033781.584,False,December,1,0,0,0,0,0,0,0,0,1,0,0,0,0,0,0,0,0,1
2018-12-05,15:39:00,03,01,03,01,06,,0,374456.6277,5030459.091,False,December,0,0,0,0,0,0,0,0,1,0,0,0,0,0,0,0,0,0,1
2018-12-05,15:45:00,03,07,03,01,06,,0,368527.9274,5027084.921,False,December,0,0,0,0,0,0,0,0,1,0,0,0,0,0,0,0,0,0,1
2018-12-05,15:55:00,03,03,03,01,03,01,0,360597.4205,5022584.291999999,False,December,1,0,0,0,0,0,0,0,0,1,0,0,0,0,0,0,0,0,1
2018-12-05,16:39:00,03,02,03,05,05,01,0,369513.7695,5029341.551,False,December,0,1,0,0,0,0,0,0,0,0,1,0,0,0,0,0,0,0,1
2018-12-05,16:40:00,03,07,07,05,06,,0,376283.3845,5019801.257,False,December,0,0,0,0,0,0,0,0,1,0,0,0,0,0,0,0,0,0,1
2018-12-05,16:45:00,03,03,03,05,04,01,0,371145.8149,5034781.731000001,False,December,1,0,0,0,0,0,0,0,0,1,0,0,0,0,0,0,0,0,1
2018-12-05,17:37:00,02,02,01,07,02,01,0,377317.7249,4998780.306,False,December,0,1,0,0,0,0,0,0,0,0,1,0,0,0,0,0,0,0,1
2018-12-05,17:47:00,03,05,02,07,02,01,0,366873.5585,5026438.572,False,December,1,0,0,0,0,0,0,0,0,0,1,0,0,0,0,0,0,0,1
2018-12-05,18:14:00,02,05,03,07,02,01,0,369292.5771,5026764.452,False,December,1,0,0,0,0,0,0,0,0,0,1,0,0,0,0,0,0,0,1
2018-12-05,18:26:00,03,05,03,07,03,01,0,348932.5592,5024422.654,False,December,1,0,0,0,0,0,0,0,0,0,1,0,0,0,0,0,0,0,1
2018-12-04,20:30:00,03,07,02,07,02,,0,366042.4207,5020899.157,False,December,0,0,0,0,0,0,0,0,1,0,0,0,0,0,0,0,0,0,1
2018-12-05,18:32:00,03,07,03,07,03,,0,341823.7414,5029693.357,False,December,0,0,0,0,0,0,0,0,1,0,0,0,0,0,0,0,0,0,1
2018-12-05,19:02:00,02,07,01,07,01,01,1,367922.6313,5028091.645,False,December,1,0,0,0,0,0,0,0,0,0,1,0,0,0,0,0,0,0,1
2018-12-05,19:15:00,03,02,03,07,03,,0,366287.7614,5025507.598999999,False,December,0,0,0,0,0,0,0,0,1,0,0,0,0,0,0,0,0,0,1
2018-12-05,19:30:00,03,07,03,07,03,,0,374193.6071,5030479.843,False,December,0,0,0,0,0,0,0,0,1,0,0,0,0,0,0,0,0,0,1
2018-12-05,19:00:00,03,03,03,07,04,01,0,364847.6455,5017766.272,False,December,1,0,0,0,0,0,0,0,0,1,0,0,0,0,0,0,0,0,1
2018-12-05,08:00:00,03,06,03,01,03,,0,361476.3543,5026153.508,False,December,0,0,0,0,0,0,0,0,1,0,0,0,0,0,0,0,0,0,1
2018-12-05,20:39:00,03,02,01,07,02,01,0,373110.7715,5032376.654,False,December,1,0,0,0,0,0,0,0,0,0,1,0,0,0,0,0,0,0,1
2018-12-05,22:04:00,03,02,01,07,02,01,0,373110.6445,5032376.506,False,December,1,0,0,0,0,0,0,0,0,0,1,0,0,0,0,0,0,0,1
2018-12-05,23:15:00,03,07,03,07,02,,0,348873.581,5008490.777,False,December,0,0,0,0,0,0,0,0,1,0,0,0,0,0,0,0,0,0,1
2018-12-06,01:21:00,03,07,07,07,02,,0,388400.226,5013001.331,False,December,0,0,0,0,0,0,0,0,1,0,0,0,0,0,0,0,0,0,1
2018-12-06,03:56:00,03,07,01,07,01,,0,376732.1366,5035446.728999999,False,December,0,0,0,0,0,0,0,0,1,0,0,0,0,0,0,0,0,0,1
2018-12-05,16:50:00,03,07,03,07,03,,0,348725.2877,5024650.494,False,December,0,0,0,0,0,0,0,0,1,0,0,0,0,0,0,0,0,0,1
2018-12-06,06:21:00,03,02,03,07,02,01,0,349661.5759,5023617.485,False,December,1,0,0,0,0,0,0,0,0,0,1,0,0,0,0,0,0,0,1
2018-12-06,08:24:00,03,03,01,01,01,,0,385026.0963,5036643.022,False,December,0,0,0,0,0,0,0,0,1,0,0,0,0,0,0,0,0,0,1
2018-12-06,08:20:00,03,02,01,01,01,,0,360097.7692,5022140.982,False,December,0,0,0,0,0,0,0,0,0,0,0,1,0,0,0,0,0,0,1
2018-12-06,08:27:00,03,06,03,01,02,,0,362273.4946,5021474.475,False,December,0,0,0,0,0,0,0,0,1,0,0,0,0,0,0,0,0,0,1
2018-12-06,08:54:00,02,07,01,01,02,,0,366144.7909,5026083.467,False,December,0,0,0,0,0,0,0,0,1,0,0,0,0,0,0,0,0,0,1
2018-12-06,09:02:00,03,05,01,01,02,01,0,351408.7327,5021708.723,False,December,0,1,0,0,0,0,0,0,0,0,1,0,0,0,0,0,0,0,1
2018-12-06,09:21:00,03,03,01,01,02,01,0,373380.0566,5032536.467,False,December,1,0,0,0,0,0,0,0,0,1,0,0,0,0,0,0,0,0,1
2018-12-06,07:40:00,03,03,01,03,02,,0,356615.8118,5020184.0,False,December,0,0,0,0,0,0,0,0,1,0,0,0,0,0,0,0,0,0,1
2018-12-06,06:45:00,03,07,03,07,03,,0,348200.834,5018991.621,False,December,0,0,0,0,0,0,0,0,1,0,0,0,0,0,0,0,0,0,1
2018-12-05,,03,06,03,00,05,,0,364584.4185,5016495.544,False,December,0,0,0,0,0,0,0,0,1,0,0,0,0,0,0,0,0,0,1
2018-12-05,17:00:00,03,06,03,07,05,,0,371846.0482,5032269.625,False,December,0,0,0,0,0,0,0,0,1,0,0,0,0,0,0,0,0,0,1
2018-12-06,10:15:00,03,04,01,01,02,01,0,370432.9145,5029081.961,False,December,1,0,0,0,0,0,0,0,0,1,0,0,0,0,0,0,0,0,1
2018-12-06,12:50:00,03,02,01,01,01,01,0,365455.1412,5029547.21,False,December,0,1,0,0,0,0,0,0,0,0,1,0,0,0,0,0,0,0,1
2018-11-27,,03,06,04,00,06,,0,362615.4692,5021853.766,False,November,0,0,0,0,0,0,0,0,1,0,0,0,0,0,0,1,0,0,0
2018-12-05,18:30:00,03,03,01,07,02,01,0,352207.6005,5017242.373,False,December,1,0,0,0,0,0,0,0,0,1,0,0,0,0,0,0,0,0,1
2018-12-05,19:00:00,03,02,03,07,02,,0,370784.3675,5032322.935,False,December,0,0,0,0,0,0,0,0,0,0,0,1,0,0,0,0,0,0,1
2018-12-06,13:54:00,03,02,01,01,02,,0,369901.5757,5032969.336,False,December,0,0,0,0,0,0,0,0,0,0,0,1,0,0,0,0,0,0,1
2018-12-06,14:10:00,02,02,01,01,01,01,0,366925.6356,5017439.464,False,December,0,1,0,0,0,0,0,0,0,0,1,0,0,0,0,0,0,0,1
2018-12-05,18:40:00,03,06,01,07,01,,0,368259.7928,5032376.916,False,December,0,0,0,0,0,0,0,0,0,0,0,1,0,0,0,0,0,0,1
2018-12-06,14:05:00,03,04,01,01,02,,0,371285.8697,5030884.98,False,December,0,0,0,0,0,0,0,0,1,0,0,0,0,0,0,0,0,0,1
2018-12-16,08:08:00,03,07,01,01,06,,0,386339.0495,5037673.66,False,December,0,0,0,0,0,0,0,0,1,0,0,0,0,0,0,0,0,0,1
2018-12-16,12:05:00,02,02,01,01,02,,0,367363.001,5029536.239,False,December,0,0,0,0,0,0,0,0,0,0,0,1,0,0,0,0,0,0,1
2018-12-16,12:55:00,02,07,01,01,01,,0,379104.8398,5036861.52,False,December,0,0,0,0,0,0,0,0,1,0,0,0,0,0,0,0,0,0,1
2018-12-16,13:17:00,03,03,01,01,02,00,0,361429.6364,5020616.511,False,December,0,1,0,0,0,0,0,0,0,1,0,0,0,0,0,0,0,0,1
2018-12-16,13:39:00,03,03,01,01,01,01,0,368675.6685,5032139.528,False,December,1,0,0,0,0,0,0,0,0,1,0,0,0,0,0,0,0,0,1
2018-12-16,13:52:00,03,0,01,01,01,,0,379134.1591,5036878.737,False,December,0,0,0,0,0,0,0,0,1,0,0,0,0,0,0,0,0,0,1
2018-12-15,12:00:00,02,03,01,01,02,01,0,351269.7868,5018181.752,False,December,1,0,0,0,0,0,0,0,0,1,0,0,0,0,0,0,0,0,1
2018-12-16,15:08:00,03,04,01,01,01,,0,370369.4301,5033140.535,False,December,0,0,0,0,0,0,0,0,1,0,0,0,0,0,0,0,0,0,1
2018-09-06,16:30:00,03,04,01,01,01,,0,363145.5851,5029274.096,False,September,0,0,0,0,0,0,0,0,1,0,0,0,0,0,0,1,0,0,0
2018-12-27,17:53:00,03,03,01,07,01,01,0,364829.2929,5014001.028,False,December,0,1,0,0,0,0,0,0,0,1,0,0,0,0,0,0,0,0,1