DATE,TIME,CLASS_OF_ACCIDENT,IMPACT_TYPE,ENVIRONMENT,LIGHT,ROAD_SURFACE_CONDITION,TRAFFIC_CONTROL_CONDITION,NO_OF_PEDESTRIANS,X,Y,Highway,Month,categorical_TRAFFIC_CONTROL_01,categorical_TRAFFIC_CONTROL_02,categorical_TRAFFIC_CONTROL_03,categorical_TRAFFIC_CONTROL_04,categorical_TRAFFIC_CONTROL_07,categorical_TRAFFIC_CONTROL_08,categorical_TRAFFIC_CONTROL_09,categorical_TRAFFIC_CONTROL_11,categorical_ACCIDENT_LOCATION_01,categorical_ACCIDENT_LOCATION_02,categorical_ACCIDENT_LOCATION_03,categorical_ACCIDENT_LOCATION_04,categorical_ACCIDENT_LOCATION_05,categorical_ACCIDENT_LOCATION_06,categorical_ACCIDENT_LOCATION_07,categorical_Seasons_Fall,categorical_Seasons_Spring,categorical_Seasons_Summer,categorical_Seasons_Winter
2018-12-16,15:22:00,03,05,01,01,01,,0,372851.6389,5030601.313999999,False,December,0,0,0,0,0,0,0,0,0,0,0,1,0,0,0,0,0,0,1
2018-12-16,16:40:00,02,02,01,05,01,01,0,360782.6803,5022694.636,False,December,0,1,0,0,0,0,0,0,0,0,1,0,0,0,0,0,0,0,1
2018-12-16,17:03:00,02,07,01,07,02,01,1,373569.8429,5029260.545,False,December,1,0,0,0,0,0,0,0,0,1,0,0,0,0,0,0,0,0,1
2018-12-16,17:08:00,02,07,01,07,01,01,1,369470.79600000003,5031504.491,False,December,0,1,0,0,0,0,0,0,0,0,1,0,0,0,0,0,0,0,1
2018-12-16,18:05:00,03,03,01,07,02,01,0,382637.74799999996,5035567.623,False,December,1,0,0,0,0,0,0,0,0,1,0,0,0,0,0,0,0,0,1
2018-12-16,19:43:00,02,07,01,07,02,01,1,367922.7178,5028091.725,False,December,1,0,0,0,0,0,0,0,0,0,1,0,0,0,0,0,0,0,1
2018-12-16,02:30:00,03,03,01,07,01,,0,369516.414,5017497.442,False,December,0,0,0,0,0,0,0,0,1,0,0,0,0,0,0,0,0,0,1
2018-12-17,00:40:00,03,07,01,07,02,,0,351289.1579,5021844.714,False,December,0,0,0,0,0,0,0,0,1,0,0,0,0,0,0,0,0,0,1
2018-12-17,06:27:00,03,07,03,07,05,,0,365288.343,5025021.525,False,December,0,0,0,0,0,0,0,0,1,0,0,0,0,0,0,0,0,0,1
2018-12-17,07:40:00,03,05,01,03,02,01,0,372860.7245,5030578.562,False,December,1,0,0,0,0,0,0,0,0,0,1,0,0,0,0,0,0,0,1
2018-12-23,14:20:00,03,03,01,01,06,,0,362089.8343,5024921.319,True,December,0,0,0,0,0,0,0,0,1,0,0,0,0,0,0,0,0,0,1
2018-12-17,06:15:00,03,06,01,07,05,,0,375294.484,5036332.844,False,December,0,0,0,0,0,0,0,0,1,0,0,0,0,0,0,0,0,0,1
2018-12-17,08:44:00,03,04,01,01,01,01,0,368029.5244,5031411.529,False,December,1,0,0,0,0,0,0,0,0,1,0,0,0,0,0,0,0,0,1
2018-12-17,09:00:00,03,01,01,01,02,,0,390324.0835,5020359.138,False,December,0,0,0,0,0,0,0,0,1,0,0,0,0,0,0,0,0,0,1
2018-12-17,09:00:00,03,04,01,01,02,,0,372266.0399,5032051.819,False,December,0,0,0,0,0,0,0,0,0,0,0,1,0,0,0,0,0,0,1
2018-12-17,09:19:00,03,06,03,01,06,,0,365187.0894,5013363.035,False,December,0,0,0,0,0,0,0,0,1,0,0,0,0,0,0,0,0,0,1
2018-12-17,10:39:00,03,04,01,01,01,01,0,363227.7231,5028292.833000001,False,December,1,0,0,0,0,0,0,0,0,0,1,0,0,0,0,0,0,0,1
2018-12-31,22:51:00,03,03,03,07,04,,0,368516.3668,5031683.544,False,December,0,0,0,0,0,0,0,0,1,0,0,0,0,0,0,0,0,0,1
2018-12-17,10:55:00,03,02,03,01,02,01,0,376436.5612,5012152.591,False,December,0,1,0,0,0,0,0,0,0,0,1,0,0,0,0,0,0,0,1
2018-12-17,11:42:00,03,04,03,01,02,,0,372468.5176,5031560.233,True,December,0,0,0,0,0,0,0,0,1,0,0,0,0,0,0,0,0,0,1
2018-12-17,,02,03,01,00,01,01,0,374147.7781,5030666.996,False,December,1,0,0,0,0,0,0,0,0,1,0,0,0,0,0,0,0,0,1
2018-12-17,11:47:00,03,02,01,01,02,,0,364881.8126,5023672.244,False,December,0,0,0,0,0,0,0,0,0,0,0,1,0,0,0,0,0,0,1
2018-12-17,12:22:00,03,04,03,01,03,01,0,374674.8383,5028499.478999999,False,December,1,0,0,0,0,0,0,0,0,1,0,0,0,0,0,0,0,0,1
2018-12-17,13:42:00,03,05,03,01,02,01,0,364438.593,5027136.54,False,December,1,0,0,0,0,0,0,0,0,1,0,0,0,0,0,0,0,0,1
2018-12-06,17:00:00,02,07,01,07,02,02,1,361768.011,5025725.656,False,December,1,0,0,0,0,0,0,0,0,1,0,0,0,0,0,0,0,0,1
2018-12-17,14:04:00,03,01,01,01,02,01,0,363697.7802,5025211.6280000005,False,December,1,0,0,0,0,0,0,0,0,0,1,0,0,0,0,0,0,0,1
2018-12-17,14:32:00,03,03,03,01,02,01,0,367018.9347,5031287.837,False,December,1,0,0,0,0,0,0,0,0,1,0,0,0,0,0,0,0,0,1
2018-12-17,14:31:00,03,06,03,01,06,,0,368908.2769,5030522.23,False,December,0,0,0,0,0,0,0,0,0,0,0,1,0,0,0,0,0,0,1
2018-12-17,14:33:00,03,04,01,01,01,01,0,359501.8987,5014636.459,False,December,1,0,0,0,0,0,0,0,0,1,0,0,0,0,0,0,0,0,1
2018-12-13,15:45:00,03,05,01,01,02,01,0,381419.7774,5037546.518,False,December,1,0,0,0,0,0,0,0,0,0,1,0,0,0,0,0,0,0,1
2018-12-17,15:00:00,03,05,03,01,02,01,0,361491.5584,5014099.682,False,December,1,0,0,0,0,0,0,0,0,0,1,0,0,0,0,0,0,0,1
2018-12-17,15:16:00,02,07,01,01,01,,1,384041.2895,5036770.45,False,December,0,0,0,0,0,0,0,0,0,0,0,1,0,0,0,0,0,0,1
2018-12-17,15:27:00,03,03,03,01,06,01,0,357393.7062,5019689.56,False,December,0,1,0,0,0,0,0,0,0,1,0,0,0,0,0,0,0,0,1
2018-12-17,15:30:00,03,04,01,01,02,01,0,363833.5258,5029040.498,False,December,1,0,0,0,0,0,0,0,0,1,0,0,0,0,0,0,0,0,1
2018-12-17,15:46:00,02,03,03,01,02,,0,361761.9244,5026228.271000001,False,December,0,0,0,0,0,0,0,0,1,0,0,0,0,0,0,0,0,0,1
2018-12-17,16:16:00,02,05,01,05,01,,0,374807.0578,5033353.259,False,December,0,0,0,0,0,0,0,0,0,0,0,1,0,0,0,0,0,0,1
2018-12-17,16:02:00,02,03,01,05,02,01,0,372146.5836,5034108.626,False,December,1,0,0,0,0,0,0,0,0,1,0,0,0,0,0,0,0,0,1
2018-12-17,16:00:00,03,03,01,05,02,,0,368184.5276,5027628.034,False,December,0,0,0,0,0,0,0,0,1,0,0,0,0,0,0,0,0,0,1
2018-12-17,16:53:00,02,03,01,05,02,01,0,380631.6706,5036980.587,False,December,1,0,0,0,0,0,0,0,0,1,0,0,0,0,0,0,0,0,1
2018-12-17,16:55:00,03,02,01,05,02,01,0,367583.6223,5029009.574,False,December,0,1,0,0,0,0,0,0,0,0,1,0,0,0,0,0,0,0,1
2018-12-17,16:57:00,03,03,03,07,02,01,0,363085.6711,5024097.585,False,December,1,0,0,0,0,0,0,0,0,1,0,0,0,0,0,0,0,0,1
2018-12-17,16:56:00,03,01,03,05,06,,0,359114.1961,5009743.84,False,December,0,0,0,0,0,0,0,0,1,0,0,0,0,0,0,0,0,0,1
2018-12-17,17:13:00,02,07,01,07,02,01,1,364114.5422,5029214.416999999,False,December,1,0,0,0,0,0,0,0,0,0,1,0,0,0,0,0,0,0,1
2018-12-17,17:27:00,03,05,01,07,02,01,0,373902.7567,5028047.063,False,December,1,0,0,0,0,0,0,0,0,0,1,0,0,0,0,0,0,0,1
2018-12-17,17:28:00,03,03,03,07,06,01,0,352207.6364,5017242.491,False,December,1,0,0,0,0,0,0,0,0,1,0,0,0,0,0,0,0,0,1
2018-12-17,16:30:00,03,02,01,05,01,01,0,363078.6113,5026146.411,False,December,0,1,0,0,0,0,0,0,0,0,1,0,0,0,0,0,0,0,1
2018-12-16,11:30:00,03,06,02,01,02,,0,370541.8302,5033314.254,False,December,0,0,0,0,0,0,0,0,1,0,0,0,0,0,0,0,0,0,1
2018-12-17,19:21:00,02,07,01,07,02,01,1,363698.8982,5026445.654,False,December,0,1,0,0,0,0,0,0,0,1,0,0,0,0,0,0,0,0,1
2018-12-17,20:41:00,03,04,01,07,01,,0,373587.36100000003,5027867.345,False,December,0,0,0,0,0,0,0,0,1,0,0,0,0,0,0,0,0,0,1
2018-12-17,23:30:00,03,02,01,07,01,01,0,369937.3426,5029316.999,False,December,1,0,0,0,0,0,0,0,0,0,1,0,0,0,0,0,0,0,1
2018-12-18,00:34:00,03,05,01,07,01,01,0,367252.708,5029796.567,False,December,1,0,0,0,0,0,0,0,0,0,1,0,0,0,0,0,0,0,1
2018-12-18,06:07:00,03,05,01,07,05,01,0,367371.6519,5025693.387,False,December,1,0,0,0,0,0,0,0,0,0,1,0,0,0,0,0,0,0,1
2018-12-18,06:53:00,03,07,01,07,01,,0,381027.0641,5008468.4860000005,False,December,0,0,0,0,0,0,0,0,1,0,0,0,0,0,0,0,0,0,1
2018-12-18,07:02:00,03,03,01,03,01,,0,353165.527,5010288.461,False,December,0,0,0,0,0,0,0,0,0,0,0,1,0,0,0,0,0,0,1
2018-12-18,07:15:00,03,03,01,03,01,01,0,375578.6779,5031439.741,False,December,1,0,0,0,0,0,0,0,0,1,0,0,0,0,0,0,0,0,1
2018-12-17,18:15:00,03,06,03,07,02,,0,355775.2797,5015036.649,False,December,0,0,0,0,0,0,0,0,1,0,0,0,0,0,0,0,0,0,1
2018-12-18,08:50:00,03,03,01,01,01,,0,359597.4591,5019761.829,True,December,0,0,0,0,0,0,0,0,0,1,0,0,0,0,0,0,0,0,1
2018-12-18,08:59:00,02,03,01,01,01,01,0,349864.6371,5023399.563999999,False,December,1,0,0,0,0,0,0,0,0,1,0,0,0,0,0,0,0,0,1
2018-12-18,08:59:00,03,02,01,01,01,,0,375061.4016,5026768.826,False,December,0,0,0,0,0,0,0,0,1,0,0,0,0,0,0,0,0,0,1
2018-12-18,10:28:00,02,05,01,01,01,,0,378207.3932,5014793.3319999995,False,December,0,0,0,0,0,0,0,0,0,0,0,1,0,0,0,0,0,0,1
2018-12-17,15:03:00,03,02,01,01,02,01,0,369547.7664,5026786.435,False,December,1,0,0,0,0,0,0,0,0,0,1,0,0,0,0,0,0,0,1
2018-12-17,13:00:00,03,03,01,01,01,01,0,371018.5298,5023702.988,False,December,1,0,0,0,0,0,0,0,0,1,0,0,0,0,0,0,0,0,1
2018-12-18,10:20:00,03,03,01,01,01,01,0,353673.6555,5018424.505,False,December,1,0,0,0,0,0,0,0,0,1,0,0,0,0,0,0,0,0,1
2018-12-18,,03,06,01,00,02,,0,367587.3079,5032817.713,False,December,0,0,0,0,0,0,0,0,1,0,0,0,0,0,0,0,0,0,1
2018-12-18,12:40:00,02,03,01,01,01,01,0,360597.7117,5022584.54,False,December,1,0,0,0,0,0,0,0,0,1,0,0,0,0,0,0,0,0,1
2018-12-14,19:45:00,02,03,04,07,06,01,0,370950.5689,5023662.25,False,December,0,1,0,0,0,0,0,0,0,1,0,0,0,0,0,0,0,0,1
2018-12-18,13:19:00,03,07,01,01,01,,0,365368.6472,5025524.797,False,December,0,0,0,0,0,0,0,0,1,0,0,0,0,0,0,0,0,0,1
2018-12-18,11:45:00,03,04,01,01,01,01,0,352207.67100000003,5017242.461,False,December,1,0,0,0,0,0,0,0,0,1,0,0,0,0,0,0,0,0,1
2018-12-18,13:10:00,03,04,01,01,01,01,0,381519.5373,5038374.615,False,December,1,0,0,0,0,0,0,0,0,1,0,0,0,0,0,0,0,0,1
2018-12-18,14:25:00,03,07,01,01,01,,0,367387.9166,5019284.215,False,December,0,0,0,0,0,0,0,0,1,0,0,0,0,0,0,0,0,0,1
2018-12-18,13:05:00,03,03,01,01,01,01,0,365004.8141,5023385.865,False,December,1,0,0,0,0,0,0,0,0,1,0,0,0,0,0,0,0,0,1
2018-12-18,15:27:00,02,02,01,01,01,01,0,353381.7881,5019151.655,False,December,1,0,0,0,0,0,0,0,0,0,1,0,0,0,0,0,0,0,1
2018-12-18,,03,03,01,00,01,01,0,372391.7925,5031742.612,False,December,1,0,0,0,0,0,0,0,0,1,0,0,0,0,0,0,0,0,1
2018-12-18,13:30:00,03,06,01,01,04,,0,367210.0462,5029952.28,False,December,0,0,0,0,0,0,0,0,1,0,0,0,0,0,0,0,0,0,1
2018-12-18,16:25:00,03,03,01,05,01,01,0,369988.0136,5029119.691000001,False,December,1,0,0,0,0,0,0,0,0,1,0,0,0,0,0,0,0,0,1
2018-12-18,16:50:00,03,04,01,05,01,01,0,360597.77200000006,5022584.496,False,December,1,0,0,0,0,0,0,0,0,1,0,0,0,0,0,0,0,0,1
2018-12-18,17:00:00,03,03,01,07,02,,0,361140.6369,5022906.726,False,December,0,0,0,0,0,0,0,0,1,0,0,0,0,0,0,0,0,0,1
2018-12-18,17:26:00,03,06,01,07,01,,0,368611.5452,5031957.188999999,False,December,0,0,0,0,0,0,0,0,1,0,0,0,0,0,0,0,0,0,1
2018-12-17,17:00:00,03,03,01,07,02,01,0,363933.7165,5014784.674,False,December,1,0,0,0,0,0,0,0,0,1,0,0,0,0,0,0,0,0,1
2018-12-18,18:18:00,03,02,01,07,01,01,0,368997.8253,5032191.754,False,December,0,1,0,0,0,0,0,0,0,0,1,0,0,0,0,0,0,0,1
2018-12-18,18:28:00,03,01,01,07,01,,0,374126.5616,5018932.837,False,December,0,0,0,0,0,0,0,0,1,0,0,0,0,0,0,0,0,0,1
2018-12-18,17:00:00,03,03,01,07,01,01,0,367572.6435,5014684.551,False,December,1,0,0,0,0,0,0,0,0,1,0,0,0,0,0,0,0,0,1
2018-12-18,18:54:00,03,05,01,07,01,01,0,368373.3866,5031798.166999999,False,December,1,0,0,0,0,0,0,0,0,1,0,0,0,0,0,0,0,0,1
2018-12-18,21:03:00,02,07,01,07,01,01,1,368208.8509,5031126.54,False,December,1,0,0,0,0,0,0,0,0,1,0,0,0,0,0,0,0,0,1
2018-12-18,19:05:00,03,03,01,07,01,01,0,364275.5939,5027493.545,False,December,1,0,0,0,0,0,0,0,0,1,0,0,0,0,0,0,0,0,1
2018-12-19,07:04:00,03,04,01,03,01,01,0,379860.8236,5036471.92,False,December,0,0,0,0,0,0,0,1,0,1,0,0,0,0,0,0,0,0,1
2018-12-18,19:47:00,03,03,01,07,01,01,0,371291.7555,5023864.617,False,December,1,0,0,0,0,0,0,0,0,1,0,0,0,0,0,0,0,0,1
2018-12-18,20:34:00,03,05,01,07,01,,0,359232.9202,5023510.779,False,December,0,0,0,0,0,0,0,0,1,0,0,0,0,0,0,0,0,0,1
2018-12-18,16:00:00,03,02,01,05,01,,0,367407.4692,5031343.563999999,False,December,0,0,0,0,0,0,0,0,0,0,0,1,0,0,0,0,0,0,1
2018-12-18,20:59:00,03,07,01,07,01,01,0,364396.4634,5014821.3610000005,False,December,0,0,0,1,0,0,0,0,1,0,0,0,0,0,0,0,0,0,1
2018-12-18,,03,06,01,00,01,,0,368937.2227,5029930.188,False,December,0,0,0,0,0,0,0,0,1,0,0,0,0,0,0,0,0,0,1
2018-12-19,00:34:00,03,06,01,07,01,,0,365834.2913,5029921.112,False,December,0,0,0,0,0,0,0,0,1,0,0,0,0,0,0,0,0,0,1
2018-12-19,06:25:00,03,05,01,07,01,,0,362937.7661,5026502.119,False,December,0,0,0,0,0,0,0,0,0,0,0,1,0,0,0,0,0,0,1
2018-12-19,06:52:00,03,03,01,03,01,01,0,380596.4113,5033091.848999999,False,December,1,0,0,0,0,0,0,0,0,1,0,0,0,0,0,0,0,0,1
2018-12-19,07:04:00,03,07,01,03,01,,0,379208.4961,4996667.984,False,December,0,0,0,0,0,0,0,0,1,0,0,0,0,0,0,0,0,0,1
2018-09-06,17:37:00,03,03,01,01,01,,0,367297.8725,5032443.4860000005,False,September,0,0,0,0,0,0,0,0,0,0,0,0,0,0,1,1,0,0,0
2018-12-19,07:19:00,02,04,01,03,01,01,0,370666.4314,5029086.044,False,December,1,0,0,0,0,0,0,0,0,0,1,0,0,0,0,0,0,0,1
2018-12-14,14:17:00,02,02,04,01,06,01,0,383119.7875,5038785.661,False,December,1,0,0,0,0,0,0,0,0,0,1,0,0,0,0,0,0,0,1
2018-12-23,14:41:00,03,05,01,01,01,01,0,373004.6154,5023708.576,False,December,1,0,0,0,0,0,0,0,0,0,1,0,0,0,0,0,0,0,1
2018-12-27,18:31:00,03,07,03,07,06,,0,367229.0883,5014964.271000001,False,December,0,0,0,0,0,0,0,0,1,0,0,0,0,0,0,0,0,0,1
2018-01-02,08:20:00,03,07,01,01,06,,0,357782.1803,5022774.257,True,January,0,0,0,0,0,0,0,0,1,0,0,0,0,0,0,0,0,0,1
2018-01-02,19:36:00,02,07,03,07,03,,0,372486.1429,5033281.846,False,January,0,0,0,0,0,0,0,0,1,0,0,0,0,0,0,0,0,0,1
2018-04-04,15:22:00,03,02,01,01,02,01,0,372999.4772,5033592.437,False,April,0,1,0,0,0,0,0,0,0,0,1,0,0,0,0,0,1,0,0
2018-12-14,14:23:00,03,07,04,01,06,,0,344134.8062,5033010.996,False,December,0,0,0,0,0,0,0,0,1,0,0,0,0,0,0,0,0,0,1
2018-12-18,21:37:00,03,04,01,07,01,,0,368650.0121,5031980.046,False,December,0,0,0,0,0,0,0,0,1,0,0,0,0,0,0,0,0,0,1
2018-01-02,08:44:00,03,07,01,01,06,,0,376594.1995,5027714.3719999995,True,January,0,0,0,0,0,0,0,0,1,0,0,0,0,0,0,0,0,0,1
2018-12-27,17:40:00,03,03,01,07,01,01,0,374629.7323,5031242.556,False,December,1,0,0,0,0,0,0,0,0,1,0,0,0,0,0,0,0,0,1
2018-12-23,14:58:00,02,03,01,01,01,,0,375628.9703,5031473.721,False,December,0,0,0,0,0,0,0,0,1,0,0,0,0,0,0,0,0,0,1
2018-09-07,17:00:00,03,03,01,01,01,,0,363463.0321,5029394.616,False,September,0,0,0,0,0,0,0,0,1,0,0,0,0,0,0,1,0,0,0
2018-03-09,12:30:00,03,03,03,01,02,,0,367354.0581,5026704.451,False,March,0,0,0,0,0,0,0,0,1,0,0,0,0,0,0,0,1,0,0
2018-12-14,14:38:00,03,04,02,01,02,,0,366180.1818,5015211.449,False,December,0,0,0,0,0,0,0,0,1,0,0,0,0,0,0,0,0,0,1
2018-01-04,07:45:00,03,01,02,03,02,,0,369137.8957,5035503.347,False,January,0,0,0,0,0,0,0,0,0,0,0,0,0,0,1,0,0,0,1
2018-12-19,07:25:00,03,04,01,03,01,01,0,379860.7142,5036471.407,False,December,0,0,0,0,0,0,0,1,0,0,1,0,0,0,0,0,0,0,1
2018-12-23,15:12:00,03,02,01,01,02,01,0,367944.5435,5032328.489,False,December,0,1,0,0,0,0,0,0,0,0,1,0,0,0,0,0,0,0,1
2018-12-27,11:25:00,03,06,01,01,05,,0,363796.6013,5027515.317,False,December,0,0,0,0,0,0,0,0,0,0,0,1,0,0,0,0,0,0,1
2018-01-02,09:00:00,03,07,03,01,06,,0,358555.5942,5022303.64,True,January,0,0,0,0,0,0,0,0,1,0,0,0,0,0,0,0,0,0,1
2018-09-08,17:30:00,02,07,01,01,01,,0,364861.6894,5030385.3,False,September,0,0,0,0,0,0,0,0,1,0,0,0,0,0,0,1,0,0,0
2018-12-14,14:40:00,03,07,04,01,03,,0,378169.8762,5030591.743,False,December,0,0,0,0,0,0,0,0,1,0,0,0,0,0,0,0,0,0,1
2018-01-02,07:43:00,03,07,03,03,06,,0,367954.6784,5034159.456,False,January,0,0,0,0,0,0,0,0,1,0,0,0,0,0,0,0,0,0,1
2018-07-15,10:35:00,03,03,01,01,01,,0,363564.984,5029357.416999999,False,July,0,0,0,0,0,0,0,0,1,0,0,0,0,0,0,0,0,1,0
2018-01-05,14:00:00,03,03,03,01,06,01,0,365156.8347,5030377.421,False,January,1,0,0,0,0,0,0,0,0,1,0,0,0,0,0,0,0,0,1
2018-01-05,17:50:00,03,03,01,07,02,01,0,364255.8156,5028603.508,False,January,1,0,0,0,0,0,0,0,0,0,1,0,0,0,0,0,0,0,1
2018-01-07,18:35:00,03,07,03,07,03,,0,364102.6831,5028887.492,False,January,0,0,0,0,0,0,0,0,1,0,0,0,0,0,0,0,0,0,1
2018-01-07,07:35:00,02,07,00,03,06,,0,365913.5887,5030742.975,False,January,0,0,0,0,0,0,0,0,1,0,0,0,0,0,0,0,0,0,1
2018-01-07,17:14:00,03,05,03,05,03,01,0,372146.6765,5034108.397,False,January,1,0,0,0,0,0,0,0,0,0,1,0,0,0,0,0,0,0,1
2018-07-17,15:15:00,03,04,01,01,01,,0,367979.2165,5031932.442,False,July,0,0,0,0,0,0,0,0,0,0,0,0,0,0,1,0,0,1,0
2018-01-08,17:10:00,03,02,03,05,03,00,0,368466.7928,5034799.27,False,January,0,1,0,0,0,0,0,0,0,0,1,0,0,0,0,0,0,0,1
2018-01-08,16:45:00,03,03,03,05,04,00,0,370128.5895,5035705.727,False,January,0,1,0,0,0,0,0,0,0,1,0,0,0,0,0,0,0,0,1
2018-01-09,07:00:00,02,03,01,03,02,,0,367377.8346,5033226.513,False,January,0,0,0,0,0,0,0,0,1,0,0,0,0,0,0,0,0,0,1
2018-07-18,08:30:00,02,07,01,01,01,01,1,363793.7031,5029071.662,False,July,0,1,0,0,0,0,0,0,0,0,1,0,0,0,0,0,0,1,0
2018-01-09,17:20:00,03,07,01,05,02,,0,368269.9579,5035130.827,False,January,0,0,0,0,0,0,0,0,1,0,0,0,0,0,0,0,0,0,1
2018-07-18,16:20:00,03,03,01,01,01,,0,376162.0337,5034870.896000001,False,July,0,0,0,0,0,0,0,0,1,0,0,0,0,0,0,0,0,1,0
2018-01-10,13:45:00,03,03,01,01,01,01,0,363298.6711,5029453.674,False,January,1,0,0,0,0,0,0,0,0,1,0,0,0,0,0,0,0,0,1
2018-07-20,09:01:00,03,03,01,01,01,00,0,368227.8514,5034330.437,False,July,0,0,0,0,0,0,0,1,0,0,1,0,0,0,0,0,0,1,0
2018-01-13,03:02:00,03,07,03,07,04,01,0,366264.25700000004,5031006.663,False,January,1,0,0,0,0,0,0,0,0,0,1,0,0,0,0,0,0,0,1
2018-01-13,01:04:00,03,07,03,07,05,,0,367011.9145,5028937.146000001,False,January,0,0,0,0,0,0,0,0,1,0,0,0,0,0,0,0,0,0,1
2018-07-22,10:40:00,03,01,02,01,02,,0,369606.6155,5035543.642,False,July,0,0,0,0,0,0,0,0,1,0,0,0,0,0,0,0,0,1,0
2018-07-22,22:06:00,03,03,02,07,02,01,0,363298.8833,5029453.673,False,July,1,0,0,0,0,0,0,0,0,1,0,0,0,0,0,0,0,1,0
2018-07-23,15:20:00,03,03,01,01,01,,0,363239.1932,5029383.315,False,July,0,0,0,0,0,0,0,0,1,0,0,0,0,0,0,0,0,1,0
2018-01-18,09:00:00,03,03,03,01,02,,0,362905.349,5030125.817,False,January,0,0,0,0,0,0,0,0,0,0,0,0,0,0,1,0,0,0,1
2018-07-24,21:00:00,02,05,01,05,02,,0,364420.9517,5028221.982,False,July,0,0,0,0,0,0,0,0,0,0,0,1,0,0,0,0,0,1,0
2018-01-19,07:12:00,02,03,01,03,02,,0,363502.9345,5029380.375,False,January,0,0,0,0,0,0,0,0,1,0,0,0,0,0,0,0,0,0,1
2018-01-19,12:40:00,03,02,01,01,02,01,0,372501.34,5033247.688,False,January,0,1,0,0,0,0,0,0,0,0,1,0,0,0,0,0,0,0,1
2018-01-19,14:51:00,03,02,01,01,02,01,0,372501.594,5033247.942,False,January,0,1,0,0,0,0,0,0,0,0,1,0,0,0,0,0,0,0,1
2018-01-19,23:40:00,03,07,01,07,02,01,0,368002.6947,5031904.438,False,January,1,0,0,0,0,0,0,0,0,0,1,0,0,0,0,0,0,0,1
2018-07-27,10:50:00,03,03,01,01,01,,0,367566.9103,5025849.311000001,False,July,0,0,0,0,0,0,0,0,1,0,0,0,0,0,0,0,0,1,0
2018-01-21,22:24:00,03,07,04,07,05,,0,364630.1465,5030469.18,False,January,0,0,0,0,0,0,0,0,1,0,0,0,0,0,0,0,0,0,1
2018-10-25,06:45:00,02,03,01,07,01,01,0,364684.06799999997,5030331.424,False,October,0,0,1,0,0,0,0,0,0,1,0,0,0,0,0,1,0,0,0
2018-01-22,17:30:00,03,03,03,05,03,01,0,366125.3727,5030906.587,False,January,1,0,0,0,0,0,0,0,0,0,1,0,0,0,0,0,0,0,1
2018-01-24,09:31:00,03,03,03,01,02,,0,363583.3992,5029350.868,False,January,0,0,0,0,0,0,0,0,1,0,0,0,0,0,0,0,0,0,1
2018-01-25,15:19:00,03,03,01,01,01,,0,363889.8149,5028995.414,False,January,0,0,0,0,0,0,0,0,1,0,0,0,0,0,0,0,0,0,1
2018-02-01,21:30:00,03,03,01,07,01,01,0,368002.4012,5031904.411,False,February,1,0,0,0,0,0,0,0,0,1,0,0,0,0,0,0,0,0,1
2018-02-01,18:00:00,03,03,02,07,02,,0,368830.0548,5030848.655,False,February,0,0,0,0,0,0,0,0,1,0,0,0,0,0,0,0,0,0,1
2018-01-26,09:15:00,03,03,01,01,06,,0,366904.3163,5028781.94,False,January,0,0,0,0,0,0,0,0,1,0,0,0,0,0,0,0,0,0,1
2018-07-31,16:15:00,03,04,01,01,01,,0,361473.1524,5027144.223,False,July,0,0,0,0,0,0,0,0,1,0,0,0,0,0,0,0,0,1,0
2018-07-31,16:21:00,03,04,01,01,01,,0,364499.4097,5028069.325,False,July,0,0,0,0,0,0,0,0,1,0,0,0,0,0,0,0,0,1,0
2018-01-31,15:00:00,03,03,03,01,03,,0,364071.3079,5028902.598999999,False,January,0,0,0,0,0,0,0,0,1,0,0,0,0,0,0,0,0,0,1
2018-01-31,17:20:00,03,02,03,05,04,01,0,364349.8435,5028385.436000001,False,January,1,0,0,0,0,0,0,0,0,0,1,0,0,0,0,0,0,0,1
2018-01-31,18:43:00,03,0,01,07,03,,0,367585.3099,5033322.523,False,January,0,0,0,0,0,0,0,0,0,0,0,1,0,0,0,0,0,0,1
2018-01-31,19:15:00,03,01,03,07,03,,0,366463.8827,5031398.71,False,January,0,0,0,0,0,0,0,0,0,0,0,0,0,0,1,0,0,0,1
2018-02-01,14:55:00,03,04,01,01,02,,0,363269.5087,5029402.306,False,February,0,0,0,0,0,0,0,0,1,0,0,0,0,0,0,0,0,0,1
2018-02-02,18:20:00,03,05,01,07,01,01,0,368665.7284,5030476.5,False,February,1,0,0,0,0,0,0,0,0,0,1,0,0,0,0,0,0,0,1
2018-08-03,16:30:00,03,03,01,01,01,00,0,363546.9402,5029364.685,False,August,0,1,0,0,0,0,0,0,0,1,0,0,0,0,0,0,0,1,0
2018-08-06,15:20:00,03,05,01,01,01,01,0,368665.7357,5030476.499,False,August,1,0,0,0,0,0,0,0,0,0,1,0,0,0,0,0,0,1,0
2018-02-05,08:39:00,03,07,03,01,04,,0,368508.9466,5028825.613,False,February,0,0,0,0,0,0,0,0,1,0,0,0,0,0,0,0,0,0,1