DATE,TIME,CLASS_OF_ACCIDENT,IMPACT_TYPE,ENVIRONMENT,LIGHT,ROAD_SURFACE_CONDITION,TRAFFIC_CONTROL_CONDITION,NO_OF_PEDESTRIANS,X,Y,Highway,Month,categorical_TRAFFIC_CONTROL_01,categorical_TRAFFIC_CONTROL_02,categorical_TRAFFIC_CONTROL_03,categorical_TRAFFIC_CONTROL_04,categorical_TRAFFIC_CONTROL_07,categorical_TRAFFIC_CONTROL_08,categorical_TRAFFIC_CONTROL_09,categorical_TRAFFIC_CONTROL_11,categorical_ACCIDENT_LOCATION_01,categorical_ACCIDENT_LOCATION_02,categorical_ACCIDENT_LOCATION_03,categorical_ACCIDENT_LOCATION_04,categorical_ACCIDENT_LOCATION_05,categorical_ACCIDENT_LOCATION_06,categorical_ACCIDENT_LOCATION_07,categorical_Seasons_Fall,categorical_Seasons_Spring,categorical_Seasons_Summer,categorical_Seasons_Winter
2018-02-06,10:07:00,03,03,01,01,02,,0,363678.2132,5029212.408,False,February,0,0,0,0,0,0,0,0,1,0,0,0,0,0,0,0,0,0,1
2018-02-07,10:45:00,03,07,01,01,03,,0,361353.6667,5026871.211,False,February,0,0,0,0,0,0,0,0,1,0,0,0,0,0,0,0,0,0,1
2018-02-07,10:45:00,03,01,03,01,03,,0,368272.1325,5035169.063999999,False,February,0,0,0,0,0,0,0,0,1,0,0,0,0,0,0,0,0,0,1
2018-08-08,11:20:00,03,03,01,01,01,00,0,370128.8633,5035705.588,False,August,0,1,0,0,0,0,0,0,0,1,0,0,0,0,0,0,0,1,0
2018-02-08,07:45:00,03,03,01,01,01,,0,364416.2143,5028232.162,False,February,0,0,0,0,0,0,0,0,1,0,0,0,0,0,0,0,0,0,1
2018-08-09,08:00:00,03,03,01,01,01,,0,364284.2375,5030198.539,False,August,0,0,0,0,0,0,0,0,1,0,0,0,0,0,0,0,0,1,0
2018-08-09,15:45:00,03,02,01,01,01,01,0,367984.7286,5028613.174,False,August,0,1,0,0,0,0,0,0,0,0,1,0,0,0,0,0,0,1,0
2018-02-09,12:26:00,03,02,01,01,02,01,0,361426.5984,5027002.4569999995,False,February,0,1,0,0,0,0,0,0,0,0,1,0,0,0,0,0,0,0,1
2018-02-10,,03,03,04,07,02,01,0,368002.8408,5031904.476,False,February,1,0,0,0,0,0,0,0,0,1,0,0,0,0,0,0,0,0,1
2018-02-11,14:10:00,03,04,01,01,01,,0,373104.1196,5032394.306,False,February,0,0,0,0,0,0,0,0,1,0,0,0,0,0,0,0,0,0,1
2018-02-11,16:30:00,02,01,03,01,03,,0,368276.2988,5035176.045,False,February,0,0,0,0,0,0,0,0,1,0,0,0,0,0,0,0,0,0,1
2018-02-11,00:08:00,03,07,04,07,02,01,0,367890.6414,5031646.496,False,February,1,0,0,0,0,0,0,0,0,0,1,0,0,0,0,0,0,0,1
2018-02-12,09:17:00,03,03,01,01,01,,0,364229.4044,5028661.091,False,February,0,0,0,0,0,0,0,0,1,0,0,0,0,0,0,0,0,0,1
2018-02-12,16:15:00,03,03,01,01,03,,0,365366.7213,5027976.504,False,February,0,0,0,0,0,0,0,0,1,0,0,0,0,0,0,0,0,0,1
2018-02-12,18:18:00,03,03,02,05,02,,0,366201.7542,5030961.596,False,February,0,0,0,0,0,0,0,0,1,0,0,0,0,0,0,0,0,0,1
2018-02-13,07:45:00,03,02,01,01,02,,0,361277.7603,5026722.87,False,February,0,0,0,0,0,0,0,0,0,0,0,1,0,0,0,0,0,0,1
2018-08-12,22:41:00,02,01,01,07,01,,0,365574.6739,5027517.989,False,August,0,0,0,0,0,0,0,0,1,0,0,0,0,0,0,0,0,1,0
2018-02-13,17:15:00,03,04,01,01,01,,0,364560.6322,5030463.733,False,February,0,0,0,0,0,0,0,0,1,0,0,0,0,0,0,0,0,0,1
2018-08-16,08:55:00,03,03,01,01,01,01,0,363298.6395,5029453.579,False,August,1,0,0,0,0,0,0,0,0,1,0,0,0,0,0,0,0,1,0
2018-08-17,12:46:00,03,02,01,01,01,01,0,365348.6247,5027997.595,False,August,1,0,0,0,0,0,0,0,0,0,1,0,0,0,0,0,0,1,0
2018-02-20,14:06:00,03,05,02,01,02,00,0,371821.8294,5033951.88,False,February,0,1,0,0,0,0,0,0,0,0,1,0,0,0,0,0,0,0,1
2018-08-18,13:14:00,02,02,01,01,01,01,0,371682.9529,5035491.795,False,August,0,1,0,0,0,0,0,0,0,0,1,0,0,0,0,0,0,1,0
2018-08-18,18:05:00,02,03,01,01,01,00,0,370128.6793,5035705.621,False,August,0,1,0,0,0,0,0,0,0,1,0,0,0,0,0,0,0,1,0
2018-02-21,08:17:00,03,03,02,01,02,,0,363239.5967,5029356.609,False,February,0,0,0,0,0,0,0,0,1,0,0,0,0,0,0,0,0,0,1
2018-02-21,16:14:00,03,03,01,01,01,,0,363358.9514,5029594.152,False,February,0,0,0,0,0,0,0,0,1,0,0,0,0,0,0,0,0,0,1
2018-08-19,16:00:00,03,03,01,01,01,01,0,364255.6796,5028603.608,False,August,1,0,0,0,0,0,0,0,0,1,0,0,0,0,0,0,0,1,0
2018-02-22,08:40:00,03,01,01,01,01,,0,362982.3789,5030037.933,False,February,0,0,0,0,0,0,0,0,1,0,0,0,0,0,0,0,0,0,1
2018-01-08,17:10:00,03,03,01,05,01,01,0,361426.6168,5027002.489,False,January,0,1,0,0,0,0,0,0,0,1,0,0,0,0,0,0,0,0,1
2018-02-25,10:40:00,03,06,04,01,06,,0,363156.6929,5027830.552,False,February,0,0,0,0,0,0,0,0,1,0,0,0,0,0,0,0,0,0,1
2018-02-07,15:35:00,03,0,01,01,01,01,0,367648.7025,5031680.851,False,February,1,0,0,0,0,0,0,0,0,1,0,0,0,0,0,0,0,0,1
2018-08-25,11:58:00,03,03,01,01,00,,0,362795.7353,5030214.829,False,August,0,0,0,0,0,0,0,0,0,0,0,0,0,0,1,0,0,1,0
2018-08-28,10:35:00,02,02,01,01,01,00,0,363546.6808,5029364.608,False,August,0,1,0,0,0,0,0,0,0,0,1,0,0,0,0,0,0,1,0
2018-03-05,10:30:00,03,05,01,01,01,,0,368716.8637,5031501.823,False,March,0,0,0,0,0,0,0,0,1,0,0,0,0,0,0,0,1,0,0
2018-03-07,05:50:00,03,01,03,07,03,,0,368982.3471,5031278.885,False,March,0,0,0,0,0,0,0,0,1,0,0,0,0,0,0,0,1,0,0
2018-08-31,13:45:00,03,03,01,01,01,,0,368042.19700000004,5031872.037,False,August,0,0,0,0,0,0,0,0,1,0,0,0,0,0,0,0,0,1,0
2018-08-31,15:20:00,02,03,01,01,01,00,0,370128.6947,5035705.741,False,August,0,1,0,0,0,0,0,0,0,1,0,0,0,0,0,0,0,1,0
2018-03-08,13:50:00,03,02,03,01,02,01,0,367482.8128,5030889.34,False,March,0,1,0,0,0,0,0,0,0,0,1,0,0,0,0,0,1,0,0
2018-03-08,18:54:00,03,03,03,07,05,01,0,368755.6602,5030930.962,False,March,0,1,0,0,0,0,0,0,0,1,0,0,0,0,0,0,1,0,0
2018-03-08,19:20:00,03,07,03,07,06,,0,362610.9998,5028975.242,False,March,0,0,0,0,0,0,0,0,1,0,0,0,0,0,0,0,1,0,0
2018-03-08,20:00:00,03,01,03,07,03,,0,368462.8408,5034679.648,False,March,0,0,0,0,0,0,0,0,1,0,0,0,0,0,0,0,1,0,0
2018-03-09,11:05:00,03,03,02,01,02,,0,368009.7674,5031898.237,False,March,0,0,0,0,0,0,0,0,1,0,0,0,0,0,0,0,1,0,0
2018-03-09,12:30:00,03,03,03,01,02,,0,367352.4744,5026750.404,False,March,0,0,0,0,0,0,0,0,1,0,0,0,0,0,0,0,1,0,0
2018-03-10,10:50:00,03,05,01,01,01,01,0,368372.3319,5031992.632,False,March,1,0,0,0,0,0,0,0,0,0,1,0,0,0,0,0,1,0,0
2018-09-02,12:50:00,03,07,02,01,02,01,0,377128.8076,5035239.484,False,September,1,0,0,0,0,0,0,0,0,1,0,0,0,0,0,1,0,0,0
2018-09-05,16:00:00,03,03,01,01,01,01,0,363298.6916,5029453.521000001,False,September,1,0,0,0,0,0,0,0,0,1,0,0,0,0,0,1,0,0,0
2018-03-14,15:25:00,03,04,03,01,02,01,0,363298.6718,5029453.671,False,March,1,0,0,0,0,0,0,0,0,0,1,0,0,0,0,0,1,0,0
2018-03-14,20:01:00,02,03,01,07,01,01,0,363298.5448,5029453.671,False,March,1,0,0,0,0,0,0,0,0,1,0,0,0,0,0,0,1,0,0
2018-03-18,06:45:00,03,03,01,01,01,,0,364148.8644,5028839.688999999,False,March,0,0,0,0,0,0,0,0,1,0,0,0,0,0,0,0,1,0,0
2018-09-06,14:30:00,03,03,01,01,01,,0,360920.5237,5025492.062,False,September,0,0,0,0,0,0,0,0,1,0,0,0,0,0,0,1,0,0,0
2018-12-19,07:30:00,03,03,01,03,01,01,0,363831.9923,5020899.502,False,December,1,0,0,0,0,0,0,0,0,1,0,0,0,0,0,0,0,0,1
2018-09-09,18:39:00,02,07,01,01,01,,0,369771.6039,5035611.074,False,September,0,0,0,0,0,0,0,0,1,0,0,0,0,0,0,1,0,0,0
2018-01-02,11:15:00,03,07,03,01,03,,0,375260.708,5030502.777,True,January,0,0,0,0,0,0,0,0,1,0,0,0,0,0,0,0,0,0,1
2018-12-14,14:45:00,03,04,02,01,02,01,0,369650.6781,5033965.787,False,December,0,1,0,0,0,0,0,0,0,0,1,0,0,0,0,0,0,0,1
2018-12-23,16:04:00,02,05,01,05,01,01,0,364858.7122,5023725.6280000005,False,December,1,0,0,0,0,0,0,0,0,0,1,0,0,0,0,0,0,0,1
2018-12-23,16:31:00,02,05,01,05,01,01,0,349305.6678,5019211.721,False,December,1,0,0,0,0,0,0,0,0,0,1,0,0,0,0,0,0,0,1
2018-12-23,17:00:00,03,03,01,07,01,,0,365055.326,5017980.256,False,December,0,0,0,0,0,0,0,0,1,0,0,0,0,0,0,0,0,0,1
2018-12-27,19:36:00,02,02,01,07,01,01,0,348792.792,5017828.374,False,December,1,0,0,0,0,0,0,0,0,0,1,0,0,0,0,0,0,0,1
2018-12-19,07:55:00,03,03,01,01,01,,0,380665.5801,5033084.266,False,December,0,0,0,0,0,0,0,0,1,0,0,0,0,0,0,0,0,0,1
2018-03-20,14:45:00,02,02,01,01,01,01,0,364263.3657,5030245.083000001,False,March,1,0,0,0,0,0,0,0,0,0,1,0,0,0,0,0,1,0,0
2018-12-14,14:55:00,03,04,02,01,02,01,0,368252.7029,5032157.496,False,December,1,0,0,0,0,0,0,0,0,0,1,0,0,0,0,0,0,0,1
2018-12-23,17:16:00,02,02,03,07,06,01,0,372097.7097,5023336.5030000005,False,December,0,1,0,0,0,0,0,0,0,0,1,0,0,0,0,0,0,0,1
2018-01-02,09:00:00,03,03,01,01,06,,0,375524.4241,5029758.407,True,January,0,0,0,0,0,0,0,0,1,0,0,0,0,0,0,0,0,0,1
2018-12-27,23:40:00,02,03,01,07,02,,0,369080.0552,5026132.425,False,December,0,0,0,0,0,0,0,0,1,0,0,0,0,0,0,0,0,0,1
2018-12-19,08:05:00,02,03,01,01,01,00,0,362368.6231,5024229.606000001,False,December,0,1,0,0,0,0,0,0,0,1,0,0,0,0,0,0,0,0,1
2018-09-11,16:19:00,03,03,01,01,01,01,0,366883.544,5028137.49,False,September,0,0,0,0,0,0,0,1,0,1,0,0,0,0,0,1,0,0,0
2018-12-14,15:03:00,03,06,04,01,06,,0,351268.8624,5014807.129,False,December,0,0,0,0,0,0,0,0,0,0,0,1,0,0,0,0,0,0,1
2018-12-23,17:19:00,03,04,01,07,01,01,0,364943.5951,5023530.754,False,December,1,0,0,0,0,0,0,0,0,0,1,0,0,0,0,0,0,0,1
2018-01-02,11:45:00,03,03,03,01,05,,0,365132.4674,5028676.009,True,January,0,0,0,0,0,0,0,0,1,0,0,0,0,0,0,0,0,0,1
2018-12-28,05:33:00,02,07,04,07,06,01,0,364467.7526,5017549.248,False,December,1,0,0,0,0,0,0,0,0,1,0,0,0,0,0,0,0,0,1
2018-12-15,14:35:00,03,03,01,01,01,01,0,363056.5663,5022730.119,False,December,1,0,0,0,0,0,0,0,0,1,0,0,0,0,0,0,0,0,1
2018-03-21,17:22:00,03,04,01,01,01,,0,367310.3029,5032441.754,False,March,0,0,0,0,0,0,0,0,0,0,0,0,0,0,1,0,1,0,0
2018-09-12,22:43:00,02,01,01,07,01,,0,368763.907,5030289.294,False,September,0,0,0,0,0,0,0,0,1,0,0,0,0,0,0,1,0,0,0
2018-09-13,19:30:00,02,07,01,07,01,,0,377118.3474,5035262.565,False,September,0,0,0,0,0,0,0,0,1,0,0,0,0,0,0,1,0,0,0
2018-09-14,16:22:00,03,04,01,01,01,01,0,367640.7947,5028440.68,False,September,0,1,0,0,0,0,0,0,0,1,0,0,0,0,0,1,0,0,0
2018-03-25,21:28:00,03,07,01,07,01,01,0,377128.8724,5035239.57,False,March,1,0,0,0,0,0,0,0,0,1,0,0,0,0,0,0,1,0,0
2018-03-26,16:35:00,03,03,01,01,01,01,0,371921.7738,5032887.472,False,March,1,0,0,0,0,0,0,0,0,1,0,0,0,0,0,0,1,0,0
2018-03-29,09:45:00,03,03,01,01,01,,0,364252.8741,5028610.146000001,False,March,0,0,0,0,0,0,0,0,1,0,0,0,0,0,0,0,1,0,0
2018-09-19,20:40:00,02,02,01,07,01,00,0,362966.9306,5030056.357,False,September,0,1,0,0,0,0,0,0,0,0,1,0,0,0,0,1,0,0,0
2018-03-29,21:39:00,03,07,02,07,02,,0,365376.4383,5027967.13,False,March,0,0,0,0,0,0,0,0,1,0,0,0,0,0,0,0,1,0,0
2018-09-20,08:45:00,03,03,01,01,02,,0,368356.665,5028714.506,False,September,0,0,0,0,0,0,0,0,1,0,0,0,0,0,0,1,0,0,0
2018-03-30,03:25:00,03,03,02,07,02,01,0,368002.5919,5031904.614,False,March,1,0,0,0,0,0,0,0,0,1,0,0,0,0,0,0,1,0,0
2018-09-20,17:22:00,03,03,01,01,01,,0,361280.1773,5026731.138,False,September,0,0,0,0,0,0,0,0,1,0,0,0,0,0,0,1,0,0,0
2018-09-22,11:30:00,02,05,01,01,00,00,0,363546.6896,5029364.563999999,False,September,0,1,0,0,0,0,0,0,0,0,1,0,0,0,0,1,0,0,0
2018-04-04,06:50:00,03,03,03,01,02,,0,364947.2127,5030355.422,False,April,0,0,0,0,0,0,0,0,1,0,0,0,0,0,0,0,1,0,0
2018-09-25,15:54:00,03,05,02,01,02,01,0,372146.7168,5034108.583000001,False,September,1,0,0,0,0,0,0,0,0,0,1,0,0,0,0,1,0,0,0
2018-09-25,17:15:00,03,03,02,01,02,,0,368723.7176,5028864.785,False,September,0,0,0,0,0,0,0,0,1,0,0,0,0,0,0,1,0,0,0
2018-04-07,02:37:00,02,07,01,07,01,01,0,366883.6949,5028137.606000001,False,April,0,0,0,0,0,0,0,1,0,0,1,0,0,0,0,0,1,0,0
2018-04-07,22:50:00,03,07,01,07,01,,0,369201.7406,5035511.7530000005,False,April,0,0,0,0,0,0,0,0,1,0,0,0,0,0,0,0,1,0,0
2018-04-09,09:23:00,02,02,01,01,01,01,0,366900.586,5028776.346,False,April,1,0,0,0,0,0,0,0,0,1,0,0,0,0,0,0,1,0,0
2018-04-09,11:05:00,03,03,01,01,01,01,0,363298.8799,5029453.744,False,April,1,0,0,0,0,0,0,0,0,1,0,0,0,0,0,0,1,0,0
2018-09-29,10:55:00,02,05,01,01,01,01,0,373110.7141,5032376.586,False,September,1,0,0,0,0,0,0,0,0,0,1,0,0,0,0,1,0,0,0
2018-09-29,13:02:00,03,03,01,01,01,01,0,366516.2084,5031314.632,False,September,1,0,0,0,0,0,0,0,0,1,0,0,0,0,0,1,0,0,0
2018-09-29,13:04:00,03,03,01,01,01,,0,368879.38,5029566.51,False,September,0,0,0,0,0,0,0,0,1,0,0,0,0,0,0,1,0,0,0
2018-09-28,12:45:00,03,04,01,01,01,,0,364841.2972,5030362.706,False,September,0,0,0,0,0,0,0,0,1,0,0,0,0,0,0,1,0,0,0
2018-10-01,12:00:00,03,03,01,01,00,01,0,372391.7245,5031742.563999999,False,October,1,0,0,0,0,0,0,0,0,0,1,0,0,0,0,1,0,0,0
2018-10-02,07:02:00,03,03,02,07,02,01,0,360925.6787,5025499.525,False,October,1,0,0,0,0,0,0,0,0,1,0,0,0,0,0,1,0,0,0
2018-04-12,16:02:00,02,03,02,01,02,01,0,365425.4992,5027917.48,False,April,1,0,0,0,0,0,0,0,0,1,0,0,0,0,0,0,1,0,0
2018-04-05,16:00:00,03,04,00,01,00,,0,365650.0956,5030463.838,False,April,0,0,0,0,0,0,0,0,1,0,0,0,0,0,0,0,1,0,0
2018-04-13,15:20:00,03,03,01,01,01,01,0,363298.9392,5029453.574,False,April,1,0,0,0,0,0,0,0,0,1,0,0,0,0,0,0,1,0,0
2018-10-04,08:17:00,03,03,02,01,00,01,0,361426.6818,5027002.537,False,October,0,1,0,0,0,0,0,0,0,1,0,0,0,0,0,1,0,0,0
2018-10-04,14:55:00,03,03,01,01,01,,0,367839.9632,5031481.265,False,October,0,0,0,0,0,0,0,0,1,0,0,0,0,0,0,1,0,0,0
2018-10-04,16:50:00,02,03,01,01,00,,0,362899.3361,5030130.499,False,October,0,0,0,0,0,0,0,0,0,0,0,0,0,0,1,1,0,0,0
2018-10-04,17:10:00,03,03,01,01,01,01,0,371337.7126,5035660.613,False,October,0,0,1,0,0,0,0,0,0,1,0,0,0,0,0,1,0,0,0
2018-10-05,12:20:00,03,07,01,01,01,01,0,361426.6817,5027002.537,False,October,0,1,0,0,0,0,0,0,0,1,0,0,0,0,0,1,0,0,0
2018-04-16,13:06:00,03,07,04,01,06,,0,377074.6758,5035380.908,False,April,0,0,0,0,0,0,0,0,1,0,0,0,0,0,0,0,1,0,0
2018-10-07,18:00:00,03,03,01,01,01,,0,360971.2239,5025208.0139999995,False,October,0,0,0,0,0,0,0,0,1,0,0,0,0,0,0,1,0,0,0
2018-10-07,21:25:00,03,01,01,07,01,,0,368426.7028,5034853.983,False,October,0,0,0,0,0,0,0,0,1,0,0,0,0,0,0,1,0,0,0
2018-10-08,20:36:00,03,07,01,07,02,,0,368884.3442,5030982.452,False,October,0,0,0,0,0,0,0,0,1,0,0,0,0,0,0,1,0,0,0
2018-10-08,22:30:00,03,07,02,07,02,,0,360953.8696,5025211.841,False,October,0,0,0,0,0,0,0,0,0,0,0,0,0,0,1,1,0,0,0
2018-10-09,12:02:00,03,04,01,01,01,01,0,364130.6874,5028867.558999999,False,October,1,0,0,0,0,0,0,0,0,1,0,0,0,0,0,1,0,0,0
2018-10-09,16:30:00,03,04,01,01,01,,0,364361.776,5030297.345,False,October,0,0,0,0,0,0,0,0,1,0,0,0,0,0,0,1,0,0,0
2018-10-10,10:30:00,03,05,01,01,01,01,0,372146.7166,5034108.5819999995,False,October,1,0,0,0,0,0,0,0,0,0,1,0,0,0,0,1,0,0,0
2018-10-10,13:28:00,03,02,01,01,01,01,0,368859.7038,5030914.574,False,October,0,1,0,0,0,0,0,0,0,0,1,0,0,0,0,1,0,0,0
2018-04-21,14:40:00,02,02,01,01,01,01,0,367984.6834,5028614.03,False,April,0,1,0,0,0,0,0,0,0,0,1,0,0,0,0,0,1,0,0
2018-04-21,20:35:00,03,04,01,07,01,,0,366463.8827,5031398.71,False,April,0,0,0,0,0,0,0,0,1,0,0,0,0,0,0,0,1,0,0
2018-04-22,03:00:00,03,04,01,07,01,,0,368647.4342,5028778.531,False,April,0,0,0,0,0,0,0,0,1,0,0,0,0,0,0,0,1,0,0
2018-10-13,14:00:00,03,03,01,01,01,,0,367568.8982,5025850.654,False,October,0,0,0,0,0,0,0,0,0,0,0,0,0,0,1,1,0,0,0
2018-10-15,12:00:00,03,05,03,01,02,,0,362647.35799999995,5028822.6219999995,False,October,0,0,0,0,0,0,0,0,1,0,0,0,0,0,0,1,0,0,0
2018-04-25,16:30:00,03,03,02,01,02,,0,366949.8183,5028854.59,False,April,0,0,0,0,0,0,0,0,1,0,0,0,0,0,0,0,1,0,0
2018-04-26,13:10:00,03,03,01,01,01,,0,369829.9865,5033275.941000001,False,April,0,0,0,0,0,0,0,0,1,0,0,0,0,0,0,0,1,0,0
2018-10-16,18:20:00,03,03,01,07,01,,0,363112.4295,5029765.381,False,October,0,0,0,0,0,0,0,0,1,0,0,0,0,0,0,1,0,0,0
2018-10-17,10:20:00,03,03,01,01,01,01,0,368227.6982,5034330.574,False,October,0,0,0,0,0,0,0,1,0,0,1,0,0,0,0,1,0,0,0
2018-04-30,16:09:00,03,03,01,01,01,01,0,369415.69899999996,5035535.89,False,April,0,1,0,0,0,0,0,0,0,1,0,0,0,0,0,0,1,0,0
2018-10-20,23:30:00,03,05,01,07,01,01,0,365156.7038,5030377.572,False,October,1,0,0,0,0,0,0,0,0,0,1,0,0,0,0,1,0,0,0
2018-10-21,23:32:00,03,03,01,07,01,,0,368816.3625,5029876.3780000005,False,October,0,0,0,0,0,0,0,0,1,0,0,0,0,0,0,1,0,0,0
2018-10-21,16:00:00,03,03,01,01,01,01,0,363298.6947,5029453.563,False,October,1,0,0,0,0,0,0,0,0,1,0,0,0,0,0,1,0,0,0
2018-10-24,20:55:00,03,04,02,07,02,01,0,366935.2707,5031426.166,False,October,1,0,0,0,0,0,0,0,0,0,1,0,0,0,0,1,0,0,0
2018-05-05,19:33:00,03,04,01,01,01,01,0,367639.5687,5032383.966,False,May,1,0,0,0,0,0,0,0,0,0,1,0,0,0,0,0,1,0,0
2018-10-22,15:22:00,02,04,02,01,02,01,0,367602.7099,5025873.537,False,October,1,0,0,0,0,0,0,0,0,0,1,0,0,0,0,1,0,0,0
2018-10-28,19:01:00,02,07,02,07,02,,0,362658.0136,5028798.195,False,October,0,0,0,0,0,0,0,0,1,0,0,0,0,0,0,1,0,0,0
2018-10-29,09:50:00,03,04,02,01,02,01,0,367602.7099,5025873.537,False,October,1,0,0,0,0,0,0,0,0,1,0,0,0,0,0,1,0,0,0
2018-10-29,20:15:00,03,01,02,07,02,,0,364124.2444,5028875.848999999,False,October,0,0,0,0,0,0,0,0,1,0,0,0,0,0,0,1,0,0,0
2018-10-30,16:00:00,03,03,01,01,01,01,0,370128.7013,5035705.616,False,October,0,1,0,0,0,0,0,0,0,1,0,0,0,0,0,1,0,0,0
2018-05-10,17:16:00,03,07,01,01,00,,0,367646.8142,5031866.74,False,May,0,0,0,0,0,0,0,0,1,0,0,0,0,0,0,0,1,0,0
2018-10-31,07:30:00,03,03,03,03,06,01,0,363298.6957,5029453.563,False,October,1,0,0,0,0,0,0,0,0,1,0,0,0,0,0,1,0,0,0
2018-05-11,17:01:00,03,03,01,01,01,,0,362610.7185,5028960.768999999,False,May,0,0,0,0,0,0,0,0,1,0,0,0,0,0,0,0,1,0,0
2018-10-31,20:22:00,03,04,02,07,02,01,0,367371.9185,5025693.477,False,October,1,0,0,0,0,0,0,0,0,1,0,0,0,0,0,1,0,0,0
2018-11-01,16:10:00,03,04,01,01,00,,0,366417.0514,5031500.311000001,False,November,0,0,0,0,0,0,0,0,0,0,0,0,0,0,1,1,0,0,0
2018-05-12,09:30:00,02,05,01,01,01,01,0,363546.6557,5029364.937,False,May,0,1,0,0,0,0,0,0,0,0,1,0,0,0,0,0,1,0,0
2018-11-02,22:00:00,02,03,02,07,02,,0,368968.6931,5029417.992,False,November,0,0,0,0,0,0,0,0,1,0,0,0,0,0,0,1,0,0,0
2018-11-02,18:20:00,03,03,02,07,02,01,0,370128.7022,5035705.615,False,November,0,1,0,0,0,0,0,0,0,1,0,0,0,0,0,1,0,0,0
2018-05-15,18:58:00,03,02,01,01,01,01,0,365188.7689,5028144.57,False,May,0,1,0,0,0,0,0,0,0,1,0,0,0,0,0,0,1,0,0
2018-05-16,09:15:00,03,03,01,01,01,,0,371374.5745,5035620.588,False,May,0,0,0,0,0,0,0,0,1,0,0,0,0,0,0,0,1,0,0
2018-05-17,15:56:00,03,02,01,01,01,01,0,365425.7768,5027917.598999999,False,May,1,0,0,0,0,0,0,0,0,0,1,0,0,0,0,0,1,0,0
2018-11-07,17:45:00,03,02,01,07,01,,0,367470.1415,5025774.051,False,November,0,0,0,0,0,0,0,0,0,0,0,1,0,0,0,1,0,0,0
2018-05-18,13:48:00,03,03,01,01,01,,0,360912.5265,5025480.888,False,May,0,0,0,0,0,0,0,0,1,0,0,0,0,0,0,0,1,0,0
2018-11-08,16:00:00,03,03,01,01,01,,0,360895.9521,5025445.376,False,November,0,0,0,0,0,0,0,0,1,0,0,0,0,0,0,1,0,0,0
2018-05-19,15:36:00,03,05,01,01,01,01,0,364263.3463,5030245.254,False,May,1,0,0,0,0,0,0,0,0,0,1,0,0,0,0,0,1,0,0
2018-11-12,12:30:00,03,05,01,01,01,01,0,364263.2709,5030245.2469999995,False,November,1,0,0,0,0,0,0,0,0,1,0,0,0,0,0,1,0,0,0
2018-11-14,07:30:00,02,04,01,01,01,01,0,371560.5221,5035248.252,False,November,0,0,1,0,0,0,0,0,0,1,0,0,0,0,0,1,0,0,0
2018-11-14,17:24:00,03,03,01,07,00,01,0,372070.7324,5035607.795,False,November,0,0,1,0,0,0,0,0,0,1,0,0,0,0,0,1,0,0,0
2018-05-23,15:45:00,03,03,01,01,01,,0,360966.48,5025067.382,False,May,0,0,0,0,0,0,0,0,1,0,0,0,0,0,0,0,1,0,0
2018-11-16,00:03:00,02,07,03,07,05,,0,368649.69399999996,5028854.843,False,November,0,0,0,0,0,0,0,0,1,0,0,0,0,0,0,1,0,0,0
2018-11-11,07:47:00,03,03,01,03,03,,0,361413.6818,5027112.539,False,November,0,0,0,0,0,0,0,0,1,0,0,0,0,0,0,1,0,0,0
2018-11-16,08:40:00,03,03,03,01,03,01,0,367345.714,5026848.534,False,November,1,0,0,0,0,0,0,0,0,1,0,0,0,0,0,1,0,0,0
2018-11-16,14:30:00,03,02,03,01,04,01,0,374927.7278,5034314.572,False,November,1,0,0,0,0,0,0,0,0,0,1,0,0,0,0,1,0,0,0
2018-11-16,19:35:00,02,01,03,07,04,,0,362899.615,5030130.273,False,November,0,0,0,0,0,0,0,0,0,0,0,0,0,0,1,1,0,0,0
2018-11-19,13:26:00,03,03,01,01,02,01,0,363299.2651,5029453.669,False,November,1,0,0,0,0,0,0,0,0,1,0,0,0,0,0,1,0,0,0
2018-05-27,01:43:00,02,02,01,07,01,01,0,368819.38200000004,5029924.92,False,May,0,1,0,0,0,0,0,0,0,1,0,0,0,0,0,0,1,0,0
2018-05-27,01:50:00,03,07,01,07,01,,0,379765.6662,5037203.346,False,May,0,0,0,0,0,0,0,0,1,0,0,0,0,0,0,0,1,0,0
2018-05-27,10:58:00,03,02,01,01,01,01,0,364349.7086,5028385.475,False,May,1,0,0,0,0,0,0,0,0,0,1,0,0,0,0,0,1,0,0
2018-11-19,18:38:00,03,04,01,07,02,,0,363366.0551,5029565.257,False,November,0,0,0,0,0,0,0,0,1,0,0,0,0,0,0,1,0,0,0
2018-12-20,19:46:00,02,07,01,07,01,,0,352825.8047,5022657.202,False,December,0,0,0,0,0,0,0,0,1,0,0,0,0,0,0,0,0,0,1
2018-05-28,14:10:00,03,03,01,01,01,,0,368954.2383,5029819.4860000005,False,May,0,0,0,0,0,0,0,0,1,0,0,0,0,0,0,0,1,0,0
2018-12-14,15:07:00,02,07,03,01,03,,0,374613.0613,5030128.76,False,December,0,0,0,0,0,0,0,0,1,0,0,0,0,0,0,0,0,0,1