DATE,TIME,CLASS_OF_ACCIDENT,IMPACT_TYPE,ENVIRONMENT,LIGHT,ROAD_SURFACE_CONDITION,TRAFFIC_CONTROL_CONDITION,NO_OF_PEDESTRIANS,X,Y,Highway,Month,categorical_TRAFFIC_CONTROL_01,categorical_TRAFFIC_CONTROL_02,categorical_TRAFFIC_CONTROL_03,categorical_TRAFFIC_CONTROL_04,categorical_TRAFFIC_CONTROL_07,categorical_TRAFFIC_CONTROL_08,categorical_TRAFFIC_CONTROL_09,categorical_TRAFFIC_CONTROL_11,categorical_ACCIDENT_LOCATION_01,categorical_ACCIDENT_LOCATION_02,categorical_ACCIDENT_LOCATION_03,categorical_ACCIDENT_LOCATION_04,categorical_ACCIDENT_LOCATION_05,categorical_ACCIDENT_LOCATION_06,categorical_ACCIDENT_LOCATION_07,categorical_Seasons_Fall,categorical_Seasons_Spring,categorical_Seasons_Summer,categorical_Seasons_Winter
2018-01-02,11:45:00,03,04,03,01,06,,0,365130.6047,5028672.791999999,True,January,0,0,0,0,0,0,0,0,1,0,0,0,0,0,0,0,0,0,1
2018-12-28,07:11:00,03,07,04,03,04,,0,376981.9534,5022844.041,False,December,0,0,0,0,0,0,0,0,1,0,0,0,0,0,0,0,0,0,1
2018-12-23,17:50:00,03,04,01,07,01,,0,370348.1754,5025916.515,False,December,0,0,0,0,0,0,0,0,1,0,0,0,0,0,0,0,0,0,1
2018-12-19,08:35:00,03,07,01,01,01,,0,357976.4855,5018335.458000001,False,December,0,0,0,0,0,0,0,0,1,0,0,0,0,0,0,0,0,0,1
2018-05-29,17:00:00,03,03,01,01,01,,0,368701.8528,5030784.161,False,May,0,0,0,0,0,0,0,0,1,0,0,0,0,0,0,0,1,0,0
2018-12-14,15:05:00,03,03,02,01,04,01,0,359072.9631,5023875.197,False,December,1,0,0,0,0,0,0,0,0,1,0,0,0,0,0,0,0,0,1
2018-12-23,18:17:00,03,05,01,07,01,01,0,364351.5207,5027337.505,False,December,1,0,0,0,0,0,0,0,0,1,0,0,0,0,0,0,0,0,1
2018-12-28,09:10:00,03,07,04,01,06,,0,379887.6577,5031744.117,False,December,0,0,0,0,0,0,0,0,1,0,0,0,0,0,0,0,0,0,1
2018-01-02,11:55:00,03,03,03,01,04,,0,365328.6828,5028893.127,True,January,0,0,0,0,0,0,0,0,1,0,0,0,0,0,0,0,0,0,1
2018-12-19,08:54:00,03,06,01,01,02,01,0,360782.8169,5022694.39,False,December,0,1,0,0,0,0,0,0,0,1,0,0,0,0,0,0,0,0,1
2018-12-20,19:52:00,03,02,01,07,01,01,0,369378.7339,5030783.52,False,December,0,1,0,0,0,0,0,0,0,0,1,0,0,0,0,0,0,0,1
2018-05-29,18:00:00,03,03,01,01,01,,0,364530.2616,5030457.868,False,May,0,0,0,0,0,0,0,0,1,0,0,0,0,0,0,0,1,0,0
2018-12-14,15:11:00,03,03,02,01,02,,0,377278.0947,5017069.107,False,December,0,0,0,0,0,0,0,0,0,0,0,1,0,0,0,0,0,0,1
2018-12-23,18:51:00,03,05,01,07,01,01,0,381379.5772,5038723.579,False,December,1,0,0,0,0,0,0,0,0,0,1,0,0,0,0,0,0,0,1
2018-12-28,09:24:00,03,03,02,01,04,01,0,375047.5212,5031119.731000001,False,December,1,0,0,0,0,0,0,0,0,1,0,0,0,0,0,0,0,0,1
2018-12-14,13:30:00,03,07,04,01,06,,0,343456.6182,5001793.162,False,December,0,0,0,0,0,0,0,0,1,0,0,0,0,0,0,0,0,0,1
2018-12-20,20:11:00,03,07,01,07,01,,0,343270.5813,5016130.676,False,December,0,0,0,0,0,0,0,0,1,0,0,0,0,0,0,0,0,0,1
2018-12-19,09:02:00,03,04,01,01,06,01,0,376402.6046,5034982.67,False,December,1,0,0,0,0,0,0,0,0,1,0,0,0,0,0,0,0,0,1
2018-05-30,09:00:00,02,03,01,01,01,,0,364530.4426,5030457.903,False,May,0,0,0,0,0,0,0,0,1,0,0,0,0,0,0,0,1,0,0
2018-12-23,19:34:00,03,03,01,07,06,,0,368422.5875,5024871.635,False,December,0,0,0,0,0,0,0,0,1,0,0,0,0,0,0,0,0,0,1
2018-01-02,12:50:00,03,07,03,01,05,,0,336050.1995,5020212.561000001,True,January,0,0,0,0,0,0,0,0,1,0,0,0,0,0,0,0,0,0,1
2018-12-28,09:32:00,03,02,01,01,04,01,0,375194.6367,5032311.645,False,December,1,0,0,0,0,0,0,0,0,0,1,0,0,0,0,0,0,0,1
2018-12-14,15:14:00,03,07,04,01,06,,0,398221.6554,5035429.109,False,December,0,0,0,0,0,0,0,0,1,0,0,0,0,0,0,0,0,0,1
2018-12-14,15:38:00,02,02,04,01,06,01,0,338123.6379,5022171.449,False,December,0,1,0,0,0,0,0,0,0,0,1,0,0,0,0,0,0,0,1
2018-12-14,15:45:00,03,05,04,01,02,01,0,349558.3884,5014878.763,False,December,1,0,0,0,0,0,0,0,0,0,1,0,0,0,0,0,0,0,1
2018-12-14,14:55:00,03,07,04,01,04,,0,328834.4201,5036644.926,False,December,0,0,0,0,0,0,0,0,1,0,0,0,0,0,0,0,0,0,1
2018-12-13,15:58:00,03,03,01,01,01,01,0,363056.7848,5022730.722,False,December,1,0,0,0,0,0,0,0,0,1,0,0,0,0,0,0,0,0,1
2018-12-14,16:33:00,03,02,04,05,06,01,0,368340.25399999996,5027182.891,False,December,0,0,1,0,0,0,0,0,0,1,0,0,0,0,0,0,0,0,1
2018-12-12,,03,06,01,00,01,,0,375485.8229,5036277.551,False,December,0,0,0,0,0,0,0,0,0,0,0,1,0,0,0,0,0,0,1
2018-12-14,16:40:00,03,05,02,05,02,01,0,365054.7189,5025325.43,False,December,1,0,0,0,0,0,0,0,0,0,1,0,0,0,0,0,0,0,1
2018-12-14,16:30:00,03,05,04,05,04,01,0,362213.6119,5026025.576,False,December,1,0,0,0,0,0,0,0,0,0,1,0,0,0,0,0,0,0,1
2018-12-14,16:46:00,03,01,04,05,06,,0,373026.5323,5002423.621,False,December,0,0,0,0,0,0,0,0,1,0,0,0,0,0,0,0,0,0,1
2018-12-14,16:50:00,03,07,04,07,06,,0,383447.6299,5010779.291,False,December,0,0,0,0,0,0,0,0,1,0,0,0,0,0,0,0,0,0,1
2018-12-14,16:49:00,03,07,03,05,04,,0,333652.3574,5040375.786,False,December,0,0,0,0,0,0,0,0,1,0,0,0,0,0,0,0,0,0,1
2018-12-14,17:00:00,03,01,04,07,06,,0,377452.6651,4998987.169,False,December,0,0,0,0,0,0,0,0,1,0,0,0,0,0,0,0,0,0,1
2018-12-14,17:07:00,03,05,04,07,06,01,0,373497.2832,5020419.109,False,December,1,0,0,0,0,0,0,0,0,0,1,0,0,0,0,0,0,0,1
2018-12-14,17:21:00,03,07,04,07,06,,0,368579.1585,5014541.186000001,False,December,0,0,0,0,0,0,0,0,1,0,0,0,0,0,0,0,0,0,1
2018-12-14,17:23:00,03,03,02,07,06,,0,370937.7967,5023884.05,False,December,0,0,0,0,0,0,0,0,1,0,0,0,0,0,0,0,0,0,1
2018-12-14,14:45:00,03,03,04,01,04,01,0,381870.5251,5035883.83,False,December,1,0,0,0,0,0,0,0,0,1,0,0,0,0,0,0,0,0,1
2018-12-14,17:46:00,03,04,04,07,06,,0,381556.2712,5038216.601,False,December,0,0,0,0,0,0,0,0,1,0,0,0,0,0,0,0,0,0,1
2018-12-14,18:03:00,03,03,04,07,06,01,0,370507.9513,5023400.623,False,December,1,0,0,0,0,0,0,0,0,1,0,0,0,0,0,0,0,0,1
2018-12-14,18:05:00,02,03,04,07,06,,0,318783.2919,5031742.996,False,December,0,0,0,0,0,0,0,0,1,0,0,0,0,0,0,0,0,0,1
2018-12-14,18:03:00,03,07,04,07,03,00,0,369397.2151,5015630.24,False,December,1,0,0,0,0,0,0,0,0,1,0,0,0,0,0,0,0,0,1
2018-12-14,18:18:00,03,03,03,07,04,01,0,367491.8934,5029937.546,False,December,1,0,0,0,0,0,0,0,0,1,0,0,0,0,0,0,0,0,1
2018-12-14,18:23:00,03,01,04,07,06,,0,386092.3892,5036813.39,False,December,0,0,0,0,0,0,0,0,1,0,0,0,0,0,0,0,0,0,1
2018-12-14,15:30:00,03,07,04,01,04,,0,344288.7278,5027208.654,False,December,0,0,0,0,0,0,0,0,1,0,0,0,0,0,0,0,0,0,1
2018-12-14,15:45:00,03,07,04,01,04,,0,344300.7928,5027196.335,False,December,0,0,0,0,0,0,0,0,1,0,0,0,0,0,0,0,0,0,1
2018-12-14,18:38:00,02,07,02,07,06,,0,342940.8786,5014148.441000001,False,December,0,0,0,0,0,0,0,0,1,0,0,0,0,0,0,0,0,0,1
2018-12-14,18:35:00,03,04,02,07,06,01,0,359588.5717,5024366.813999999,False,December,1,0,0,0,0,0,0,0,0,1,0,0,0,0,0,0,0,0,1
2018-12-14,19:47:00,03,02,04,07,04,01,0,365090.6941,5029404.636,False,December,1,0,0,0,0,0,0,0,0,0,1,0,0,0,0,0,0,0,1
2018-12-14,19:01:00,03,05,01,07,01,01,0,352677.7791,5017676.796,False,December,1,0,0,0,0,0,0,0,0,0,1,0,0,0,0,0,0,0,1
2018-12-14,19:05:00,03,03,04,07,08,,0,366859.1046,5028935.734,False,December,0,0,0,0,0,0,0,0,1,0,0,0,0,0,0,0,0,0,1
2018-12-14,19:14:00,03,06,04,07,06,,0,366080.1931,5014779.66,False,December,0,0,0,0,0,0,0,0,1,0,0,0,0,0,0,0,0,0,1
2018-12-14,19:16:00,02,04,04,07,06,,0,370147.7343,5026444.73,False,December,0,0,0,0,0,0,0,0,0,0,0,1,0,0,0,0,0,0,1
2018-12-14,19:16:00,03,03,02,07,04,01,0,349558.5382,5014878.903,False,December,1,0,0,0,0,0,0,0,0,0,1,0,0,0,0,0,0,0,1
2018-12-14,19:20:00,03,06,02,07,06,,0,364357.37899999996,5025811.817,False,December,0,0,0,0,0,0,0,0,0,0,0,1,0,0,0,0,0,0,1
2018-12-14,19:47:00,03,07,04,07,06,,0,360023.4372,5023272.678,False,December,0,0,0,0,0,0,0,0,1,0,0,0,0,0,0,0,0,0,1
2018-12-14,19:48:00,03,02,04,07,06,01,0,360554.6068,5022893.772,False,December,1,0,0,0,0,0,0,0,0,1,0,0,0,0,0,0,0,0,1
2018-12-14,20:14:00,02,07,04,07,06,01,1,369397.2416,5015630.206,False,December,1,0,0,0,0,0,0,0,0,0,1,0,0,0,0,0,0,0,1
2018-12-14,20:22:00,03,03,02,07,06,01,0,371018.5117,5023703.2069999995,False,December,1,0,0,0,0,0,0,0,0,1,0,0,0,0,0,0,0,0,1
2018-12-14,20:27:00,02,07,04,07,06,,0,368388.3852,5020547.305,False,December,0,0,0,0,0,0,0,0,1,0,0,0,0,0,0,0,0,0,1
2018-12-14,20:28:00,03,03,04,07,02,01,0,359233.7454,5023509.665,False,December,1,0,0,0,0,0,0,0,0,1,0,0,0,0,0,0,0,0,1
2018-12-14,20:33:00,03,02,04,07,06,01,0,371867.8559,5024320.6219999995,False,December,1,0,0,0,0,0,0,0,0,0,1,0,0,0,0,0,0,0,1
2018-12-14,20:32:00,03,03,04,07,06,01,0,371018.5281,5023703.06,False,December,1,0,0,0,0,0,0,0,0,1,0,0,0,0,0,0,0,0,1
2018-12-14,20:36:00,03,06,01,07,04,,0,368462.3371,5032947.732,False,December,0,0,0,0,0,0,0,0,1,0,0,0,0,0,0,0,0,0,1
2018-12-14,20:45:00,03,05,04,07,06,01,0,368404.0926,5020477.59,False,December,1,0,0,0,0,0,0,0,0,0,1,0,0,0,0,0,0,0,1
2018-12-14,20:47:00,03,03,04,07,06,00,0,371018.5774,5023703.23,False,December,1,0,0,0,0,0,0,0,0,1,0,0,0,0,0,0,0,0,1
2018-12-14,21:03:00,03,03,04,07,06,,0,373770.9727,5025388.759,False,December,0,0,0,0,0,0,0,0,0,0,0,1,0,0,0,0,0,0,1
2018-12-14,21:20:00,02,03,04,07,06,01,0,372391.5049,5031742.626,False,December,1,0,0,0,0,0,0,0,0,1,0,0,0,0,0,0,0,0,1
2018-12-14,23:12:00,03,04,01,07,04,,0,368038.2493,5032511.448,False,December,0,0,0,0,0,0,0,0,1,0,0,0,0,0,0,0,0,0,1
2018-12-14,,03,06,04,00,06,,0,352797.0816,5018396.865,False,December,0,0,0,0,0,0,0,0,1,0,0,0,0,0,0,0,0,0,1
2018-12-15,00:02:00,02,03,04,07,06,01,0,370311.7376,5032270.496,False,December,1,0,0,0,0,0,0,0,0,1,0,0,0,0,0,0,0,0,1
2018-12-15,00:46:00,03,05,01,07,01,01,0,368282.6067,5032274.592,False,December,1,0,0,0,0,0,0,0,0,1,0,0,0,0,0,0,0,0,1
2018-12-15,00:59:00,03,02,01,07,06,01,0,363799.5836,5024071.631,False,December,0,1,0,0,0,0,0,0,0,1,0,0,0,0,0,0,0,0,1
2018-12-15,03:12:00,02,07,04,07,06,,0,368982.7955,5026178.024,False,December,0,0,0,0,0,0,0,0,1,0,0,0,0,0,0,0,0,0,1
2018-12-15,03:15:00,03,02,01,07,02,01,0,367366.8154,5030716.518,False,December,1,0,0,0,0,0,0,0,0,0,1,0,0,0,0,0,0,0,1
2018-12-15,04:51:00,03,07,01,07,06,,0,368992.9691,5026169.921,False,December,0,0,0,0,0,0,0,0,1,0,0,0,0,0,0,0,0,0,1
2018-12-15,05:27:00,02,07,01,07,02,,1,365111.1595,5029413.157,False,December,0,0,0,0,0,0,0,0,1,0,0,0,0,0,0,0,0,0,1
2018-12-14,10:30:00,03,07,04,01,03,,0,364229.1605,5025154.573,False,December,0,0,0,0,0,0,0,0,1,0,0,0,0,0,0,0,0,0,1
2018-12-14,20:30:00,03,04,04,07,06,01,0,371018.3864,5023703.16,False,December,1,0,0,0,0,0,0,0,0,1,0,0,0,0,0,0,0,0,1
2018-12-15,10:09:00,02,07,01,01,01,01,0,366918.5469,5024209.588,False,December,1,0,0,0,0,0,0,0,0,1,0,0,0,0,0,0,0,0,1
2018-12-15,10:28:00,02,05,01,01,02,,0,359584.1141,5019784.357,True,December,0,0,0,0,0,0,0,0,1,0,0,0,0,0,0,0,0,0,1
2018-12-14,16:20:00,03,02,02,05,02,01,0,354872.289,5015403.703,False,December,0,1,0,0,0,0,0,0,0,0,1,0,0,0,0,0,0,0,1
2018-12-13,,03,06,01,00,01,,0,365021.4186,5029964.214,False,December,0,0,0,0,0,0,0,0,1,0,0,0,0,0,0,0,0,0,1
2018-12-15,11:00:00,03,03,01,01,02,01,0,362403.6585,5024139.436000001,False,December,0,1,0,0,0,0,0,0,0,1,0,0,0,0,0,0,0,0,1
2018-12-13,17:40:00,03,03,02,07,06,,0,364376.4829,5013749.423,False,December,0,0,0,0,0,0,0,0,1,0,0,0,0,0,0,0,0,0,1
2018-12-14,13:35:00,03,05,01,01,04,01,0,373902.7624,5028046.944,False,December,1,0,0,0,0,0,0,0,0,1,0,0,0,0,0,0,0,0,1
2018-12-15,13:45:00,03,04,01,01,01,,0,367548.909,5030779.73,False,December,0,0,0,0,0,0,0,0,1,0,0,0,0,0,0,0,0,0,1
2018-12-15,08:55:00,03,03,01,01,02,01,0,363670.2798,5021246.233,False,December,1,0,0,0,0,0,0,0,0,1,0,0,0,0,0,0,0,0,1
2018-12-14,14:00:00,03,03,04,01,06,01,0,360245.6791,5024781.512,False,December,1,0,0,0,0,0,0,0,0,1,0,0,0,0,0,0,0,0,1
2018-12-15,14:44:00,03,05,01,01,02,01,0,351429.8199,5019331.538,False,December,1,0,0,0,0,0,0,0,0,0,1,0,0,0,0,0,0,0,1
2018-12-15,15:17:00,03,03,01,01,02,00,0,372529.9699,5032719.711,False,December,0,1,0,0,0,0,0,0,0,1,0,0,0,0,0,0,0,0,1
2018-12-15,15:35:00,02,03,01,01,01,,0,351544.2544,5017875.428,False,December,0,0,0,0,0,0,0,0,1,0,0,0,0,0,0,0,0,0,1
2018-12-15,15:41:00,03,04,01,01,01,,0,370348.7351,5025954.2469999995,False,December,0,0,0,0,0,0,0,0,1,0,0,0,0,0,0,0,0,0,1
2018-12-14,15:45:00,03,03,04,01,06,01,0,352207.6958,5017242.406,False,December,1,0,0,0,0,0,0,0,0,1,0,0,0,0,0,0,0,0,1
2018-12-15,17:16:00,02,03,01,07,02,01,0,371291.6143,5023864.348999999,False,December,1,0,0,0,0,0,0,0,0,1,0,0,0,0,0,0,0,0,1
2018-12-15,17:32:00,03,04,01,07,02,01,0,368252.854,5032157.788,False,December,1,0,0,0,0,0,0,0,0,1,0,0,0,0,0,0,0,0,1
2018-12-15,18:05:00,03,0,01,07,02,01,0,348492.6075,5013885.45,False,December,1,0,0,0,0,0,0,0,0,1,0,0,0,0,0,0,0,0,1
2018-12-15,18:16:00,02,07,01,07,02,,2,369955.6081,5032998.384,False,December,0,0,0,0,0,0,0,0,0,1,0,0,0,0,0,0,0,0,1
2018-12-15,18:36:00,03,04,01,07,01,,0,368331.7426,5032141.465,False,December,0,0,0,0,0,0,0,0,1,0,0,0,0,0,0,0,0,0,1
2018-12-15,19:42:00,03,03,01,07,01,,0,370008.7394,5026814.629,False,December,0,0,0,0,0,0,0,0,1,0,0,0,0,0,0,0,0,0,1
2018-12-15,20:06:00,03,04,01,07,01,,0,369055.5116,5031514.091,False,December,0,0,0,0,0,0,0,0,1,0,0,0,0,0,0,0,0,0,1
2018-12-15,20:17:00,03,03,01,07,06,01,0,367613.4897,5028938.658,False,December,1,0,0,0,0,0,0,0,0,1,0,0,0,0,0,0,0,0,1
2018-12-15,19:40:00,03,05,01,07,02,01,0,363145.6601,5025983.54,True,December,1,0,0,0,0,0,0,0,0,0,1,0,0,0,0,0,0,0,1
2018-12-15,,03,06,01,00,01,,0,362338.9313,5014741.509,False,December,0,0,0,0,0,0,0,0,1,0,0,0,0,0,0,0,0,0,1
2018-12-15,23:26:00,03,07,01,07,06,,0,368884.5629,5026795.594,False,December,0,0,0,0,0,0,0,0,1,0,0,0,0,0,0,0,0,0,1
2018-12-15,23:58:00,03,03,01,07,01,,0,371088.7277,5032785.443,False,December,0,0,0,0,0,0,0,0,1,0,0,0,0,0,0,0,0,0,1
2018-12-16,01:10:00,02,07,01,07,02,01,0,367390.7649,5021523.407,False,December,1,0,0,0,0,0,0,0,0,1,0,0,0,0,0,0,0,0,1
2018-12-16,01:16:00,03,07,01,07,06,00,0,370118.7053,5029601.1280000005,False,December,1,0,0,0,0,0,0,0,0,1,0,0,0,0,0,0,0,0,1
2018-12-16,02:36:00,03,06,04,07,06,,0,348403.2989,5014188.066000001,False,December,0,0,0,0,0,0,0,0,1,0,0,0,0,0,0,0,0,0,1
2018-12-16,04:31:00,03,07,01,07,01,,0,367056.2744,5023975.609,False,December,0,0,0,0,0,0,0,0,1,0,0,0,0,0,0,0,0,0,1
2018-12-19,09:23:00,03,03,01,01,01,01,0,374674.4908,5028499.606000001,False,December,1,0,0,0,0,0,0,0,0,1,0,0,0,0,0,0,0,0,1
2018-05-30,12:40:00,03,03,01,01,01,,0,364390.4727,5028292.527,False,May,0,0,0,0,0,0,0,0,1,0,0,0,0,0,0,0,1,0,0
2018-01-02,13:03:00,03,04,03,01,03,,0,363188.8626,5025907.03,True,January,0,0,0,0,0,0,0,0,1,0,0,0,0,0,0,0,0,0,1
2018-12-27,20:00:00,03,06,01,07,04,,0,370479.8191,5033269.353,False,December,0,0,0,0,0,0,0,0,1,0,0,0,0,0,0,0,0,0,1
2018-12-22,19:36:00,03,03,01,07,01,01,0,353673.4783,5018424.33,False,December,1,0,0,0,0,0,0,0,0,1,0,0,0,0,0,0,0,0,1
2018-11-23,09:10:00,02,03,01,01,01,,0,366521.6328,5027919.741,False,November,0,0,0,0,0,0,0,0,1,0,0,0,0,0,0,1,0,0,0
2018-12-19,10:11:00,03,03,01,01,01,,0,362871.367,5026425.147,False,December,0,0,0,0,0,0,0,0,1,0,0,0,0,0,0,0,0,0,1
2018-01-02,13:20:00,03,07,01,01,04,,0,362152.4812,5024874.447,True,January,0,0,0,0,0,0,0,0,1,0,0,0,0,0,0,0,0,0,1
2018-01-02,14:00:00,03,07,01,01,06,,0,369669.0389,4998791.246,True,January,0,0,0,0,0,0,0,0,1,0,0,0,0,0,0,0,0,0,1
2018-12-20,20:46:00,03,07,01,07,01,,0,347215.18,5026064.5430000005,False,December,0,0,0,0,0,0,0,0,1,0,0,0,0,0,0,0,0,0,1
2018-12-28,11:52:00,03,07,02,01,04,,0,368584.5406,5019813.11,False,December,0,0,0,0,0,0,0,0,1,0,0,0,0,0,0,0,0,0,1
2018-05-30,15:30:00,03,03,01,01,01,,0,368317.544,5035210.459,False,May,0,0,0,0,0,0,0,0,1,0,0,0,0,0,0,0,1,0,0
2018-01-02,13:55:00,03,07,01,01,04,,0,362114.23299999995,5024846.915,True,January,0,0,0,0,0,0,0,0,1,0,0,0,0,0,0,0,0,0,1
2018-12-23,20:24:00,03,07,05,07,05,01,0,355961.6343,5012594.405,False,December,1,0,0,0,0,0,0,0,0,1,0,0,0,0,0,0,0,0,1
2018-12-20,19:00:00,03,07,01,07,01,,0,332331.3652,5030671.156,False,December,0,0,0,0,0,0,0,0,1,0,0,0,0,0,0,0,0,0,1
2018-12-19,10:50:00,02,03,01,01,01,,0,365099.8897,5023165.738,False,December,0,0,0,0,0,0,0,0,1,0,0,0,0,0,0,0,0,0,1
2018-12-28,11:52:00,03,02,02,01,04,01,0,365348.776,5027997.41,False,December,1,0,0,0,0,0,0,0,0,0,1,0,0,0,0,0,0,0,1
2018-05-31,19:12:00,03,05,01,01,01,,0,363126.8196,5029668.403,False,May,0,0,0,0,0,0,0,0,0,0,0,0,0,0,1,0,1,0,0
2018-12-27,,03,06,03,00,02,,0,369272.5913,5030645.933999999,False,December,0,0,0,0,0,0,0,0,1,0,0,0,0,0,0,0,0,0,1
2018-12-19,10:50:00,02,02,01,01,01,01,0,361934.6841,5025830.528,False,December,1,0,0,0,0,0,0,0,0,0,1,0,0,0,0,0,0,0,1
2018-12-21,02:58:00,03,07,02,07,06,,0,367944.6008,5028054.007,False,December,0,0,0,0,0,0,0,0,1,0,0,0,0,0,0,0,0,0,1
2018-11-23,17:45:00,03,03,01,07,01,01,0,372070.7086,5035607.607,False,November,0,0,1,0,0,0,0,0,0,1,0,0,0,0,0,1,0,0,0
2018-12-23,20:28:00,03,04,01,07,06,01,0,361767.4824,5025725.732,False,December,1,0,0,0,0,0,0,0,0,0,1,0,0,0,0,0,0,0,1
2018-01-02,13:30:00,03,07,03,01,04,,0,363191.5338,5025911.008,True,January,0,0,0,0,0,0,0,0,1,0,0,0,0,0,0,0,0,0,1
2018-12-28,12:24:00,02,05,04,01,02,,0,380260.5058,5034809.19,False,December,0,0,0,0,0,0,0,0,1,0,0,0,0,0,0,0,0,0,1
2018-12-19,11:05:00,02,05,01,01,01,01,0,371705.7115,5033894.5819999995,False,December,0,1,0,0,0,0,0,0,0,0,1,0,0,0,0,0,0,0,1
2018-12-28,13:02:00,02,03,01,01,02,01,0,358757.8054,5022868.595,True,December,1,0,0,0,0,0,0,0,0,1,0,0,0,0,0,0,0,0,1
2018-05-28,05:30:00,03,07,02,03,02,,0,366075.1822,5031344.406,False,May,0,0,0,0,0,0,0,0,0,0,0,0,0,0,1,0,1,0,0
2018-01-02,14:38:00,03,07,01,01,06,,0,339556.7231,5019305.547,True,January,0,0,0,0,0,0,0,0,1,0,0,0,0,0,0,0,0,0,1
2018-12-23,20:45:00,03,05,01,07,01,01,0,365527.198,5015321.462,False,December,1,0,0,0,0,0,0,0,0,0,1,0,0,0,0,0,0,0,1
2018-12-19,11:08:00,03,02,01,01,06,01,0,364022.8055,5024485.615,False,December,0,1,0,0,0,0,0,0,0,0,1,0,0,0,0,0,0,0,1
2018-12-27,11:50:00,03,04,01,01,01,01,0,384072.7386,5035874.56,False,December,1,0,0,0,0,0,0,0,0,1,0,0,0,0,0,0,0,0,1
2018-12-21,05:34:00,02,07,02,07,02,01,1,360545.3716,5025272.482,False,December,1,0,0,0,0,0,0,0,0,0,1,0,0,0,0,0,0,0,1
2018-11-26,07:10:00,03,07,01,03,01,,0,363386.45,5029599.772,False,November,0,0,0,0,0,0,0,0,1,0,0,0,0,0,0,1,0,0,0
2018-01-02,14:34:00,03,03,03,01,03,,0,339607.0152,5019292.847,True,January,0,0,0,0,0,0,0,0,1,0,0,0,0,0,0,0,0,0,1
2018-12-23,21:25:00,03,03,01,07,03,01,0,361288.4381,5014584.958000001,False,December,1,0,0,0,0,0,0,0,0,1,0,0,0,0,0,0,0,0,1
2018-12-19,11:34:00,03,01,01,01,01,00,0,372857.8752,5031358.59,False,December,0,1,0,0,0,0,0,0,0,1,0,0,0,0,0,0,0,0,1
2018-12-28,13:46:00,03,02,02,01,02,01,0,368673.6666,5028729.55,False,December,1,0,0,0,0,0,0,0,0,0,1,0,0,0,0,0,0,0,1
2018-12-21,07:39:00,03,03,02,03,02,,0,371021.8142,5023691.244,False,December,0,0,0,0,0,0,0,0,1,0,0,0,0,0,0,0,0,0,1
2018-12-28,14:00:00,02,03,04,01,02,01,0,380631.6498,5036980.47,False,December,1,0,0,0,0,0,0,0,0,1,0,0,0,0,0,0,0,0,1
2018-11-27,07:05:00,02,07,03,03,06,,1,372162.4585,5034060.972,False,November,0,0,0,0,0,0,0,0,1,0,0,0,0,0,0,1,0,0,0
2018-12-24,03:24:00,03,03,01,07,02,01,0,359672.8091,5024156.632,False,December,0,1,0,0,0,0,0,0,0,1,0,0,0,0,0,0,0,0,1
2018-01-02,16:58:00,03,04,03,05,03,,0,326829.7553,5023922.686000001,True,January,0,0,0,0,0,0,0,0,1,0,0,0,0,0,0,0,0,0,1
2018-12-21,07:55:00,03,02,02,01,02,,0,379384.4866,5033653.046,False,December,0,0,0,0,0,0,0,0,0,0,0,1,0,0,0,0,0,0,1
2018-12-19,11:47:00,02,03,01,01,01,01,0,395345.7677,5022677.871,True,December,0,1,0,0,0,0,0,0,0,1,0,0,0,0,0,0,0,0,1
2018-12-28,14:59:00,03,03,04,01,06,01,0,369292.6268,5026764.574,False,December,1,0,0,0,0,0,0,0,0,1,0,0,0,0,0,0,0,0,1
2018-06-02,16:37:00,03,05,01,01,01,,0,368821.2883,5030163.715,False,June,0,0,0,0,0,0,0,0,1,0,0,0,0,0,0,0,0,1,0
2018-01-02,17:05:00,03,03,01,05,04,,0,363669.3504,5026528.735,True,January,0,0,0,0,0,0,0,0,1,0,0,0,0,0,0,0,0,0,1
2018-12-19,11:41:00,03,04,03,01,03,01,0,367855.404,5031012.63,False,December,1,0,0,0,0,0,0,0,0,1,0,0,0,0,0,0,0,0,1
2018-12-24,05:57:00,03,07,01,07,01,,0,350002.5981,5028928.5430000005,False,December,0,0,0,0,0,0,0,0,1,0,0,0,0,0,0,0,0,0,1
2018-12-19,,03,06,01,00,06,,0,368098.3609,5032931.381,False,December,0,0,0,0,0,0,0,0,1,0,0,0,0,0,0,0,0,0,1
2018-12-28,12:20:00,03,0,04,01,02,,0,381773.3942,5038339.136,False,December,0,0,0,0,0,0,0,0,1,0,0,0,0,0,0,0,0,0,1
2018-06-02,17:35:00,03,03,01,01,01,01,0,363298.695,5029453.563999999,False,June,1,0,0,0,0,0,0,0,0,1,0,0,0,0,0,0,0,1,0
2018-01-02,09:00:00,03,07,03,01,06,,0,358194.5176,5022755.409,True,January,0,0,0,0,0,0,0,0,1,0,0,0,0,0,0,0,0,0,1
2018-12-19,12:21:00,02,03,01,01,01,01,0,369820.7065,5032646.581,False,December,1,0,0,0,0,0,0,0,0,1,0,0,0,0,0,0,0,0,1