DATE,TIME,CLASS_OF_ACCIDENT,IMPACT_TYPE,ENVIRONMENT,LIGHT,ROAD_SURFACE_CONDITION,TRAFFIC_CONTROL_CONDITION,NO_OF_PEDESTRIANS,X,Y,Highway,Month,categorical_TRAFFIC_CONTROL_01,categorical_TRAFFIC_CONTROL_02,categorical_TRAFFIC_CONTROL_03,categorical_TRAFFIC_CONTROL_04,categorical_TRAFFIC_CONTROL_07,categorical_TRAFFIC_CONTROL_08,categorical_TRAFFIC_CONTROL_09,categorical_TRAFFIC_CONTROL_11,categorical_ACCIDENT_LOCATION_01,categorical_ACCIDENT_LOCATION_02,categorical_ACCIDENT_LOCATION_03,categorical_ACCIDENT_LOCATION_04,categorical_ACCIDENT_LOCATION_05,categorical_ACCIDENT_LOCATION_06,categorical_ACCIDENT_LOCATION_07,categorical_Seasons_Fall,categorical_Seasons_Spring,categorical_Seasons_Summer,categorical_Seasons_Winter
2018-12-24,06:16:00,03,03,03,07,03,,0,364395.69899999996,5013343.169,False,December,0,0,0,0,0,0,0,0,1,0,0,0,0,0,0,0,0,0,1
2018-12-20,,03,06,02,00,02,,0,365355.3572,5029559.458000001,False,December,0,0,0,0,0,0,0,0,1,0,0,0,0,0,0,0,0,0,1
2018-12-28,15:18:00,03,07,04,01,02,,0,374583.9602,5032680.518999999,False,December,0,0,0,0,0,0,0,0,1,0,0,0,0,0,0,0,0,0,1
2018-06-03,15:38:00,03,03,01,01,01,01,0,372146.717,5034108.583000001,False,June,1,0,0,0,0,0,0,0,0,1,0,0,0,0,0,0,0,1,0
2018-01-03,17:30:00,03,0,01,05,02,,0,363212.0295,5025891.356000001,True,January,0,0,0,0,0,0,0,0,1,0,0,0,0,0,0,0,0,0,1
2018-01-04,04:41:00,03,07,01,07,01,,0,362312.4444,5024998.416999999,True,January,0,0,0,0,0,0,0,0,1,0,0,0,0,0,0,0,0,0,1
2018-01-04,16:40:00,03,04,01,05,06,,0,364098.703,5027109.691000001,True,January,0,0,0,0,0,0,0,0,1,0,0,0,0,0,0,0,0,0,1
2018-01-04,19:00:00,03,04,03,07,04,,0,370179.5118,5031100.566000001,True,January,0,0,0,0,0,0,0,0,1,0,0,0,0,0,0,0,0,0,1
2018-01-04,19:20:00,03,07,03,07,03,,0,350315.4974,5018242.246,True,January,0,0,0,0,0,0,0,0,1,0,0,0,0,0,0,0,0,0,1
2018-01-05,05:33:00,02,07,05,07,06,,0,340978.1424,5007180.735,True,January,0,0,0,0,0,0,0,0,1,0,0,0,0,0,0,0,0,0,1
2018-01-05,06:30:00,03,07,06,07,06,,0,356279.8209,5022209.776000001,True,January,0,0,0,0,0,0,0,0,1,0,0,0,0,0,0,0,0,0,1
2018-01-05,07:00:00,03,07,01,03,01,,0,344322.8824,5015442.52,True,January,0,0,0,0,0,0,0,0,1,0,0,0,0,0,0,0,0,0,1
2018-01-05,06:55:00,03,07,06,03,06,,0,363245.6204,5011158.357,True,January,0,0,0,0,0,0,0,0,1,0,0,0,0,0,0,0,0,0,1
2018-01-05,08:25:00,02,07,01,01,06,,0,369252.19899999996,5000984.087,True,January,0,0,0,0,0,0,0,0,1,0,0,0,0,0,0,0,0,0,1
2018-01-05,08:26:00,03,07,01,01,06,,0,363801.6427,5009898.985,True,January,0,0,0,0,0,0,0,0,1,0,0,0,0,0,0,0,0,0,1
2018-01-05,08:38:00,03,07,06,01,06,,0,364102.6712,5027115.268,True,January,0,0,0,0,0,0,0,0,1,0,0,0,0,0,0,0,0,0,1
2018-01-05,12:00:00,03,03,01,01,06,,0,369787.8228,5031136.926,True,January,0,0,0,0,0,0,0,0,1,0,0,0,0,0,0,0,0,0,1
2018-01-05,13:45:00,03,07,06,01,01,,0,348594.7506,5016884.534,True,January,0,0,0,0,0,0,0,0,1,0,0,0,0,0,0,0,0,0,1
2018-01-05,15:00:00,03,07,01,01,06,,0,358591.3005,5022028.108,True,January,0,0,0,0,0,0,0,0,1,0,0,0,0,0,0,0,0,0,1
2018-01-05,15:00:00,03,03,01,01,06,,0,366066.03799999994,5029318.028,True,January,0,0,0,0,0,0,0,0,1,0,0,0,0,0,0,0,0,0,1
2018-01-05,15:00:00,03,03,01,01,06,,0,366059.6033,5029313.626,True,January,0,0,0,0,0,0,0,0,1,0,0,0,0,0,0,0,0,0,1
2018-01-05,15:43:00,03,04,01,01,01,,0,366413.2567,5029462.95,True,January,0,0,0,0,0,0,0,0,1,0,0,0,0,0,0,0,0,0,1
2018-01-05,16:10:00,03,0,06,05,06,,0,373491.7111,5031832.885,True,January,0,0,0,0,0,0,0,0,1,0,0,0,0,0,0,0,0,0,1
2018-01-05,17:35:00,03,03,01,05,05,,0,367779.1338,5030016.188999999,True,January,0,0,0,0,0,0,0,0,1,0,0,0,0,0,0,0,0,0,1
2018-01-05,17:35:00,03,07,04,05,06,,0,370126.5219,5031111.609,True,January,0,0,0,0,0,0,0,0,1,0,0,0,0,0,0,0,0,0,1
2018-01-05,07:30:00,03,07,03,03,02,,0,363800.9303,5009900.458000001,True,January,0,0,0,0,0,0,0,0,1,0,0,0,0,0,0,0,0,0,1
2018-01-05,17:50:00,03,03,01,07,01,,0,362713.7869,5025314.772,True,January,0,0,0,0,0,0,0,0,1,0,0,0,0,0,0,0,0,0,1
2018-01-05,18:45:00,03,03,03,07,02,,0,357736.3622,5022767.723999999,True,January,0,0,0,0,0,0,0,0,1,0,0,0,0,0,0,0,0,0,1
2018-01-05,20:00:00,03,04,03,07,06,,0,321359.5824,5029313.165,True,January,0,0,0,0,0,0,0,0,1,0,0,0,0,0,0,0,0,0,1
2018-01-05,23:10:00,03,07,03,07,06,,0,349173.3831,5017406.8319999995,True,January,0,0,0,0,0,0,0,0,1,0,0,0,0,0,0,0,0,0,1
2018-01-05,23:25:00,03,07,01,07,06,,0,360999.8372,5012880.8610000005,True,January,0,0,0,0,0,0,0,0,1,0,0,0,0,0,0,0,0,0,1
2018-01-05,23:40:00,03,07,06,07,06,,0,355147.4856,5021544.528,True,January,0,0,0,0,0,0,0,0,1,0,0,0,0,0,0,0,0,0,1
2018-01-06,04:40:00,03,03,01,07,01,,0,364903.0207,5028303.464,True,January,0,0,0,0,0,0,0,0,1,0,0,0,0,0,0,0,0,0,1
2018-01-06,05:20:00,03,07,01,07,06,,0,371136.9093,5031362.515,True,January,0,0,0,0,0,0,0,0,1,0,0,0,0,0,0,0,0,0,1
2018-01-06,06:50:00,03,07,01,07,06,,0,363315.2494,5026015.096,True,January,0,0,0,0,0,0,0,0,1,0,0,0,0,0,0,0,0,0,1
2018-01-06,07:30:00,03,07,06,03,06,,0,373220.0698,5031702.788,True,January,0,0,0,0,0,0,0,0,1,0,0,0,0,0,0,0,0,0,1
2018-01-06,07:45:00,03,04,01,03,06,,0,373174.6884,5031684.669,True,January,0,0,0,0,0,0,0,0,1,0,0,0,0,0,0,0,0,0,1
2018-01-06,08:35:00,03,07,05,01,06,,0,364328.4433,5027402.358,True,January,0,0,0,0,0,0,0,0,1,0,0,0,0,0,0,0,0,0,1
2018-01-06,08:41:00,03,07,06,01,06,,0,372393.3246,5031513.605,True,January,0,0,0,0,0,0,0,0,1,0,0,0,0,0,0,0,0,0,1
2018-01-06,08:49:00,03,07,01,01,06,,0,366935.476,5029640.246,True,January,0,0,0,0,0,0,0,0,1,0,0,0,0,0,0,0,0,0,1
2018-01-06,09:35:00,03,07,06,01,06,,0,370179.5281,5031113.607,True,January,0,0,0,0,0,0,0,0,1,0,0,0,0,0,0,0,0,0,1
2018-01-06,09:54:00,03,07,01,01,06,,0,363801.7765,5009898.21,True,January,0,0,0,0,0,0,0,0,1,0,0,0,0,0,0,0,0,0,1
2018-01-06,10:15:00,02,07,01,01,06,,0,363803.5545,5009894.654,True,January,0,0,0,0,0,0,0,0,1,0,0,0,0,0,0,0,0,0,1
2018-01-05,17:40:00,03,03,01,07,01,,0,363092.4518,5025771.816000001,True,January,0,0,0,0,0,0,0,0,1,0,0,0,0,0,0,0,0,0,1
2018-01-06,15:30:00,03,03,01,01,01,01,0,351616.095,5019224.699,True,January,1,0,0,0,0,0,0,0,0,1,0,0,0,0,0,0,0,0,1
2018-01-06,15:51:00,03,03,01,01,01,,0,364720.9518,5027963.719,True,January,0,0,0,0,0,0,0,0,1,0,0,0,0,0,0,0,0,0,1
2018-01-06,17:48:00,03,04,01,07,01,,0,355501.2301,5021703.673,True,January,0,0,0,0,0,0,0,0,1,0,0,0,0,0,0,0,0,0,1
2018-01-06,19:30:00,03,07,01,07,06,,0,350877.9629,5018493.373,True,January,0,0,0,0,0,0,0,0,1,0,0,0,0,0,0,0,0,0,1
2018-01-06,23:50:00,03,07,01,07,06,,0,374350.0717,5030981.593,True,January,0,0,0,0,0,0,0,0,1,0,0,0,0,0,0,0,0,0,1
2018-01-06,23:56:00,03,07,0,07,06,,0,364130.1496,5027149.572,True,January,0,0,0,0,0,0,0,0,1,0,0,0,0,0,0,0,0,0,1
2018-01-07,01:10:00,03,07,01,07,06,,0,364128.3504,5027160.578,True,January,0,0,0,0,0,0,0,0,1,0,0,0,0,0,0,0,0,0,1
2018-01-07,06:45:00,03,07,01,07,0,,0,362227.8889,5024872.216,True,January,0,0,0,0,0,0,0,0,1,0,0,0,0,0,0,0,0,0,1
2018-01-07,07:50:00,03,07,01,03,01,,0,368439.9653,5030433.239,True,January,0,0,0,0,0,0,0,0,1,0,0,0,0,0,0,0,0,0,1
2018-01-07,10:00:00,03,07,03,01,03,,0,369456.5494,5031038.036,True,January,0,0,0,0,0,0,0,0,1,0,0,0,0,0,0,0,0,0,1
2018-01-07,18:58:00,03,03,03,07,04,,0,369377.4282,5031035.877,True,January,0,0,0,0,0,0,0,0,1,0,0,0,0,0,0,0,0,0,1
2018-01-07,22:55:00,02,0,03,07,03,,0,371550.8259,5031421.005,True,January,0,0,0,0,0,0,0,0,1,0,0,0,0,0,0,0,0,0,1
2018-01-07,22:37:00,03,07,03,07,03,,0,362138.4236,5024863.978,True,January,0,0,0,0,0,0,0,0,1,0,0,0,0,0,0,0,0,0,1
2018-01-08,02:20:00,02,07,03,07,03,,0,361619.7546,5024430.653,True,January,0,0,0,0,0,0,0,0,1,0,0,0,0,0,0,0,0,0,1
2018-01-08,03:00:00,03,07,03,07,05,,0,395142.7557,5022478.842,True,January,0,0,0,0,0,0,0,0,1,0,0,0,0,0,0,0,0,0,1
2018-01-08,03:55:00,03,07,03,07,03,,0,361441.7663,5024288.532,True,January,0,0,0,0,0,0,0,0,1,0,0,0,0,0,0,0,0,0,1
2018-01-08,06:30:00,03,04,03,07,03,,0,359329.3508,5019887.232,True,January,0,0,0,0,0,0,0,0,1,0,0,0,0,0,0,0,0,0,1
2018-01-08,07:45:00,03,04,01,03,04,,0,359592.0585,5023109.261,True,January,0,0,0,0,0,0,0,0,1,0,0,0,0,0,0,0,0,0,1
2018-01-08,12:15:00,03,07,03,01,04,,0,340272.9509,5019151.572,True,January,0,0,0,0,0,0,0,0,1,0,0,0,0,0,0,0,0,0,1
2018-01-08,13:10:00,03,07,03,01,03,,0,372080.4821,5031456.034,True,January,0,0,0,0,0,0,0,0,1,0,0,0,0,0,0,0,0,0,1
2018-01-08,14:00:00,03,07,03,01,04,,0,363265.7543,5025962.13,True,January,0,0,0,0,0,0,0,0,1,0,0,0,0,0,0,0,0,0,1
2018-01-08,14:05:00,03,03,03,01,04,,0,365031.6081,5028502.77,True,January,0,0,0,0,0,0,0,0,1,0,0,0,0,0,0,0,0,0,1
2018-01-08,14:20:00,03,04,03,01,03,,0,346333.3501,5014795.188,True,January,0,0,0,0,0,0,0,0,1,0,0,0,0,0,0,0,0,0,1
2018-01-08,16:15:00,03,07,03,01,04,,0,348322.9785,5016650.048,True,January,0,0,0,0,0,0,0,0,1,0,0,0,0,0,0,0,0,0,1
2018-01-08,16:10:00,03,03,01,01,04,,0,357340.2055,5022669.868,True,January,0,0,0,0,0,0,0,0,1,0,0,0,0,0,0,0,0,0,1
2018-01-08,16:30:00,03,04,03,05,04,,0,328575.8862,5022700.717,True,January,0,0,0,0,0,0,0,0,1,0,0,0,0,0,0,0,0,0,1
2018-01-08,18:50:00,03,07,01,07,03,,0,346408.32,5012373.532,True,January,0,0,0,0,0,0,0,0,1,0,0,0,0,0,0,0,0,0,1
2018-01-08,11:30:00,03,07,03,01,03,,0,370215.1526,5031117.447,True,January,0,0,0,0,0,0,0,0,1,0,0,0,0,0,0,0,0,0,1
2018-01-08,19:20:00,02,07,01,07,04,,0,346389.3969,5012233.102,True,January,0,0,0,0,0,0,0,0,1,0,0,0,0,0,0,0,0,0,1
2018-01-08,19:34:00,03,04,01,07,03,,0,370660.7965,5031165.538,True,January,0,0,0,0,0,0,0,0,1,0,0,0,0,0,0,0,0,0,1
2018-01-08,19:43:00,03,03,01,07,04,,0,370796.1788,5031190.303,True,January,0,0,0,0,0,0,0,0,1,0,0,0,0,0,0,0,0,0,1
2018-01-08,20:55:00,03,07,03,07,02,,0,353032.1876,5020257.7930000005,True,January,0,0,0,0,0,0,0,0,1,0,0,0,0,0,0,0,0,0,1
2018-01-09,06:20:00,03,07,01,07,06,,0,349489.8965,5017702.124,True,January,0,0,0,0,0,0,0,0,1,0,0,0,0,0,0,0,0,0,1
2018-01-09,07:19:00,03,03,01,03,02,,0,365790.2944,5029175.285,True,January,0,0,0,0,0,0,0,0,1,0,0,0,0,0,0,0,0,0,1
2018-01-09,07:00:00,03,03,03,03,03,,0,365291.7761,5028845.084,True,January,0,0,0,0,0,0,0,0,1,0,0,0,0,0,0,0,0,0,1
2018-01-09,11:25:00,03,07,01,01,02,,0,365803.8411,5029183.074,True,January,0,0,0,0,0,0,0,0,1,0,0,0,0,0,0,0,0,0,1
2018-01-09,13:00:00,03,04,01,01,02,,0,373454.5375,5031771.518999999,True,January,0,0,0,0,0,0,0,0,1,0,0,0,0,0,0,0,0,0,1
2018-01-09,17:00:00,02,03,01,05,02,,0,368690.1992,5030587.047,True,January,0,0,0,0,0,0,0,0,1,0,0,0,0,0,0,0,0,0,1
2018-01-09,15:45:00,03,04,01,01,0,,0,372212.6782,5031471.181,True,January,0,0,0,0,0,0,0,0,1,0,0,0,0,0,0,0,0,0,1
2018-01-09,18:45:00,03,07,01,07,03,,0,363953.26700000005,5026880.095,True,January,0,0,0,0,0,0,0,0,1,0,0,0,0,0,0,0,0,0,1
2018-01-10,09:03:00,03,03,01,01,02,,0,373284.8477,5031731.725,True,January,0,0,0,0,0,0,0,0,1,0,0,0,0,0,0,0,0,0,1
2018-12-21,11:23:00,03,03,01,01,02,01,0,383951.8146,5036159.348999999,False,December,1,0,0,0,0,0,0,0,0,1,0,0,0,0,0,0,0,0,1
2018-11-29,18:10:00,03,02,01,07,01,01,0,361426.68200000003,5027002.537,False,November,0,1,0,0,0,0,0,0,0,0,1,0,0,0,0,1,0,0,0
2018-12-19,12:37:00,03,03,01,01,01,,0,382199.8993,5035312.555,False,December,0,0,0,0,0,0,0,0,1,0,0,0,0,0,0,0,0,0,1
2018-12-19,13:25:00,02,07,01,01,01,01,1,366662.6982,5029787.565,False,December,1,0,0,0,0,0,0,0,0,0,1,0,0,0,0,0,0,0,1
2018-12-28,15:49:00,03,07,02,01,02,,0,371311.4479,5021660.452,False,December,0,0,0,0,0,0,0,0,1,0,0,0,0,0,0,0,0,0,1
2018-12-01,09:20:00,03,03,01,01,01,,0,363435.20700000005,5029404.655,False,December,0,0,0,0,0,0,0,0,1,0,0,0,0,0,0,0,0,0,1
2018-12-19,14:10:00,03,02,01,01,01,,0,363114.2946,5024046.845,False,December,0,0,0,0,0,0,0,0,0,0,0,1,0,0,0,0,0,0,1
2018-12-20,,03,06,02,00,02,,0,384578.9932,5035323.084,False,December,0,0,0,0,0,0,0,0,1,0,0,0,0,0,0,0,0,0,1
2018-12-21,11:55:00,03,03,01,01,02,01,0,372305.833,5031951.404,False,December,1,0,0,0,0,0,0,0,0,1,0,0,0,0,0,0,0,0,1
2018-12-21,12:06:00,03,03,01,01,01,01,0,361474.4592,5015252.404,False,December,0,0,0,0,0,0,0,1,0,1,0,0,0,0,0,0,0,0,1
2018-12-24,07:32:00,03,07,03,03,02,,0,332964.3843,5013467.15,False,December,0,0,0,0,0,0,0,0,1,0,0,0,0,0,0,0,0,0,1
2018-12-28,15:30:00,03,04,02,01,02,01,0,361479.4397,5020502.544,False,December,1,0,0,0,0,0,0,0,0,1,0,0,0,0,0,0,0,0,1
2018-06-06,18:43:00,03,03,01,01,01,,0,362899.7962,5030130.124,False,June,0,0,0,0,0,0,0,0,0,0,0,0,0,0,1,0,0,1,0
2018-12-21,12:23:00,03,03,02,01,02,,0,368085.2331,5030171.558999999,False,December,0,0,0,0,0,0,0,0,1,0,0,0,0,0,0,0,0,0,1
2018-12-18,18:30:00,03,03,01,07,01,01,0,368481.30100000004,5027090.318,False,December,0,0,1,0,0,0,0,0,0,1,0,0,0,0,0,0,0,0,1
2018-12-24,09:02:00,03,07,01,01,01,,0,376974.901,5022859.374,False,December,0,0,0,0,0,0,0,0,1,0,0,0,0,0,0,0,0,0,1
2018-12-26,13:45:00,03,02,01,01,01,01,0,376954.7521,5017844.473,False,December,1,0,0,0,0,0,0,0,0,1,0,0,0,0,0,0,0,0,1
2018-12-01,17:01:00,03,03,01,07,01,01,0,366264.2599,5031006.688999999,False,December,1,0,0,0,0,0,0,0,0,1,0,0,0,0,0,0,0,0,1
2018-06-07,07:40:00,03,03,01,01,01,00,0,363793.7103,5029071.574,False,June,0,1,0,0,0,0,0,0,0,1,0,0,0,0,0,0,0,1,0
2018-06-08,14:40:00,03,03,01,01,01,,0,363350.8178,5029539.898,False,June,0,0,0,0,0,0,0,0,1,0,0,0,0,0,0,0,0,1,0
2018-06-08,17:17:00,03,05,01,01,01,01,0,363298.6949,5029453.563,False,June,1,0,0,0,0,0,0,0,0,0,1,0,0,0,0,0,0,1,0
2018-06-19,13:40:00,03,04,01,01,01,,0,372097.2369,5034196.2069999995,False,June,0,0,0,0,0,0,0,0,1,0,0,0,0,0,0,0,0,1,0
2018-12-05,14:30:00,03,07,03,01,06,,0,368867.1667,5030324.188999999,False,December,0,0,0,0,0,0,0,0,1,0,0,0,0,0,0,0,0,0,1
2018-12-06,10:00:00,03,04,01,01,01,,0,366138.2042,5031259.619,False,December,0,0,0,0,0,0,0,0,1,0,0,0,0,0,0,0,0,0,1
2018-12-07,06:45:00,01,02,0,07,01,01,0,365156.7032,5030377.572,False,December,1,0,0,0,0,0,0,0,0,0,1,0,0,0,0,0,0,0,1
2018-12-07,15:56:00,03,03,01,01,01,,0,363224.7148,5029365.412,False,December,0,0,0,0,0,0,0,0,1,0,0,0,0,0,0,0,0,0,1
2018-12-07,22:28:00,03,03,01,07,01,01,0,370676.3851,5031611.705,False,December,1,0,0,0,0,0,0,0,0,0,1,0,0,0,0,0,0,0,1
2018-06-12,15:30:00,03,05,01,01,01,01,0,363298.6949,5029453.563999999,False,June,1,0,0,0,0,0,0,0,0,0,1,0,0,0,0,0,0,1,0
2018-06-12,,03,03,01,07,01,01,0,363298.6949,5029453.563,False,June,1,0,0,0,0,0,0,0,0,0,1,0,0,0,0,0,0,1,0
2018-12-09,17:00:00,03,02,01,07,01,01,0,363546.8447,5029364.874,False,December,0,1,0,0,0,0,0,0,0,0,1,0,0,0,0,0,0,0,1
2018-12-09,21:34:00,03,04,01,07,01,,0,363142.8492,5029584.008,False,December,0,0,0,0,0,0,0,0,0,0,0,0,0,0,1,0,0,0,1
2018-12-10,10:00:00,02,02,01,01,01,01,0,365425.6977,5027917.531,False,December,1,0,0,0,0,0,0,0,0,1,0,0,0,0,0,0,0,0,1
2018-12-10,15:20:00,03,03,01,01,01,,0,363138.6889,5029595.567,False,December,0,0,0,0,0,0,0,0,0,0,0,0,0,0,1,0,0,0,1
2018-12-11,06:46:00,02,03,03,07,02,01,0,363298.49100000004,5029453.626,False,December,1,0,0,0,0,0,0,0,0,1,0,0,0,0,0,0,0,0,1
2018-12-11,15:15:00,03,04,01,01,01,,0,367790.1583,5033780.225,False,December,0,0,0,0,0,0,0,0,1,0,0,0,0,0,0,0,0,0,1
2018-12-11,16:00:00,03,02,01,05,02,01,0,366840.5039,5028678.923,False,December,0,1,0,0,0,0,0,0,0,1,0,0,0,0,0,0,0,0,1
2018-12-12,07:58:00,02,03,01,03,01,01,0,368729.7094,5031492.576,False,December,1,0,0,0,0,0,0,0,0,0,1,0,0,0,0,0,0,0,1
2018-12-12,15:10:00,03,03,01,01,01,01,0,368002.7113,5031904.58,False,December,1,0,0,0,0,0,0,0,0,0,1,0,0,0,0,0,0,0,1
2018-12-12,15:30:00,02,07,01,01,01,,0,368416.7626,5035301.525,False,December,0,0,0,0,0,0,0,0,1,0,0,0,0,0,0,0,0,0,1
2018-12-12,17:00:00,03,03,03,07,04,,0,373991.7615,5031652.535,True,December,0,0,0,0,0,0,0,0,1,0,0,0,0,0,0,0,0,0,1
2018-12-13,09:01:00,03,03,01,01,01,01,0,367345.7525,5026848.443,False,December,1,0,0,0,0,0,0,0,0,1,0,0,0,0,0,0,0,0,1
2018-12-12,15:40:00,03,03,01,01,01,00,0,368483.33,5034751.476,False,December,0,0,0,0,0,0,0,0,1,0,0,0,0,0,0,0,0,0,1
2018-12-14,14:32:00,03,03,04,01,05,01,0,370128.70200000005,5035705.615,False,December,0,1,0,0,0,0,0,0,0,1,0,0,0,0,0,0,0,0,1
2018-06-19,16:00:00,03,04,01,01,01,01,0,366516.2081,5031314.634,False,June,1,0,0,0,0,0,0,0,0,1,0,0,0,0,0,0,0,1,0
2018-06-19,18:45:00,03,03,01,01,01,,0,364448.70399999997,5028145.402,False,June,0,0,0,0,0,0,0,0,1,0,0,0,0,0,0,0,0,1,0
2018-06-19,17:00:00,03,04,01,01,01,,0,366469.1308,5031412.496,False,June,0,0,0,0,0,0,0,0,0,0,0,0,0,0,1,0,0,1,0
2018-06-19,20:26:00,03,04,01,05,01,,0,361439.9937,5027173.254,False,June,0,0,0,0,0,0,0,0,1,0,0,0,0,0,0,0,0,1,0
2018-12-17,15:29:00,03,02,03,01,02,01,0,365188.6987,5028144.546,False,December,0,1,0,0,0,0,0,0,0,1,0,0,0,0,0,0,0,0,1
2018-12-17,23:20:00,02,07,01,07,01,,0,365475.2944,5030419.8,False,December,0,0,0,0,0,0,0,0,1,0,0,0,0,0,0,0,0,0,1
2018-12-18,12:20:00,03,03,01,01,01,01,0,368894.1522,5031009.481000001,False,December,0,0,0,0,0,0,1,0,1,0,0,0,0,0,0,0,0,0,1
2018-12-19,17:38:00,03,03,01,07,01,01,0,367602.7092,5025873.538,False,December,1,0,0,0,0,0,0,0,0,1,0,0,0,0,0,0,0,0,1
2018-12-20,18:30:00,03,03,03,07,03,01,0,368002.7115,5031904.58,False,December,1,0,0,0,0,0,0,0,0,0,1,0,0,0,0,0,0,0,1
2018-12-20,19:50:00,03,03,01,07,01,01,0,372070.9223,5035608.5139999995,False,December,0,0,1,0,0,0,0,0,0,1,0,0,0,0,0,0,0,0,1
2018-06-23,21:20:00,03,03,02,05,02,01,0,368075.7173,5028519.553,False,June,0,1,0,0,0,0,0,0,0,1,0,0,0,0,0,0,0,1,0
2018-12-22,06:56:00,03,07,03,07,03,,0,368612.48600000003,5034358.625,False,December,0,0,0,0,0,0,0,0,0,0,0,1,0,0,0,0,0,0,1
2018-06-24,13:12:00,02,05,01,01,01,01,0,362967.0343,5030056.351,False,June,0,1,0,0,0,0,0,0,0,1,0,0,0,0,0,0,0,1,0
2018-06-25,13:05:00,03,05,01,01,01,01,0,367666.9144,5032462.364,False,June,1,0,0,0,0,0,0,0,0,0,1,0,0,0,0,0,0,1,0
2018-06-25,16:10:00,03,04,01,01,01,,0,372185.1599,5034014.758,False,June,0,0,0,0,0,0,0,0,1,0,0,0,0,0,0,0,0,1,0
2018-06-27,11:00:00,03,07,01,01,01,01,0,367560.7108,5025845.529,False,June,0,0,0,0,0,1,0,0,0,0,0,0,0,0,1,0,0,1,0
2018-12-27,20:23:00,03,05,01,07,01,01,0,364130.6874,5028867.557,False,December,1,0,0,0,0,0,0,0,0,0,1,0,0,0,0,0,0,0,1
2018-06-29,14:55:00,02,05,01,01,01,,0,364147.2748,5028843.187,False,June,0,0,0,0,0,0,0,0,0,0,0,1,0,0,0,0,0,1,0
2018-08-06,15:20:00,03,03,03,01,03,01,0,362648.3076,5028268.661,False,August,1,0,0,0,0,0,0,0,0,0,1,0,0,0,0,0,0,1,0
2018-07-01,14:20:00,03,05,01,01,01,01,0,363298.6877,5029453.561000001,False,July,1,0,0,0,0,0,0,0,0,0,1,0,0,0,0,0,0,1,0
2018-07-02,02:10:00,03,07,01,07,01,01,0,367948.7093,5031549.576,False,July,1,0,0,0,0,0,0,0,0,0,1,0,0,0,0,0,0,1,0
2018-07-02,18:51:00,03,04,01,01,01,01,0,363298.695,5029453.563,False,July,1,0,0,0,0,0,0,0,0,1,0,0,0,0,0,0,0,1,0
2018-07-03,16:17:00,03,03,01,01,01,,0,367352.3613,5026751.671,False,July,0,0,0,0,0,0,0,0,1,0,0,0,0,0,0,0,0,1,0
2018-07-04,17:00:00,02,03,01,01,01,01,0,367753.18700000003,5028446.55,False,July,0,0,1,0,0,0,0,0,0,0,1,0,0,0,0,0,0,1,0
2018-07-04,20:13:00,03,04,01,01,01,01,0,368767.71,5030525.567,False,July,1,0,0,0,0,0,0,0,0,0,1,0,0,0,0,0,0,1,0
2018-07-05,06:50:00,02,02,01,01,01,01,0,371682.7071,5035491.607,False,July,0,1,0,0,0,0,0,0,0,0,1,0,0,0,0,0,0,1,0
2018-07-05,15:20:00,02,07,01,01,01,,0,377591.2294,5036933.73,False,July,0,0,0,0,0,0,0,0,1,0,0,0,0,0,0,0,0,1,0
2018-07-05,16:46:00,03,03,01,01,00,,0,362821.3342,5030193.963,False,July,0,0,0,0,0,0,0,0,1,0,0,0,0,0,0,0,0,1,0
2018-07-08,23:00:00,03,05,01,07,01,,0,367807.87200000003,5028300.093,False,July,0,0,0,0,0,0,0,0,0,1,0,0,0,0,0,0,0,1,0
2018-01-01,02:15:00,03,07,01,07,06,,0,368630.1171,5030534.791,True,January,0,0,0,0,0,0,0,0,1,0,0,0,0,0,0,0,0,0,1
2018-01-01,02:45:00,03,07,01,07,06,,0,363319.5601,5026026.983,True,January,0,0,0,0,0,0,0,0,1,0,0,0,0,0,0,0,0,0,1
2018-01-01,08:35:00,03,07,01,01,06,,0,363310.4161,5025991.169,True,January,0,0,0,0,0,0,0,0,1,0,0,0,0,0,0,0,0,0,1
2018-01-01,09:25:00,03,07,01,01,06,,0,363313.9721,5026010.473,True,January,0,0,0,0,0,0,0,0,1,0,0,0,0,0,0,0,0,0,1
2018-01-01,11:05:00,03,07,01,01,06,,0,363314.3531,5026012.632,True,January,0,0,0,0,0,0,0,0,1,0,0,0,0,0,0,0,0,0,1
2018-01-01,16:38:00,03,07,01,05,01,,0,346902.7728,5015425.706,False,January,0,0,0,0,0,0,0,0,1,0,0,0,0,0,0,0,0,0,1
2018-01-02,05:11:00,03,07,01,07,06,,0,365320.3496,5028865.085,True,January,0,0,0,0,0,0,0,0,1,0,0,0,0,0,0,0,0,0,1
2018-01-01,23:14:00,03,07,01,07,02,,0,358542.6847,5022852.887,True,January,0,0,0,0,0,0,0,0,1,0,0,0,0,0,0,0,0,0,1
2018-01-02,00:13:00,03,07,01,07,06,,0,358744.7845,5022932.516,True,January,0,0,0,0,0,0,0,0,1,0,0,0,0,0,0,0,0,0,1