DATE,TIME,CLASS_OF_ACCIDENT,IMPACT_TYPE,ENVIRONMENT,LIGHT,ROAD_SURFACE_CONDITION,TRAFFIC_CONTROL_CONDITION,NO_OF_PEDESTRIANS,X,Y,Highway,Month,categorical_TRAFFIC_CONTROL_01,categorical_TRAFFIC_CONTROL_02,categorical_TRAFFIC_CONTROL_03,categorical_TRAFFIC_CONTROL_04,categorical_TRAFFIC_CONTROL_07,categorical_TRAFFIC_CONTROL_08,categorical_TRAFFIC_CONTROL_09,categorical_TRAFFIC_CONTROL_11,categorical_ACCIDENT_LOCATION_01,categorical_ACCIDENT_LOCATION_02,categorical_ACCIDENT_LOCATION_03,categorical_ACCIDENT_LOCATION_04,categorical_ACCIDENT_LOCATION_05,categorical_ACCIDENT_LOCATION_06,categorical_ACCIDENT_LOCATION_07,categorical_Seasons_Fall,categorical_Seasons_Spring,categorical_Seasons_Summer,categorical_Seasons_Winter
2018-01-02,03:15:00,03,07,01,07,06,,0,358237.9053,5022737.01,True,January,0,0,0,0,0,0,0,0,1,0,0,0,0,0,0,0,0,0,1
2018-01-02,05:43:00,03,07,01,07,06,,0,363671.9244,5026507.191000001,True,January,0,0,0,0,0,0,0,0,1,0,0,0,0,0,0,0,0,0,1
2018-01-02,07:55:00,03,07,05,01,05,,0,352913.5636,5020239.887,True,January,0,0,0,0,0,0,0,0,1,0,0,0,0,0,0,0,0,0,1
2018-01-02,05:18:00,03,07,03,07,03,,0,364719.7824,5027962.92,True,January,0,0,0,0,0,0,0,0,1,0,0,0,0,0,0,0,0,0,1
2018-01-02,06:14:00,02,04,01,07,06,,0,369828.6571,5031136.5819999995,True,January,0,0,0,0,0,0,0,0,1,0,0,0,0,0,0,0,0,0,1
2018-01-02,06:10:00,03,03,01,07,06,,0,370104.1207,5031113.405,True,January,0,0,0,0,0,0,0,0,1,0,0,0,0,0,0,0,0,0,1
2018-01-02,06:30:00,03,07,03,07,06,,0,358552.0915,5022862.243,True,January,0,0,0,0,0,0,0,0,1,0,0,0,0,0,0,0,0,0,1
2018-01-02,06:40:00,02,03,01,07,06,,0,370645.1721,5031174.325,True,January,0,0,0,0,0,0,0,0,1,0,0,0,0,0,0,0,0,0,1
2018-01-02,06:48:00,03,07,01,07,06,,0,369835.3762,5031155.406,True,January,0,0,0,0,0,0,0,0,1,0,0,0,0,0,0,0,0,0,1
2018-01-02,07:20:00,03,07,01,03,06,,0,364819.0707,5028149.056,True,January,0,0,0,0,0,0,0,0,1,0,0,0,0,0,0,0,0,0,1
2018-01-02,06:35:00,03,03,01,07,06,,0,369402.136,5031001.438999999,True,January,0,0,0,0,0,0,0,0,1,0,0,0,0,0,0,0,0,0,1
2018-01-02,06:35:00,03,03,01,07,06,,0,369817.8501,5031136.398,True,January,0,0,0,0,0,0,0,0,1,0,0,0,0,0,0,0,0,0,1
2018-01-02,07:17:00,03,07,03,03,06,,0,364729.966,5027943.463,True,January,0,0,0,0,0,0,0,0,1,0,0,0,0,0,0,0,0,0,1
2018-01-02,08:00:00,03,07,01,03,06,,0,358576.4006,5022885.788,True,January,0,0,0,0,0,0,0,0,1,0,0,0,0,0,0,0,0,0,1
2018-01-02,07:55:00,02,04,01,01,06,,0,355427.3764,5021660.87,True,January,0,0,0,0,0,0,0,0,1,0,0,0,0,0,0,0,0,0,1
2018-01-02,07:55:00,03,04,01,01,06,,0,370756.2859,5031180.703,True,January,0,0,0,0,0,0,0,0,1,0,0,0,0,0,0,0,0,0,1
2018-01-02,08:10:00,03,07,03,01,06,,0,358596.6329,5022902.315,True,January,0,0,0,0,0,0,0,0,1,0,0,0,0,0,0,0,0,0,1
2018-01-02,08:00:00,03,04,01,03,06,,0,358602.7712,5022907.607,True,January,0,0,0,0,0,0,0,0,1,0,0,0,0,0,0,0,0,0,1
2018-12-19,14:37:00,02,03,01,01,02,01,0,374147.7277,5030666.318,False,December,1,0,0,0,0,0,0,0,0,1,0,0,0,0,0,0,0,0,1
2018-12-28,16:22:00,03,02,02,05,04,,0,365907.9183,5022276.931,False,December,0,0,0,0,0,0,0,0,0,0,0,1,0,0,0,0,0,0,1
2018-12-24,09:58:00,03,05,03,01,02,01,0,371020.9743,5024941.6,False,December,0,1,0,0,0,0,0,0,0,0,1,0,0,0,0,0,0,0,1
2018-12-19,14:55:00,03,04,01,01,01,,0,366827.9286,5025723.853999999,False,December,0,0,0,0,0,0,0,0,0,0,0,1,0,0,0,0,0,0,1
2018-12-10,08:45:00,03,03,01,01,01,,0,349945.439,5013709.366,False,December,0,0,0,0,0,0,0,0,1,0,0,0,0,0,0,0,0,0,1
2018-12-28,16:19:00,03,02,04,05,06,,0,362791.6908,5022688.234,False,December,0,0,0,0,0,0,0,0,0,0,0,1,0,0,0,0,0,0,1
2018-12-24,11:44:00,03,04,03,01,02,01,0,368739.6313,5032034.566000001,False,December,1,0,0,0,0,0,0,0,0,1,0,0,0,0,0,0,0,0,1
2018-11-22,10:30:00,03,06,01,01,06,,0,352500.2965,5015963.421,False,November,0,0,0,0,0,0,0,0,1,0,0,0,0,0,0,1,0,0,0
2018-12-19,14:55:00,03,02,01,01,01,01,0,367032.4796,5017599.92,False,December,1,0,0,0,0,0,0,0,0,0,1,0,0,0,0,0,0,0,1
2018-08-08,17:27:00,03,04,01,01,01,01,0,368849.7582,5031852.712,False,August,1,0,0,0,0,0,0,0,0,1,0,0,0,0,0,0,0,1,0
2018-12-24,11:46:00,03,02,03,01,04,01,0,362757.01399999997,5022756.52,False,December,0,0,1,0,0,0,0,0,0,0,1,0,0,0,0,0,0,0,1
2018-12-21,13:10:00,03,03,04,01,02,01,0,375136.396,5027313.737,False,December,1,0,0,0,0,0,0,0,0,1,0,0,0,0,0,0,0,0,1
2018-12-19,15:01:00,03,02,01,01,01,,0,363293.9911,5014219.715,False,December,0,0,0,0,0,0,0,0,0,0,0,1,0,0,0,0,0,0,1
2018-12-28,16:56:00,03,07,02,07,02,01,1,364066.6933,5027973.74,False,December,1,0,0,0,0,0,0,0,0,1,0,0,0,0,0,0,0,0,1
2018-12-24,12:02:00,03,02,03,01,03,,0,365524.4779,5023879.466,False,December,0,0,0,0,0,0,0,0,0,0,0,1,0,0,0,0,0,0,1
2018-12-21,13:59:00,03,07,02,01,02,00,0,373764.0885,5018174.8719999995,False,December,0,0,0,0,0,0,0,0,0,1,0,0,0,0,0,0,0,0,1
2018-12-15,15:30:00,02,03,01,01,01,01,0,369179.08,5031334.882,False,December,1,0,0,0,0,0,0,0,0,1,0,0,0,0,0,0,0,0,1
2018-12-19,15:29:00,03,04,01,01,01,01,0,368771.7026,5032570.585,False,December,1,0,0,0,0,0,0,0,0,1,0,0,0,0,0,0,0,0,1
2018-12-16,11:30:00,02,03,01,01,01,01,0,352511.7648,5016870.024,False,December,1,0,0,0,0,0,0,0,0,1,0,0,0,0,0,0,0,0,1
2018-12-19,16:00:00,03,05,01,05,01,01,0,361492.0217,5014099.366,False,December,1,0,0,0,0,0,0,0,0,0,1,0,0,0,0,0,0,0,1
2018-12-19,16:01:00,03,03,01,05,01,01,0,371292.0085,5023864.345,False,December,1,0,0,0,0,0,0,0,0,1,0,0,0,0,0,0,0,0,1
2018-12-19,15:40:00,03,02,01,01,01,01,0,372889.398,5025787.666,False,December,0,1,0,0,0,0,0,0,0,0,1,0,0,0,0,0,0,0,1
2018-12-19,16:12:00,02,03,01,05,01,01,0,367731.6964,5031549.576,False,December,1,0,0,0,0,0,0,0,0,1,0,0,0,0,0,0,0,0,1
2018-12-13,09:30:00,03,07,04,01,04,01,0,349122.8986,5013175.091,False,December,0,1,0,0,0,0,0,0,0,1,0,0,0,0,0,0,0,0,1
2018-12-19,16:47:00,03,03,01,05,01,,0,367924.2276,5026605.946,False,December,0,0,0,0,0,0,0,0,1,0,0,0,0,0,0,0,0,0,1
2018-12-19,14:30:00,03,03,01,01,01,01,0,376280.5425,5031841.828,False,December,1,0,0,0,0,0,0,0,0,1,0,0,0,0,0,0,0,0,1
2018-12-19,16:50:00,03,03,01,07,02,01,0,377901.7564,5033075.605,False,December,1,0,0,0,0,0,0,0,0,1,0,0,0,0,0,0,0,0,1
2018-12-19,16:45:00,03,03,01,05,01,01,0,368121.1098,5026647.379,False,December,1,0,0,0,0,0,0,0,0,1,0,0,0,0,0,0,0,0,1
2018-12-19,16:50:00,03,04,01,05,01,01,0,373705.6732,5030406.546,False,December,1,0,0,0,0,0,0,0,0,1,0,0,0,0,0,0,0,0,1
2018-12-19,17:21:00,03,03,01,07,01,,0,372466.3167,5032013.077,False,December,0,0,0,0,0,0,0,0,1,0,0,0,0,0,0,0,0,0,1
2018-12-19,17:21:00,03,03,01,07,01,,0,361564.906,5013405.166999999,False,December,0,0,0,0,0,0,0,0,0,0,0,0,1,0,0,0,0,0,1
2018-12-19,17:25:00,03,02,01,07,01,,0,371489.5719,5024143.495,False,December,0,0,0,0,0,0,0,0,0,0,0,1,0,0,0,0,0,0,1
2018-12-19,15:25:00,03,03,01,01,01,,0,362442.2565,5014778.603,False,December,0,0,0,0,0,0,0,0,0,0,0,1,0,0,0,0,0,0,1
2018-12-19,17:46:00,03,03,01,07,01,01,0,380567.7207,5036174.704,False,December,1,0,0,0,0,0,0,0,0,1,0,0,0,0,0,0,0,0,1
2018-12-19,17:54:00,03,05,01,07,01,01,0,369001.70399999997,5030560.567,False,December,1,0,0,0,0,0,0,0,0,0,1,0,0,0,0,0,0,0,1
2018-12-17,11:15:00,03,03,01,01,01,01,0,361479.4965,5020502.774,False,December,1,0,0,0,0,0,0,0,0,1,0,0,0,0,0,0,0,0,1
2018-12-19,18:38:00,03,07,01,07,01,,0,339190.5707,5028513.912,False,December,0,0,0,0,0,0,0,0,1,0,0,0,0,0,0,0,0,0,1
2018-12-19,19:59:00,03,05,01,07,02,01,0,367613.6036,5028938.646000001,False,December,1,0,0,0,0,0,0,0,0,0,1,0,0,0,0,0,0,0,1
2018-12-19,20:10:00,03,04,01,07,01,01,0,366967.6803,5030476.446,False,December,1,0,0,0,0,0,0,0,0,1,0,0,0,0,0,0,0,0,1
2018-12-19,16:55:00,03,03,01,05,02,01,0,361911.9182,5013611.468,False,December,0,1,0,0,0,0,0,0,0,1,0,0,0,0,0,0,0,0,1
2018-12-19,20:25:00,02,03,01,07,01,,0,365220.7044,5029109.866,False,December,0,0,0,0,0,0,0,0,1,0,0,0,0,0,0,0,0,0,1
2018-12-19,21:02:00,03,03,01,07,01,01,0,370507.5047,5023400.557,False,December,1,0,0,0,0,0,0,0,0,1,0,0,0,0,0,0,0,0,1
2018-12-19,21:30:00,03,07,01,07,01,,0,333260.4869,5031628.275,False,December,0,0,0,0,0,0,0,0,1,0,0,0,0,0,0,0,0,0,1
2018-12-19,23:37:00,03,04,01,07,01,01,0,372093.6004,5032472.364,False,December,1,0,0,0,0,0,0,0,0,1,0,0,0,0,0,0,0,0,1
2018-12-20,00:02:00,03,07,01,07,01,,0,378973.3538,5036752.5,False,December,0,0,0,0,0,0,0,0,1,0,0,0,0,0,0,0,0,0,1
2018-12-20,00:54:00,02,07,01,07,01,,0,365408.5658,5027872.658,False,December,0,0,0,0,0,0,0,0,1,0,0,0,0,0,0,0,0,0,1
2018-12-20,01:18:00,03,07,01,07,01,01,0,342164.5653,5021732.759,False,December,1,0,0,0,0,0,0,0,0,0,1,0,0,0,0,0,0,0,1
2018-12-20,06:56:00,03,07,01,03,06,,0,379764.55,5032027.703,False,December,0,0,0,0,0,0,0,0,0,1,0,0,0,0,0,0,0,0,1
2018-12-20,06:30:00,03,07,01,07,01,,0,384764.4587,5012995.057,False,December,0,0,0,0,0,0,0,0,1,0,0,0,0,0,0,0,0,0,1
2018-12-20,07:20:00,02,02,01,03,01,01,0,375420.4137,5034060.59,False,December,1,0,0,0,0,0,0,0,0,0,1,0,0,0,0,0,0,0,1
2018-12-20,07:00:00,03,03,01,03,02,01,0,379164.8156,5036156.714,False,December,1,0,0,0,0,0,0,0,0,1,0,0,0,0,0,0,0,0,1
2018-12-20,07:00:00,03,07,01,03,01,,0,339839.9868,5014141.756,False,December,0,0,0,0,0,0,0,0,1,0,0,0,0,0,0,0,0,0,1
2018-12-18,19:10:00,03,03,01,07,01,01,0,359423.5291,5024258.429,False,December,1,0,0,0,0,0,0,0,0,1,0,0,0,0,0,0,0,0,1
2018-12-20,09:01:00,03,03,01,01,02,01,0,368693.7535,5030753.682,False,December,0,1,0,0,0,0,0,0,0,1,0,0,0,0,0,0,0,0,1
2018-12-20,09:25:00,03,05,01,01,01,,0,366043.8709,5020896.001,False,December,0,0,0,0,0,0,0,0,0,0,0,1,0,0,0,0,0,0,1
2018-12-20,09:40:00,03,03,01,01,02,01,0,361467.5412,5025556.393999999,False,December,0,1,0,0,0,0,0,0,0,1,0,0,0,0,0,0,0,0,1
2018-12-20,09:55:00,03,05,01,01,01,01,0,349661.7534,5023617.3719999995,False,December,1,0,0,0,0,0,0,0,0,0,1,0,0,0,0,0,0,0,1
2018-12-20,09:57:00,03,04,01,01,01,01,0,379544.7408,5036267.592,False,December,0,1,0,0,0,0,0,0,0,1,0,0,0,0,0,0,0,0,1
2018-12-20,10:17:00,02,03,01,01,01,,0,364940.8543,5025169.241,False,December,0,0,0,0,0,0,0,0,1,0,0,0,0,0,0,0,0,0,1
2018-12-19,15:30:00,03,05,01,01,01,01,0,375420.5202,5034060.55,False,December,1,0,0,0,0,0,0,0,0,0,1,0,0,0,0,0,0,0,1
2018-12-20,11:13:00,02,03,01,01,01,,0,363369.0183,5021953.97,False,December,0,0,0,0,0,0,0,0,1,0,0,0,0,0,0,0,0,0,1
2018-12-20,11:29:00,03,04,01,01,01,,0,367352.5212,5025762.05,False,December,0,0,0,0,0,0,0,0,1,0,0,0,0,0,0,0,0,0,1
2018-12-20,12:38:00,03,02,01,01,01,,0,371333.1481,5031620.518,False,December,0,0,0,0,0,0,0,0,0,0,0,1,0,0,0,0,0,0,1
2018-12-20,12:49:00,03,02,01,01,01,01,0,367458.778,5021891.482,False,December,1,0,0,0,0,0,0,0,0,1,0,0,0,0,0,0,0,0,1
2018-12-20,12:30:00,03,03,01,01,01,,0,368206.4208,5032933.991,False,December,0,0,0,0,0,0,0,0,1,0,0,0,0,0,0,0,0,0,1
2018-12-20,13:07:00,03,03,01,01,01,01,0,350951.7041,5019284.762,False,December,1,0,0,0,0,0,0,0,0,1,0,0,0,0,0,0,0,0,1
2018-12-20,13:55:00,03,02,01,01,01,01,0,382890.7343,5038666.178,False,December,1,0,0,0,0,0,0,0,0,0,1,0,0,0,0,0,0,0,1
2018-12-19,09:15:00,03,03,01,01,06,00,0,364010.5947,5025135.608,False,December,0,1,0,0,0,0,0,0,0,1,0,0,0,0,0,0,0,0,1
2018-12-19,16:15:00,03,04,01,05,01,,0,352732.4526,5020716.869,True,December,0,0,0,0,0,0,0,0,1,0,0,0,0,0,0,0,0,0,1
2018-12-20,13:25:00,03,04,01,01,01,,0,369003.4042,5028197.272,False,December,0,0,0,0,0,0,0,0,1,0,0,0,0,0,0,0,0,0,1
2018-12-20,13:46:00,03,03,01,01,01,01,0,370332.6801,5033213.75,False,December,1,0,0,0,0,0,0,0,0,1,0,0,0,0,0,0,0,0,1
2018-12-20,14:42:00,03,05,01,01,01,,0,377903.6021,5020656.416,False,December,0,0,0,0,0,0,0,0,1,0,0,0,0,0,0,0,0,0,1
2018-12-20,07:10:00,02,07,01,03,01,01,1,365553.1792,5014522.807,False,December,0,1,0,0,0,0,0,0,0,0,1,0,0,0,0,0,0,0,1
2018-12-20,15:15:00,03,03,01,01,01,01,0,364858.7299,5023725.548,False,December,1,0,0,0,0,0,0,0,0,1,0,0,0,0,0,0,0,0,1
2018-12-19,16:00:00,03,05,01,05,01,,0,365090.3719,5015832.643999999,False,December,0,0,0,0,0,0,0,0,0,0,0,1,0,0,0,0,0,0,1
2018-12-20,15:46:00,03,06,01,01,01,,0,367099.3585,5026659.233,False,December,0,0,0,0,0,0,0,0,0,0,0,1,0,0,0,0,0,0,1
2018-12-20,15:30:00,03,02,01,01,01,01,0,368384.5604,5030844.711,False,December,1,0,0,0,0,0,0,0,0,0,1,0,0,0,0,0,0,0,1
2018-12-20,10:30:00,03,03,01,01,01,01,0,351777.4547,5017613.551,False,December,1,0,0,0,0,0,0,0,0,1,0,0,0,0,0,0,0,0,1
2018-12-20,16:15:00,03,04,01,05,01,,0,375738.0784,5034610.808999999,False,December,0,0,0,0,0,0,0,0,1,0,0,0,0,0,0,0,0,0,1
2018-12-20,16:25:00,03,03,01,05,01,01,0,369605.7403,5025515.698,False,December,1,0,0,0,0,0,0,0,0,1,0,0,0,0,0,0,0,0,1
2018-12-20,15:06:00,03,05,01,01,01,01,0,386566.7566,5037273.568,False,December,1,0,0,0,0,0,0,0,0,0,1,0,0,0,0,0,0,0,1
2018-12-20,16:29:00,03,03,01,05,01,01,0,370338.0054,5025947.912,False,December,1,0,0,0,0,0,0,0,0,1,0,0,0,0,0,0,0,0,1
2018-12-20,16:31:00,03,02,01,05,01,,0,373503.7146,5020405.915,False,December,0,0,0,0,0,0,0,0,0,0,0,1,0,0,0,0,0,0,1
2018-12-20,17:33:00,03,03,01,07,01,01,0,367663.6996,5033503.597,False,December,1,0,0,0,0,0,0,0,0,1,0,0,0,0,0,0,0,0,1
2018-12-20,17:59:00,02,05,01,07,01,01,0,372694.723,5022332.572,False,December,1,0,0,0,0,0,0,0,0,0,1,0,0,0,0,0,0,0,1
2018-12-20,17:20:00,03,03,01,07,01,01,0,354273.07399999996,5016903.929,False,December,1,0,0,0,0,0,0,0,0,1,0,0,0,0,0,0,0,0,1
2018-12-20,19:27:00,02,02,01,07,02,01,0,363881.6767,5022844.547,False,December,0,1,0,0,0,0,0,0,0,0,1,0,0,0,0,0,0,0,1
2018-12-24,03:00:00,03,01,04,07,06,,0,388559.223,5035040.452,False,December,0,0,0,0,0,0,0,0,1,0,0,0,0,0,0,0,0,0,1
2018-12-24,13:04:00,03,03,01,01,03,01,0,371291.6388,5023864.522,False,December,1,0,0,0,0,0,0,0,0,1,0,0,0,0,0,0,0,0,1
2018-12-28,17:00:00,03,06,02,07,04,,0,362245.2868,5021831.609,False,December,0,0,0,0,0,0,0,0,0,0,0,1,0,0,0,0,0,0,1
2018-12-23,11:56:00,03,0,01,01,01,,0,376646.4285,5035372.062,False,December,0,0,0,0,0,0,0,0,1,0,0,0,0,0,0,0,0,0,1
2018-12-28,19:10:00,03,03,07,07,02,,0,363227.4624,5014301.896000001,False,December,0,0,0,0,0,0,0,0,1,0,0,0,0,0,0,0,0,0,1
2018-12-24,13:45:00,03,03,01,01,02,01,0,373902.4734,5028046.879,False,December,1,0,0,0,0,0,0,0,0,1,0,0,0,0,0,0,0,0,1
2018-12-28,20:58:00,02,07,01,07,04,01,0,370166.6435,5030205.601,False,December,1,0,0,0,0,0,0,0,0,1,0,0,0,0,0,0,0,0,1
2018-12-23,23:00:00,03,07,03,07,03,,0,369244.8488,5032213.116,False,December,0,0,0,0,0,0,0,0,1,0,0,0,0,0,0,0,0,0,1
2018-12-28,23:37:00,03,04,01,07,01,01,0,369225.6707,5027983.718,False,December,1,0,0,0,0,0,0,0,0,0,1,0,0,0,0,0,0,0,1
2018-12-24,15:40:00,03,05,01,01,03,00,0,365155.5245,5015728.483,False,December,0,0,1,0,0,0,0,0,0,1,0,0,0,0,0,0,0,0,1
2018-12-29,02:20:00,03,04,02,07,02,01,0,360597.7447,5022584.433999999,False,December,1,0,0,0,0,0,0,0,0,1,0,0,0,0,0,0,0,0,1
2018-12-29,09:51:00,03,04,01,01,06,01,0,368641.5544,5026697.518999999,False,December,1,0,0,0,0,0,0,0,0,1,0,0,0,0,0,0,0,0,1
2018-12-29,06:00:00,03,07,01,07,01,,0,378532.3984,5031705.049,False,December,0,0,0,0,0,0,0,0,1,0,0,0,0,0,0,0,0,0,1
2018-12-29,10:41:00,03,03,01,01,06,,0,360623.3243,5023362.842,False,December,0,0,0,0,0,0,0,0,1,0,0,0,0,0,0,0,0,0,1
2018-12-29,11:00:00,03,03,01,01,01,01,0,371194.8101,5026455.674,False,December,1,0,0,0,0,0,0,0,0,1,0,0,0,0,0,0,0,0,1
2018-12-29,11:26:00,03,02,01,01,02,01,0,375968.74700000003,5034756.68,False,December,1,0,0,0,0,0,0,0,0,0,1,0,0,0,0,0,0,0,1
2018-12-27,12:00:00,03,03,01,01,01,01,0,372203.7176,5032483.994,False,December,1,0,0,0,0,0,0,0,0,1,0,0,0,0,0,0,0,0,1
2018-12-29,11:59:00,03,03,01,01,01,01,0,354382.3312,5016623.401000001,False,December,1,0,0,0,0,0,0,0,0,1,0,0,0,0,0,0,0,0,1
2018-12-29,12:25:00,03,07,04,01,06,01,0,367948.64,5031549.499,False,December,1,0,0,0,0,0,0,0,0,1,0,0,0,0,0,0,0,0,1
2018-12-29,13:00:00,03,03,01,01,01,01,0,367458.7159,5021891.63,False,December,1,0,0,0,0,0,0,0,0,1,0,0,0,0,0,0,0,0,1
2018-12-29,13:06:00,03,04,01,01,01,01,0,366166.5949,5026028.576,False,December,1,0,0,0,0,0,0,0,0,1,0,0,0,0,0,0,0,0,1
2018-12-29,13:14:00,03,04,01,01,01,,0,370358.9058,5031906.445,False,December,0,0,0,0,0,0,0,0,1,0,0,0,0,0,0,0,0,0,1
2018-12-29,13:54:00,03,04,03,01,06,01,0,362073.0206,5025919.03,False,December,1,0,0,0,0,0,0,0,0,1,0,0,0,0,0,0,0,0,1
2018-12-29,14:46:00,03,04,01,01,01,01,0,384072.5564,5035874.686000001,False,December,1,0,0,0,0,0,0,0,0,1,0,0,0,0,0,0,0,0,1
2018-12-29,16:15:00,03,02,01,05,01,,0,361779.0023,5025695.647,False,December,0,0,0,0,0,0,0,0,0,0,0,1,0,0,0,0,0,0,1
2018-12-29,17:40:00,03,06,01,07,01,,0,361486.0577,5025686.743,False,December,0,0,0,0,0,0,0,0,0,0,0,1,0,0,0,0,0,0,1
2018-12-29,17:52:00,02,03,01,07,01,00,0,380460.7509,5034296.307,False,December,1,0,0,0,0,0,0,0,0,1,0,0,0,0,0,0,0,0,1
2018-12-29,19:21:00,02,05,01,07,01,01,0,368167.5281,5026222.379,False,December,1,0,0,0,0,0,0,0,0,0,1,0,0,0,0,0,0,0,1
2018-12-29,21:33:00,02,03,01,07,02,01,0,366709.7286,5012195.698,False,December,1,0,0,0,0,0,0,0,0,1,0,0,0,0,0,0,0,0,1
2018-12-29,22:05:00,03,03,01,07,01,01,0,368042.7514,5032503.601,False,December,1,0,0,0,0,0,0,0,0,1,0,0,0,0,0,0,0,0,1
2018-12-29,22:55:00,03,03,03,07,02,01,0,370072.7066,5033065.683,False,December,1,0,0,0,0,0,0,0,0,1,0,0,0,0,0,0,0,0,1
2018-12-30,01:09:00,02,07,01,07,0,01,0,371124.5507,5033146.688999999,False,December,0,1,0,0,0,0,0,0,0,1,0,0,0,0,0,0,0,0,1
2018-12-30,08:37:00,02,07,01,01,01,,1,375599.848,5034691.398,False,December,0,0,0,0,0,0,0,0,1,0,0,0,0,0,0,0,0,0,1
2018-12-29,17:35:00,03,06,01,07,01,,0,365505.4155,5015457.607,False,December,0,0,0,0,0,0,0,0,0,0,0,1,0,0,0,0,0,0,1
2018-12-30,10:39:00,03,03,03,01,06,,0,370332.6832,5026257.0430000005,False,December,0,0,0,0,0,0,0,0,1,0,0,0,0,0,0,0,0,0,1
2018-12-29,21:30:00,02,0,01,07,02,,1,348976.541,5023094.329,False,December,0,0,0,0,0,0,0,0,0,0,0,1,0,0,0,0,0,0,1
2018-12-30,11:58:00,03,05,03,01,02,01,0,367907.651,5030188.536,False,December,1,0,0,0,0,0,0,0,0,0,1,0,0,0,0,0,0,0,1
2018-12-30,11:20:00,03,02,01,01,01,01,0,370439.667,5029581.641,False,December,0,1,0,0,0,0,0,0,0,1,0,0,0,0,0,0,0,0,1
2018-12-30,12:15:00,03,03,03,01,02,,0,364818.3943,5023818.351,False,December,0,0,0,0,0,0,0,0,1,0,0,0,0,0,0,0,0,0,1
2018-12-30,11:25:00,03,04,03,01,02,,0,352214.0937,5017234.568,False,December,0,0,0,0,0,0,0,0,1,0,0,0,0,0,0,0,0,0,1
2018-12-30,13:54:00,02,05,01,01,03,,0,371590.7755,5033840.089,False,December,0,0,0,0,0,0,0,0,0,0,0,1,0,0,0,0,0,0,1
2018-12-30,14:30:00,03,0,01,01,02,01,0,374247.7551,5028249.4969999995,False,December,1,0,0,0,0,0,0,0,0,1,0,0,0,0,0,0,0,0,1
2018-12-30,14:32:00,03,05,01,01,01,01,0,371809.8577,5026692.446,False,December,0,0,1,0,0,0,0,0,0,0,1,0,0,0,0,0,0,0,1
2018-12-29,16:00:00,03,06,04,05,06,,0,385517.8098,5035495.759,False,December,0,0,0,0,0,0,0,0,0,0,0,1,0,0,0,0,0,0,1
2018-12-30,17:20:00,03,03,01,07,06,01,0,374507.7829,5033198.529,False,December,1,0,0,0,0,0,0,0,0,1,0,0,0,0,0,0,0,0,1
2018-12-30,18:56:00,03,03,01,07,02,01,0,362291.1211,5013545.642,False,December,1,0,0,0,0,0,0,0,0,1,0,0,0,0,0,0,0,0,1
2018-12-30,21:36:00,03,02,03,07,02,01,0,374862.8503,5029550.566000001,False,December,0,0,1,0,0,0,0,0,0,0,1,0,0,0,0,0,0,0,1
2018-12-31,05:15:00,03,06,01,07,03,,0,369596.6009,5031638.77,False,December,0,0,0,0,0,0,0,0,1,0,0,0,0,0,0,0,0,0,1
2018-12-31,05:25:00,02,03,01,07,01,,0,380279.7891,5037494.105,False,December,0,0,0,0,0,0,0,0,1,0,0,0,0,0,0,0,0,0,1
2018-12-31,07:40:00,03,04,01,03,02,01,0,358757.5019,5022868.6389999995,True,December,1,0,0,0,0,0,0,0,0,0,1,0,0,0,0,0,0,0,1
2018-12-31,08:24:00,03,02,01,01,06,01,0,375578.5939,5031439.561000001,False,December,1,0,0,0,0,0,0,0,0,0,1,0,0,0,0,0,0,0,1
2018-12-31,11:25:00,03,04,01,01,02,01,0,368227.7473,5032046.683999999,False,December,1,0,0,0,0,0,0,0,0,1,0,0,0,0,0,0,0,0,1
2018-12-31,12:27:00,03,03,01,01,01,01,0,363419.6766,5021826.485,False,December,1,0,0,0,0,0,0,0,0,1,0,0,0,0,0,0,0,0,1
2018-12-16,17:00:00,03,07,02,07,02,,0,354426.9511,4989255.963,False,December,0,0,0,0,0,0,0,0,1,0,0,0,0,0,0,0,0,0,1
2018-12-31,12:36:00,03,07,01,01,06,,0,354758.7888,5014851.813999999,False,December,0,0,0,0,0,0,0,0,1,0,0,0,0,0,0,0,0,0,1
2018-12-31,13:10:00,03,03,01,01,02,01,0,365612.5355,5021942.473999999,False,December,1,0,0,0,0,0,0,0,0,1,0,0,0,0,0,0,0,0,1
2018-12-31,14:37:00,03,04,01,01,01,01,0,368462.7353,5032481.627,False,December,0,1,0,0,0,0,0,0,0,1,0,0,0,0,0,0,0,0,1
2018-12-31,14:00:00,03,04,01,01,01,01,0,367921.8866,5032044.367,False,December,1,0,0,0,0,0,0,0,0,1,0,0,0,0,0,0,0,0,1
2018-12-31,13:48:00,03,0,01,01,01,,0,367513.3705,5031285.045,False,December,0,0,0,0,0,0,0,0,1,0,0,0,0,0,0,0,0,0,1