DATE,TIME,CLASS_OF_ACCIDENT,IMPACT_TYPE,ENVIRONMENT,LIGHT,ROAD_SURFACE_CONDITION,TRAFFIC_CONTROL_CONDITION,NO_OF_PEDESTRIANS,X,Y,Highway,Month,categorical_TRAFFIC_CONTROL_01,categorical_TRAFFIC_CONTROL_02,categorical_TRAFFIC_CONTROL_03,categorical_TRAFFIC_CONTROL_04,categorical_TRAFFIC_CONTROL_07,categorical_TRAFFIC_CONTROL_08,categorical_TRAFFIC_CONTROL_09,categorical_TRAFFIC_CONTROL_11,categorical_ACCIDENT_LOCATION_01,categorical_ACCIDENT_LOCATION_02,categorical_ACCIDENT_LOCATION_03,categorical_ACCIDENT_LOCATION_04,categorical_ACCIDENT_LOCATION_05,categorical_ACCIDENT_LOCATION_06,categorical_ACCIDENT_LOCATION_07,categorical_Seasons_Fall,categorical_Seasons_Spring,categorical_Seasons_Summer,categorical_Seasons_Winter
2018-12-31,14:04:00,03,0,01,01,01,00,0,378785.7671,5023729.505,False,December,0,1,0,0,0,0,0,0,0,1,0,0,0,0,0,0,0,0,1
2018-12-31,17:51:00,02,05,01,07,02,01,0,363229.5859,5025774.403,True,December,1,0,0,0,0,0,0,0,0,0,1,0,0,0,0,0,0,0,1
2018-12-31,18:10:00,02,05,01,07,01,01,0,366709.6978,5012195.413,False,December,1,0,0,0,0,0,0,0,0,0,1,0,0,0,0,0,0,0,1
2018-12-31,18:41:00,03,05,01,07,01,01,0,371194.7227,5026455.677,False,December,1,0,0,0,0,0,0,0,0,0,1,0,0,0,0,0,0,0,1
2018-12-31,18:43:00,03,03,03,07,06,00,0,369654.8152,5033359.306,False,December,1,0,0,0,0,0,0,0,0,0,1,0,0,0,0,0,0,0,1
2018-12-31,18:54:00,03,07,01,07,02,01,0,367153.5707,5031068.533,False,December,1,0,0,0,0,0,0,0,0,1,0,0,0,0,0,0,0,0,1
2018-12-31,18:30:00,03,04,03,07,06,01,0,373224.5903,5034516.677,False,December,1,0,0,0,0,0,0,0,0,1,0,0,0,0,0,0,0,0,1
2018-12-31,17:00:00,03,04,02,07,02,01,0,368315.9203,5032191.852,False,December,1,0,0,0,0,0,0,0,0,0,1,0,0,0,0,0,0,0,1
2018-12-31,17:00:00,03,02,01,07,02,,0,371892.0438,5024124.035,False,December,0,0,0,0,0,0,0,0,0,0,0,1,0,0,0,0,0,0,1
2018-12-31,19:36:00,02,03,01,07,02,,0,364558.0203,5024422.811000001,False,December,0,0,0,0,0,0,0,0,1,0,0,0,0,0,0,0,0,0,1
2018-12-31,21:28:00,02,07,03,07,03,01,1,368095.3302,5032155.848999999,False,December,1,0,0,0,0,0,0,0,0,0,1,0,0,0,0,0,0,0,1
2018-12-31,21:45:00,03,04,03,07,03,,0,363503.3308,5021119.608,False,December,0,0,0,0,0,0,0,0,1,0,0,0,0,0,0,0,0,0,1
2018-12-31,21:30:00,03,02,03,07,05,,0,380965.0476,5034586.071,False,December,0,0,0,0,0,0,0,0,0,0,0,1,0,0,0,0,0,0,1
2018-12-31,21:57:00,03,04,02,07,02,01,0,367916.5984,5030562.538,False,December,1,0,0,0,0,0,0,0,0,1,0,0,0,0,0,0,0,0,1
2018-12-31,22:03:00,03,03,03,07,04,01,0,373110.7344,5032376.436000001,False,December,1,0,0,0,0,0,0,0,0,1,0,0,0,0,0,0,0,0,1
2018-12-31,22:49:00,03,02,04,07,06,01,0,368262.6608,5032521.51,False,December,1,0,0,0,0,0,0,0,0,0,1,0,0,0,0,0,0,0,1
2018-12-24,15:00:00,03,07,02,01,05,01,0,364035.3282,5016248.2,False,December,0,1,0,0,0,0,0,0,0,1,0,0,0,0,0,0,0,0,1
2018-12-24,16:40:00,03,05,01,05,02,,0,361064.484,5025869.313999999,False,December,0,0,0,0,0,0,0,0,0,0,0,1,0,0,0,0,0,0,1
2018-12-24,18:07:00,02,02,03,07,05,01,0,367388.0965,5022362.009,False,December,0,1,0,0,0,0,0,0,0,0,1,0,0,0,0,0,0,0,1
2018-12-24,18:07:00,02,05,01,07,03,01,0,371306.8156,5024316.727,False,December,1,0,0,0,0,0,0,0,0,0,1,0,0,0,0,0,0,0,1
2018-12-24,20:15:00,03,06,01,07,01,,0,370307.2959,5028152.76,False,December,0,0,0,0,0,0,0,0,0,0,0,1,0,0,0,0,0,0,1
2018-12-24,21:58:00,03,03,01,07,02,01,0,360245.6555,5024781.367,False,December,1,0,0,0,0,0,0,0,0,1,0,0,0,0,0,0,0,0,1
2018-12-25,08:03:00,03,07,01,01,01,01,0,362291.0727,5013545.505,False,December,1,0,0,0,0,0,0,0,0,1,0,0,0,0,0,0,0,0,1
2018-12-25,,03,06,01,00,01,,0,368834.0291,5032236.475,False,December,0,0,0,0,0,0,0,0,1,0,0,0,0,0,0,0,0,0,1
2018-12-25,10:04:00,03,03,01,01,01,01,0,361479.7637,5020502.581,False,December,1,0,0,0,0,0,0,0,0,1,0,0,0,0,0,0,0,0,1
2018-12-25,10:25:00,02,07,01,01,06,,0,361430.506,5002038.143999999,False,December,0,0,0,0,0,0,0,0,1,0,0,0,0,0,0,0,0,0,1
2018-12-25,12:01:00,03,03,01,01,01,01,0,354303.6358,5015130.475,False,December,1,0,0,0,0,0,0,0,0,1,0,0,0,0,0,0,0,0,1
2018-12-25,12:19:00,02,03,01,01,01,01,0,363775.5773,5027013.49,False,December,1,0,0,0,0,0,0,0,0,1,0,0,0,0,0,0,0,0,1
2018-12-25,12:30:00,03,06,05,01,04,,0,370351.5645,5033897.905,False,December,0,0,0,0,0,0,0,0,1,0,0,0,0,0,0,0,0,0,1
2018-12-24,12:00:00,03,06,01,01,05,,0,384308.1258,5037489.567,False,December,0,0,0,0,0,0,0,0,1,0,0,0,0,0,0,0,0,0,1
2018-12-25,14:32:00,03,07,01,01,06,,0,348111.7275,4994340.217,False,December,0,0,0,0,0,0,0,0,1,0,0,0,0,0,0,0,0,0,1
2018-12-25,15:26:00,03,02,01,01,01,01,0,364357.1859,5012611.708000001,False,December,0,1,0,0,0,0,0,0,0,0,1,0,0,0,0,0,0,0,1
2018-12-25,15:35:00,03,07,01,01,05,01,0,368044.7037,5024049.512,False,December,0,1,0,0,0,0,0,0,0,1,0,0,0,0,0,0,0,0,1
2018-12-25,21:43:00,03,03,01,07,01,01,0,372391.7297,5031742.509,False,December,1,0,0,0,0,0,0,0,0,1,0,0,0,0,0,0,0,0,1
2018-12-26,08:56:00,02,03,01,01,01,01,0,352511.7618,5016870.079,False,December,1,0,0,0,0,0,0,0,0,1,0,0,0,0,0,0,0,0,1
2018-12-23,10:01:00,03,02,01,01,01,,0,371139.61799999996,5026551.4,False,December,0,0,0,0,0,0,0,0,0,0,0,1,0,0,0,0,0,0,1
2018-12-26,10:27:00,02,02,01,01,01,01,0,365727.7585,5016328.475,False,December,1,0,0,0,0,0,0,0,0,0,1,0,0,0,0,0,0,0,1
2018-12-26,10:36:00,03,03,01,01,01,01,0,363670.4174,5021246.454,False,December,1,0,0,0,0,0,0,0,0,0,1,0,0,0,0,0,0,0,1
2018-12-21,18:00:00,03,03,01,07,01,01,0,365054.7404,5025325.524,False,December,1,0,0,0,0,0,0,0,0,1,0,0,0,0,0,0,0,0,1
2018-12-25,13:30:00,03,02,01,01,01,01,0,370884.8532,5030557.221,False,December,1,0,0,0,0,0,0,0,0,0,1,0,0,0,0,0,0,0,1
2018-12-26,11:08:00,02,02,01,01,01,01,0,371921.4236,5031788.783,False,December,1,0,0,0,0,0,0,0,0,0,1,0,0,0,0,0,0,0,1
2018-12-26,11:09:00,03,03,01,01,01,01,0,356552.335,5015257.147,False,December,0,1,0,0,0,0,0,0,0,1,0,0,0,0,0,0,0,0,1
2018-12-26,12:15:00,03,05,03,01,03,,0,348840.8964,5018292.572,False,December,0,0,0,0,0,0,0,0,1,0,0,0,0,0,0,0,0,0,1
2018-12-17,12:33:00,03,04,01,01,01,,0,372033.652,5032465.443,False,December,0,0,0,0,0,0,0,0,1,0,0,0,0,0,0,0,0,0,1
2018-12-26,13:33:00,03,04,03,01,02,01,0,352677.7621,5017676.803,False,December,1,0,0,0,0,0,0,0,0,1,0,0,0,0,0,0,0,0,1
2018-12-26,13:20:00,03,04,03,01,04,00,0,351051.3844,5017887.4569999995,False,December,1,0,0,0,0,0,0,0,0,1,0,0,0,0,0,0,0,0,1
2018-12-26,14:05:00,03,07,03,01,03,00,0,380028.5823,5038105.7530000005,False,December,1,0,0,0,0,0,0,0,0,1,0,0,0,0,0,0,0,0,1
2018-12-26,14:15:00,03,02,03,01,05,,0,370575.7592,5025680.686000001,False,December,0,0,0,0,0,0,0,0,0,0,0,1,0,0,0,0,0,0,1
2018-12-26,14:19:00,03,02,03,01,03,01,0,368970.6736,5030632.515,False,December,1,0,0,0,0,0,0,0,0,0,1,0,0,0,0,0,0,0,1
2018-12-26,14:50:00,03,04,03,01,02,,0,375494.6154,5026438.664,False,December,0,0,0,0,0,0,0,0,1,0,0,0,0,0,0,0,0,0,1
2018-12-26,15:33:00,03,02,03,01,06,01,0,362757.0072,5022756.52,False,December,0,0,1,0,0,0,0,0,0,1,0,0,0,0,0,0,0,0,1
2018-12-26,15:30:00,03,05,03,01,04,01,0,384964.4718,5038717.393999999,False,December,1,0,0,0,0,0,0,0,0,0,1,0,0,0,0,0,0,0,1
2018-12-26,16:00:00,03,04,01,05,02,01,0,352207.3434,5017242.859,False,December,1,0,0,0,0,0,0,0,0,1,0,0,0,0,0,0,0,0,1
2018-12-26,16:51:00,03,02,03,05,05,01,0,371306.7079,5021353.782,False,December,1,0,0,0,0,0,0,0,0,0,1,0,0,0,0,0,0,0,1
2018-12-26,18:27:00,03,02,03,07,03,,0,385797.6153,5036794.524,False,December,0,0,0,0,0,0,0,0,0,0,0,1,0,0,0,0,0,0,1
2018-12-26,19:22:00,02,0,01,07,06,01,0,363976.7937,5020575.383,False,December,0,1,0,0,0,0,0,0,0,1,0,0,0,0,0,0,0,0,1
2018-12-26,23:06:00,03,07,01,07,02,01,0,359004.899,5023990.447,False,December,1,0,0,0,0,0,0,0,0,1,0,0,0,0,0,0,0,0,1
2018-12-26,02:23:00,03,07,03,07,05,01,0,353189.5382,5016326.581,False,December,0,1,0,0,0,0,0,0,0,0,1,0,0,0,0,0,0,0,1
2018-12-26,23:47:00,03,04,01,07,01,,0,367897.6881,5030206.291,False,December,0,0,0,0,0,0,0,0,1,0,0,0,0,0,0,0,0,0,1
2018-12-26,,03,06,03,00,03,,0,375621.1334,5020650.2530000005,False,December,0,0,0,0,0,0,0,0,1,0,0,0,0,0,0,0,0,0,1
2018-12-27,06:29:00,03,04,01,07,01,,0,375552.12299999996,5026425.533,False,December,0,0,0,0,0,0,0,0,1,0,0,0,0,0,0,0,0,0,1
2018-12-27,06:57:00,03,02,01,03,02,01,0,366326.8381,5014853.342,False,December,0,1,0,0,0,0,0,0,0,0,1,0,0,0,0,0,0,0,1
2018-12-27,08:00:00,03,03,01,01,01,01,0,365363.5616,5022544.544,False,December,1,0,0,0,0,0,0,0,0,1,0,0,0,0,0,0,0,0,1
2018-12-27,09:01:00,02,02,01,01,01,01,0,364275.6528,5027493.424,False,December,1,0,0,0,0,0,0,0,0,0,1,0,0,0,0,0,0,0,1
2018-12-27,10:11:00,03,02,01,01,01,,0,369071.6571,5027149.166999999,False,December,0,0,0,0,0,0,0,0,0,0,0,1,0,0,0,0,0,0,1
2018-12-26,14:00:00,03,03,01,01,01,01,0,365363.3959,5022544.5,False,December,1,0,0,0,0,0,0,0,0,1,0,0,0,0,0,0,0,0,1
2018-12-27,10:20:00,03,07,01,01,02,01,0,345895.5825,5007661.496,False,December,0,1,0,0,0,0,0,0,0,1,0,0,0,0,0,0,0,0,1
2018-12-27,10:46:00,03,03,01,01,02,,0,368986.1986,5018796.954,False,December,0,0,0,0,0,0,0,0,1,0,0,0,0,0,0,0,0,0,1
2018-12-26,,03,06,01,00,05,,0,364324.495,5023936.386,False,December,0,0,0,0,0,0,0,0,1,0,0,0,0,0,0,0,0,0,1
2018-12-15,,03,06,01,00,01,,0,371898.9279,5025037.521000001,False,December,0,0,0,0,0,0,0,0,0,0,0,1,0,0,0,0,0,0,1
2018-12-27,11:48:00,03,03,01,01,04,01,0,364943.7377,5023530.54,False,December,1,0,0,0,0,0,0,0,0,1,0,0,0,0,0,0,0,0,1
2018-12-27,12:27:00,03,03,01,01,06,,0,362343.0002,5013155.443,False,December,0,0,0,0,0,0,0,0,1,0,0,0,0,0,0,0,0,0,1
2018-12-27,12:44:00,03,06,03,01,03,,0,352199.5964,5019791.192,False,December,0,0,0,0,0,0,0,0,0,0,0,1,0,0,0,0,0,0,1
2018-12-27,13:33:00,03,03,01,01,01,01,0,370134.5709,5026479.71,False,December,1,0,0,0,0,0,0,0,0,1,0,0,0,0,0,0,0,0,1
2018-12-27,13:45:00,03,03,01,01,01,01,0,370684.7188,5030592.554,False,December,1,0,0,0,0,0,0,0,0,1,0,0,0,0,0,0,0,0,1
2018-12-27,14:14:00,03,04,01,01,01,01,0,368454.2726,5031858.951,False,December,1,0,0,0,0,0,0,0,0,1,0,0,0,0,0,0,0,0,1
2018-12-27,13:35:00,03,03,01,01,01,01,0,358757.797,5022868.555,True,December,1,0,0,0,0,0,0,0,0,1,0,0,0,0,0,0,0,0,1
2018-12-26,,03,06,01,00,02,,0,368169.3886,5030771.896000001,False,December,0,0,0,0,0,0,0,0,1,0,0,0,0,0,0,0,0,0,1
2018-12-27,15:15:00,03,03,01,01,01,01,0,370337.852,5025947.734,False,December,1,0,0,0,0,0,0,0,0,1,0,0,0,0,0,0,0,0,1
2018-12-27,16:20:00,02,05,01,05,02,01,0,375257.7348,5028784.539,False,December,1,0,0,0,0,0,0,0,0,0,1,0,0,0,0,0,0,0,1
2018-12-27,16:49:00,03,02,01,05,05,,0,373084.9607,5023220.036,False,December,0,0,0,0,0,0,0,0,0,0,0,1,0,0,0,0,0,0,1
2018-12-27,16:49:00,03,05,01,05,04,01,0,370156.7273,5023121.492,False,December,1,0,0,0,0,0,0,0,0,0,1,0,0,0,0,0,0,0,1
2018-12-27,17:01:00,03,03,01,07,01,,0,368113.8272,5022383.788,False,December,0,0,0,0,0,0,0,0,1,0,0,0,0,0,0,0,0,0,1
2018-12-25,,03,06,01,00,01,,0,367117.9491,5016636.71,False,December,0,0,0,0,0,0,0,0,1,0,0,0,0,0,0,0,0,0,1
2018-12-21,13:50:00,03,02,01,01,02,,0,371131.982,5032025.114,False,December,0,0,0,0,0,0,0,0,0,0,0,1,0,0,0,0,0,0,1
2018-12-21,13:58:00,03,03,02,01,02,01,0,361288.4381,5014584.958000001,False,December,1,0,0,0,0,0,0,0,0,1,0,0,0,0,0,0,0,0,1
2018-12-21,14:42:00,03,05,02,01,02,01,0,350942.4719,5016079.377,False,December,1,0,0,0,0,0,0,0,0,0,1,0,0,0,0,0,0,0,1
2018-12-21,08:30:00,03,06,02,01,02,,0,368175.3262,5033852.134,False,December,0,0,0,0,0,0,0,0,1,0,0,0,0,0,0,0,0,0,1
2018-12-21,15:07:00,02,02,01,01,01,01,0,375507.7006,5026406.603,False,December,1,0,0,0,0,0,0,0,0,1,0,0,0,0,0,0,0,0,1
2018-12-21,15:08:00,03,04,02,01,02,01,0,374629.6718,5031242.355,False,December,1,0,0,0,0,0,0,0,0,1,0,0,0,0,0,0,0,0,1
2018-12-21,15:18:00,02,05,02,01,02,01,0,368167.8761,5026222.646000001,False,December,1,0,0,0,0,0,0,0,0,0,1,0,0,0,0,0,0,0,1
2018-12-21,15:10:00,03,03,02,01,02,01,0,350755.6819,5015910.592,False,December,1,0,0,0,0,0,0,0,0,1,0,0,0,0,0,0,0,0,1
2018-12-21,15:24:00,03,02,02,01,04,01,0,364172.2092,5014944.573,False,December,1,0,0,0,0,0,0,0,0,0,1,0,0,0,0,0,0,0,1
2018-12-21,10:00:00,03,02,01,01,01,,0,363055.1614,5028094.47,False,December,0,0,0,0,0,0,0,0,0,0,0,1,0,0,0,0,0,0,1
2018-12-21,,03,06,02,00,02,,0,354985.011,5017835.968,False,December,0,0,0,0,0,0,0,0,1,0,0,0,0,0,0,0,0,0,1
2018-12-21,16:40:00,02,03,02,05,02,,0,362368.0543,5013559.877,False,December,0,0,0,0,0,0,0,0,1,0,0,0,0,0,0,0,0,0,1
2018-12-21,16:49:00,03,07,02,05,02,,0,354494.3221,4989183.826,False,December,0,0,0,0,0,0,0,0,1,0,0,0,0,0,0,0,0,0,1
2018-12-21,17:15:00,03,03,01,07,02,01,0,379342.5278,5037116.518999999,False,December,1,0,0,0,0,0,0,0,0,1,0,0,0,0,0,0,0,0,1
2018-12-21,17:30:00,03,03,02,07,02,,0,379367.7303,5036978.71,False,December,0,0,0,0,0,0,0,0,1,0,0,0,0,0,0,0,0,0,1
2018-12-21,18:07:00,03,03,02,07,02,,0,367662.57,5021882.017,False,December,0,0,0,0,0,0,0,0,1,0,0,0,0,0,0,0,0,0,1
2018-12-21,17:35:00,03,02,02,07,02,01,0,365214.6337,5028496.5139999995,False,December,1,0,0,0,0,0,0,0,0,0,1,0,0,0,0,0,0,0,1
2018-12-21,18:45:00,02,07,02,07,02,01,0,336736.8166,5037257.304,False,December,0,1,0,0,0,0,0,0,0,0,1,0,0,0,0,0,0,0,1
2018-12-21,18:30:00,03,04,02,07,02,01,0,360531.2639,5023312.275,True,December,1,0,0,0,0,0,0,0,0,1,0,0,0,0,0,0,0,0,1
2018-12-21,19:30:00,03,05,02,07,02,01,0,364521.5345,5024507.484,False,December,1,0,0,0,0,0,0,0,0,0,1,0,0,0,0,0,0,0,1
2018-12-21,19:00:00,03,07,07,07,06,00,0,388065.73600000003,5022162.307,False,December,0,1,0,0,0,0,0,0,0,1,0,0,0,0,0,0,0,0,1
2018-12-21,20:35:00,03,03,02,07,02,01,0,364521.7714,5024507.356000001,False,December,1,0,0,0,0,0,0,0,0,1,0,0,0,0,0,0,0,0,1
2018-12-21,21:02:00,03,02,02,07,02,01,0,384784.7668,5034841.678,False,December,0,1,0,0,0,0,0,0,0,0,1,0,0,0,0,0,0,0,1
2018-12-21,16:20:00,02,03,02,05,02,01,0,349864.6058,5023399.469,False,December,1,0,0,0,0,0,0,0,0,1,0,0,0,0,0,0,0,0,1
2018-12-21,21:16:00,03,05,02,07,02,01,0,366900.8667,5028776.571,False,December,1,0,0,0,0,0,0,0,0,0,1,0,0,0,0,0,0,0,1
2018-12-21,21:31:00,03,07,02,07,02,01,0,357145.648,5018152.515,False,December,1,0,0,0,0,0,0,0,0,1,0,0,0,0,0,0,0,0,1
2018-12-21,22:18:00,03,06,02,07,06,,0,343313.3424,5012708.531,False,December,0,0,0,0,0,0,0,0,0,1,0,0,0,0,0,0,0,0,1
2018-12-21,23:06:00,03,0,02,07,02,01,0,372241.7501,5032111.57,False,December,1,0,0,0,0,0,0,0,0,1,0,0,0,0,0,0,0,0,1
2018-12-21,23:48:00,03,05,02,07,02,01,0,367957.7005,5032640.581,False,December,1,0,0,0,0,0,0,0,0,0,1,0,0,0,0,0,0,0,1
2018-12-22,01:57:00,03,01,01,07,01,01,0,367906.0647,5032417.375,False,December,0,1,0,0,0,0,0,0,0,0,1,0,0,0,0,0,0,0,1
2018-12-22,02:37:00,03,04,04,07,02,01,0,370156.7912,5023121.683999999,False,December,1,0,0,0,0,0,0,0,0,1,0,0,0,0,0,0,0,0,1
2018-12-22,04:06:00,03,06,03,07,04,,0,376043.3464,5001290.6389999995,False,December,0,0,0,0,0,0,0,0,1,0,0,0,0,0,0,0,0,0,1
2018-12-22,04:11:00,03,07,03,07,03,,0,350471.3105,5021141.617,False,December,0,0,0,0,0,0,0,0,1,0,0,0,0,0,0,0,0,0,1
2018-12-22,04:39:00,03,04,03,07,03,,0,368838.9297,5025044.817,False,December,0,0,0,0,0,0,0,0,1,0,0,0,0,0,0,0,0,0,1
2018-12-22,05:01:00,03,07,03,07,05,01,0,370218.6757,5032690.788,False,December,1,0,0,0,0,0,0,0,0,1,0,0,0,0,0,0,0,0,1
2018-12-22,06:30:00,03,04,03,07,03,,0,360277.3158,5024783.948,False,December,0,0,0,0,0,0,0,0,1,0,0,0,0,0,0,0,0,0,1
2018-12-22,07:03:00,03,07,03,07,03,00,0,364911.6884,5008139.463,True,December,0,1,0,0,0,0,0,0,0,1,0,0,0,0,0,0,0,0,1
2018-12-22,07:20:00,03,03,03,03,05,,0,368209.7812,5025956.522,False,December,0,0,0,0,0,0,0,0,0,0,0,1,0,0,0,0,0,0,1
2018-12-22,08:04:00,03,05,03,01,03,01,0,360752.2244,5014962.155,False,December,1,0,0,0,0,0,0,0,0,0,1,0,0,0,0,0,0,0,1
2018-12-22,10:00:00,03,02,04,01,05,,0,371774.6638,5032949.608,False,December,0,0,0,0,0,0,0,0,0,0,0,1,0,0,0,0,0,0,1
2018-12-19,18:00:00,03,03,01,07,01,01,0,351615.7345,5019224.813,True,December,1,0,0,0,0,0,0,0,0,1,0,0,0,0,0,0,0,0,1
2018-12-22,10:55:00,02,07,05,01,06,,0,374947.2901,4999269.834,False,December,0,0,0,0,0,0,0,0,1,0,0,0,0,0,0,0,0,0,1
2018-12-22,,03,06,01,00,01,,0,355545.9285,5016442.768999999,False,December,0,0,0,0,0,0,0,0,1,0,0,0,0,0,0,0,0,0,1
2018-12-22,12:14:00,03,05,01,01,06,01,0,362457.686,5024005.512,False,December,0,1,0,0,0,0,0,0,0,0,1,0,0,0,0,0,0,0,1
2018-12-22,12:00:00,03,02,01,01,05,01,0,365993.6331,5023209.7,False,December,0,1,0,0,0,0,0,0,0,0,1,0,0,0,0,0,0,0,1
2018-12-22,12:46:00,03,03,03,01,04,01,0,367804.6256,5031779.52,False,December,1,0,0,0,0,0,0,0,0,1,0,0,0,0,0,0,0,0,1
2018-12-21,,03,06,03,00,03,,0,364593.3115,5012614.437,False,December,0,0,0,0,0,0,0,0,1,0,0,0,0,0,0,0,0,0,1
2018-12-22,11:56:00,03,05,01,01,05,01,0,373236.7321,5029693.556,False,December,1,0,0,0,0,0,0,0,0,1,0,0,0,0,0,0,0,0,1
2018-12-21,16:45:00,03,06,02,05,02,,0,350000.4459,5011845.016,False,December,0,0,0,0,0,0,0,0,0,0,0,1,0,0,0,0,0,0,1
2018-12-22,13:54:00,03,04,01,01,01,01,0,372453.7193,5032005.57,False,December,1,0,0,0,0,0,0,0,0,1,0,0,0,0,0,0,0,0,1
2018-12-22,14:00:00,03,04,02,01,02,,0,370242.4123,5032582.507,False,December,0,0,0,0,0,0,0,0,1,0,0,0,0,0,0,0,0,0,1
2018-12-22,14:00:00,03,02,01,01,02,01,0,368297.6697,5030309.681,True,December,1,0,0,0,0,0,0,0,0,0,1,0,0,0,0,0,0,0,1
2018-12-22,14:20:00,03,04,01,01,04,,0,364182.4243,5014932.718,False,December,0,0,0,0,0,0,0,0,1,0,0,0,0,0,0,0,0,0,1
2018-12-22,14:53:00,03,02,01,01,01,,0,363564.9539,5024113.69,False,December,0,0,0,0,0,0,0,0,0,0,0,1,0,0,0,0,0,0,1
2018-12-22,15:54:00,02,05,03,05,05,01,0,365923.2069,5015084.722,False,December,1,0,0,0,0,0,0,0,0,0,1,0,0,0,0,0,0,0,1
2018-12-22,15:57:00,03,03,01,01,06,01,0,363933.6754,5014784.346,False,December,1,0,0,0,0,0,0,0,0,1,0,0,0,0,0,0,0,0,1
2018-12-22,15:11:00,03,03,04,01,04,01,0,349558.3936,5014878.754,False,December,1,0,0,0,0,0,0,0,0,1,0,0,0,0,0,0,0,0,1
2018-12-22,16:04:00,03,03,01,05,02,,0,388175.4713,5042388.518999999,False,December,0,0,0,0,0,0,0,0,1,0,0,0,0,0,0,0,0,0,1
2018-12-22,16:48:00,03,02,01,05,02,01,0,365336.6385,5028845.706,True,December,1,0,0,0,0,0,0,0,0,0,1,0,0,0,0,0,0,0,1
2018-12-22,16:50:00,03,07,01,07,02,,0,346224.2903,5006138.7469999995,False,December,0,0,0,0,0,0,0,0,1,0,0,0,0,0,0,0,0,0,1
2018-12-22,17:18:00,02,07,03,07,04,,1,362065.0218,5026482.556,False,December,0,0,0,0,0,0,0,0,1,0,0,0,0,0,0,0,0,0,1
2018-12-22,16:05:00,03,03,03,05,02,01,0,358329.2197,5021226.5819999995,False,December,1,0,0,0,0,0,0,0,0,1,0,0,0,0,0,0,0,0,1
2018-12-22,19:39:00,02,07,05,07,03,,0,333058.6208,5039171.363,False,December,0,0,0,0,0,0,0,0,1,0,0,0,0,0,0,0,0,0,1
2018-12-22,17:30:00,02,02,01,07,04,,0,371390.7062,5030554.047,False,December,0,0,0,0,0,0,0,0,0,0,0,1,0,0,0,0,0,0,1
2018-12-22,20:30:00,03,03,01,07,01,01,0,384844.69299999997,5036560.506,False,December,1,0,0,0,0,0,0,0,0,1,0,0,0,0,0,0,0,0,1
2018-12-22,21:03:00,03,05,01,07,02,01,0,356345.6201,5022761.414,False,December,1,0,0,0,0,0,0,0,0,0,1,0,0,0,0,0,0,0,1
2018-12-22,22:21:00,03,07,01,07,06,01,0,330899.5366,5041370.75,False,December,0,1,0,0,0,0,0,0,0,1,0,0,0,0,0,0,0,0,1
2018-12-22,22:54:00,03,03,01,07,02,,0,356326.0354,5022557.824,False,December,0,0,0,0,0,0,0,0,1,0,0,0,0,0,0,0,0,0,1
2018-12-23,00:46:00,03,02,01,07,05,,0,370052.4519,5029323.45,False,December,0,0,0,0,0,0,0,0,0,0,0,1,0,0,0,0,0,0,1
2018-12-23,01:00:00,03,07,01,07,01,,0,380203.5103,5037451.708000001,False,December,0,0,0,0,0,0,0,0,1,0,0,0,0,0,0,0,0,0,1
2018-12-23,06:07:00,03,07,01,07,06,,0,357085.8439,5017878.432,False,December,0,0,0,0,0,0,0,0,1,0,0,0,0,0,0,0,0,0,1
2018-12-23,09:50:00,03,03,01,01,01,01,0,383951.8457,5036159.463,False,December,1,0,0,0,0,0,0,0,0,1,0,0,0,0,0,0,0,0,1
2018-12-23,10:09:00,03,02,01,01,01,01,0,374988.7454,5033486.594,False,December,1,0,0,0,0,0,0,0,0,0,1,0,0,0,0,0,0,0,1
2018-12-23,12:00:00,03,02,01,01,01,01,0,369082.7994,5027762.526000001,False,December,0,1,0,0,0,0,0,0,0,0,1,0,0,0,0,0,0,0,1
2018-12-23,12:23:00,03,07,01,01,01,,0,351456.3733,5021766.532,False,December,0,0,0,0,0,0,0,0,1,0,0,0,0,0,0,0,0,0,1
2018-12-23,12:27:00,03,05,01,01,02,01,0,382729.7814,5035375.907,False,December,1,0,0,0,0,0,0,0,0,0,1,0,0,0,0,0,0,0,1
2018-12-22,,03,06,01,00,02,,0,372782.5893,5022794.58,False,December,0,0,0,0,0,0,0,0,1,0,0,0,0,0,0,0,0,0,1
2018-12-22,,03,06,01,00,01,,0,370913.2421,5030417.371,False,December,0,0,0,0,0,0,0,0,1,0,0,0,0,0,0,0,0,0,1
2018-12-23,13:46:00,02,05,01,01,01,01,0,359501.3722,5014636.453,False,December,1,0,0,0,0,0,0,0,0,0,1,0,0,0,0,0,0,0,1
2018-12-23,13:57:00,03,03,01,01,01,01,0,383951.5575,5036159.716,False,December,1,0,0,0,0,0,0,0,0,1,0,0,0,0,0,0,0,0,1